{
  "rounds": 100000000,
  "rules": {
    "game_type": "ahc",
    "soft17": "s17",
    "das": true,
    "bj_pays": 1.5,
    "double_down": "any_two",
    "surrender": "early_surrender",
    "play_ace_pairs": false,
    "max_splits": 4,
    "decks": 6,
    "penetration_cards": 250
  },
  "ev": -0.2759545500000051,
  "stddev": 0.9075728866439167,
  "winning_distrib": {
    "-1.0": 58789700,
    "+0.0": 10016055,
    "+1.0": 31194245
  },
  "hands": {
    "total": 100000000,
    "won": 31194245,
    "lost": 58789700,
    "push": 10016055,
    "busted": 23728192,
    "blackjack": 0,
    "doubled": 0,
    "split": 0,
    "insured": 0,
    "surrender": 0
  }
}
