{
  "rounds": 100000000,
  "rules": {
    "game_type": "ahc",
    "soft17": "h17",
    "das": true,
    "double_down": "any_two",
    "surrender": "no_surrender",
    "play_ace_pairs": false,
    "max_splits": 4,
    "decks": 6,
    "penetration_cards": 46
  },
  "ev": 0.2012017699999976,
  "stddev": 2.7400290423326643,
  "winning_distrib": {
    "-8.0": 2845,
    "-7.0": 34395,
    "-6.0": 228200,
    "-5.0": 944662,
    "-4.0": 4425259,
    "-3.0": 15402642,
    "-2.0": 21273056,
    "-1.0": 3872267,
    "+0.0": 3121526,
    "+1.0": 5224329,
    "+2.0": 17257581,
    "+3.0": 18734740,
    "+4.0": 7255626,
    "+5.0": 1614542,
    "+6.0": 504353,
    "+7.0": 93306,
    "+8.0": 10671
  },
  "hands": {
    "total": 216671637,
    "won": 107408362,
    "lost": 103363735,
    "push": 5899540,
    "busted": 0,
    "blackjack": 0,
    "doubled": 72086327,
    "split": 216671637,
    "insured": 0,
    "surrender": 0
  }
}
