{
  "rounds": 100000000,
  "rules": {
    "game_type": "enhc",
    "soft17": "s17",
    "das": false,
    "double_down": "any_two",
    "surrender": "no_surrender",
    "play_ace_pairs": false,
    "max_splits": 4,
    "decks": 6,
    "penetration_cards": 46
  },
  "ev": 0.22858018000000105,
  "stddev": 1.9114081034268962,
  "winning_distrib": {
    "-2.0": 40607118,
    "+0.0": 7356755,
    "+2.0": 52036127
  },
  "hands": {
    "total": 100000000,
    "won": 52036127,
    "lost": 40607118,
    "push": 7356755,
    "busted": 0,
    "blackjack": 0,
    "doubled": 100000000,
    "split": 0,
    "insured": 0,
    "surrender": 0
  }
}
