{
  "rounds": 100000000,
  "rules": {
    "game_type": "enhc",
    "soft17": "h17",
    "das": false,
    "double_down": "any_two",
    "surrender": "no_surrender",
    "play_ace_pairs": false,
    "max_splits": 4,
    "decks": 6,
    "penetration_cards": 46
  },
  "ev": 0.3074256999999931,
  "stddev": 1.9126685221340738,
  "winning_distrib": {
    "-2.0": 39224500,
    "+0.0": 6179715,
    "+2.0": 54595785
  },
  "hands": {
    "total": 100000000,
    "won": 54595785,
    "lost": 39224500,
    "push": 6179715,
    "busted": 0,
    "blackjack": 0,
    "doubled": 100000000,
    "split": 0,
    "insured": 0,
    "surrender": 0
  }
}
