{
  "rounds": 100000000,
  "rules": {
    "game_type": "ahc",
    "soft17": "s17",
    "das": true,
    "bj_pays": 1.5,
    "double_down": "any_two",
    "surrender": "early_surrender",
    "play_ace_pairs": false,
    "max_splits": 4,
    "decks": 6,
    "penetration_cards": 250
  },
  "ev": -0.273475920000007,
  "stddev": 1.9416039346062293,
  "winning_distrib": {
    "-2.0": 54894584,
    "+0.0": 3884628,
    "+2.0": 41220788
  },
  "hands": {
    "total": 100000000,
    "won": 41220788,
    "lost": 54894584,
    "push": 3884628,
    "busted": 34789758,
    "blackjack": 0,
    "doubled": 100000000,
    "split": 0,
    "insured": 0,
    "surrender": 0
  }
}
