{
  "rounds": 100000000,
  "rules": {
    "game_type": "ahc",
    "soft17": "h17",
    "das": false,
    "double_down": "any_two",
    "surrender": "no_surrender",
    "play_ace_pairs": false,
    "max_splits": 4,
    "decks": 6,
    "penetration_cards": 46
  },
  "ev": 0.12680644000000438,
  "stddev": 1.9510892354892482,
  "winning_distrib": {
    "-2.0": 44615202,
    "+0.0": 4429274,
    "+2.0": 50955524
  },
  "hands": {
    "total": 100000000,
    "won": 50955524,
    "lost": 44615202,
    "push": 4429274,
    "busted": 0,
    "blackjack": 0,
    "doubled": 100000000,
    "split": 0,
    "insured": 0,
    "surrender": 0
  }
}
