{
  "rounds": 100000000,
  "rules": {
    "game_type": "ahc",
    "soft17": "s17",
    "das": true,
    "bj_pays": 1.5,
    "double_down": "any_two",
    "surrender": "early_surrender",
    "play_ace_pairs": false,
    "max_splits": 4,
    "decks": 6,
    "penetration_cards": 250
  },
  "ev": 0.2872747200000049,
  "stddev": 0.9054178722814917,
  "winning_distrib": {
    "-1.0": 30751678,
    "+0.0": 9769172,
    "+1.0": 59479150
  },
  "hands": {
    "total": 100000000,
    "won": 59479150,
    "lost": 30751678,
    "push": 9769172,
    "busted": 20230091,
    "blackjack": 0,
    "doubled": 0,
    "split": 0,
    "insured": 0,
    "surrender": 0
  }
}
