{
  "rounds": 100000000,
  "rules": {
    "game_type": "ahc",
    "soft17": "s17",
    "das": true,
    "bj_pays": 1.5,
    "double_down": "any_two",
    "surrender": "early_surrender",
    "play_ace_pairs": false,
    "max_splits": 4,
    "decks": 6,
    "penetration_cards": 250
  },
  "ev": -0.39422880000000154,
  "stddev": 0.8837476908375379,
  "winning_distrib": {
    "-1.0": 66532756,
    "+0.0": 6357368,
    "+1.0": 27109876
  },
  "hands": {
    "total": 100000000,
    "won": 27109876,
    "lost": 66532756,
    "push": 6357368,
    "busted": 57445309,
    "blackjack": 0,
    "doubled": 0,
    "split": 0,
    "insured": 0,
    "surrender": 0
  }
}
