{
  "rounds": 100000000,
  "rules": {
    "game_type": "enhc",
    "soft17": "s17",
    "das": false,
    "double_down": "any_two",
    "surrender": "no_surrender",
    "play_ace_pairs": false,
    "max_splits": 4,
    "decks": 6,
    "penetration_cards": 46
  },
  "ev": -0.060003820000001214,
  "stddev": 1.9400470559301564,
  "winning_distrib": {
    "-2.0": 48592383,
    "+0.0": 5815425,
    "+2.0": 45592192
  },
  "hands": {
    "total": 100000000,
    "won": 45592192,
    "lost": 48592383,
    "push": 5815425,
    "busted": 0,
    "blackjack": 0,
    "doubled": 100000000,
    "split": 0,
    "insured": 0,
    "surrender": 0
  }
}
