{
  "rounds": 100000000,
  "rules": {
    "game_type": "ahc",
    "soft17": "s17",
    "das": true,
    "bj_pays": 1.5,
    "double_down": "any_two",
    "surrender": "early_surrender",
    "play_ace_pairs": false,
    "max_splits": 4,
    "decks": 6,
    "penetration_cards": 250
  },
  "ev": 0.5748419200000089,
  "stddev": 0.739145948019809,
  "winning_distrib": {
    "-1.0": 15096902,
    "+0.0": 12322004,
    "+1.0": 72581094
  },
  "hands": {
    "total": 100000000,
    "won": 72581094,
    "lost": 15096902,
    "push": 12322004,
    "busted": 0,
    "blackjack": 0,
    "doubled": 0,
    "split": 0,
    "insured": 0,
    "surrender": 0
  }
}
