{
  "rounds": 100000000,
  "rules": {
    "game_type": "ahc",
    "soft17": "s17",
    "das": true,
    "bj_pays": 1.5,
    "double_down": "any_two",
    "surrender": "early_surrender",
    "play_ace_pairs": false,
    "max_splits": 4,
    "decks": 6,
    "penetration_cards": 250
  },
  "ev": -0.3433446400000084,
  "stddev": 0.9124894336427187,
  "winning_distrib": {
    "-1.0": 64693357,
    "+0.0": 4947750,
    "+1.0": 30358893
  },
  "hands": {
    "total": 100000000,
    "won": 30358893,
    "lost": 64693357,
    "push": 4947750,
    "busted": 45586137,
    "blackjack": 0,
    "doubled": 0,
    "split": 0,
    "insured": 0,
    "surrender": 0
  }
}
