{
  "rounds": 100000000,
  "rules": {
    "game_type": "enhc",
    "soft17": "s17",
    "das": false,
    "double_down": "any_two",
    "surrender": "no_surrender",
    "play_ace_pairs": false,
    "max_splits": 4,
    "decks": 6,
    "penetration_cards": 46
  },
  "ev": 0.08742167999999857,
  "stddev": 1.9433612653422154,
  "winning_distrib": {
    "-2.0": 45118152,
    "+0.0": 5392612,
    "+2.0": 49489236
  },
  "hands": {
    "total": 100000000,
    "won": 49489236,
    "lost": 45118152,
    "push": 5392612,
    "busted": 0,
    "blackjack": 0,
    "doubled": 100000000,
    "split": 0,
    "insured": 0,
    "surrender": 0
  }
}
