{
  "rounds": 100000000,
  "rules": {
    "game_type": "enhc",
    "soft17": "s17",
    "das": false,
    "double_down": "any_two",
    "surrender": "no_surrender",
    "play_ace_pairs": false,
    "max_splits": 4,
    "decks": 6,
    "penetration_cards": 46
  },
  "ev": 0.44063069000000327,
  "stddev": 0.8295796959377465,
  "winning_distrib": {
    "-1.0": 22086359,
    "+0.0": 11764213,
    "+1.0": 66149428
  },
  "hands": {
    "total": 100000000,
    "won": 66149428,
    "lost": 22086359,
    "push": 11764213,
    "busted": 0,
    "blackjack": 0,
    "doubled": 0,
    "split": 0,
    "insured": 0,
    "surrender": 0
  }
}
