{
  "rounds": 100000000,
  "rules": {
    "game_type": "ahc",
    "soft17": "s17",
    "das": true,
    "bj_pays": 1.5,
    "double_down": "any_two",
    "surrender": "early_surrender",
    "play_ace_pairs": false,
    "max_splits": 4,
    "decks": 6,
    "penetration_cards": 250
  },
  "ev": -0.4515955999999942,
  "stddev": 1.8999044844825768,
  "winning_distrib": {
    "-2.0": 58959585,
    "+0.0": 4660610,
    "+2.0": 36379805
  },
  "hands": {
    "total": 100000000,
    "won": 36379805,
    "lost": 58959585,
    "push": 4660610,
    "busted": 32645376,
    "blackjack": 0,
    "doubled": 100000000,
    "split": 0,
    "insured": 0,
    "surrender": 0
  }
}
