{
  "rounds": 100000000,
  "rules": {
    "game_type": "ahc",
    "soft17": "s17",
    "das": true,
    "bj_pays": 1.5,
    "double_down": "any_two",
    "surrender": "early_surrender",
    "play_ace_pairs": false,
    "max_splits": 4,
    "decks": 6,
    "penetration_cards": 250
  },
  "ev": -0.293020719999995,
  "stddev": 2.367951129927022,
  "winning_distrib": {
    "-8.0": 191,
    "-7.0": 6065,
    "-6.0": 78233,
    "-5.0": 552004,
    "-4.0": 2793920,
    "-3.0": 12636943,
    "-2.0": 32900819,
    "-1.0": 5713365,
    "+0.0": 5530820,
    "+1.0": 5071277,
    "+2.0": 19616163,
    "+3.0": 11150179,
    "+4.0": 3100150,
    "+5.0": 697711,
    "+6.0": 136337,
    "+7.0": 15060,
    "+8.0": 763
  },
  "hands": {
    "total": 218603731,
    "won": 87757246,
    "lost": 123384892,
    "push": 7461593,
    "busted": 1513922,
    "blackjack": 0,
    "doubled": 38752494,
    "split": 218603731,
    "insured": 0,
    "surrender": 0
  }
}
