{
  "rounds": 100000000,
  "rules": {
    "game_type": "enhc",
    "soft17": "h17",
    "das": true,
    "double_down": "any_two",
    "surrender": "no_surrender",
    "play_ace_pairs": false,
    "max_splits": 4,
    "decks": 6,
    "penetration_cards": 46
  },
  "ev": 0.21252722999999774,
  "stddev": 2.313975470927323,
  "winning_distrib": {
    "-8.0": 119,
    "-7.0": 3536,
    "-6.0": 47286,
    "-5.0": 352570,
    "-4.0": 1920710,
    "-3.0": 9235133,
    "-2.0": 24757476,
    "-1.0": 7972834,
    "+0.0": 6487761,
    "+1.0": 4992400,
    "+2.0": 26689563,
    "+3.0": 13338535,
    "+4.0": 3350350,
    "+5.0": 711631,
    "+6.0": 126929,
    "+7.0": 12578,
    "+8.0": 589
  },
  "hands": {
    "total": 216703982,
    "won": 106201996,
    "lost": 94218674,
    "push": 16283312,
    "busted": 0,
    "blackjack": 0,
    "doubled": 36050659,
    "split": 216703982,
    "insured": 0,
    "surrender": 0
  }
}
