{
  "rounds": 100000000,
  "rules": {
    "game_type": "ahc",
    "soft17": "h17",
    "das": true,
    "double_down": "any_two",
    "surrender": "no_surrender",
    "play_ace_pairs": false,
    "max_splits": 4,
    "decks": 6,
    "penetration_cards": 46
  },
  "ev": 0.00036265999999997105,
  "stddev": 1.951335754439683,
  "winning_distrib": {
    "-2.0": 47587325,
    "+0.0": 4807217,
    "+2.0": 47605458
  },
  "hands": {
    "total": 100000000,
    "won": 47605458,
    "lost": 47587325,
    "push": 4807217,
    "busted": 0,
    "blackjack": 0,
    "doubled": 100000000,
    "split": 0,
    "insured": 0,
    "surrender": 0
  }
}
