{
  "rounds": 100000000,
  "rules": {
    "game_type": "enhc",
    "soft17": "s17",
    "das": false,
    "double_down": "any_two",
    "surrender": "no_surrender",
    "play_ace_pairs": false,
    "max_splits": 4,
    "decks": 6,
    "penetration_cards": 46
  },
  "ev": 0.7911998099999872,
  "stddev": 0.5518525289435396,
  "winning_distrib": {
    "-1.0": 6966927,
    "+0.0": 6946165,
    "+1.0": 86086908
  },
  "hands": {
    "total": 100000000,
    "won": 86086908,
    "lost": 6966927,
    "push": 6946165,
    "busted": 0,
    "blackjack": 0,
    "doubled": 0,
    "split": 0,
    "insured": 0,
    "surrender": 0
  }
}
