{
  "rounds": 100000000,
  "rules": {
    "game_type": "ahc",
    "soft17": "s17",
    "das": true,
    "bj_pays": 1.5,
    "double_down": "any_two",
    "surrender": "early_surrender",
    "play_ace_pairs": false,
    "max_splits": 4,
    "decks": 6,
    "penetration_cards": 250
  },
  "ev": 0.05341784000000066,
  "stddev": 0.942152441617735,
  "winning_distrib": {
    "-1.0": 41854342,
    "+0.0": 10949532,
    "+1.0": 47196126
  },
  "hands": {
    "total": 100000000,
    "won": 47196126,
    "lost": 41854342,
    "push": 10949532,
    "busted": 0,
    "blackjack": 0,
    "doubled": 0,
    "split": 0,
    "insured": 0,
    "surrender": 0
  }
}
