{
  "rounds": 100000000,
  "rules": {
    "game_type": "ahc",
    "soft17": "s17",
    "das": true,
    "bj_pays": 1.5,
    "double_down": "any_two",
    "surrender": "early_surrender",
    "play_ace_pairs": false,
    "max_splits": 4,
    "decks": 6,
    "penetration_cards": 250
  },
  "ev": 0.007333460000000206,
  "stddev": 1.9212930690756784,
  "winning_distrib": {
    "-8.0": 56,
    "-7.0": 1886,
    "-6.0": 27185,
    "-5.0": 217494,
    "-4.0": 1303832,
    "-3.0": 6492933,
    "-2.0": 19422762,
    "-1.0": 14053395,
    "+0.0": 18964997,
    "+1.0": 12179089,
    "+2.0": 17252941,
    "+3.0": 7880779,
    "+4.0": 1819708,
    "+5.0": 319742,
    "+6.0": 56927,
    "+7.0": 5982,
    "+8.0": 292
  },
  "hands": {
    "total": 218609864,
    "won": 86019579,
    "lost": 92140777,
    "push": 40449508,
    "busted": 39363699,
    "blackjack": 0,
    "doubled": 32942058,
    "split": 218609864,
    "insured": 0,
    "surrender": 0
  }
}
