{
  "rounds": 100000000,
  "rules": {
    "game_type": "ahc",
    "soft17": "s17",
    "das": false,
    "double_down": "any_two",
    "surrender": "no_surrender",
    "play_ace_pairs": false,
    "max_splits": 4,
    "decks": 6,
    "penetration_cards": 46
  },
  "ev": -1.2324773399999838,
  "stddev": 1.540443647173171,
  "winning_distrib": {
    "-2.0": 79461521,
    "+0.0": 2700825,
    "+2.0": 17837654
  },
  "hands": {
    "total": 100000000,
    "won": 17837654,
    "lost": 79461521,
    "push": 2700825,
    "busted": 76839772,
    "blackjack": 0,
    "doubled": 100000000,
    "split": 0,
    "insured": 0,
    "surrender": 0
  }
}
