{
  "rounds": 100000000,
  "rules": {
    "game_type": "ahc",
    "soft17": "s17",
    "das": true,
    "bj_pays": 1.5,
    "double_down": "any_two",
    "surrender": "early_surrender",
    "play_ace_pairs": false,
    "max_splits": 4,
    "decks": 6,
    "penetration_cards": 250
  },
  "ev": -0.14701320000000292,
  "stddev": 1.9349847432131027,
  "winning_distrib": {
    "-2.0": 50747565,
    "+0.0": 5855530,
    "+2.0": 43396905
  },
  "hands": {
    "total": 100000000,
    "won": 43396905,
    "lost": 50747565,
    "push": 5855530,
    "busted": 0,
    "blackjack": 0,
    "doubled": 100000000,
    "split": 0,
    "insured": 0,
    "surrender": 0
  }
}
