{
  "rounds": 100000000,
  "rules": {
    "game_type": "enhc",
    "soft17": "h17",
    "das": true,
    "double_down": "any_two",
    "surrender": "no_surrender",
    "play_ace_pairs": false,
    "max_splits": 4,
    "decks": 6,
    "penetration_cards": 46
  },
  "ev": -0.8147067099999945,
  "stddev": 0.5660531864455255,
  "winning_distrib": {
    "-1.0": 89943497,
    "+0.0": 1583677,
    "+1.0": 8472826
  },
  "hands": {
    "total": 100000000,
    "won": 8472826,
    "lost": 89943497,
    "push": 1583677,
    "busted": 84704388,
    "blackjack": 0,
    "doubled": 0,
    "split": 0,
    "insured": 0,
    "surrender": 0
  }
}
