{
  "rounds": 100000000,
  "rules": {
    "game_type": "ahc",
    "soft17": "s17",
    "das": true,
    "bj_pays": 1.5,
    "double_down": "any_two",
    "surrender": "early_surrender",
    "play_ace_pairs": false,
    "max_splits": 4,
    "decks": 6,
    "penetration_cards": 250
  },
  "ev": -0.37081521999999495,
  "stddev": 1.9199226415346538,
  "winning_distrib": {
    "-2.0": 57065466,
    "+0.0": 4409829,
    "+2.0": 38524705
  },
  "hands": {
    "total": 100000000,
    "won": 38524705,
    "lost": 57065466,
    "push": 4409829,
    "busted": 31373305,
    "blackjack": 0,
    "doubled": 100000000,
    "split": 0,
    "insured": 0,
    "surrender": 0
  }
}
