{
  "rounds": 100000000,
  "rules": {
    "game_type": "ahc",
    "soft17": "s17",
    "das": true,
    "bj_pays": 1.5,
    "double_down": "any_two",
    "surrender": "early_surrender",
    "play_ace_pairs": false,
    "max_splits": 4,
    "decks": 6,
    "penetration_cards": 250
  },
  "ev": -0.057695929999998966,
  "stddev": 0.7748673277830385,
  "winning_distrib": {
    "-1.0": 33072206,
    "+0.0": 39625181,
    "+1.0": 27302613
  },
  "hands": {
    "total": 100000000,
    "won": 27302613,
    "lost": 33072206,
    "push": 39625181,
    "busted": 0,
    "blackjack": 0,
    "doubled": 0,
    "split": 0,
    "insured": 0,
    "surrender": 0
  }
}
