{
  "rounds": 100000000,
  "rules": {
    "game_type": "ahc",
    "soft17": "s17",
    "das": true,
    "bj_pays": 1.5,
    "double_down": "any_two",
    "surrender": "early_surrender",
    "play_ace_pairs": false,
    "max_splits": 4,
    "decks": 6,
    "penetration_cards": 250
  },
  "ev": -0.37783938000000283,
  "stddev": 0.9061494198708495,
  "winning_distrib": {
    "-1.0": 67085437,
    "+0.0": 3613064,
    "+1.0": 29301499
  },
  "hands": {
    "total": 100000000,
    "won": 29301499,
    "lost": 67085437,
    "push": 3613064,
    "busted": 52173568,
    "blackjack": 0,
    "doubled": 0,
    "split": 0,
    "insured": 0,
    "surrender": 0
  }
}
