{
  "rounds": 100000000,
  "rules": {
    "game_type": "ahc",
    "soft17": "s17",
    "das": true,
    "bj_pays": 1.5,
    "double_down": "any_two",
    "surrender": "early_surrender",
    "play_ace_pairs": false,
    "max_splits": 4,
    "decks": 6,
    "penetration_cards": 250
  },
  "ev": -0.446212320000002,
  "stddev": 1.9022480074022314,
  "winning_distrib": {
    "-2.0": 58875969,
    "+0.0": 4558678,
    "+2.0": 36565353
  },
  "hands": {
    "total": 100000000,
    "won": 36565353,
    "lost": 58875969,
    "push": 4558678,
    "busted": 34044121,
    "blackjack": 0,
    "doubled": 100000000,
    "split": 0,
    "insured": 0,
    "surrender": 0
  }
}
