{
  "rounds": 100000000,
  "rules": {
    "game_type": "ahc",
    "soft17": "s17",
    "das": true,
    "bj_pays": 1.5,
    "double_down": "any_two",
    "surrender": "early_surrender",
    "play_ace_pairs": false,
    "max_splits": 4,
    "decks": 6,
    "penetration_cards": 250
  },
  "ev": 0.36064351999999983,
  "stddev": 0.8604303335456196,
  "winning_distrib": {
    "-1.0": 25488029,
    "+0.0": 12959590,
    "+1.0": 61552381
  },
  "hands": {
    "total": 100000000,
    "won": 61552381,
    "lost": 25488029,
    "push": 12959590,
    "busted": 0,
    "blackjack": 0,
    "doubled": 0,
    "split": 0,
    "insured": 0,
    "surrender": 0
  }
}
