{
  "rounds": 100000000,
  "rules": {
    "game_type": "ahc",
    "soft17": "s17",
    "das": true,
    "bj_pays": 1.5,
    "double_down": "any_two",
    "surrender": "early_surrender",
    "play_ace_pairs": false,
    "max_splits": 4,
    "decks": 6,
    "penetration_cards": 250
  },
  "ev": 0.567976619999993,
  "stddev": 1.8446666889065293,
  "winning_distrib": {
    "-2.0": 32367992,
    "+0.0": 6865185,
    "+2.0": 60766823
  },
  "hands": {
    "total": 100000000,
    "won": 60766823,
    "lost": 32367992,
    "push": 6865185,
    "busted": 0,
    "blackjack": 0,
    "doubled": 100000000,
    "split": 0,
    "insured": 0,
    "surrender": 0
  }
}
