{
  "rounds": 100000000,
  "rules": {
    "game_type": "ahc",
    "soft17": "s17",
    "das": true,
    "double_down": "any_two",
    "surrender": "no_surrender",
    "play_ace_pairs": false,
    "max_splits": 4,
    "decks": 6,
    "penetration_cards": 46
  },
  "ev": -0.6061986399999876,
  "stddev": 0.7802867901936029,
  "winning_distrib": {
    "-1.0": 79126145,
    "+0.0": 2367574,
    "+1.0": 18506281
  },
  "hands": {
    "total": 100000000,
    "won": 18506281,
    "lost": 79126145,
    "push": 2367574,
    "busted": 76832504,
    "blackjack": 0,
    "doubled": 0,
    "split": 0,
    "insured": 0,
    "surrender": 0
  }
}
