{
  "rounds": 100000000,
  "rules": {
    "game_type": "ahc",
    "soft17": "s17",
    "das": true,
    "bj_pays": 1.5,
    "double_down": "any_two",
    "surrender": "early_surrender",
    "play_ace_pairs": false,
    "max_splits": 4,
    "decks": 6,
    "penetration_cards": 250
  },
  "ev": 0.09744656000000071,
  "stddev": 1.9478155677281423,
  "winning_distrib": {
    "-2.0": 45107352,
    "+0.0": 4912968,
    "+2.0": 49979680
  },
  "hands": {
    "total": 100000000,
    "won": 49979680,
    "lost": 45107352,
    "push": 4912968,
    "busted": 0,
    "blackjack": 0,
    "doubled": 100000000,
    "split": 0,
    "insured": 0,
    "surrender": 0
  }
}
