{
  "rounds": 100000000,
  "rules": {
    "game_type": "enhc",
    "soft17": "h17",
    "das": true,
    "double_down": "any_two",
    "surrender": "no_surrender",
    "play_ace_pairs": false,
    "max_splits": 4,
    "decks": 6,
    "penetration_cards": 46
  },
  "ev": 0.6453551599999985,
  "stddev": 0.6792486158065775,
  "winning_distrib": {
    "-1.0": 11625340,
    "+0.0": 12213804,
    "+1.0": 76160856
  },
  "hands": {
    "total": 100000000,
    "won": 76160856,
    "lost": 11625340,
    "push": 12213804,
    "busted": 0,
    "blackjack": 0,
    "doubled": 0,
    "split": 0,
    "insured": 0,
    "surrender": 0
  }
}
