{
  "rounds": 100000000,
  "rules": {
    "game_type": "ahc",
    "soft17": "s17",
    "das": true,
    "bj_pays": 1.5,
    "double_down": "any_two",
    "surrender": "early_surrender",
    "play_ace_pairs": false,
    "max_splits": 4,
    "decks": 6,
    "penetration_cards": 250
  },
  "ev": 0.08215198000000086,
  "stddev": 0.9570560387676547,
  "winning_distrib": {
    "-1.0": 42027661,
    "+0.0": 7729480,
    "+1.0": 50242859
  },
  "hands": {
    "total": 100000000,
    "won": 50242859,
    "lost": 42027661,
    "push": 7729480,
    "busted": 10461369,
    "blackjack": 0,
    "doubled": 0,
    "split": 0,
    "insured": 0,
    "surrender": 0
  }
}
