{
  "rounds": 100000000,
  "rules": {
    "game_type": "ahc",
    "soft17": "s17",
    "das": true,
    "bj_pays": 1.5,
    "double_down": "any_two",
    "surrender": "early_surrender",
    "play_ace_pairs": false,
    "max_splits": 4,
    "decks": 6,
    "penetration_cards": 250
  },
  "ev": -0.3537315600000015,
  "stddev": 1.9587862828365004,
  "winning_distrib": {
    "-2.0": 58367910,
    "+0.0": 950758,
    "+2.0": 40681332
  },
  "hands": {
    "total": 100000000,
    "won": 40681332,
    "lost": 58367910,
    "push": 950758,
    "busted": 0,
    "blackjack": 0,
    "doubled": 100000000,
    "split": 0,
    "insured": 0,
    "surrender": 0
  }
}
