{
  "rounds": 100000000,
  "rules": {
    "game_type": "ahc",
    "soft17": "s17",
    "das": true,
    "double_down": "any_two",
    "surrender": "no_surrender",
    "play_ace_pairs": false,
    "max_splits": 4,
    "decks": 6,
    "penetration_cards": 46
  },
  "ev": 0.28563651000001633,
  "stddev": 0.7526631250566356,
  "winning_distrib": {
    "-1.0": 18122674,
    "+0.0": 35191001,
    "+1.0": 46686325
  },
  "hands": {
    "total": 100000000,
    "won": 46686325,
    "lost": 18122674,
    "push": 35191001,
    "busted": 0,
    "blackjack": 0,
    "doubled": 0,
    "split": 0,
    "insured": 0,
    "surrender": 0
  }
}
