{
  "rounds": 100000000,
  "rules": {
    "game_type": "ahc",
    "soft17": "s17",
    "das": true,
    "bj_pays": 1.5,
    "double_down": "any_two",
    "surrender": "early_surrender",
    "play_ace_pairs": false,
    "max_splits": 4,
    "decks": 6,
    "penetration_cards": 250
  },
  "ev": -0.36558165999998987,
  "stddev": 0.8858563527565053,
  "winning_distrib": {
    "-1.0": 64198654,
    "+0.0": 8160858,
    "+1.0": 27640488
  },
  "hands": {
    "total": 100000000,
    "won": 27640488,
    "lost": 64198654,
    "push": 8160858,
    "busted": 40116094,
    "blackjack": 0,
    "doubled": 0,
    "split": 0,
    "insured": 0,
    "surrender": 0
  }
}
