{
  "rounds": 100000000,
  "rules": {
    "game_type": "ahc",
    "soft17": "s17",
    "das": true,
    "bj_pays": 1.5,
    "double_down": "any_two",
    "surrender": "early_surrender",
    "play_ace_pairs": false,
    "max_splits": 4,
    "decks": 6,
    "penetration_cards": 250
  },
  "ev": 0.6373372799999992,
  "stddev": 1.8185133336305614,
  "winning_distrib": {
    "-2.0": 30481437,
    "+0.0": 7170262,
    "+2.0": 62348301
  },
  "hands": {
    "total": 100000000,
    "won": 62348301,
    "lost": 30481437,
    "push": 7170262,
    "busted": 0,
    "blackjack": 0,
    "doubled": 100000000,
    "split": 0,
    "insured": 0,
    "surrender": 0
  }
}
