{
  "rounds": 10000000000,
  "rules": {
    "game_type": "ahc",
    "soft17": "s17",
    "das": true,
    "bj_pays": 1.5,
    "double_down": "any_two",
    "surrender": "no_surrender",
    "play_ace_pairs": false,
    "max_splits": 4,
    "decks": 6,
    "penetration_cards": 296
  },
  "ev": 0.4363199289999216,
  "stddev": 1.1601199869372574,
  "winning_distrib": {
    "-6.0": 678,
    "-5.0": 82014,
    "-4.0": 3769567,
    "-3.0": 69795766,
    "-2.0": 564413867,
    "-1.0": 1166173658,
    "+0.0": 3271357905,
    "+1.0": 3178576518,
    "+2.0": 1543775904,
    "+3.0": 191492894,
    "+4.0": 10334660,
    "+5.0": 224679,
    "+6.0": 1887,
    "+7.0": 3
  },
  "hands": {
    "total": 10000000000,
    "won": 6399927023,
    "lost": 2346657373,
    "push": 1253415604,
    "busted": 0,
    "blackjack": 0,
    "doubled": 0,
    "split": 0,
    "insured": 0,
    "surrender": 0
  }
}
