{
  "rounds": 100000000,
  "rules": {
    "game_type": "ahc",
    "soft17": "h17",
    "das": false,
    "double_down": "any_two",
    "surrender": "no_surrender",
    "play_ace_pairs": false,
    "max_splits": 4,
    "decks": 6,
    "penetration_cards": 46
  },
  "ev": -0.053450740000000885,
  "stddev": 0.9163464665672952,
  "winning_distrib": {
    "-1.0": 44799928,
    "+0.0": 15745218,
    "+1.0": 39454854
  },
  "hands": {
    "total": 100000000,
    "won": 39454854,
    "lost": 44799928,
    "push": 15745218,
    "busted": 19686487,
    "blackjack": 0,
    "doubled": 0,
    "split": 0,
    "insured": 0,
    "surrender": 0
  }
}
