{
  "rounds": 100000000,
  "rules": {
    "game_type": "ahc",
    "soft17": "s17",
    "das": true,
    "bj_pays": 1.5,
    "double_down": "any_two",
    "surrender": "early_surrender",
    "play_ace_pairs": false,
    "max_splits": 4,
    "decks": 6,
    "penetration_cards": 250
  },
  "ev": -0.7294399799999892,
  "stddev": 1.8131873451064424,
  "winning_distrib": {
    "-2.0": 65982637,
    "+0.0": 4506725,
    "+2.0": 29510638
  },
  "hands": {
    "total": 100000000,
    "won": 29510638,
    "lost": 65982637,
    "push": 4506725,
    "busted": 47995267,
    "blackjack": 0,
    "doubled": 100000000,
    "split": 0,
    "insured": 0,
    "surrender": 0
  }
}
