{
  "rounds": 100000000,
  "rules": {
    "game_type": "ahc",
    "soft17": "s17",
    "das": false,
    "double_down": "any_two",
    "surrender": "no_surrender",
    "play_ace_pairs": false,
    "max_splits": 4,
    "decks": 6,
    "penetration_cards": 46
  },
  "ev": -0.3491566699999987,
  "stddev": 0.91118636847635,
  "winning_distrib": {
    "-1.0": 65066382,
    "+0.0": 4782903,
    "+1.0": 30150715
  },
  "hands": {
    "total": 100000000,
    "won": 30150715,
    "lost": 65066382,
    "push": 4782903,
    "busted": 46217767,
    "blackjack": 0,
    "doubled": 0,
    "split": 0,
    "insured": 0,
    "surrender": 0
  }
}
