{
  "rounds": 100000000,
  "rules": {
    "game_type": "ahc",
    "soft17": "h17",
    "das": false,
    "double_down": "any_two",
    "surrender": "no_surrender",
    "play_ace_pairs": false,
    "max_splits": 4,
    "decks": 6,
    "penetration_cards": 46
  },
  "ev": -0.5118500799999773,
  "stddev": 1.873785454825262,
  "winning_distrib": {
    "-2.0": 59959532,
    "+0.0": 5673440,
    "+2.0": 34367028
  },
  "hands": {
    "total": 100000000,
    "won": 34367028,
    "lost": 59959532,
    "push": 5673440,
    "busted": 30867757,
    "blackjack": 0,
    "doubled": 100000000,
    "split": 0,
    "insured": 0,
    "surrender": 0
  }
}
