{
  "rounds": 100000000,
  "rules": {
    "game_type": "ahc",
    "soft17": "s17",
    "das": true,
    "bj_pays": 1.5,
    "double_down": "any_two",
    "surrender": "early_surrender",
    "play_ace_pairs": false,
    "max_splits": 4,
    "decks": 6,
    "penetration_cards": 250
  },
  "ev": -1.4507417799999862,
  "stddev": 1.3582087712165938,
  "winning_distrib": {
    "-2.0": 85635829,
    "+0.0": 1265431,
    "+2.0": 13098740
  },
  "hands": {
    "total": 100000000,
    "won": 13098740,
    "lost": 85635829,
    "push": 1265431,
    "busted": 85205848,
    "blackjack": 0,
    "doubled": 100000000,
    "split": 0,
    "insured": 0,
    "surrender": 0
  }
}
