{
  "rounds": 100000000,
  "rules": {
    "game_type": "ahc",
    "soft17": "s17",
    "das": true,
    "bj_pays": 1.5,
    "double_down": "any_two",
    "surrender": "early_surrender",
    "play_ace_pairs": false,
    "max_splits": 4,
    "decks": 6,
    "penetration_cards": 250
  },
  "ev": 0.1631989700000015,
  "stddev": 0.9265604539241387,
  "winning_distrib": {
    "-1.0": 36097460,
    "+0.0": 11485183,
    "+1.0": 52417357
  },
  "hands": {
    "total": 100000000,
    "won": 52417357,
    "lost": 36097460,
    "push": 11485183,
    "busted": 20898814,
    "blackjack": 0,
    "doubled": 0,
    "split": 0,
    "insured": 0,
    "surrender": 0
  }
}
