{
  "rounds": 100000000,
  "rules": {
    "game_type": "ahc",
    "soft17": "h17",
    "das": false,
    "double_down": "any_two",
    "surrender": "no_surrender",
    "play_ace_pairs": false,
    "max_splits": 4,
    "decks": 6,
    "penetration_cards": 46
  },
  "ev": -0.15216718000000248,
  "stddev": 0.9451469400383419,
  "winning_distrib": {
    "-1.0": 53431238,
    "+0.0": 8354242,
    "+1.0": 38214520
  },
  "hands": {
    "total": 100000000,
    "won": 38214520,
    "lost": 53431238,
    "push": 8354242,
    "busted": 44045560,
    "blackjack": 0,
    "doubled": 0,
    "split": 0,
    "insured": 0,
    "surrender": 0
  }
}
