{
  "rounds": 100000000,
  "rules": {
    "game_type": "ahc",
    "soft17": "h17",
    "das": true,
    "double_down": "any_two",
    "surrender": "no_surrender",
    "play_ace_pairs": false,
    "max_splits": 4,
    "decks": 6,
    "penetration_cards": 46
  },
  "ev": 0.04041411000000083,
  "stddev": 0.9638808116170628,
  "winning_distrib": {
    "-1.0": 44514270,
    "+0.0": 6930049,
    "+1.0": 48555681
  },
  "hands": {
    "total": 100000000,
    "won": 48555681,
    "lost": 44514270,
    "push": 6930049,
    "busted": 0,
    "blackjack": 0,
    "doubled": 0,
    "split": 0,
    "insured": 0,
    "surrender": 0
  }
}
