{
  "rounds": 100000000,
  "rules": {
    "game_type": "ahc",
    "soft17": "s17",
    "das": true,
    "double_down": "any_two",
    "surrender": "no_surrender",
    "play_ace_pairs": false,
    "max_splits": 4,
    "decks": 6,
    "penetration_cards": 46
  },
  "ev": 0.5228355099999893,
  "stddev": 1.636756721774112,
  "winning_distrib": {
    "-2.0": 21088603,
    "-1.0": 8367454,
    "+0.0": 17557169,
    "+1.0": 3145337,
    "+2.0": 49841437
  },
  "hands": {
    "total": 200000000,
    "won": 119053429,
    "lost": 66769878,
    "push": 14176693,
    "busted": 0,
    "blackjack": 0,
    "doubled": 0,
    "split": 200000000,
    "insured": 0,
    "surrender": 0
  }
}
