{
  "rounds": 100000000,
  "rules": {
    "game_type": "enhc",
    "soft17": "s17",
    "das": false,
    "double_down": "any_two",
    "surrender": "no_surrender",
    "play_ace_pairs": false,
    "max_splits": 4,
    "decks": 6,
    "penetration_cards": 46
  },
  "ev": 0.3869774499999991,
  "stddev": 0.8486387985435173,
  "winning_distrib": {
    "-1.0": 24148095,
    "+0.0": 13006065,
    "+1.0": 62845840
  },
  "hands": {
    "total": 100000000,
    "won": 62845840,
    "lost": 24148095,
    "push": 13006065,
    "busted": 0,
    "blackjack": 0,
    "doubled": 0,
    "split": 0,
    "insured": 0,
    "surrender": 0
  }
}
