{
  "rounds": 100000000,
  "rules": {
    "game_type": "ahc",
    "soft17": "s17",
    "das": true,
    "double_down": "any_two",
    "surrender": "no_surrender",
    "play_ace_pairs": false,
    "max_splits": 4,
    "decks": 6,
    "penetration_cards": 46
  },
  "ev": -0.6134342100000002,
  "stddev": 0.7566604031710905,
  "winning_distrib": {
    "-1.0": 78113535,
    "+0.0": 5116351,
    "+1.0": 16770114
  },
  "hands": {
    "total": 100000000,
    "won": 16770114,
    "lost": 78113535,
    "push": 5116351,
    "busted": 38388402,
    "blackjack": 0,
    "doubled": 0,
    "split": 0,
    "insured": 0,
    "surrender": 0
  }
}
