{
  "rounds": 100000000,
  "rules": {
    "game_type": "ahc",
    "soft17": "s17",
    "das": true,
    "bj_pays": 1.5,
    "double_down": "any_two",
    "surrender": "early_surrender",
    "play_ace_pairs": false,
    "max_splits": 4,
    "decks": 6,
    "penetration_cards": 250
  },
  "ev": -0.18087904999999962,
  "stddev": 1.776356571982509,
  "winning_distrib": {
    "-4.0": 622062,
    "-3.0": 6903900,
    "-2.0": 22875553,
    "-1.0": 11920560,
    "+0.0": 25191575,
    "+1.0": 11156166,
    "+2.0": 13359182,
    "+3.0": 6974829,
    "+4.0": 996173
  },
  "hands": {
    "total": 200000000,
    "won": 79528563,
    "lost": 101558955,
    "push": 18912482,
    "busted": 63334717,
    "blackjack": 0,
    "doubled": 33344449,
    "split": 200000000,
    "insured": 0,
    "surrender": 0
  }
}
