{
  "rounds": 100000000,
  "rules": {
    "game_type": "ahc",
    "soft17": "s17",
    "das": true,
    "bj_pays": 1.5,
    "double_down": "any_two",
    "surrender": "early_surrender",
    "play_ace_pairs": false,
    "max_splits": 4,
    "decks": 6,
    "penetration_cards": 250
  },
  "ev": -0.5780120899999901,
  "stddev": 1.579388273591549,
  "winning_distrib": {
    "-2.0": 38931566,
    "-1.0": 29002139,
    "+0.0": 7534264,
    "+2.0": 24532031
  },
  "hands": {
    "total": 100000000,
    "won": 24532031,
    "lost": 67933705,
    "push": 7534264,
    "busted": 0,
    "blackjack": 0,
    "doubled": 70997861,
    "split": 0,
    "insured": 0,
    "surrender": 0
  }
}
