{
  "rounds": 100000000,
  "rules": {
    "game_type": "ahc",
    "soft17": "s17",
    "das": true,
    "bj_pays": 1.5,
    "double_down": "any_two",
    "surrender": "early_surrender",
    "play_ace_pairs": false,
    "max_splits": 4,
    "decks": 6,
    "penetration_cards": 250
  },
  "ev": -1.2426892000000196,
  "stddev": 1.5436326946626058,
  "winning_distrib": {
    "-2.0": 80155709,
    "+0.0": 1823042,
    "+2.0": 18021249
  },
  "hands": {
    "total": 100000000,
    "won": 18021249,
    "lost": 80155709,
    "push": 1823042,
    "busted": 78721091,
    "blackjack": 0,
    "doubled": 100000000,
    "split": 0,
    "insured": 0,
    "surrender": 0
  }
}
