{
  "rounds": 100000000,
  "rules": {
    "game_type": "ahc",
    "soft17": "s17",
    "das": true,
    "bj_pays": 1.5,
    "double_down": "any_two",
    "surrender": "early_surrender",
    "play_ace_pairs": false,
    "max_splits": 4,
    "decks": 6,
    "penetration_cards": 250
  },
  "ev": 0.5130535799999918,
  "stddev": 1.8615589860929156,
  "winning_distrib": {
    "-2.0": 33781483,
    "+0.0": 6784355,
    "+2.0": 59434162
  },
  "hands": {
    "total": 100000000,
    "won": 59434162,
    "lost": 33781483,
    "push": 6784355,
    "busted": 0,
    "blackjack": 0,
    "doubled": 100000000,
    "split": 0,
    "insured": 0,
    "surrender": 0
  }
}
