{
  "rounds": 100000000,
  "rules": {
    "game_type": "ahc",
    "soft17": "s17",
    "das": true,
    "bj_pays": 1.5,
    "double_down": "any_two",
    "surrender": "early_surrender",
    "play_ace_pairs": false,
    "max_splits": 4,
    "decks": 6,
    "penetration_cards": 250
  },
  "ev": -0.02423367000000062,
  "stddev": 0.9380466875575134,
  "winning_distrib": {
    "-1.0": 45237626,
    "+0.0": 11948115,
    "+1.0": 42814259
  },
  "hands": {
    "total": 100000000,
    "won": 42814259,
    "lost": 45237626,
    "push": 11948115,
    "busted": 0,
    "blackjack": 0,
    "doubled": 0,
    "split": 0,
    "insured": 0,
    "surrender": 0
  }
}
