{
  "rounds": 100000000,
  "rules": {
    "game_type": "enhc",
    "soft17": "s17",
    "das": false,
    "double_down": "any_two",
    "surrender": "no_surrender",
    "play_ace_pairs": false,
    "max_splits": 4,
    "decks": 6,
    "penetration_cards": 46
  },
  "ev": 0.1256722999999998,
  "stddev": 1.926114345025234,
  "winning_distrib": {
    "-2.0": 43429567,
    "+0.0": 6857251,
    "+2.0": 49713182
  },
  "hands": {
    "total": 100000000,
    "won": 49713182,
    "lost": 43429567,
    "push": 6857251,
    "busted": 0,
    "blackjack": 0,
    "doubled": 100000000,
    "split": 0,
    "insured": 0,
    "surrender": 0
  }
}
