{
  "rounds": 100000000,
  "rules": {
    "game_type": "ahc",
    "soft17": "h17",
    "das": true,
    "double_down": "any_two",
    "surrender": "no_surrender",
    "play_ace_pairs": false,
    "max_splits": 4,
    "decks": 6,
    "penetration_cards": 46
  },
  "ev": 0.47612359999998877,
  "stddev": 1.8610605235076456,
  "winning_distrib": {
    "-2.0": 34224909,
    "+0.0": 7744002,
    "+2.0": 58031089
  },
  "hands": {
    "total": 100000000,
    "won": 58031089,
    "lost": 34224909,
    "push": 7744002,
    "busted": 0,
    "blackjack": 0,
    "doubled": 100000000,
    "split": 0,
    "insured": 0,
    "surrender": 0
  }
}
