{
  "rounds": 100000000,
  "rules": {
    "game_type": "ahc",
    "soft17": "s17",
    "das": true,
    "bj_pays": 1.5,
    "double_down": "any_two",
    "surrender": "early_surrender",
    "play_ace_pairs": false,
    "max_splits": 4,
    "decks": 6,
    "penetration_cards": 250
  },
  "ev": -0.9280272200000098,
  "stddev": 1.716503384326089,
  "winning_distrib": {
    "-2.0": 70795910,
    "+0.0": 4809541,
    "+2.0": 24394549
  },
  "hands": {
    "total": 100000000,
    "won": 24394549,
    "lost": 70795910,
    "push": 4809541,
    "busted": 61539366,
    "blackjack": 0,
    "doubled": 100000000,
    "split": 0,
    "insured": 0,
    "surrender": 0
  }
}
