{
  "rounds": 100000000,
  "rules": {
    "game_type": "ahc",
    "soft17": "s17",
    "das": true,
    "bj_pays": 1.5,
    "double_down": "any_two",
    "surrender": "early_surrender",
    "play_ace_pairs": false,
    "max_splits": 4,
    "decks": 6,
    "penetration_cards": 250
  },
  "ev": 0.5945508200000179,
  "stddev": 1.8330547280531866,
  "winning_distrib": {
    "-2.0": 31555983,
    "+0.0": 7160493,
    "+2.0": 61283524
  },
  "hands": {
    "total": 100000000,
    "won": 61283524,
    "lost": 31555983,
    "push": 7160493,
    "busted": 0,
    "blackjack": 0,
    "doubled": 100000000,
    "split": 0,
    "insured": 0,
    "surrender": 0
  }
}
