{
  "rounds": 100000000,
  "rules": {
    "game_type": "ahc",
    "soft17": "s17",
    "das": true,
    "bj_pays": 1.5,
    "double_down": "any_two",
    "surrender": "early_surrender",
    "play_ace_pairs": false,
    "max_splits": 4,
    "decks": 6,
    "penetration_cards": 250
  },
  "ev": 0.15921828000000215,
  "stddev": 0.9232057018004924,
  "winning_distrib": {
    "-1.0": 35922047,
    "+0.0": 12234078,
    "+1.0": 51843875
  },
  "hands": {
    "total": 100000000,
    "won": 51843875,
    "lost": 35922047,
    "push": 12234078,
    "busted": 0,
    "blackjack": 0,
    "doubled": 0,
    "split": 0,
    "insured": 0,
    "surrender": 0
  }
}
