{
  "rounds": 100000000,
  "rules": {
    "game_type": "ahc",
    "soft17": "s17",
    "das": false,
    "double_down": "any_two",
    "surrender": "no_surrender",
    "play_ace_pairs": false,
    "max_splits": 4,
    "decks": 6,
    "penetration_cards": 46
  },
  "ev": -1.49507952,
  "stddev": 0.9074676176655415,
  "winning_distrib": {
    "-2.0": 64042726,
    "-1.0": 30850040,
    "+0.0": 393464,
    "+2.0": 4713770
  },
  "hands": {
    "total": 100000000,
    "won": 4713770,
    "lost": 94892766,
    "push": 393464,
    "busted": 64042726,
    "blackjack": 0,
    "doubled": 69149960,
    "split": 0,
    "insured": 0,
    "surrender": 0
  }
}
