{
  "rounds": 100000000,
  "rules": {
    "game_type": "enhc",
    "soft17": "s17",
    "das": true,
    "double_down": "any_two",
    "surrender": "no_surrender",
    "play_ace_pairs": false,
    "max_splits": 4,
    "decks": 6,
    "penetration_cards": 46
  },
  "ev": -0.11707513000000179,
  "stddev": 0.9227411297053989,
  "winning_distrib": {
    "-1.0": 49111645,
    "+0.0": 13484223,
    "+1.0": 37404132
  },
  "hands": {
    "total": 100000000,
    "won": 37404132,
    "lost": 49111645,
    "push": 13484223,
    "busted": 0,
    "blackjack": 0,
    "doubled": 0,
    "split": 0,
    "insured": 0,
    "surrender": 0
  }
}
