{
  "rounds": 100000000,
  "rules": {
    "game_type": "ahc",
    "soft17": "s17",
    "das": true,
    "bj_pays": 1.5,
    "double_down": "any_two",
    "surrender": "early_surrender",
    "play_ace_pairs": false,
    "max_splits": 4,
    "decks": 6,
    "penetration_cards": 250
  },
  "ev": -0.4640394100000017,
  "stddev": 0.8582458291962143,
  "winning_distrib": {
    "-1.0": 70797894,
    "+0.0": 4808153,
    "+1.0": 24393953
  },
  "hands": {
    "total": 100000000,
    "won": 24393953,
    "lost": 70797894,
    "push": 4808153,
    "busted": 61542559,
    "blackjack": 0,
    "doubled": 0,
    "split": 0,
    "insured": 0,
    "surrender": 0
  }
}
