{
  "rounds": 100000000,
  "rules": {
    "game_type": "ahc",
    "soft17": "s17",
    "das": true,
    "bj_pays": 1.5,
    "double_down": "any_two",
    "surrender": "early_surrender",
    "play_ace_pairs": false,
    "max_splits": 4,
    "decks": 6,
    "penetration_cards": 250
  },
  "ev": 0.08008864000000067,
  "stddev": 0.9605009833251348,
  "winning_distrib": {
    "-1.0": 42444384,
    "+0.0": 7102368,
    "+1.0": 50453248
  },
  "hands": {
    "total": 100000000,
    "won": 50453248,
    "lost": 42444384,
    "push": 7102368,
    "busted": 0,
    "blackjack": 0,
    "doubled": 0,
    "split": 0,
    "insured": 0,
    "surrender": 0
  }
}
