{
  "rounds": 100000000,
  "rules": {
    "game_type": "ahc",
    "soft17": "s17",
    "das": false,
    "double_down": "any_two",
    "surrender": "no_surrender",
    "play_ace_pairs": false,
    "max_splits": 4,
    "decks": 6,
    "penetration_cards": 46
  },
  "ev": -0.548128810000003,
  "stddev": 1.8048362557922975,
  "winning_distrib": {
    "-2.0": 55404754,
    "-1.0": 7391879,
    "+0.0": 5509114,
    "+2.0": 31694253
  },
  "hands": {
    "total": 100000000,
    "won": 31694253,
    "lost": 62796633,
    "push": 5509114,
    "busted": 0,
    "blackjack": 0,
    "doubled": 92608121,
    "split": 0,
    "insured": 0,
    "surrender": 0
  }
}
