{
  "rounds": 100000000,
  "rules": {
    "game_type": "ahc",
    "soft17": "s17",
    "das": true,
    "bj_pays": 1.5,
    "double_down": "any_two",
    "surrender": "early_surrender",
    "play_ace_pairs": false,
    "max_splits": 4,
    "decks": 6,
    "penetration_cards": 250
  },
  "ev": -0.3704611799999993,
  "stddev": 1.8994834745775864,
  "winning_distrib": {
    "-2.0": 56077516,
    "+0.0": 6368027,
    "+2.0": 37554457
  },
  "hands": {
    "total": 100000000,
    "won": 37554457,
    "lost": 56077516,
    "push": 6368027,
    "busted": 0,
    "blackjack": 0,
    "doubled": 100000000,
    "split": 0,
    "insured": 0,
    "surrender": 0
  }
}
