{
  "rounds": 100000000,
  "rules": {
    "game_type": "ahc",
    "soft17": "s17",
    "das": false,
    "double_down": "any_two",
    "surrender": "no_surrender",
    "play_ace_pairs": false,
    "max_splits": 4,
    "decks": 6,
    "penetration_cards": 46
  },
  "ev": 0.6159846899999816,
  "stddev": 0.7361584184840265,
  "winning_distrib": {
    "-1.0": 15269083,
    "+0.0": 7863365,
    "+1.0": 76867552
  },
  "hands": {
    "total": 100000000,
    "won": 76867552,
    "lost": 15269083,
    "push": 7863365,
    "busted": 0,
    "blackjack": 0,
    "doubled": 0,
    "split": 0,
    "insured": 0,
    "surrender": 0
  }
}
