{
  "rounds": 100000000,
  "rules": {
    "game_type": "ahc",
    "soft17": "s17",
    "das": true,
    "bj_pays": 1.5,
    "double_down": "any_two",
    "surrender": "early_surrender",
    "play_ace_pairs": false,
    "max_splits": 4,
    "decks": 6,
    "penetration_cards": 250
  },
  "ev": -1.1306878799999724,
  "stddev": 1.5583982553593818,
  "winning_distrib": {
    "-2.0": 71414224,
    "-1.0": 8509934,
    "+0.0": 941045,
    "+2.0": 19134797
  },
  "hands": {
    "total": 100000000,
    "won": 19134797,
    "lost": 79924158,
    "push": 941045,
    "busted": 0,
    "blackjack": 0,
    "doubled": 91490066,
    "split": 0,
    "insured": 0,
    "surrender": 0
  }
}
