{
  "rounds": 100000000,
  "rules": {
    "game_type": "ahc",
    "soft17": "s17",
    "das": true,
    "bj_pays": 1.5,
    "double_down": "any_two",
    "surrender": "early_surrender",
    "play_ace_pairs": false,
    "max_splits": 4,
    "decks": 6,
    "penetration_cards": 250
  },
  "ev": 0.3383096600000009,
  "stddev": 1.8937241430082756,
  "winning_distrib": {
    "-2.0": 37800315,
    "+0.0": 7483887,
    "+2.0": 54715798
  },
  "hands": {
    "total": 100000000,
    "won": 54715798,
    "lost": 37800315,
    "push": 7483887,
    "busted": 0,
    "blackjack": 0,
    "doubled": 100000000,
    "split": 0,
    "insured": 0,
    "surrender": 0
  }
}
