{
  "rounds": 100000000,
  "rules": {
    "game_type": "ahc",
    "soft17": "s17",
    "das": true,
    "bj_pays": 1.5,
    "double_down": "any_two",
    "surrender": "early_surrender",
    "play_ace_pairs": false,
    "max_splits": 4,
    "decks": 6,
    "penetration_cards": 250
  },
  "ev": -0.9692523799999927,
  "stddev": 1.6933049732806966,
  "winning_distrib": {
    "-2.0": 71815458,
    "+0.0": 4831703,
    "+2.0": 23352839
  },
  "hands": {
    "total": 100000000,
    "won": 23352839,
    "lost": 71815458,
    "push": 4831703,
    "busted": 62359422,
    "blackjack": 0,
    "doubled": 100000000,
    "split": 0,
    "insured": 0,
    "surrender": 0
  }
}
