{
  "rounds": 100000000,
  "rules": {
    "game_type": "ahc",
    "soft17": "s17",
    "das": true,
    "bj_pays": 1.5,
    "double_down": "any_two",
    "surrender": "early_surrender",
    "play_ace_pairs": false,
    "max_splits": 4,
    "decks": 6,
    "penetration_cards": 250
  },
  "ev": -0.7792986200000019,
  "stddev": 1.7146887036041423,
  "winning_distrib": {
    "-2.0": 60826923,
    "-1.0": 7996902,
    "+0.0": 5315732,
    "+2.0": 25860443
  },
  "hands": {
    "total": 100000000,
    "won": 25860443,
    "lost": 68823825,
    "push": 5315732,
    "busted": 0,
    "blackjack": 0,
    "doubled": 92003098,
    "split": 0,
    "insured": 0,
    "surrender": 0
  }
}
