{
  "rounds": 100000000,
  "rules": {
    "game_type": "ahc",
    "soft17": "s17",
    "das": true,
    "bj_pays": 1.5,
    "double_down": "any_two",
    "surrender": "early_surrender",
    "play_ace_pairs": false,
    "max_splits": 4,
    "decks": 6,
    "penetration_cards": 250
  },
  "ev": -0.6075374000000007,
  "stddev": 1.8532913483713618,
  "winning_distrib": {
    "-2.0": 62735816,
    "+0.0": 4905238,
    "+2.0": 32358946
  },
  "hands": {
    "total": 100000000,
    "won": 32358946,
    "lost": 62735816,
    "push": 4905238,
    "busted": 44389579,
    "blackjack": 0,
    "doubled": 100000000,
    "split": 0,
    "insured": 0,
    "surrender": 0
  }
}
