{
  "rounds": 100000000,
  "rules": {
    "game_type": "ahc",
    "soft17": "s17",
    "das": true,
    "bj_pays": 1.5,
    "double_down": "any_two",
    "surrender": "early_surrender",
    "play_ace_pairs": false,
    "max_splits": 4,
    "decks": 6,
    "penetration_cards": 250
  },
  "ev": -1.3367238799999983,
  "stddev": 1.147061411518689,
  "winning_distrib": {
    "-2.0": 61676800,
    "-1.0": 28062812,
    "+0.0": 1388376,
    "+2.0": 8872012
  },
  "hands": {
    "total": 100000000,
    "won": 8872012,
    "lost": 89739612,
    "push": 1388376,
    "busted": 61298871,
    "blackjack": 0,
    "doubled": 71937188,
    "split": 0,
    "insured": 0,
    "surrender": 0
  }
}
