{
  "rounds": 100000000,
  "rules": {
    "game_type": "ahc",
    "soft17": "h17",
    "das": false,
    "double_down": "any_two",
    "surrender": "no_surrender",
    "play_ace_pairs": false,
    "max_splits": 4,
    "decks": 6,
    "penetration_cards": 46
  },
  "ev": 0.2847105200000092,
  "stddev": 0.9220683316888341,
  "winning_distrib": {
    "-1.0": 32327978,
    "+0.0": 6872992,
    "+1.0": 60799030
  },
  "hands": {
    "total": 100000000,
    "won": 60799030,
    "lost": 32327978,
    "push": 6872992,
    "busted": 0,
    "blackjack": 0,
    "doubled": 0,
    "split": 0,
    "insured": 0,
    "surrender": 0
  }
}
