{
  "rounds": 100000000,
  "rules": {
    "game_type": "enhc",
    "soft17": "h17",
    "das": false,
    "double_down": "any_two",
    "surrender": "no_surrender",
    "play_ace_pairs": false,
    "max_splits": 4,
    "decks": 6,
    "penetration_cards": 46
  },
  "ev": 0.37879327999998724,
  "stddev": 0.8513535800564074,
  "winning_distrib": {
    "-1.0": 24474699,
    "+0.0": 13171274,
    "+1.0": 62354027
  },
  "hands": {
    "total": 100000000,
    "won": 62354027,
    "lost": 24474699,
    "push": 13171274,
    "busted": 0,
    "blackjack": 0,
    "doubled": 0,
    "split": 0,
    "insured": 0,
    "surrender": 0
  }
}
