{
  "rounds": 100000000,
  "rules": {
    "game_type": "ahc",
    "soft17": "s17",
    "das": true,
    "bj_pays": 1.5,
    "double_down": "any_two",
    "surrender": "early_surrender",
    "play_ace_pairs": false,
    "max_splits": 4,
    "decks": 6,
    "penetration_cards": 250
  },
  "ev": 0.6527587599999981,
  "stddev": 1.8164954924909371,
  "winning_distrib": {
    "-2.0": 30252904,
    "+0.0": 6856254,
    "+2.0": 62890842
  },
  "hands": {
    "total": 100000000,
    "won": 62890842,
    "lost": 30252904,
    "push": 6856254,
    "busted": 0,
    "blackjack": 0,
    "doubled": 100000000,
    "split": 0,
    "insured": 0,
    "surrender": 0
  }
}
