{
  "rounds": 100000000,
  "rules": {
    "game_type": "ahc",
    "soft17": "s17",
    "das": true,
    "bj_pays": 1.5,
    "double_down": "any_two",
    "surrender": "early_surrender",
    "play_ace_pairs": false,
    "max_splits": 4,
    "decks": 6,
    "penetration_cards": 250
  },
  "ev": 0.2881105200000051,
  "stddev": 2.6442579144603306,
  "winning_distrib": {
    "-8.0": 1372,
    "-7.0": 18786,
    "-6.0": 143447,
    "-5.0": 682378,
    "-4.0": 3437351,
    "-3.0": 13667993,
    "-2.0": 22917074,
    "-1.0": 3732325,
    "+0.0": 2847982,
    "+1.0": 5570835,
    "+2.0": 19690949,
    "+3.0": 18887509,
    "+4.0": 6602840,
    "+5.0": 1350849,
    "+6.0": 379401,
    "+7.0": 62585,
    "+8.0": 6324
  },
  "hands": {
    "total": 214885749,
    "won": 109602481,
    "lost": 99780985,
    "push": 5502283,
    "busted": 0,
    "blackjack": 0,
    "doubled": 65121899,
    "split": 214885749,
    "insured": 0,
    "surrender": 0
  }
}
