{
  "rounds": 100000000,
  "rules": {
    "game_type": "ahc",
    "soft17": "s17",
    "das": true,
    "bj_pays": 1.5,
    "double_down": "any_two",
    "surrender": "early_surrender",
    "play_ace_pairs": false,
    "max_splits": 4,
    "decks": 6,
    "penetration_cards": 250
  },
  "ev": 0.08106962000000136,
  "stddev": 0.9545853371099884,
  "winning_distrib": {
    "-1.0": 41836791,
    "+0.0": 8219456,
    "+1.0": 49943753
  },
  "hands": {
    "total": 100000000,
    "won": 49943753,
    "lost": 41836791,
    "push": 8219456,
    "busted": 2352378,
    "blackjack": 0,
    "doubled": 0,
    "split": 0,
    "insured": 0,
    "surrender": 0
  }
}
