{
  "rounds": 100000000,
  "rules": {
    "game_type": "ahc",
    "soft17": "s17",
    "das": true,
    "bj_pays": 1.5,
    "double_down": "any_two",
    "surrender": "early_surrender",
    "play_ace_pairs": false,
    "max_splits": 4,
    "decks": 6,
    "penetration_cards": 250
  },
  "ev": 0.7060032600000076,
  "stddev": 1.7896980384689294,
  "winning_distrib": {
    "-2.0": 28618164,
    "+0.0": 7463509,
    "+2.0": 63918327
  },
  "hands": {
    "total": 100000000,
    "won": 63918327,
    "lost": 28618164,
    "push": 7463509,
    "busted": 0,
    "blackjack": 0,
    "doubled": 100000000,
    "split": 0,
    "insured": 0,
    "surrender": 0
  }
}
