{
  "rounds": 100000000,
  "rules": {
    "game_type": "ahc",
    "soft17": "s17",
    "das": true,
    "double_down": "any_two",
    "surrender": "no_surrender",
    "play_ace_pairs": false,
    "max_splits": 4,
    "decks": 6,
    "penetration_cards": 46
  },
  "ev": -0.3400960599999962,
  "stddev": 1.9256650038504293,
  "winning_distrib": {
    "-2.0": 56300539,
    "+0.0": 4403725,
    "+2.0": 39295736
  },
  "hands": {
    "total": 100000000,
    "won": 39295736,
    "lost": 56300539,
    "push": 4403725,
    "busted": 30887735,
    "blackjack": 0,
    "doubled": 100000000,
    "split": 0,
    "insured": 0,
    "surrender": 0
  }
}
