{
  "rounds": 100000000,
  "rules": {
    "game_type": "enhc",
    "soft17": "h17",
    "das": true,
    "double_down": "any_two",
    "surrender": "no_surrender",
    "play_ace_pairs": false,
    "max_splits": 4,
    "decks": 6,
    "penetration_cards": 46
  },
  "ev": 0.010226800000000048,
  "stddev": 1.8840408934144335,
  "winning_distrib": {
    "-8.0": 77,
    "-7.0": 2185,
    "-6.0": 27307,
    "-5.0": 193487,
    "-4.0": 1217512,
    "-3.0": 6574609,
    "-2.0": 18812090,
    "-1.0": 11583463,
    "+0.0": 23686473,
    "+1.0": 12587187,
    "+2.0": 15064844,
    "+3.0": 8145441,
    "+4.0": 1772697,
    "+5.0": 275221,
    "+6.0": 50953,
    "+7.0": 6055,
    "+8.0": 399
  },
  "hands": {
    "total": 216753324,
    "won": 95042519,
    "lost": 101786757,
    "push": 19924048,
    "busted": 68994747,
    "blackjack": 0,
    "doubled": 36045924,
    "split": 216753324,
    "insured": 0,
    "surrender": 0
  }
}
