{
  "rounds": 100000000,
  "rules": {
    "game_type": "ahc",
    "soft17": "s17",
    "das": true,
    "double_down": "any_two",
    "surrender": "no_surrender",
    "play_ace_pairs": false,
    "max_splits": 4,
    "decks": 6,
    "penetration_cards": 46
  },
  "ev": 0.12019833999999917,
  "stddev": 1.9178563543297413,
  "winning_distrib": {
    "-2.0": 43152799,
    "+0.0": 7684485,
    "+2.0": 49162716
  },
  "hands": {
    "total": 100000000,
    "won": 49162716,
    "lost": 43152799,
    "push": 7684485,
    "busted": 0,
    "blackjack": 0,
    "doubled": 100000000,
    "split": 0,
    "insured": 0,
    "surrender": 0
  }
}
