{
  "rounds": 100000000,
  "rules": {
    "game_type": "enhc",
    "soft17": "s17",
    "das": true,
    "double_down": "any_two",
    "surrender": "no_surrender",
    "play_ace_pairs": false,
    "max_splits": 4,
    "decks": 6,
    "penetration_cards": 46
  },
  "ev": -0.43526625999999946,
  "stddev": 0.8611851661065804,
  "winning_distrib": {
    "-1.0": 68318143,
    "+0.0": 6890340,
    "+1.0": 24791517
  },
  "hands": {
    "total": 100000000,
    "won": 24791517,
    "lost": 68318143,
    "push": 6890340,
    "busted": 55567477,
    "blackjack": 0,
    "doubled": 0,
    "split": 0,
    "insured": 0,
    "surrender": 0
  }
}
