{
  "rounds": 100000000,
  "rules": {
    "game_type": "enhc",
    "soft17": "h17",
    "das": true,
    "double_down": "any_two",
    "surrender": "no_surrender",
    "play_ace_pairs": false,
    "max_splits": 4,
    "decks": 6,
    "penetration_cards": 46
  },
  "ev": -1.1788618400000062,
  "stddev": 1.5902950881777496,
  "winning_distrib": {
    "-2.0": 78455967,
    "+0.0": 2031158,
    "+2.0": 19512875
  },
  "hands": {
    "total": 100000000,
    "won": 19512875,
    "lost": 78455967,
    "push": 2031158,
    "busted": 76845476,
    "blackjack": 0,
    "doubled": 100000000,
    "split": 0,
    "insured": 0,
    "surrender": 0
  }
}
