{
  "rounds": 10000000000,
  "rules": {
    "game_type": "ahc",
    "soft17": "s17",
    "das": true,
    "bj_pays": 1.5,
    "double_down": "any_two",
    "surrender": "no_surrender",
    "play_ace_pairs": false,
    "max_splits": 4,
    "decks": 6,
    "penetration_cards": 296
  },
  "ev": -0.1061444218999965,
  "stddev": 0.9671649950731807,
  "winning_distrib": {
    "-6.0": 170,
    "-5.0": 32061,
    "-4.0": 2191832,
    "-3.0": 61484290,
    "-2.0": 723490247,
    "-1.0": 2042624567,
    "+0.0": 5159132721,
    "+1.0": 1448079293,
    "+2.0": 517068029,
    "+3.0": 44283789,
    "+4.0": 1589470,
    "+5.0": 23419,
    "+6.0": 112
  },
  "hands": {
    "total": 10000000000,
    "won": 2614272913,
    "lost": 3690781305,
    "push": 3694945782,
    "busted": 0,
    "blackjack": 0,
    "doubled": 0,
    "split": 0,
    "insured": 0,
    "surrender": 0
  }
}
