{
  "rounds": 100000000,
  "rules": {
    "game_type": "ahc",
    "soft17": "s17",
    "das": true,
    "bj_pays": 1.5,
    "double_down": "any_two",
    "surrender": "early_surrender",
    "play_ace_pairs": false,
    "max_splits": 4,
    "decks": 6,
    "penetration_cards": 250
  },
  "ev": -0.08914336000000232,
  "stddev": 1.9367638108139325,
  "winning_distrib": {
    "-2.0": 49216091,
    "+0.0": 6024986,
    "+2.0": 44758923
  },
  "hands": {
    "total": 100000000,
    "won": 44758923,
    "lost": 49216091,
    "push": 6024986,
    "busted": 0,
    "blackjack": 0,
    "doubled": 100000000,
    "split": 0,
    "insured": 0,
    "surrender": 0
  }
}
