{
  "rounds": 100000000,
  "rules": {
    "game_type": "ahc",
    "soft17": "h17",
    "das": true,
    "double_down": "any_two",
    "surrender": "no_surrender",
    "play_ace_pairs": false,
    "max_splits": 4,
    "decks": 6,
    "penetration_cards": 46
  },
  "ev": -0.4495725700000075,
  "stddev": 0.8540410538126673,
  "winning_distrib": {
    "-1.0": 69053709,
    "+0.0": 6849839,
    "+1.0": 24096452
  },
  "hands": {
    "total": 100000000,
    "won": 24096452,
    "lost": 69053709,
    "push": 6849839,
    "busted": 26965031,
    "blackjack": 0,
    "doubled": 0,
    "split": 0,
    "insured": 0,
    "surrender": 0
  }
}
