{
  "rounds": 100000000,
  "rules": {
    "game_type": "ahc",
    "soft17": "s17",
    "das": true,
    "bj_pays": 1.5,
    "double_down": "any_two",
    "surrender": "early_surrender",
    "play_ace_pairs": false,
    "max_splits": 4,
    "decks": 6,
    "penetration_cards": 250
  },
  "ev": -1.215260799999982,
  "stddev": 1.5455922916060207,
  "winning_distrib": {
    "-2.0": 78702949,
    "+0.0": 3357142,
    "+2.0": 17939909
  },
  "hands": {
    "total": 100000000,
    "won": 17939909,
    "lost": 78702949,
    "push": 3357142,
    "busted": 73038392,
    "blackjack": 0,
    "doubled": 100000000,
    "split": 0,
    "insured": 0,
    "surrender": 0
  }
}
