{
  "rounds": 100000000,
  "rules": {
    "game_type": "ahc",
    "soft17": "s17",
    "das": true,
    "bj_pays": 1.5,
    "double_down": "any_two",
    "surrender": "early_surrender",
    "play_ace_pairs": false,
    "max_splits": 4,
    "decks": 6,
    "penetration_cards": 250
  },
  "ev": 0.03576923999999926,
  "stddev": 2.743849310140206,
  "winning_distrib": {
    "-8.0": 4064,
    "-7.0": 46807,
    "-6.0": 296300,
    "-5.0": 1151075,
    "-4.0": 4920908,
    "-3.0": 15912177,
    "-2.0": 21517092,
    "-1.0": 5528829,
    "+0.0": 3570957,
    "+1.0": 4928052,
    "+2.0": 16170940,
    "+3.0": 16703943,
    "+4.0": 6955966,
    "+5.0": 1636648,
    "+6.0": 541120,
    "+7.0": 103125,
    "+8.0": 11997
  },
  "hands": {
    "total": 218603237,
    "won": 98113302,
    "lost": 106989721,
    "push": 13500214,
    "busted": 0,
    "blackjack": 0,
    "doubled": 73873696,
    "split": 218603237,
    "insured": 0,
    "surrender": 0
  }
}
