{
  "rounds": 100000000,
  "rules": {
    "game_type": "ahc",
    "soft17": "s17",
    "das": true,
    "bj_pays": 1.5,
    "double_down": "any_two",
    "surrender": "early_surrender",
    "play_ace_pairs": false,
    "max_splits": 4,
    "decks": 6,
    "penetration_cards": 250
  },
  "ev": -0.21462338999999936,
  "stddev": 0.949378965154659,
  "winning_distrib": {
    "-1.0": 58100350,
    "+0.0": 5261639,
    "+1.0": 36638011
  },
  "hands": {
    "total": 100000000,
    "won": 36638011,
    "lost": 58100350,
    "push": 5261639,
    "busted": 28048953,
    "blackjack": 0,
    "doubled": 0,
    "split": 0,
    "insured": 0,
    "surrender": 0
  }
}
