{
  "rounds": 100000000,
  "rules": {
    "game_type": "ahc",
    "soft17": "s17",
    "das": true,
    "bj_pays": 1.5,
    "double_down": "any_two",
    "surrender": "early_surrender",
    "play_ace_pairs": false,
    "max_splits": 4,
    "decks": 6,
    "penetration_cards": 250
  },
  "ev": -0.714019700000007,
  "stddev": 1.8125456631116978,
  "winning_distrib": {
    "-2.0": 65289816,
    "+0.0": 5121353,
    "+2.0": 29588831
  },
  "hands": {
    "total": 100000000,
    "won": 29588831,
    "lost": 65289816,
    "push": 5121353,
    "busted": 45594899,
    "blackjack": 0,
    "doubled": 100000000,
    "split": 0,
    "insured": 0,
    "surrender": 0
  }
}
