{
  "rounds": 100000000,
  "rules": {
    "game_type": "enhc",
    "soft17": "h17",
    "das": true,
    "double_down": "any_two",
    "surrender": "no_surrender",
    "play_ace_pairs": false,
    "max_splits": 4,
    "decks": 6,
    "penetration_cards": 46
  },
  "ev": -0.8240564800000101,
  "stddev": 1.7587531005522254,
  "winning_distrib": {
    "-2.0": 67754931,
    "+0.0": 5692962,
    "+2.0": 26552107
  },
  "hands": {
    "total": 100000000,
    "won": 26552107,
    "lost": 67754931,
    "push": 5692962,
    "busted": 61406305,
    "blackjack": 0,
    "doubled": 100000000,
    "split": 0,
    "insured": 0,
    "surrender": 0
  }
}
