{
  "rounds": 100000000,
  "rules": {
    "game_type": "ahc",
    "soft17": "s17",
    "das": true,
    "bj_pays": 1.5,
    "double_down": "any_two",
    "surrender": "early_surrender",
    "play_ace_pairs": false,
    "max_splits": 4,
    "decks": 6,
    "penetration_cards": 250
  },
  "ev": 0.48043771999999957,
  "stddev": 2.2881957629450165,
  "winning_distrib": {
    "-8.0": 55,
    "-7.0": 2280,
    "-6.0": 36379,
    "-5.0": 305445,
    "-4.0": 1660209,
    "-3.0": 7557160,
    "-2.0": 22250378,
    "-1.0": 7128599,
    "+0.0": 5996189,
    "+1.0": 4515895,
    "+2.0": 31326003,
    "+3.0": 14467375,
    "+4.0": 3757125,
    "+5.0": 845728,
    "+6.0": 138537,
    "+7.0": 12190,
    "+8.0": 453
  },
  "hands": {
    "total": 219041682,
    "won": 119946515,
    "lost": 83627726,
    "push": 15467441,
    "busted": 0,
    "blackjack": 0,
    "doubled": 31760629,
    "split": 219041682,
    "insured": 0,
    "surrender": 0
  }
}
