{
  "rounds": 10000000000,
  "rules": {
    "game_type": "ahc",
    "soft17": "s17",
    "das": true,
    "bj_pays": 1.5,
    "double_down": "any_two",
    "surrender": "no_surrender",
    "play_ace_pairs": false,
    "max_splits": 4,
    "decks": 6,
    "penetration_cards": 296
  },
  "ev": 0.0665743254000032,
  "stddev": 2.5605753866345884,
  "winning_distrib": {
    "-12.0": 38,
    "-10.0": 18451,
    "-8.0": 2472277,
    "-6.0": 93504568,
    "-4.0": 1148417542,
    "-2.0": 2455744551,
    "+0.0": 2362391258,
    "+2.0": 2605471031,
    "+4.0": 1228196641,
    "+6.0": 101073108,
    "+8.0": 2689792,
    "+10.0": 20706,
    "+12.0": 37
  },
  "hands": {
    "total": 10000000000,
    "won": 4913523139,
    "lost": 4625604777,
    "push": 460872084,
    "busted": 0,
    "blackjack": 0,
    "doubled": 10000000000,
    "split": 0,
    "insured": 0,
    "surrender": 0
  }
}
