{
  "rounds": 100000000,
  "rules": {
    "game_type": "ahc",
    "soft17": "h17",
    "das": true,
    "double_down": "any_two",
    "surrender": "no_surrender",
    "play_ace_pairs": false,
    "max_splits": 4,
    "decks": 6,
    "penetration_cards": 46
  },
  "ev": -0.04743126999999993,
  "stddev": 1.938002162585155,
  "winning_distrib": {
    "-8.0": 82,
    "-7.0": 2367,
    "-6.0": 31026,
    "-5.0": 232663,
    "-4.0": 1412785,
    "-3.0": 7156529,
    "-2.0": 20813080,
    "-1.0": 12051679,
    "+0.0": 19248790,
    "+1.0": 13589425,
    "+2.0": 15254046,
    "+3.0": 7950266,
    "+4.0": 1885190,
    "+5.0": 306778,
    "+6.0": 58283,
    "+7.0": 6616,
    "+8.0": 395
  },
  "hands": {
    "total": 216630202,
    "won": 82912388,
    "lost": 95498624,
    "push": 38219190,
    "busted": 44116203,
    "blackjack": 0,
    "doubled": 36031890,
    "split": 216630202,
    "insured": 0,
    "surrender": 0
  }
}
