{
  "rounds": 100000000,
  "rules": {
    "game_type": "ahc",
    "soft17": "h17",
    "das": true,
    "double_down": "any_two",
    "surrender": "no_surrender",
    "play_ace_pairs": false,
    "max_splits": 4,
    "decks": 6,
    "penetration_cards": 46
  },
  "ev": -0.5542176500000133,
  "stddev": 1.8019863925402009,
  "winning_distrib": {
    "-2.0": 55446278,
    "-1.0": 7568173,
    "+0.0": 5466067,
    "+2.0": 31519482
  },
  "hands": {
    "total": 100000000,
    "won": 31519482,
    "lost": 63014451,
    "push": 5466067,
    "busted": 0,
    "blackjack": 0,
    "doubled": 92431827,
    "split": 0,
    "insured": 0,
    "surrender": 0
  }
}
