{
  "rounds": 100000000,
  "rules": {
    "game_type": "enhc",
    "soft17": "s17",
    "das": true,
    "double_down": "any_two",
    "surrender": "no_surrender",
    "play_ace_pairs": false,
    "max_splits": 4,
    "decks": 6,
    "penetration_cards": 46
  },
  "ev": -0.2116267799999961,
  "stddev": 0.9534045600251028,
  "winning_distrib": {
    "-1.0": 58269646,
    "+0.0": 4623386,
    "+1.0": 37106968
  },
  "hands": {
    "total": 100000000,
    "won": 37106968,
    "lost": 58269646,
    "push": 4623386,
    "busted": 30862849,
    "blackjack": 0,
    "doubled": 0,
    "split": 0,
    "insured": 0,
    "surrender": 0
  }
}
