{
  "rounds": 100000000,
  "rules": {
    "game_type": "ahc",
    "soft17": "s17",
    "das": true,
    "bj_pays": 1.5,
    "double_down": "any_two",
    "surrender": "early_surrender",
    "play_ace_pairs": false,
    "max_splits": 4,
    "decks": 6,
    "penetration_cards": 250
  },
  "ev": -0.3057383699999982,
  "stddev": 0.9047677421834819,
  "winning_distrib": {
    "-1.0": 60890949,
    "+0.0": 8791939,
    "+1.0": 30317112
  },
  "hands": {
    "total": 100000000,
    "won": 30317112,
    "lost": 60890949,
    "push": 8791939,
    "busted": 37680668,
    "blackjack": 0,
    "doubled": 0,
    "split": 0,
    "insured": 0,
    "surrender": 0
  }
}
