{
  "rounds": 100000000,
  "rules": {
    "game_type": "ahc",
    "soft17": "s17",
    "das": true,
    "bj_pays": 1.5,
    "double_down": "any_two",
    "surrender": "early_surrender",
    "play_ace_pairs": false,
    "max_splits": 4,
    "decks": 6,
    "penetration_cards": 250
  },
  "ev": -0.6217755100000034,
  "stddev": 0.764368465471222,
  "winning_distrib": {
    "-1.0": 79631972,
    "+0.0": 2913607,
    "+1.0": 17454421
  },
  "hands": {
    "total": 100000000,
    "won": 17454421,
    "lost": 79631972,
    "push": 2913607,
    "busted": 77082596,
    "blackjack": 0,
    "doubled": 0,
    "split": 0,
    "insured": 0,
    "surrender": 0
  }
}
