{
  "rounds": 100000000,
  "rules": {
    "game_type": "ahc",
    "soft17": "s17",
    "das": false,
    "double_down": "any_two",
    "surrender": "no_surrender",
    "play_ace_pairs": false,
    "max_splits": 4,
    "decks": 6,
    "penetration_cards": 46
  },
  "ev": -0.9205693999999968,
  "stddev": 1.431915919419668,
  "winning_distrib": {
    "-2.0": 47661340,
    "-1.0": 30868760,
    "+0.0": 4402650,
    "+2.0": 17067250
  },
  "hands": {
    "total": 100000000,
    "won": 17067250,
    "lost": 78530100,
    "push": 4402650,
    "busted": 26755251,
    "blackjack": 0,
    "doubled": 69131240,
    "split": 0,
    "insured": 0,
    "surrender": 0
  }
}
