{
  "rounds": 100000000,
  "rules": {
    "game_type": "ahc",
    "soft17": "s17",
    "das": true,
    "bj_pays": 1.5,
    "double_down": "any_two",
    "surrender": "early_surrender",
    "play_ace_pairs": false,
    "max_splits": 4,
    "decks": 6,
    "penetration_cards": 250
  },
  "ev": -0.38618326999999525,
  "stddev": 1.8186735949718615,
  "winning_distrib": {
    "-2.0": 50108032,
    "-1.0": 7347837,
    "+0.0": 8071344,
    "+2.0": 34472787
  },
  "hands": {
    "total": 100000000,
    "won": 34472787,
    "lost": 57455869,
    "push": 8071344,
    "busted": 0,
    "blackjack": 0,
    "doubled": 92652163,
    "split": 0,
    "insured": 0,
    "surrender": 0
  }
}
