{
  "rounds": 100000000,
  "rules": {
    "game_type": "ahc",
    "soft17": "h17",
    "das": false,
    "double_down": "any_two",
    "surrender": "no_surrender",
    "play_ace_pairs": false,
    "max_splits": 4,
    "decks": 6,
    "penetration_cards": 46
  },
  "ev": 0.011846640000000429,
  "stddev": 1.9428626958351813,
  "winning_distrib": {
    "-2.0": 46889531,
    "+0.0": 5628606,
    "+2.0": 47481863
  },
  "hands": {
    "total": 100000000,
    "won": 47481863,
    "lost": 46889531,
    "push": 5628606,
    "busted": 0,
    "blackjack": 0,
    "doubled": 100000000,
    "split": 0,
    "insured": 0,
    "surrender": 0
  }
}
