{
  "rounds": 100000000,
  "rules": {
    "game_type": "ahc",
    "soft17": "s17",
    "das": true,
    "bj_pays": 1.5,
    "double_down": "any_two",
    "surrender": "early_surrender",
    "play_ace_pairs": false,
    "max_splits": 4,
    "decks": 6,
    "penetration_cards": 250
  },
  "ev": -0.6015526799999927,
  "stddev": 1.8481207556164643,
  "winning_distrib": {
    "-2.0": 62256516,
    "+0.0": 5564602,
    "+2.0": 32178882
  },
  "hands": {
    "total": 100000000,
    "won": 32178882,
    "lost": 62256516,
    "push": 5564602,
    "busted": 32655014,
    "blackjack": 0,
    "doubled": 100000000,
    "split": 0,
    "insured": 0,
    "surrender": 0
  }
}
