{
  "rounds": 100000000,
  "rules": {
    "game_type": "ahc",
    "soft17": "s17",
    "das": true,
    "bj_pays": 1.5,
    "double_down": "any_two",
    "surrender": "early_surrender",
    "play_ace_pairs": false,
    "max_splits": 4,
    "decks": 6,
    "penetration_cards": 250
  },
  "ev": 0.13105601999999644,
  "stddev": 2.737068438044124,
  "winning_distrib": {
    "-8.0": 3252,
    "-7.0": 37632,
    "-6.0": 249502,
    "-5.0": 1019329,
    "-4.0": 4508958,
    "-3.0": 15465332,
    "-2.0": 21998113,
    "-1.0": 4061803,
    "+0.0": 3355521,
    "+1.0": 5805051,
    "+2.0": 16262582,
    "+3.0": 17824534,
    "+4.0": 7127431,
    "+5.0": 1642920,
    "+6.0": 527447,
    "+7.0": 99011,
    "+8.0": 11582
  },
  "hands": {
    "total": 217803713,
    "won": 104373394,
    "lost": 107248157,
    "push": 6182162,
    "busted": 0,
    "blackjack": 0,
    "doubled": 72784150,
    "split": 217803713,
    "insured": 0,
    "surrender": 0
  }
}
