{
  "rounds": 100000000,
  "rules": {
    "game_type": "ahc",
    "soft17": "s17",
    "das": false,
    "double_down": "any_two",
    "surrender": "no_surrender",
    "play_ace_pairs": false,
    "max_splits": 4,
    "decks": 6,
    "penetration_cards": 46
  },
  "ev": -0.46968526999999327,
  "stddev": 0.8457849160977944,
  "winning_distrib": {
    "-1.0": 70282082,
    "+0.0": 6404363,
    "+1.0": 23313555
  },
  "hands": {
    "total": 100000000,
    "won": 23313555,
    "lost": 70282082,
    "push": 6404363,
    "busted": 58434534,
    "blackjack": 0,
    "doubled": 0,
    "split": 0,
    "insured": 0,
    "surrender": 0
  }
}
