{
  "rounds": 100000000,
  "rules": {
    "game_type": "ahc",
    "soft17": "s17",
    "das": true,
    "bj_pays": 1.5,
    "double_down": "any_two",
    "surrender": "early_surrender",
    "play_ace_pairs": false,
    "max_splits": 4,
    "decks": 6,
    "penetration_cards": 250
  },
  "ev": -0.2579408600000014,
  "stddev": 0.9074837083814422,
  "winning_distrib": {
    "-1.0": 57400051,
    "+0.0": 10993984,
    "+1.0": 31605965
  },
  "hands": {
    "total": 100000000,
    "won": 31605965,
    "lost": 57400051,
    "push": 10993984,
    "busted": 0,
    "blackjack": 0,
    "doubled": 0,
    "split": 0,
    "insured": 0,
    "surrender": 0
  }
}
