{
  "rounds": 100000000,
  "rules": {
    "game_type": "ahc",
    "soft17": "s17",
    "das": true,
    "bj_pays": 1.5,
    "double_down": "any_two",
    "surrender": "early_surrender",
    "play_ace_pairs": false,
    "max_splits": 4,
    "decks": 6,
    "penetration_cards": 250
  },
  "ev": -0.432661359999996,
  "stddev": 1.8905593096502016,
  "winning_distrib": {
    "-2.0": 57834163,
    "+0.0": 5964742,
    "+2.0": 36201095
  },
  "hands": {
    "total": 100000000,
    "won": 36201095,
    "lost": 57834163,
    "push": 5964742,
    "busted": 28060784,
    "blackjack": 0,
    "doubled": 100000000,
    "split": 0,
    "insured": 0,
    "surrender": 0
  }
}
