{
  "rounds": 100000000,
  "rules": {
    "game_type": "ahc",
    "soft17": "s17",
    "das": true,
    "bj_pays": 1.5,
    "double_down": "any_two",
    "surrender": "early_surrender",
    "play_ace_pairs": false,
    "max_splits": 4,
    "decks": 6,
    "penetration_cards": 250
  },
  "ev": -0.31487573999999136,
  "stddev": 1.933808694197938,
  "winning_distrib": {
    "-2.0": 55856428,
    "+0.0": 4030931,
    "+2.0": 40112641
  },
  "hands": {
    "total": 100000000,
    "won": 40112641,
    "lost": 55856428,
    "push": 4030931,
    "busted": 34049470,
    "blackjack": 0,
    "doubled": 100000000,
    "split": 0,
    "insured": 0,
    "surrender": 0
  }
}
