{
  "rounds": 100000000,
  "rules": {
    "game_type": "ahc",
    "soft17": "s17",
    "das": true,
    "bj_pays": 1.5,
    "double_down": "any_two",
    "surrender": "early_surrender",
    "play_ace_pairs": false,
    "max_splits": 4,
    "decks": 6,
    "penetration_cards": 250
  },
  "ev": 0.15951311999999718,
  "stddev": 2.727639987048868,
  "winning_distrib": {
    "-8.0": 3899,
    "-7.0": 43405,
    "-6.0": 271714,
    "-5.0": 1052749,
    "-4.0": 4643686,
    "-3.0": 15159821,
    "-2.0": 19820847,
    "-1.0": 5354982,
    "+0.0": 4792350,
    "+1.0": 5481358,
    "+2.0": 16082815,
    "+3.0": 17780971,
    "+4.0": 7125414,
    "+5.0": 1708288,
    "+6.0": 558073,
    "+7.0": 107208,
    "+8.0": 12420
  },
  "hands": {
    "total": 218601871,
    "won": 106226164,
    "lost": 104144051,
    "push": 8231656,
    "busted": 0,
    "blackjack": 0,
    "doubled": 73867861,
    "split": 218601871,
    "insured": 0,
    "surrender": 0
  }
}
