{
  "rounds": 100000000,
  "rules": {
    "game_type": "ahc",
    "soft17": "s17",
    "das": true,
    "bj_pays": 1.5,
    "double_down": "any_two",
    "surrender": "early_surrender",
    "play_ace_pairs": false,
    "max_splits": 4,
    "decks": 6,
    "penetration_cards": 250
  },
  "ev": -1.1212771800000054,
  "stddev": 1.6057723722235002,
  "winning_distrib": {
    "-2.0": 75979022,
    "+0.0": 4105815,
    "+2.0": 19915163
  },
  "hands": {
    "total": 100000000,
    "won": 19915163,
    "lost": 75979022,
    "push": 4105815,
    "busted": 66958684,
    "blackjack": 0,
    "doubled": 100000000,
    "split": 0,
    "insured": 0,
    "surrender": 0
  }
}
