{
  "rounds": 100000000,
  "rules": {
    "game_type": "ahc",
    "soft17": "s17",
    "das": true,
    "bj_pays": 1.5,
    "double_down": "any_two",
    "surrender": "early_surrender",
    "play_ace_pairs": false,
    "max_splits": 4,
    "decks": 6,
    "penetration_cards": 250
  },
  "ev": 0.08235403000000173,
  "stddev": 0.9548337200056419,
  "winning_distrib": {
    "-1.0": 41806779,
    "+0.0": 8151039,
    "+1.0": 50042182
  },
  "hands": {
    "total": 100000000,
    "won": 50042182,
    "lost": 41806779,
    "push": 8151039,
    "busted": 2531848,
    "blackjack": 0,
    "doubled": 0,
    "split": 0,
    "insured": 0,
    "surrender": 0
  }
}
