{
  "rounds": 100000000,
  "rules": {
    "game_type": "enhc",
    "soft17": "s17",
    "das": true,
    "double_down": "any_two",
    "surrender": "no_surrender",
    "play_ace_pairs": false,
    "max_splits": 4,
    "decks": 6,
    "penetration_cards": 46
  },
  "ev": 0.1208691800000014,
  "stddev": 1.913557754012971,
  "winning_distrib": {
    "-2.0": 42932178,
    "+0.0": 8092185,
    "+2.0": 48975637
  },
  "hands": {
    "total": 100000000,
    "won": 48975637,
    "lost": 42932178,
    "push": 8092185,
    "busted": 0,
    "blackjack": 0,
    "doubled": 100000000,
    "split": 0,
    "insured": 0,
    "surrender": 0
  }
}
