{
  "rounds": 100000000,
  "rules": {
    "game_type": "ahc",
    "soft17": "h17",
    "das": false,
    "double_down": "any_two",
    "surrender": "no_surrender",
    "play_ace_pairs": false,
    "max_splits": 4,
    "decks": 6,
    "penetration_cards": 46
  },
  "ev": -0.40162083000000187,
  "stddev": 0.8743907173316293,
  "winning_distrib": {
    "-1.0": 66373962,
    "+0.0": 7414159,
    "+1.0": 26211879
  },
  "hands": {
    "total": 100000000,
    "won": 26211879,
    "lost": 66373962,
    "push": 7414159,
    "busted": 23509831,
    "blackjack": 0,
    "doubled": 0,
    "split": 0,
    "insured": 0,
    "surrender": 0
  }
}
