{
  "rounds": 100000000,
  "rules": {
    "game_type": "enhc",
    "soft17": "s17",
    "das": true,
    "double_down": "any_two",
    "surrender": "no_surrender",
    "play_ace_pairs": false,
    "max_splits": 4,
    "decks": 6,
    "penetration_cards": 46
  },
  "ev": -0.8547673099999872,
  "stddev": 0.510140234011973,
  "winning_distrib": {
    "-1.0": 92281876,
    "+0.0": 912979,
    "+1.0": 6805145
  },
  "hands": {
    "total": 100000000,
    "won": 6805145,
    "lost": 92281876,
    "push": 912979,
    "busted": 92281876,
    "blackjack": 0,
    "doubled": 0,
    "split": 0,
    "insured": 0,
    "surrender": 0
  }
}
