{
  "rounds": 100000000,
  "rules": {
    "game_type": "ahc",
    "soft17": "s17",
    "das": true,
    "bj_pays": 1.5,
    "double_down": "any_two",
    "surrender": "early_surrender",
    "play_ace_pairs": false,
    "max_splits": 4,
    "decks": 6,
    "penetration_cards": 250
  },
  "ev": -0.5747872899999991,
  "stddev": 1.7621995665383658,
  "winning_distrib": {
    "-2.0": 54254092,
    "-1.0": 8165831,
    "+0.0": 7982434,
    "+2.0": 29597643
  },
  "hands": {
    "total": 100000000,
    "won": 29597643,
    "lost": 62419923,
    "push": 7982434,
    "busted": 0,
    "blackjack": 0,
    "doubled": 91834169,
    "split": 0,
    "insured": 0,
    "surrender": 0
  }
}
