{
  "rounds": 100000000,
  "rules": {
    "game_type": "ahc",
    "soft17": "s17",
    "das": false,
    "double_down": "any_two",
    "surrender": "no_surrender",
    "play_ace_pairs": false,
    "max_splits": 4,
    "decks": 6,
    "penetration_cards": 46
  },
  "ev": -0.4549682999999973,
  "stddev": 0.8638450864925866,
  "winning_distrib": {
    "-1.0": 70409639,
    "+0.0": 4677552,
    "+1.0": 24912809
  },
  "hands": {
    "total": 100000000,
    "won": 24912809,
    "lost": 70409639,
    "push": 4677552,
    "busted": 61404694,
    "blackjack": 0,
    "doubled": 0,
    "split": 0,
    "insured": 0,
    "surrender": 0
  }
}
