{
  "rounds": 100000000,
  "rules": {
    "game_type": "ahc",
    "soft17": "s17",
    "das": true,
    "bj_pays": 1.5,
    "double_down": "any_two",
    "surrender": "early_surrender",
    "play_ace_pairs": false,
    "max_splits": 4,
    "decks": 6,
    "penetration_cards": 250
  },
  "ev": -0.7253523099999892,
  "stddev": 0.6791059276648289,
  "winning_distrib": {
    "-1.0": 85633657,
    "+0.0": 1267917,
    "+1.0": 13098426
  },
  "hands": {
    "total": 100000000,
    "won": 13098426,
    "lost": 85633657,
    "push": 1267917,
    "busted": 85204399,
    "blackjack": 0,
    "doubled": 0,
    "split": 0,
    "insured": 0,
    "surrender": 0
  }
}
