{
  "rounds": 100000000,
  "rules": {
    "game_type": "ahc",
    "soft17": "s17",
    "das": true,
    "bj_pays": 1.5,
    "double_down": "any_two",
    "surrender": "early_surrender",
    "play_ace_pairs": false,
    "max_splits": 4,
    "decks": 6,
    "penetration_cards": 250
  },
  "ev": 0.6319568199999973,
  "stddev": 0.7254160481528962,
  "winning_distrib": {
    "-1.0": 14682052,
    "+0.0": 7440214,
    "+1.0": 77877734
  },
  "hands": {
    "total": 100000000,
    "won": 77877734,
    "lost": 14682052,
    "push": 7440214,
    "busted": 0,
    "blackjack": 0,
    "doubled": 0,
    "split": 0,
    "insured": 0,
    "surrender": 0
  }
}
