{
  "rounds": 100000000,
  "rules": {
    "game_type": "ahc",
    "soft17": "s17",
    "das": true,
    "bj_pays": 1.5,
    "double_down": "any_two",
    "surrender": "early_surrender",
    "play_ace_pairs": false,
    "max_splits": 4,
    "decks": 6,
    "penetration_cards": 250
  },
  "ev": -0.17018332000000502,
  "stddev": 2.2591945309409347,
  "winning_distrib": {
    "-8.0": 29,
    "-7.0": 1046,
    "-6.0": 20496,
    "-5.0": 218664,
    "-4.0": 1559865,
    "-3.0": 9463664,
    "-2.0": 36679576,
    "-1.0": 4908848,
    "+0.0": 4444889,
    "+1.0": 4345275,
    "+2.0": 25407215,
    "+3.0": 10341817,
    "+4.0": 2184425,
    "+5.0": 368332,
    "+6.0": 51698,
    "+7.0": 4022,
    "+8.0": 139
  },
  "hands": {
    "total": 213481008,
    "won": 91236532,
    "lost": 116062061,
    "push": 6182415,
    "busted": 1162069,
    "blackjack": 0,
    "doubled": 27625380,
    "split": 213481008,
    "insured": 0,
    "surrender": 0
  }
}
