{
  "rounds": 100000000,
  "rules": {
    "game_type": "ahc",
    "soft17": "s17",
    "das": false,
    "double_down": "any_two",
    "surrender": "no_surrender",
    "play_ace_pairs": false,
    "max_splits": 4,
    "decks": 6,
    "penetration_cards": 46
  },
  "ev": -0.2540040199999994,
  "stddev": 1.7761211358941247,
  "winning_distrib": {
    "-2.0": 44367987,
    "-1.0": 6230993,
    "+0.0": 14155917,
    "+1.0": 923641,
    "+2.0": 34321462
  },
  "hands": {
    "total": 200000000,
    "won": 83497544,
    "lost": 108897946,
    "push": 7604510,
    "busted": 7179659,
    "blackjack": 0,
    "doubled": 0,
    "split": 200000000,
    "insured": 0,
    "surrender": 0
  }
}
