{
  "rounds": 100000000,
  "rules": {
    "game_type": "ahc",
    "soft17": "s17",
    "das": true,
    "double_down": "any_two",
    "surrender": "no_surrender",
    "play_ace_pairs": false,
    "max_splits": 4,
    "decks": 6,
    "penetration_cards": 46
  },
  "ev": -0.8510079299999942,
  "stddev": 0.5200047651523644,
  "winning_distrib": {
    "-1.0": 92281369,
    "+0.0": 538055,
    "+1.0": 7180576
  },
  "hands": {
    "total": 100000000,
    "won": 7180576,
    "lost": 92281369,
    "push": 538055,
    "busted": 92281369,
    "blackjack": 0,
    "doubled": 0,
    "split": 0,
    "insured": 0,
    "surrender": 0
  }
}
