{
  "rounds": 100000000,
  "rules": {
    "game_type": "ahc",
    "soft17": "s17",
    "das": true,
    "bj_pays": 1.5,
    "double_down": "any_two",
    "surrender": "early_surrender",
    "play_ace_pairs": false,
    "max_splits": 4,
    "decks": 6,
    "penetration_cards": 250
  },
  "ev": -0.7068015500000036,
  "stddev": 0.6820074072683845,
  "winning_distrib": {
    "-1.0": 83575204,
    "+0.0": 3529747,
    "+1.0": 12895049
  },
  "hands": {
    "total": 100000000,
    "won": 12895049,
    "lost": 83575204,
    "push": 3529747,
    "busted": 71784869,
    "blackjack": 0,
    "doubled": 0,
    "split": 0,
    "insured": 0,
    "surrender": 0
  }
}
