{
  "rounds": 100000000,
  "rules": {
    "game_type": "ahc",
    "soft17": "s17",
    "das": true,
    "bj_pays": 1.5,
    "double_down": "any_two",
    "surrender": "early_surrender",
    "play_ace_pairs": false,
    "max_splits": 4,
    "decks": 6,
    "penetration_cards": 250
  },
  "ev": -0.016117119999999954,
  "stddev": 0.9495095615414252,
  "winning_distrib": {
    "-1.0": 45897264,
    "+0.0": 9817184,
    "+1.0": 44285552
  },
  "hands": {
    "total": 100000000,
    "won": 44285552,
    "lost": 45897264,
    "push": 9817184,
    "busted": 34425979,
    "blackjack": 0,
    "doubled": 0,
    "split": 0,
    "insured": 0,
    "surrender": 0
  }
}
