{
  "rounds": 100000000,
  "rules": {
    "game_type": "ahc",
    "soft17": "s17",
    "das": true,
    "double_down": "any_two",
    "surrender": "no_surrender",
    "play_ace_pairs": false,
    "max_splits": 4,
    "decks": 6,
    "penetration_cards": 46
  },
  "ev": -0.20533981000000429,
  "stddev": 0.927014919525415,
  "winning_distrib": {
    "-1.0": 55343045,
    "+0.0": 9847891,
    "+1.0": 34809064
  },
  "hands": {
    "total": 100000000,
    "won": 34809064,
    "lost": 55343045,
    "push": 9847891,
    "busted": 31434537,
    "blackjack": 0,
    "doubled": 0,
    "split": 0,
    "insured": 0,
    "surrender": 0
  }
}
