{
  "rounds": 100000000,
  "rules": {
    "game_type": "ahc",
    "soft17": "h17",
    "das": false,
    "double_down": "any_two",
    "surrender": "no_surrender",
    "play_ace_pairs": false,
    "max_splits": 4,
    "decks": 6,
    "penetration_cards": 46
  },
  "ev": -0.08855409999999977,
  "stddev": 1.8456976636055906,
  "winning_distrib": {
    "-2.0": 42950807,
    "-1.0": 5419595,
    "+0.0": 10041571,
    "+1.0": 710255,
    "+2.0": 40877772
  },
  "hands": {
    "total": 200000000,
    "won": 92332382,
    "lost": 101187792,
    "push": 6479826,
    "busted": 0,
    "blackjack": 0,
    "doubled": 0,
    "split": 200000000,
    "insured": 0,
    "surrender": 0
  }
}
