{
  "rounds": 100000000,
  "rules": {
    "game_type": "ahc",
    "soft17": "s17",
    "das": true,
    "bj_pays": 1.5,
    "double_down": "any_two",
    "surrender": "early_surrender",
    "play_ace_pairs": false,
    "max_splits": 4,
    "decks": 6,
    "penetration_cards": 250
  },
  "ev": -0.4124291800000076,
  "stddev": 0.838602312492075,
  "winning_distrib": {
    "-1.0": 64289042,
    "+0.0": 12664834,
    "+1.0": 23046124
  },
  "hands": {
    "total": 100000000,
    "won": 23046124,
    "lost": 64289042,
    "push": 12664834,
    "busted": 0,
    "blackjack": 0,
    "doubled": 0,
    "split": 0,
    "insured": 0,
    "surrender": 0
  }
}
