{
  "rounds": 100000000,
  "rules": {
    "game_type": "enhc",
    "soft17": "s17",
    "das": false,
    "double_down": "any_two",
    "surrender": "no_surrender",
    "play_ace_pairs": false,
    "max_splits": 4,
    "decks": 6,
    "penetration_cards": 46
  },
  "ev": 0.049240319999999574,
  "stddev": 0.9707169619972568,
  "winning_distrib": {
    "-1.0": 44773785,
    "+0.0": 5528398,
    "+1.0": 49697817
  },
  "hands": {
    "total": 100000000,
    "won": 49697817,
    "lost": 44773785,
    "push": 5528398,
    "busted": 2982877,
    "blackjack": 0,
    "doubled": 0,
    "split": 0,
    "insured": 0,
    "surrender": 0
  }
}
