{
  "rounds": 100000000,
  "rules": {
    "game_type": "ahc",
    "soft17": "h17",
    "das": false,
    "double_down": "any_two",
    "surrender": "no_surrender",
    "play_ace_pairs": false,
    "max_splits": 4,
    "decks": 6,
    "penetration_cards": 46
  },
  "ev": -1.7019830599999708,
  "stddev": 1.0401036651657432,
  "winning_distrib": {
    "-2.0": 92281601,
    "+0.0": 535951,
    "+2.0": 7182448
  },
  "hands": {
    "total": 100000000,
    "won": 7182448,
    "lost": 92281601,
    "push": 535951,
    "busted": 92281601,
    "blackjack": 0,
    "doubled": 100000000,
    "split": 0,
    "insured": 0,
    "surrender": 0
  }
}
