{
  "rounds": 100000000,
  "rules": {
    "game_type": "ahc",
    "soft17": "s17",
    "das": true,
    "bj_pays": 1.5,
    "double_down": "any_two",
    "surrender": "early_surrender",
    "play_ace_pairs": false,
    "max_splits": 4,
    "decks": 6,
    "penetration_cards": 250
  },
  "ev": -1.6072070400000236,
  "stddev": 1.073337832229438,
  "winning_distrib": {
    "-2.0": 83679082,
    "-1.0": 8508536,
    "+0.0": 239384,
    "+2.0": 7572998
  },
  "hands": {
    "total": 100000000,
    "won": 7572998,
    "lost": 92187618,
    "push": 239384,
    "busted": 83679082,
    "blackjack": 0,
    "doubled": 91491464,
    "split": 0,
    "insured": 0,
    "surrender": 0
  }
}
