{
  "rounds": 100000000,
  "rules": {
    "game_type": "ahc",
    "soft17": "s17",
    "das": true,
    "bj_pays": 1.5,
    "double_down": "any_two",
    "surrender": "early_surrender",
    "play_ace_pairs": false,
    "max_splits": 4,
    "decks": 6,
    "penetration_cards": 250
  },
  "ev": -0.6613965699999862,
  "stddev": 0.7204422616578171,
  "winning_distrib": {
    "-1.0": 80893952,
    "+0.0": 4351753,
    "+1.0": 14754295
  },
  "hands": {
    "total": 100000000,
    "won": 14754295,
    "lost": 80893952,
    "push": 4351753,
    "busted": 79123497,
    "blackjack": 0,
    "doubled": 0,
    "split": 0,
    "insured": 0,
    "surrender": 0
  }
}
