{
  "rounds": 100000000,
  "rules": {
    "game_type": "ahc",
    "soft17": "s17",
    "das": true,
    "bj_pays": 1.5,
    "double_down": "any_two",
    "surrender": "early_surrender",
    "play_ace_pairs": false,
    "max_splits": 4,
    "decks": 6,
    "penetration_cards": 250
  },
  "ev": -0.18787495000000298,
  "stddev": 0.9550834739876664,
  "winning_distrib": {
    "-1.0": 56767819,
    "+0.0": 5251857,
    "+1.0": 37980324
  },
  "hands": {
    "total": 100000000,
    "won": 37980324,
    "lost": 56767819,
    "push": 5251857,
    "busted": 27085010,
    "blackjack": 0,
    "doubled": 0,
    "split": 0,
    "insured": 0,
    "surrender": 0
  }
}
