{
  "rounds": 100000000,
  "rules": {
    "game_type": "enhc",
    "soft17": "h17",
    "das": true,
    "double_down": "any_two",
    "surrender": "no_surrender",
    "play_ace_pairs": false,
    "max_splits": 4,
    "decks": 6,
    "penetration_cards": 46
  },
  "ev": 0.04052539999999869,
  "stddev": 0.9640067537356259,
  "winning_distrib": {
    "-1.0": 44521296,
    "+0.0": 6904868,
    "+1.0": 48573836
  },
  "hands": {
    "total": 100000000,
    "won": 48573836,
    "lost": 44521296,
    "push": 6904868,
    "busted": 0,
    "blackjack": 0,
    "doubled": 0,
    "split": 0,
    "insured": 0,
    "surrender": 0
  }
}
