{
  "rounds": 100000000,
  "rules": {
    "game_type": "ahc",
    "soft17": "s17",
    "das": true,
    "bj_pays": 1.5,
    "double_down": "any_two",
    "surrender": "early_surrender",
    "play_ace_pairs": false,
    "max_splits": 4,
    "decks": 6,
    "penetration_cards": 250
  },
  "ev": -0.007874670000000153,
  "stddev": 0.9400997651368094,
  "winning_distrib": {
    "-1.0": 44586212,
    "+0.0": 11615043,
    "+1.0": 43798745
  },
  "hands": {
    "total": 100000000,
    "won": 43798745,
    "lost": 44586212,
    "push": 11615043,
    "busted": 0,
    "blackjack": 0,
    "doubled": 0,
    "split": 0,
    "insured": 0,
    "surrender": 0
  }
}
