{
  "rounds": 100000000,
  "rules": {
    "game_type": "ahc",
    "soft17": "s17",
    "das": true,
    "bj_pays": 1.5,
    "double_down": "any_two",
    "surrender": "early_surrender",
    "play_ace_pairs": false,
    "max_splits": 4,
    "decks": 6,
    "penetration_cards": 250
  },
  "ev": -0.20926760000000155,
  "stddev": 0.9225775198332915,
  "winning_distrib": {
    "-1.0": 55210490,
    "+0.0": 10505780,
    "+1.0": 34283730
  },
  "hands": {
    "total": 100000000,
    "won": 34283730,
    "lost": 55210490,
    "push": 10505780,
    "busted": 19588416,
    "blackjack": 0,
    "doubled": 0,
    "split": 0,
    "insured": 0,
    "surrender": 0
  }
}
