{
  "rounds": 100000000,
  "rules": {
    "game_type": "ahc",
    "soft17": "s17",
    "das": true,
    "bj_pays": 1.5,
    "double_down": "any_two",
    "surrender": "early_surrender",
    "play_ace_pairs": false,
    "max_splits": 4,
    "decks": 6,
    "penetration_cards": 250
  },
  "ev": -0.42630249000000275,
  "stddev": 0.8712290196097697,
  "winning_distrib": {
    "-1.0": 68353815,
    "+0.0": 5922619,
    "+1.0": 25723566
  },
  "hands": {
    "total": 100000000,
    "won": 25723566,
    "lost": 68353815,
    "push": 5922619,
    "busted": 60423750,
    "blackjack": 0,
    "doubled": 0,
    "split": 0,
    "insured": 0,
    "surrender": 0
  }
}
