{
  "rounds": 100000000,
  "rules": {
    "game_type": "ahc",
    "soft17": "s17",
    "das": true,
    "bj_pays": 1.5,
    "double_down": "any_two",
    "surrender": "early_surrender",
    "play_ace_pairs": false,
    "max_splits": 4,
    "decks": 6,
    "penetration_cards": 250
  },
  "ev": -0.5568797700000094,
  "stddev": 0.7940949553237401,
  "winning_distrib": {
    "-1.0": 74879082,
    "+0.0": 5929813,
    "+1.0": 19191105
  },
  "hands": {
    "total": 100000000,
    "won": 19191105,
    "lost": 74879082,
    "push": 5929813,
    "busted": 31508799,
    "blackjack": 0,
    "doubled": 0,
    "split": 0,
    "insured": 0,
    "surrender": 0
  }
}
