{
  "rounds": 100000000,
  "rules": {
    "game_type": "enhc",
    "soft17": "s17",
    "das": false,
    "double_down": "any_two",
    "surrender": "no_surrender",
    "play_ace_pairs": false,
    "max_splits": 4,
    "decks": 6,
    "penetration_cards": 46
  },
  "ev": 0.4224611400000041,
  "stddev": 0.8366605597193606,
  "winning_distrib": {
    "-1.0": 22800658,
    "+0.0": 12152570,
    "+1.0": 65046772
  },
  "hands": {
    "total": 100000000,
    "won": 65046772,
    "lost": 22800658,
    "push": 12152570,
    "busted": 0,
    "blackjack": 0,
    "doubled": 0,
    "split": 0,
    "insured": 0,
    "surrender": 0
  }
}
