{
  "rounds": 100000000,
  "rules": {
    "game_type": "ahc",
    "soft17": "s17",
    "das": true,
    "bj_pays": 1.5,
    "double_down": "any_two",
    "surrender": "early_surrender",
    "play_ace_pairs": false,
    "max_splits": 4,
    "decks": 6,
    "penetration_cards": 250
  },
  "ev": 0.40051947000000065,
  "stddev": 0.8489605240282273,
  "winning_distrib": {
    "-1.0": 24031517,
    "+0.0": 11885019,
    "+1.0": 64083464
  },
  "hands": {
    "total": 100000000,
    "won": 64083464,
    "lost": 24031517,
    "push": 11885019,
    "busted": 0,
    "blackjack": 0,
    "doubled": 0,
    "split": 0,
    "insured": 0,
    "surrender": 0
  }
}
