{
  "rounds": 100000000,
  "rules": {
    "game_type": "ahc",
    "soft17": "s17",
    "das": true,
    "bj_pays": 1.5,
    "double_down": "any_two",
    "surrender": "early_surrender",
    "play_ace_pairs": false,
    "max_splits": 4,
    "decks": 6,
    "penetration_cards": 250
  },
  "ev": 0.236615260000001,
  "stddev": 1.9081111956969887,
  "winning_distrib": {
    "-2.0": 40295557,
    "+0.0": 7578123,
    "+2.0": 52126320
  },
  "hands": {
    "total": 100000000,
    "won": 52126320,
    "lost": 40295557,
    "push": 7578123,
    "busted": 0,
    "blackjack": 0,
    "doubled": 100000000,
    "split": 0,
    "insured": 0,
    "surrender": 0
  }
}
