{
  "rounds": 100000000,
  "rules": {
    "game_type": "ahc",
    "soft17": "s17",
    "das": true,
    "bj_pays": 1.5,
    "double_down": "any_two",
    "surrender": "early_surrender",
    "play_ace_pairs": false,
    "max_splits": 4,
    "decks": 6,
    "penetration_cards": 250
  },
  "ev": -0.24675243999999666,
  "stddev": 0.9059483327218462,
  "winning_distrib": {
    "-1.0": 56419079,
    "+0.0": 11837086,
    "+1.0": 31743835
  },
  "hands": {
    "total": 100000000,
    "won": 31743835,
    "lost": 56419079,
    "push": 11837086,
    "busted": 24365529,
    "blackjack": 0,
    "doubled": 0,
    "split": 0,
    "insured": 0,
    "surrender": 0
  }
}
