{
  "rounds": 100000000,
  "rules": {
    "game_type": "ahc",
    "soft17": "s17",
    "das": true,
    "bj_pays": 1.5,
    "double_down": "any_two",
    "surrender": "early_surrender",
    "play_ace_pairs": false,
    "max_splits": 4,
    "decks": 6,
    "penetration_cards": 250
  },
  "ev": -0.8554250599999875,
  "stddev": 1.739813655824522,
  "winning_distrib": {
    "-2.0": 68369421,
    "+0.0": 6032411,
    "+2.0": 25598168
  },
  "hands": {
    "total": 100000000,
    "won": 25598168,
    "lost": 68369421,
    "push": 6032411,
    "busted": 45599194,
    "blackjack": 0,
    "doubled": 100000000,
    "split": 0,
    "insured": 0,
    "surrender": 0
  }
}
