{
  "rounds": 100000000,
  "rules": {
    "game_type": "ahc",
    "soft17": "h17",
    "das": true,
    "double_down": "any_two",
    "surrender": "no_surrender",
    "play_ace_pairs": false,
    "max_splits": 4,
    "decks": 6,
    "penetration_cards": 46
  },
  "ev": -0.73139712,
  "stddev": 0.668074035806614,
  "winning_distrib": {
    "-1.0": 85633089,
    "+0.0": 1873534,
    "+1.0": 12493377
  },
  "hands": {
    "total": 100000000,
    "won": 12493377,
    "lost": 85633089,
    "push": 1873534,
    "busted": 84714730,
    "blackjack": 0,
    "doubled": 0,
    "split": 0,
    "insured": 0,
    "surrender": 0
  }
}
