{
  "rounds": 100000000,
  "rules": {
    "game_type": "enhc",
    "soft17": "s17",
    "das": true,
    "double_down": "any_two",
    "surrender": "no_surrender",
    "play_ace_pairs": false,
    "max_splits": 4,
    "decks": 6,
    "penetration_cards": 46
  },
  "ev": 0.09631638999999528,
  "stddev": 2.733525177813224,
  "winning_distrib": {
    "-8.0": 3086,
    "-7.0": 35723,
    "-6.0": 237365,
    "-5.0": 985136,
    "-4.0": 4588780,
    "-3.0": 15977623,
    "-2.0": 22110345,
    "-1.0": 4023259,
    "+0.0": 3275475,
    "+1.0": 5487620,
    "+2.0": 16406108,
    "+3.0": 17800357,
    "+4.0": 6948849,
    "+5.0": 1539051,
    "+6.0": 482132,
    "+7.0": 88882,
    "+8.0": 10209
  },
  "hands": {
    "total": 216724615,
    "won": 103116088,
    "lost": 107481556,
    "push": 6126971,
    "busted": 0,
    "blackjack": 0,
    "doubled": 72105340,
    "split": 216724615,
    "insured": 0,
    "surrender": 0
  }
}
