{
  "rounds": 100000000,
  "rules": {
    "game_type": "ahc",
    "soft17": "s17",
    "das": false,
    "double_down": "any_two",
    "surrender": "no_surrender",
    "play_ace_pairs": false,
    "max_splits": 4,
    "decks": 6,
    "penetration_cards": 46
  },
  "ev": 0.011805999999999893,
  "stddev": 1.9429252420290173,
  "winning_distrib": {
    "-2.0": 46893573,
    "+0.0": 5622554,
    "+2.0": 47483873
  },
  "hands": {
    "total": 100000000,
    "won": 47483873,
    "lost": 46893573,
    "push": 5622554,
    "busted": 0,
    "blackjack": 0,
    "doubled": 100000000,
    "split": 0,
    "insured": 0,
    "surrender": 0
  }
}
