{
  "rounds": 100000000,
  "rules": {
    "game_type": "enhc",
    "soft17": "s17",
    "das": false,
    "double_down": "any_two",
    "surrender": "no_surrender",
    "play_ace_pairs": false,
    "max_splits": 4,
    "decks": 6,
    "penetration_cards": 46
  },
  "ev": 0.14898360000000294,
  "stddev": 0.9203599814212058,
  "winning_distrib": {
    "-1.0": 36013750,
    "+0.0": 13074140,
    "+1.0": 50912110
  },
  "hands": {
    "total": 100000000,
    "won": 50912110,
    "lost": 36013750,
    "push": 13074140,
    "busted": 0,
    "blackjack": 0,
    "doubled": 0,
    "split": 0,
    "insured": 0,
    "surrender": 0
  }
}
