{
  "rounds": 100000000,
  "rules": {
    "game_type": "ahc",
    "soft17": "s17",
    "das": true,
    "bj_pays": 1.5,
    "double_down": "any_two",
    "surrender": "early_surrender",
    "play_ace_pairs": false,
    "max_splits": 4,
    "decks": 6,
    "penetration_cards": 250
  },
  "ev": 0.038193299999999854,
  "stddev": 2.342000940795039,
  "winning_distrib": {
    "-8.0": 881,
    "-7.0": 13544,
    "-6.0": 109937,
    "-5.0": 543717,
    "-4.0": 2814372,
    "-3.0": 11575207,
    "-2.0": 20597042,
    "-1.0": 8257792,
    "+0.0": 13282346,
    "+1.0": 8419635,
    "+2.0": 15548266,
    "+3.0": 13505453,
    "+4.0": 4251728,
    "+5.0": 826292,
    "+6.0": 216220,
    "+7.0": 34384,
    "+8.0": 3184
  },
  "hands": {
    "total": 216209268,
    "won": 98160531,
    "lost": 105688775,
    "push": 12359962,
    "busted": 26375176,
    "blackjack": 0,
    "doubled": 55801830,
    "split": 216209268,
    "insured": 0,
    "surrender": 0
  }
}
