{
  "rounds": 100000000,
  "rules": {
    "game_type": "enhc",
    "soft17": "s17",
    "das": true,
    "double_down": "any_two",
    "surrender": "no_surrender",
    "play_ace_pairs": false,
    "max_splits": 4,
    "decks": 6,
    "penetration_cards": 46
  },
  "ev": -0.5205380299999971,
  "stddev": 0.8152318173193146,
  "winning_distrib": {
    "-1.0": 72805039,
    "+0.0": 6443725,
    "+1.0": 20751236
  },
  "hands": {
    "total": 100000000,
    "won": 20751236,
    "lost": 72805039,
    "push": 6443725,
    "busted": 44225253,
    "blackjack": 0,
    "doubled": 0,
    "split": 0,
    "insured": 0,
    "surrender": 0
  }
}
