{
  "rounds": 100000000,
  "rules": {
    "game_type": "ahc",
    "soft17": "s17",
    "das": true,
    "bj_pays": 1.5,
    "double_down": "any_two",
    "surrender": "early_surrender",
    "play_ace_pairs": false,
    "max_splits": 4,
    "decks": 6,
    "penetration_cards": 250
  },
  "ev": -0.07428624000000103,
  "stddev": 0.9577183216994888,
  "winning_distrib": {
    "-1.0": 49851453,
    "+0.0": 7725718,
    "+1.0": 42422829
  },
  "hands": {
    "total": 100000000,
    "won": 42422829,
    "lost": 49851453,
    "push": 7725718,
    "busted": 2588947,
    "blackjack": 0,
    "doubled": 0,
    "split": 0,
    "insured": 0,
    "surrender": 0
  }
}
