{
  "rounds": 100000000,
  "rules": {
    "game_type": "ahc",
    "soft17": "s17",
    "das": true,
    "bj_pays": 1.5,
    "double_down": "any_two",
    "surrender": "early_surrender",
    "play_ace_pairs": false,
    "max_splits": 4,
    "decks": 6,
    "penetration_cards": 250
  },
  "ev": 0.29987590000001,
  "stddev": 1.8800989654661495,
  "winning_distrib": {
    "-2.0": 37811823,
    "+0.0": 9382559,
    "+2.0": 52805618
  },
  "hands": {
    "total": 100000000,
    "won": 52805618,
    "lost": 37811823,
    "push": 9382559,
    "busted": 0,
    "blackjack": 0,
    "doubled": 100000000,
    "split": 0,
    "insured": 0,
    "surrender": 0
  }
}
