{
  "rounds": 100000000,
  "rules": {
    "game_type": "ahc",
    "soft17": "s17",
    "das": true,
    "bj_pays": 1.5,
    "double_down": "any_two",
    "surrender": "early_surrender",
    "play_ace_pairs": false,
    "max_splits": 4,
    "decks": 6,
    "penetration_cards": 250
  },
  "ev": 0.009373149999999983,
  "stddev": 0.9650159705267172,
  "winning_distrib": {
    "-1.0": 46098526,
    "+0.0": 6865633,
    "+1.0": 47035841
  },
  "hands": {
    "total": 100000000,
    "won": 47035841,
    "lost": 46098526,
    "push": 6865633,
    "busted": 0,
    "blackjack": 0,
    "doubled": 0,
    "split": 0,
    "insured": 0,
    "surrender": 0
  }
}
