{
  "rounds": 100000000,
  "rules": {
    "game_type": "enhc",
    "soft17": "h17",
    "das": false,
    "double_down": "any_two",
    "surrender": "no_surrender",
    "play_ace_pairs": false,
    "max_splits": 4,
    "decks": 6,
    "penetration_cards": 46
  },
  "ev": -0.019521659999999656,
  "stddev": 0.9852561364935166,
  "winning_distrib": {
    "-1.0": 49531620,
    "+0.0": 2888926,
    "+1.0": 47579454
  },
  "hands": {
    "total": 100000000,
    "won": 47579454,
    "lost": 49531620,
    "push": 2888926,
    "busted": 0,
    "blackjack": 0,
    "doubled": 0,
    "split": 0,
    "insured": 0,
    "surrender": 0
  }
}
