{
  "rounds": 100000000,
  "rules": {
    "game_type": "ahc",
    "soft17": "s17",
    "das": true,
    "bj_pays": 1.5,
    "double_down": "any_two",
    "surrender": "early_surrender",
    "play_ace_pairs": false,
    "max_splits": 4,
    "decks": 6,
    "penetration_cards": 250
  },
  "ev": 0.26160121000000475,
  "stddev": 0.9236408422420992,
  "winning_distrib": {
    "-1.0": 32997319,
    "+0.0": 7845241,
    "+1.0": 59157440
  },
  "hands": {
    "total": 100000000,
    "won": 59157440,
    "lost": 32997319,
    "push": 7845241,
    "busted": 2373645,
    "blackjack": 0,
    "doubled": 0,
    "split": 0,
    "insured": 0,
    "surrender": 0
  }
}
