{
  "rounds": 100000000,
  "rules": {
    "game_type": "ahc",
    "soft17": "s17",
    "das": true,
    "bj_pays": 1.5,
    "double_down": "any_two",
    "surrender": "early_surrender",
    "play_ace_pairs": false,
    "max_splits": 4,
    "decks": 6,
    "penetration_cards": 250
  },
  "ev": -1.0732173399999942,
  "stddev": 1.6449433692932247,
  "winning_distrib": {
    "-2.0": 75050860,
    "+0.0": 3559147,
    "+2.0": 21389993
  },
  "hands": {
    "total": 100000000,
    "won": 21389993,
    "lost": 75050860,
    "push": 3559147,
    "busted": 69796841,
    "blackjack": 0,
    "doubled": 100000000,
    "split": 0,
    "insured": 0,
    "surrender": 0
  }
}
