{
  "rounds": 100000000,
  "rules": {
    "game_type": "ahc",
    "soft17": "s17",
    "das": true,
    "double_down": "any_two",
    "surrender": "no_surrender",
    "play_ace_pairs": false,
    "max_splits": 4,
    "decks": 6,
    "penetration_cards": 46
  },
  "ev": -0.0598219599999991,
  "stddev": 0.9085270614329374,
  "winning_distrib": {
    "-1.0": 44441102,
    "+0.0": 17099992,
    "+1.0": 38458906
  },
  "hands": {
    "total": 100000000,
    "won": 38458906,
    "lost": 44441102,
    "push": 17099992,
    "busted": 24483285,
    "blackjack": 0,
    "doubled": 0,
    "split": 0,
    "insured": 0,
    "surrender": 0
  }
}
