{
  "rounds": 100000000,
  "rules": {
    "game_type": "ahc",
    "soft17": "h17",
    "das": false,
    "double_down": "any_two",
    "surrender": "no_surrender",
    "play_ace_pairs": false,
    "max_splits": 4,
    "decks": 6,
    "penetration_cards": 46
  },
  "ev": 0.14715856000000174,
  "stddev": 1.9046375808786087,
  "winning_distrib": {
    "-2.0": 41937285,
    "+0.0": 8767502,
    "+2.0": 49295213
  },
  "hands": {
    "total": 100000000,
    "won": 49295213,
    "lost": 41937285,
    "push": 8767502,
    "busted": 0,
    "blackjack": 0,
    "doubled": 100000000,
    "split": 0,
    "insured": 0,
    "surrender": 0
  }
}
