{
  "rounds": 100000000,
  "rules": {
    "game_type": "enhc",
    "soft17": "s17",
    "das": true,
    "double_down": "any_two",
    "surrender": "no_surrender",
    "play_ace_pairs": false,
    "max_splits": 4,
    "decks": 6,
    "penetration_cards": 46
  },
  "ev": 0.1904084699999978,
  "stddev": 0.9457981991406003,
  "winning_distrib": {
    "-1.0": 37019057,
    "+0.0": 6921039,
    "+1.0": 56059904
  },
  "hands": {
    "total": 100000000,
    "won": 56059904,
    "lost": 37019057,
    "push": 6921039,
    "busted": 0,
    "blackjack": 0,
    "doubled": 0,
    "split": 0,
    "insured": 0,
    "surrender": 0
  }
}
