{
  "rounds": 100000000,
  "rules": {
    "game_type": "ahc",
    "soft17": "s17",
    "das": true,
    "bj_pays": 1.5,
    "double_down": "any_two",
    "surrender": "early_surrender",
    "play_ace_pairs": false,
    "max_splits": 4,
    "decks": 6,
    "penetration_cards": 250
  },
  "ev": 0.14310907999999808,
  "stddev": 1.9052063582509142,
  "winning_distrib": {
    "-2.0": 42050916,
    "+0.0": 8742714,
    "+2.0": 49206370
  },
  "hands": {
    "total": 100000000,
    "won": 49206370,
    "lost": 42050916,
    "push": 8742714,
    "busted": 0,
    "blackjack": 0,
    "doubled": 100000000,
    "split": 0,
    "insured": 0,
    "surrender": 0
  }
}
