{
  "rounds": 100000000,
  "rules": {
    "game_type": "ahc",
    "soft17": "s17",
    "das": true,
    "bj_pays": 1.5,
    "double_down": "any_two",
    "surrender": "early_surrender",
    "play_ace_pairs": false,
    "max_splits": 4,
    "decks": 6,
    "penetration_cards": 250
  },
  "ev": -0.34163480000000485,
  "stddev": 0.8887244631083754,
  "winning_distrib": {
    "-1.0": 62409015,
    "+0.0": 9345450,
    "+1.0": 28245535
  },
  "hands": {
    "total": 100000000,
    "won": 28245535,
    "lost": 62409015,
    "push": 9345450,
    "busted": 22383837,
    "blackjack": 0,
    "doubled": 0,
    "split": 0,
    "insured": 0,
    "surrender": 0
  }
}
