{
  "rounds": 100000000,
  "rules": {
    "game_type": "ahc",
    "soft17": "s17",
    "das": true,
    "bj_pays": 1.5,
    "double_down": "any_two",
    "surrender": "early_surrender",
    "play_ace_pairs": false,
    "max_splits": 4,
    "decks": 6,
    "penetration_cards": 250
  },
  "ev": -0.43235789999999613,
  "stddev": 0.8747058099490853,
  "winning_distrib": {
    "-1.0": 69220075,
    "+0.0": 4795640,
    "+1.0": 25984285
  },
  "hands": {
    "total": 100000000,
    "won": 25984285,
    "lost": 69220075,
    "push": 4795640,
    "busted": 60410573,
    "blackjack": 0,
    "doubled": 0,
    "split": 0,
    "insured": 0,
    "surrender": 0
  }
}
