{
  "rounds": 100000000,
  "rules": {
    "game_type": "ahc",
    "soft17": "s17",
    "das": true,
    "bj_pays": 1.5,
    "double_down": "any_two",
    "surrender": "early_surrender",
    "play_ace_pairs": false,
    "max_splits": 4,
    "decks": 6,
    "penetration_cards": 250
  },
  "ev": 0.061199279999999676,
  "stddev": 0.9109622914402247,
  "winning_distrib": {
    "-1.0": 38619918,
    "+0.0": 16640236,
    "+1.0": 44739846
  },
  "hands": {
    "total": 100000000,
    "won": 44739846,
    "lost": 38619918,
    "push": 16640236,
    "busted": 0,
    "blackjack": 0,
    "doubled": 0,
    "split": 0,
    "insured": 0,
    "surrender": 0
  }
}
