{
  "rounds": 100000000,
  "rules": {
    "game_type": "ahc",
    "soft17": "s17",
    "das": true,
    "bj_pays": 1.5,
    "double_down": "any_two",
    "surrender": "early_surrender",
    "play_ace_pairs": false,
    "max_splits": 4,
    "decks": 6,
    "penetration_cards": 250
  },
  "ev": 0.010036270000000114,
  "stddev": 0.9407912053879802,
  "winning_distrib": {
    "-1.0": 43757627,
    "+0.0": 11481119,
    "+1.0": 44761254
  },
  "hands": {
    "total": 100000000,
    "won": 44761254,
    "lost": 43757627,
    "push": 11481119,
    "busted": 0,
    "blackjack": 0,
    "doubled": 0,
    "split": 0,
    "insured": 0,
    "surrender": 0
  }
}
