{
  "rounds": 100000000,
  "rules": {
    "game_type": "ahc",
    "soft17": "s17",
    "das": true,
    "bj_pays": 1.5,
    "double_down": "any_two",
    "surrender": "early_surrender",
    "play_ace_pairs": false,
    "max_splits": 4,
    "decks": 6,
    "penetration_cards": 250
  },
  "ev": 0.4111487400000029,
  "stddev": 1.8779221892459586,
  "winning_distrib": {
    "-2.0": 35916719,
    "+0.0": 7609125,
    "+2.0": 56474156
  },
  "hands": {
    "total": 100000000,
    "won": 56474156,
    "lost": 35916719,
    "push": 7609125,
    "busted": 0,
    "blackjack": 0,
    "doubled": 100000000,
    "split": 0,
    "insured": 0,
    "surrender": 0
  }
}
