{
  "rounds": 100000000,
  "rules": {
    "game_type": "ahc",
    "soft17": "s17",
    "das": true,
    "bj_pays": 1.5,
    "double_down": "any_two",
    "surrender": "early_surrender",
    "play_ace_pairs": false,
    "max_splits": 4,
    "decks": 6,
    "penetration_cards": 250
  },
  "ev": -0.8300169599999851,
  "stddev": 1.7689199070063126,
  "winning_distrib": {
    "-2.0": 68475496,
    "+0.0": 4549856,
    "+2.0": 26974648
  },
  "hands": {
    "total": 100000000,
    "won": 26974648,
    "lost": 68475496,
    "push": 4549856,
    "busted": 60418865,
    "blackjack": 0,
    "doubled": 100000000,
    "split": 0,
    "insured": 0,
    "surrender": 0
  }
}
