{
  "rounds": 100000000,
  "rules": {
    "game_type": "ahc",
    "soft17": "s17",
    "das": true,
    "bj_pays": 1.5,
    "double_down": "any_two",
    "surrender": "early_surrender",
    "play_ace_pairs": false,
    "max_splits": 4,
    "decks": 6,
    "penetration_cards": 250
  },
  "ev": -0.06022324000000045,
  "stddev": 1.8425522503619585,
  "winning_distrib": {
    "-2.0": 43988401,
    "+0.0": 15034360,
    "+2.0": 40977239
  },
  "hands": {
    "total": 100000000,
    "won": 40977239,
    "lost": 43988401,
    "push": 15034360,
    "busted": 0,
    "blackjack": 0,
    "doubled": 100000000,
    "split": 0,
    "insured": 0,
    "surrender": 0
  }
}
