{
  "rounds": 100000000,
  "rules": {
    "game_type": "enhc",
    "soft17": "h17",
    "das": true,
    "double_down": "any_two",
    "surrender": "no_surrender",
    "play_ace_pairs": false,
    "max_splits": 4,
    "decks": 6,
    "penetration_cards": 46
  },
  "ev": -0.002494500000000011,
  "stddev": 1.951936642304331,
  "winning_distrib": {
    "-2.0": 47688148,
    "+0.0": 4748429,
    "+2.0": 47563423
  },
  "hands": {
    "total": 100000000,
    "won": 47563423,
    "lost": 47688148,
    "push": 4748429,
    "busted": 0,
    "blackjack": 0,
    "doubled": 100000000,
    "split": 0,
    "insured": 0,
    "surrender": 0
  }
}
