{
  "rounds": 100000000,
  "rules": {
    "game_type": "ahc",
    "soft17": "h17",
    "das": true,
    "double_down": "any_two",
    "surrender": "no_surrender",
    "play_ace_pairs": false,
    "max_splits": 4,
    "decks": 6,
    "penetration_cards": 46
  },
  "ev": -0.41958180999999883,
  "stddev": 0.8801475344871135,
  "winning_distrib": {
    "-1.0": 68514519,
    "+0.0": 4929143,
    "+1.0": 26556338
  },
  "hands": {
    "total": 100000000,
    "won": 26556338,
    "lost": 68514519,
    "push": 4929143,
    "busted": 53927500,
    "blackjack": 0,
    "doubled": 0,
    "split": 0,
    "insured": 0,
    "surrender": 0
  }
}
