{
  "rounds": 100000000,
  "rules": {
    "game_type": "ahc",
    "soft17": "s17",
    "das": true,
    "bj_pays": 1.5,
    "double_down": "any_two",
    "surrender": "early_surrender",
    "play_ace_pairs": false,
    "max_splits": 4,
    "decks": 6,
    "penetration_cards": 250
  },
  "ev": -1.1187044199999803,
  "stddev": 1.6454485855679142,
  "winning_distrib": {
    "-2.0": 77455118,
    "+0.0": 1024985,
    "+2.0": 21519897
  },
  "hands": {
    "total": 100000000,
    "won": 21519897,
    "lost": 77455118,
    "push": 1024985,
    "busted": 0,
    "blackjack": 0,
    "doubled": 100000000,
    "split": 0,
    "insured": 0,
    "surrender": 0
  }
}
