{
  "rounds": 100000000,
  "rules": {
    "game_type": "ahc",
    "soft17": "s17",
    "das": true,
    "bj_pays": 1.5,
    "double_down": "any_two",
    "surrender": "early_surrender",
    "play_ace_pairs": false,
    "max_splits": 4,
    "decks": 6,
    "penetration_cards": 250
  },
  "ev": 0.5040031999999918,
  "stddev": 1.8530897465393181,
  "winning_distrib": {
    "-2.0": 33499430,
    "+0.0": 7800980,
    "+2.0": 58699590
  },
  "hands": {
    "total": 100000000,
    "won": 58699590,
    "lost": 33499430,
    "push": 7800980,
    "busted": 0,
    "blackjack": 0,
    "doubled": 100000000,
    "split": 0,
    "insured": 0,
    "surrender": 0
  }
}
