{
  "rounds": 100000000,
  "rules": {
    "game_type": "ahc",
    "soft17": "s17",
    "das": true,
    "bj_pays": 1.5,
    "double_down": "any_two",
    "surrender": "early_surrender",
    "play_ace_pairs": false,
    "max_splits": 4,
    "decks": 6,
    "penetration_cards": 250
  },
  "ev": -0.18343251999999777,
  "stddev": 1.9782036876265785,
  "winning_distrib": {
    "-2.0": 53922529,
    "+0.0": 1326568,
    "+2.0": 44750903
  },
  "hands": {
    "total": 100000000,
    "won": 44750903,
    "lost": 53922529,
    "push": 1326568,
    "busted": 0,
    "blackjack": 0,
    "doubled": 100000000,
    "split": 0,
    "insured": 0,
    "surrender": 0
  }
}
