{
  "rounds": 100000000,
  "rules": {
    "game_type": "ahc",
    "soft17": "s17",
    "das": true,
    "bj_pays": 1.5,
    "double_down": "any_two",
    "surrender": "early_surrender",
    "play_ace_pairs": false,
    "max_splits": 4,
    "decks": 6,
    "penetration_cards": 250
  },
  "ev": 0.14482677000000804,
  "stddev": 0.9432585147183821,
  "winning_distrib": {
    "-1.0": 38294232,
    "+0.0": 8928859,
    "+1.0": 52776909
  },
  "hands": {
    "total": 100000000,
    "won": 52776909,
    "lost": 38294232,
    "push": 8928859,
    "busted": 27588241,
    "blackjack": 0,
    "doubled": 0,
    "split": 0,
    "insured": 0,
    "surrender": 0
  }
}
