{
  "rounds": 100000000,
  "rules": {
    "game_type": "enhc",
    "soft17": "h17",
    "das": true,
    "double_down": "any_two",
    "surrender": "no_surrender",
    "play_ace_pairs": false,
    "max_splits": 4,
    "decks": 6,
    "penetration_cards": 46
  },
  "ev": -0.5077455999999857,
  "stddev": 0.8262676397559283,
  "winning_distrib": {
    "-1.0": 72413470,
    "+0.0": 5947620,
    "+1.0": 21638910
  },
  "hands": {
    "total": 100000000,
    "won": 21638910,
    "lost": 72413470,
    "push": 5947620,
    "busted": 61421561,
    "blackjack": 0,
    "doubled": 0,
    "split": 0,
    "insured": 0,
    "surrender": 0
  }
}
