{
  "rounds": 100000000,
  "rules": {
    "game_type": "ahc",
    "soft17": "s17",
    "das": true,
    "bj_pays": 1.5,
    "double_down": "any_two",
    "surrender": "early_surrender",
    "play_ace_pairs": false,
    "max_splits": 4,
    "decks": 6,
    "penetration_cards": 250
  },
  "ev": -0.8088181100000063,
  "stddev": 0.5761382978551102,
  "winning_distrib": {
    "-1.0": 89747009,
    "+0.0": 1387793,
    "+1.0": 8865198
  },
  "hands": {
    "total": 100000000,
    "won": 8865198,
    "lost": 89747009,
    "push": 1387793,
    "busted": 61305317,
    "blackjack": 0,
    "doubled": 0,
    "split": 0,
    "insured": 0,
    "surrender": 0
  }
}
