{
  "rounds": 100000000,
  "rules": {
    "game_type": "enhc",
    "soft17": "s17",
    "das": true,
    "double_down": "any_two",
    "surrender": "no_surrender",
    "play_ace_pairs": false,
    "max_splits": 4,
    "decks": 6,
    "penetration_cards": 46
  },
  "ev": 0.19855739000000308,
  "stddev": 0.927669478576345,
  "winning_distrib": {
    "-1.0": 35071915,
    "+0.0": 10000431,
    "+1.0": 54927654
  },
  "hands": {
    "total": 100000000,
    "won": 54927654,
    "lost": 35071915,
    "push": 10000431,
    "busted": 21268112,
    "blackjack": 0,
    "doubled": 0,
    "split": 0,
    "insured": 0,
    "surrender": 0
  }
}
