{
  "rounds": 100000000,
  "rules": {
    "game_type": "ahc",
    "soft17": "s17",
    "das": true,
    "bj_pays": 1.5,
    "double_down": "any_two",
    "surrender": "early_surrender",
    "play_ace_pairs": false,
    "max_splits": 4,
    "decks": 6,
    "penetration_cards": 250
  },
  "ev": -0.5913862000000079,
  "stddev": 0.7937924091036849,
  "winning_distrib": {
    "-1.0": 78561511,
    "+0.0": 2015598,
    "+1.0": 19422891
  },
  "hands": {
    "total": 100000000,
    "won": 19422891,
    "lost": 78561511,
    "push": 2015598,
    "busted": 76961853,
    "blackjack": 0,
    "doubled": 0,
    "split": 0,
    "insured": 0,
    "surrender": 0
  }
}
