{
  "rounds": 100000000,
  "rules": {
    "game_type": "ahc",
    "soft17": "s17",
    "das": true,
    "bj_pays": 1.5,
    "double_down": "any_two",
    "surrender": "early_surrender",
    "play_ace_pairs": false,
    "max_splits": 4,
    "decks": 6,
    "penetration_cards": 250
  },
  "ev": -0.1874400299999948,
  "stddev": 0.9415038895394311,
  "winning_distrib": {
    "-1.0": 55450168,
    "+0.0": 7843667,
    "+1.0": 36706165
  },
  "hands": {
    "total": 100000000,
    "won": 36706165,
    "lost": 55450168,
    "push": 7843667,
    "busted": 46318491,
    "blackjack": 0,
    "doubled": 0,
    "split": 0,
    "insured": 0,
    "surrender": 0
  }
}
