{
  "rounds": 100000000,
  "rules": {
    "game_type": "ahc",
    "soft17": "s17",
    "das": true,
    "bj_pays": 1.5,
    "double_down": "any_two",
    "surrender": "early_surrender",
    "play_ace_pairs": false,
    "max_splits": 4,
    "decks": 6,
    "penetration_cards": 250
  },
  "ev": -1.218340359999972,
  "stddev": 1.5550303120441844,
  "winning_distrib": {
    "-2.0": 79239415,
    "+0.0": 2438188,
    "+2.0": 18322397
  },
  "hands": {
    "total": 100000000,
    "won": 18322397,
    "lost": 79239415,
    "push": 2438188,
    "busted": 77037630,
    "blackjack": 0,
    "doubled": 100000000,
    "split": 0,
    "insured": 0,
    "surrender": 0
  }
}
