{
  "rounds": 100000000,
  "rules": {
    "game_type": "ahc",
    "soft17": "s17",
    "das": true,
    "bj_pays": 1.5,
    "double_down": "any_two",
    "surrender": "early_surrender",
    "play_ace_pairs": false,
    "max_splits": 4,
    "decks": 6,
    "penetration_cards": 250
  },
  "ev": -0.09633581999999973,
  "stddev": 0.981053882011378,
  "winning_distrib": {
    "-1.0": 53404156,
    "+0.0": 2825270,
    "+1.0": 43770574
  },
  "hands": {
    "total": 100000000,
    "won": 43770574,
    "lost": 53404156,
    "push": 2825270,
    "busted": 0,
    "blackjack": 0,
    "doubled": 0,
    "split": 0,
    "insured": 0,
    "surrender": 0
  }
}
