{
  "rounds": 100000000,
  "rules": {
    "game_type": "ahc",
    "soft17": "h17",
    "das": false,
    "double_down": "any_two",
    "surrender": "no_surrender",
    "play_ace_pairs": false,
    "max_splits": 4,
    "decks": 6,
    "penetration_cards": 46
  },
  "ev": -0.13906307999999606,
  "stddev": 0.9350010847711343,
  "winning_distrib": {
    "-1.0": 51631432,
    "+0.0": 10643444,
    "+1.0": 37725124
  },
  "hands": {
    "total": 100000000,
    "won": 37725124,
    "lost": 51631432,
    "push": 10643444,
    "busted": 26899734,
    "blackjack": 0,
    "doubled": 0,
    "split": 0,
    "insured": 0,
    "surrender": 0
  }
}
