{
  "rounds": 100000000,
  "rules": {
    "game_type": "ahc",
    "soft17": "s17",
    "das": true,
    "bj_pays": 1.5,
    "double_down": "any_two",
    "surrender": "early_surrender",
    "play_ace_pairs": false,
    "max_splits": 4,
    "decks": 6,
    "penetration_cards": 250
  },
  "ev": -0.7598903400000135,
  "stddev": 1.8000725161996471,
  "winning_distrib": {
    "-2.0": 66718438,
    "+0.0": 4557641,
    "+2.0": 28723921
  },
  "hands": {
    "total": 100000000,
    "won": 28723921,
    "lost": 66718438,
    "push": 4557641,
    "busted": 53430172,
    "blackjack": 0,
    "doubled": 100000000,
    "split": 0,
    "insured": 0,
    "surrender": 0
  }
}
