{
  "rounds": 100000000,
  "rules": {
    "game_type": "enhc",
    "soft17": "h17",
    "das": true,
    "double_down": "any_two",
    "surrender": "no_surrender",
    "play_ace_pairs": false,
    "max_splits": 4,
    "decks": 6,
    "penetration_cards": 46
  },
  "ev": -0.714523390000006,
  "stddev": 0.6911208142715677,
  "winning_distrib": {
    "-1.0": 85135752,
    "+0.0": 1180835,
    "+1.0": 13683413
  },
  "hands": {
    "total": 100000000,
    "won": 13683413,
    "lost": 85135752,
    "push": 1180835,
    "busted": 84563813,
    "blackjack": 0,
    "doubled": 0,
    "split": 0,
    "insured": 0,
    "surrender": 0
  }
}
