{
  "rounds": 100000000,
  "rules": {
    "game_type": "enhc",
    "soft17": "h17",
    "das": false,
    "double_down": "any_two",
    "surrender": "no_surrender",
    "play_ace_pairs": false,
    "max_splits": 4,
    "decks": 6,
    "penetration_cards": 46
  },
  "ev": 0.4361349500000053,
  "stddev": 0.6829156170803464,
  "winning_distrib": {
    "-1.0": 11022624,
    "+0.0": 34341257,
    "+1.0": 54636119
  },
  "hands": {
    "total": 100000000,
    "won": 54636119,
    "lost": 11022624,
    "push": 34341257,
    "busted": 0,
    "blackjack": 0,
    "doubled": 0,
    "split": 0,
    "insured": 0,
    "surrender": 0
  }
}
