{
  "rounds": 100000000,
  "rules": {
    "game_type": "ahc",
    "soft17": "s17",
    "das": true,
    "bj_pays": 1.5,
    "double_down": "any_two",
    "surrender": "early_surrender",
    "play_ace_pairs": false,
    "max_splits": 4,
    "decks": 6,
    "penetration_cards": 250
  },
  "ev": 0.11270662000000019,
  "stddev": 1.950729160048027,
  "winning_distrib": {
    "-2.0": 44907922,
    "+0.0": 4548825,
    "+2.0": 50543253
  },
  "hands": {
    "total": 100000000,
    "won": 50543253,
    "lost": 44907922,
    "push": 4548825,
    "busted": 0,
    "blackjack": 0,
    "doubled": 100000000,
    "split": 0,
    "insured": 0,
    "surrender": 0
  }
}
