{
  "rounds": 100000000,
  "rules": {
    "game_type": "ahc",
    "soft17": "h17",
    "das": false,
    "double_down": "any_two",
    "surrender": "no_surrender",
    "play_ace_pairs": false,
    "max_splits": 4,
    "decks": 6,
    "penetration_cards": 46
  },
  "ev": -1.0159904599999978,
  "stddev": 1.652169656084284,
  "winning_distrib": {
    "-2.0": 72423526,
    "+0.0": 5952471,
    "+2.0": 21624003
  },
  "hands": {
    "total": 100000000,
    "won": 21624003,
    "lost": 72423526,
    "push": 5952471,
    "busted": 61405351,
    "blackjack": 0,
    "doubled": 100000000,
    "split": 0,
    "insured": 0,
    "surrender": 0
  }
}
