{
  "rounds": 100000000,
  "rules": {
    "game_type": "ahc",
    "soft17": "s17",
    "das": true,
    "bj_pays": 1.5,
    "double_down": "any_two",
    "surrender": "early_surrender",
    "play_ace_pairs": false,
    "max_splits": 4,
    "decks": 6,
    "penetration_cards": 250
  },
  "ev": 0.5227686399999774,
  "stddev": 0.7921143448435964,
  "winning_distrib": {
    "-1.0": 18898177,
    "+0.0": 9926782,
    "+1.0": 71175041
  },
  "hands": {
    "total": 100000000,
    "won": 71175041,
    "lost": 18898177,
    "push": 9926782,
    "busted": 0,
    "blackjack": 0,
    "doubled": 0,
    "split": 0,
    "insured": 0,
    "surrender": 0
  }
}
