{
  "rounds": 100000000,
  "rules": {
    "game_type": "ahc",
    "soft17": "s17",
    "das": true,
    "bj_pays": 1.5,
    "double_down": "any_two",
    "surrender": "early_surrender",
    "play_ace_pairs": false,
    "max_splits": 4,
    "decks": 6,
    "penetration_cards": 250
  },
  "ev": 0.1168613200000012,
  "stddev": 1.9497220801698816,
  "winning_distrib": {
    "-2.0": 44766876,
    "+0.0": 4623182,
    "+2.0": 50609942
  },
  "hands": {
    "total": 100000000,
    "won": 50609942,
    "lost": 44766876,
    "push": 4623182,
    "busted": 0,
    "blackjack": 0,
    "doubled": 100000000,
    "split": 0,
    "insured": 0,
    "surrender": 0
  }
}
