{
  "rounds": 100000000,
  "rules": {
    "game_type": "ahc",
    "soft17": "s17",
    "das": true,
    "bj_pays": 1.5,
    "double_down": "any_two",
    "surrender": "early_surrender",
    "play_ace_pairs": false,
    "max_splits": 4,
    "decks": 6,
    "penetration_cards": 250
  },
  "ev": -0.5888189800000121,
  "stddev": 1.9004960944212985,
  "winning_distrib": {
    "-2.0": 64202889,
    "+0.0": 1035171,
    "+2.0": 34761940
  },
  "hands": {
    "total": 100000000,
    "won": 34761940,
    "lost": 64202889,
    "push": 1035171,
    "busted": 0,
    "blackjack": 0,
    "doubled": 100000000,
    "split": 0,
    "insured": 0,
    "surrender": 0
  }
}
