{
  "rounds": 100000000,
  "rules": {
    "game_type": "ahc",
    "soft17": "s17",
    "das": true,
    "bj_pays": 1.5,
    "double_down": "any_two",
    "surrender": "early_surrender",
    "play_ace_pairs": false,
    "max_splits": 4,
    "decks": 6,
    "penetration_cards": 250
  },
  "ev": -0.16709572999999953,
  "stddev": 0.9598755420518712,
  "winning_distrib": {
    "-1.0": 55818888,
    "+0.0": 5071797,
    "+1.0": 39109315
  },
  "hands": {
    "total": 100000000,
    "won": 39109315,
    "lost": 55818888,
    "push": 5071797,
    "busted": 27078287,
    "blackjack": 0,
    "doubled": 0,
    "split": 0,
    "insured": 0,
    "surrender": 0
  }
}
