{
  "rounds": 100000000,
  "rules": {
    "game_type": "ahc",
    "soft17": "s17",
    "das": true,
    "bj_pays": 1.5,
    "double_down": "any_two",
    "surrender": "early_surrender",
    "play_ace_pairs": false,
    "max_splits": 4,
    "decks": 6,
    "penetration_cards": 250
  },
  "ev": 0.4128790099999993,
  "stddev": 0.8397383998323723,
  "winning_distrib": {
    "-1.0": 23137532,
    "+0.0": 12437035,
    "+1.0": 64425433
  },
  "hands": {
    "total": 100000000,
    "won": 64425433,
    "lost": 23137532,
    "push": 12437035,
    "busted": 0,
    "blackjack": 0,
    "doubled": 0,
    "split": 0,
    "insured": 0,
    "surrender": 0
  }
}
