{
  "rounds": 100000000,
  "rules": {
    "game_type": "enhc",
    "soft17": "s17",
    "das": true,
    "double_down": "any_two",
    "surrender": "no_surrender",
    "play_ace_pairs": false,
    "max_splits": 4,
    "decks": 6,
    "penetration_cards": 46
  },
  "ev": 0.19750485999999867,
  "stddev": 0.9155742343792567,
  "winning_distrib": {
    "-1.0": 33988974,
    "+0.0": 12271566,
    "+1.0": 53739460
  },
  "hands": {
    "total": 100000000,
    "won": 53739460,
    "lost": 33988974,
    "push": 12271566,
    "busted": 0,
    "blackjack": 0,
    "doubled": 0,
    "split": 0,
    "insured": 0,
    "surrender": 0
  }
}
