{
  "rounds": 100000000,
  "rules": {
    "game_type": "enhc",
    "soft17": "s17",
    "das": false,
    "double_down": "any_two",
    "surrender": "no_surrender",
    "play_ace_pairs": false,
    "max_splits": 4,
    "decks": 6,
    "penetration_cards": 46
  },
  "ev": -0.2086761399999997,
  "stddev": 0.9385386392702354,
  "winning_distrib": {
    "-1.0": 56653832,
    "+0.0": 7559950,
    "+1.0": 35786218
  },
  "hands": {
    "total": 100000000,
    "won": 35786218,
    "lost": 56653832,
    "push": 7559950,
    "busted": 21256625,
    "blackjack": 0,
    "doubled": 0,
    "split": 0,
    "insured": 0,
    "surrender": 0
  }
}
