{
  "rounds": 100000000,
  "rules": {
    "game_type": "enhc",
    "soft17": "s17",
    "das": false,
    "double_down": "any_two",
    "surrender": "no_surrender",
    "play_ace_pairs": false,
    "max_splits": 4,
    "decks": 6,
    "penetration_cards": 46
  },
  "ev": -0.41199920000000895,
  "stddev": 0.8793868698886458,
  "winning_distrib": {
    "-1.0": 67753190,
    "+0.0": 5693540,
    "+1.0": 26553270
  },
  "hands": {
    "total": 100000000,
    "won": 26553270,
    "lost": 67753190,
    "push": 5693540,
    "busted": 61406516,
    "blackjack": 0,
    "doubled": 0,
    "split": 0,
    "insured": 0,
    "surrender": 0
  }
}
