{
  "rounds": 100000000,
  "rules": {
    "game_type": "ahc",
    "soft17": "s17",
    "das": true,
    "bj_pays": 1.5,
    "double_down": "any_two",
    "surrender": "early_surrender",
    "play_ace_pairs": false,
    "max_splits": 4,
    "decks": 6,
    "penetration_cards": 250
  },
  "ev": -0.03443677000000005,
  "stddev": 0.9593471155298434,
  "winning_distrib": {
    "-1.0": 47798477,
    "+0.0": 7846723,
    "+1.0": 44354800
  },
  "hands": {
    "total": 100000000,
    "won": 44354800,
    "lost": 47798477,
    "push": 7846723,
    "busted": 2708324,
    "blackjack": 0,
    "doubled": 0,
    "split": 0,
    "insured": 0,
    "surrender": 0
  }
}
