{
  "rounds": 100000000,
  "rules": {
    "game_type": "enhc",
    "soft17": "h17",
    "das": false,
    "double_down": "any_two",
    "surrender": "no_surrender",
    "play_ace_pairs": false,
    "max_splits": 4,
    "decks": 6,
    "penetration_cards": 46
  },
  "ev": 0.2627578999999937,
  "stddev": 1.6232085363056874,
  "winning_distrib": {
    "-4.0": 304595,
    "-3.0": 1953902,
    "-2.0": 19014109,
    "-1.0": 9654607,
    "+0.0": 24642417,
    "+1.0": 11436434,
    "+2.0": 29745006,
    "+3.0": 2883465,
    "+4.0": 365465
  },
  "hands": {
    "total": 216723346,
    "won": 108155341,
    "lost": 81879551,
    "push": 26688454,
    "busted": 46606566,
    "blackjack": 0,
    "doubled": 0,
    "split": 216723346,
    "insured": 0,
    "surrender": 0
  }
}
