{
  "rounds": 100000000,
  "rules": {
    "game_type": "ahc",
    "soft17": "s17",
    "das": true,
    "bj_pays": 1.5,
    "double_down": "any_two",
    "surrender": "early_surrender",
    "play_ace_pairs": false,
    "max_splits": 4,
    "decks": 6,
    "penetration_cards": 250
  },
  "ev": -1.19344368000002,
  "stddev": 1.5833458901130428,
  "winning_distrib": {
    "-2.0": 78977242,
    "+0.0": 1717700,
    "+2.0": 19305058
  },
  "hands": {
    "total": 100000000,
    "won": 19305058,
    "lost": 78977242,
    "push": 1717700,
    "busted": 77256333,
    "blackjack": 0,
    "doubled": 100000000,
    "split": 0,
    "insured": 0,
    "surrender": 0
  }
}
