{
  "rounds": 100000000,
  "rules": {
    "game_type": "ahc",
    "soft17": "s17",
    "das": true,
    "bj_pays": 1.5,
    "double_down": "any_two",
    "surrender": "early_surrender",
    "play_ace_pairs": false,
    "max_splits": 4,
    "decks": 6,
    "penetration_cards": 250
  },
  "ev": 0.43753289999999806,
  "stddev": 1.8763859721885425,
  "winning_distrib": {
    "-2.0": 35464919,
    "+0.0": 7193517,
    "+2.0": 57341564
  },
  "hands": {
    "total": 100000000,
    "won": 57341564,
    "lost": 35464919,
    "push": 7193517,
    "busted": 0,
    "blackjack": 0,
    "doubled": 100000000,
    "split": 0,
    "insured": 0,
    "surrender": 0
  }
}
