{
  "rounds": 100000000,
  "rules": {
    "game_type": "ahc",
    "soft17": "s17",
    "das": true,
    "bj_pays": 1.5,
    "double_down": "any_two",
    "surrender": "early_surrender",
    "play_ace_pairs": false,
    "max_splits": 4,
    "decks": 6,
    "penetration_cards": 250
  },
  "ev": -0.06226957000000047,
  "stddev": 1.971905852097444,
  "winning_distrib": {
    "-8.0": 129,
    "-7.0": 3415,
    "-6.0": 41174,
    "-5.0": 288650,
    "-4.0": 1616510,
    "-3.0": 7631788,
    "-2.0": 20678677,
    "-1.0": 11926156,
    "+0.0": 18918501,
    "+1.0": 13306003,
    "+2.0": 14938429,
    "+3.0": 8179906,
    "+4.0": 2033556,
    "+5.0": 356187,
    "+6.0": 71532,
    "+7.0": 8838,
    "+8.0": 549
  },
  "hands": {
    "total": 218206148,
    "won": 84081171,
    "lost": 97799744,
    "push": 36325233,
    "busted": 45409869,
    "blackjack": 0,
    "doubled": 37845315,
    "split": 218206148,
    "insured": 0,
    "surrender": 0
  }
}
