{
  "rounds": 100000000,
  "rules": {
    "game_type": "ahc",
    "soft17": "s17",
    "das": true,
    "bj_pays": 1.5,
    "double_down": "any_two",
    "surrender": "early_surrender",
    "play_ace_pairs": false,
    "max_splits": 4,
    "decks": 6,
    "penetration_cards": 250
  },
  "ev": 0.2885077899999996,
  "stddev": 0.9146836575974054,
  "winning_distrib": {
    "-1.0": 31568757,
    "+0.0": 8011707,
    "+1.0": 60419536
  },
  "hands": {
    "total": 100000000,
    "won": 60419536,
    "lost": 31568757,
    "push": 8011707,
    "busted": 2570075,
    "blackjack": 0,
    "doubled": 0,
    "split": 0,
    "insured": 0,
    "surrender": 0
  }
}
