{
  "rounds": 100000000,
  "rules": {
    "game_type": "enhc",
    "soft17": "h17",
    "das": true,
    "double_down": "any_two",
    "surrender": "no_surrender",
    "play_ace_pairs": false,
    "max_splits": 4,
    "decks": 6,
    "penetration_cards": 46
  },
  "ev": -0.6124840499999963,
  "stddev": 0.7740785260473046,
  "winning_distrib": {
    "-1.0": 79340916,
    "+0.0": 2566573,
    "+1.0": 18092511
  },
  "hands": {
    "total": 100000000,
    "won": 18092511,
    "lost": 79340916,
    "push": 2566573,
    "busted": 76849450,
    "blackjack": 0,
    "doubled": 0,
    "split": 0,
    "insured": 0,
    "surrender": 0
  }
}
