{
  "rounds": 100000000,
  "rules": {
    "game_type": "enhc",
    "soft17": "h17",
    "das": true,
    "double_down": "any_two",
    "surrender": "no_surrender",
    "play_ace_pairs": false,
    "max_splits": 4,
    "decks": 6,
    "penetration_cards": 46
  },
  "ev": -0.3952205899999953,
  "stddev": 0.8651001229476516,
  "winning_distrib": {
    "-1.0": 64990906,
    "+0.0": 9540247,
    "+1.0": 25468847
  },
  "hands": {
    "total": 100000000,
    "won": 25468847,
    "lost": 64990906,
    "push": 9540247,
    "busted": 22900781,
    "blackjack": 0,
    "doubled": 0,
    "split": 0,
    "insured": 0,
    "surrender": 0
  }
}
