{
  "rounds": 100000000,
  "rules": {
    "game_type": "ahc",
    "soft17": "s17",
    "das": true,
    "bj_pays": 1.5,
    "double_down": "any_two",
    "surrender": "early_surrender",
    "play_ace_pairs": false,
    "max_splits": 4,
    "decks": 6,
    "penetration_cards": 250
  },
  "ev": -0.7271636199999985,
  "stddev": 1.8085922101066667,
  "winning_distrib": {
    "-2.0": 65676249,
    "+0.0": 5005683,
    "+2.0": 29318068
  },
  "hands": {
    "total": 100000000,
    "won": 29318068,
    "lost": 65676249,
    "push": 5005683,
    "busted": 52080974,
    "blackjack": 0,
    "doubled": 100000000,
    "split": 0,
    "insured": 0,
    "surrender": 0
  }
}
