{
  "rounds": 100000000,
  "rules": {
    "game_type": "ahc",
    "soft17": "s17",
    "das": true,
    "bj_pays": 1.5,
    "double_down": "any_two",
    "surrender": "early_surrender",
    "play_ace_pairs": false,
    "max_splits": 4,
    "decks": 6,
    "penetration_cards": 250
  },
  "ev": 0.273669920000004,
  "stddev": 0.9279080900053046,
  "winning_distrib": {
    "-1.0": 33111936,
    "+0.0": 6409136,
    "+1.0": 60478928
  },
  "hands": {
    "total": 100000000,
    "won": 60478928,
    "lost": 33111936,
    "push": 6409136,
    "busted": 0,
    "blackjack": 0,
    "doubled": 0,
    "split": 0,
    "insured": 0,
    "surrender": 0
  }
}
