{
  "rounds": 100000000,
  "rules": {
    "game_type": "ahc",
    "soft17": "s17",
    "das": true,
    "bj_pays": 1.5,
    "double_down": "any_two",
    "surrender": "early_surrender",
    "play_ace_pairs": false,
    "max_splits": 4,
    "decks": 6,
    "penetration_cards": 250
  },
  "ev": 0.43396129000000233,
  "stddev": 0.8322685238000002,
  "winning_distrib": {
    "-1.0": 22351600,
    "+0.0": 11900671,
    "+1.0": 65747729
  },
  "hands": {
    "total": 100000000,
    "won": 65747729,
    "lost": 22351600,
    "push": 11900671,
    "busted": 0,
    "blackjack": 0,
    "doubled": 0,
    "split": 0,
    "insured": 0,
    "surrender": 0
  }
}
