{
  "rounds": 100000000,
  "rules": {
    "game_type": "ahc",
    "soft17": "s17",
    "das": true,
    "bj_pays": 1.5,
    "double_down": "any_two",
    "surrender": "early_surrender",
    "play_ace_pairs": false,
    "max_splits": 4,
    "decks": 6,
    "penetration_cards": 250
  },
  "ev": 0.15807885999999619,
  "stddev": 1.9513650483954854,
  "winning_distrib": {
    "-2.0": 43958209,
    "+0.0": 4179639,
    "+2.0": 51862152
  },
  "hands": {
    "total": 100000000,
    "won": 51862152,
    "lost": 43958209,
    "push": 4179639,
    "busted": 0,
    "blackjack": 0,
    "doubled": 100000000,
    "split": 0,
    "insured": 0,
    "surrender": 0
  }
}
