{
  "rounds": 100000000,
  "rules": {
    "game_type": "ahc",
    "soft17": "s17",
    "das": true,
    "bj_pays": 1.5,
    "double_down": "any_two",
    "surrender": "early_surrender",
    "play_ace_pairs": false,
    "max_splits": 4,
    "decks": 6,
    "penetration_cards": 250
  },
  "ev": 0.5677805400000081,
  "stddev": 1.8406167369324724,
  "winning_distrib": {
    "-2.0": 32183545,
    "+0.0": 7243883,
    "+2.0": 60572572
  },
  "hands": {
    "total": 100000000,
    "won": 60572572,
    "lost": 32183545,
    "push": 7243883,
    "busted": 0,
    "blackjack": 0,
    "doubled": 100000000,
    "split": 0,
    "insured": 0,
    "surrender": 0
  }
}
