{
  "rounds": 100000000,
  "rules": {
    "game_type": "ahc",
    "soft17": "h17",
    "das": false,
    "double_down": "any_two",
    "surrender": "no_surrender",
    "play_ace_pairs": false,
    "max_splits": 4,
    "decks": 6,
    "penetration_cards": 46
  },
  "ev": 0.4373777699999955,
  "stddev": 0.8308010852256629,
  "winning_distrib": {
    "-1.0": 22207599,
    "+0.0": 11847025,
    "+1.0": 65945376
  },
  "hands": {
    "total": 100000000,
    "won": 65945376,
    "lost": 22207599,
    "push": 11847025,
    "busted": 0,
    "blackjack": 0,
    "doubled": 0,
    "split": 0,
    "insured": 0,
    "surrender": 0
  }
}
