{
  "rounds": 100000000,
  "rules": {
    "game_type": "ahc",
    "soft17": "s17",
    "das": true,
    "bj_pays": 1.5,
    "double_down": "any_two",
    "surrender": "early_surrender",
    "play_ace_pairs": false,
    "max_splits": 4,
    "decks": 6,
    "penetration_cards": 250
  },
  "ev": 0.1098146399999984,
  "stddev": 0.7971487258950641,
  "winning_distrib": {
    "-1.0": 26884535,
    "+0.0": 35249466,
    "+1.0": 37865999
  },
  "hands": {
    "total": 100000000,
    "won": 37865999,
    "lost": 26884535,
    "push": 35249466,
    "busted": 0,
    "blackjack": 0,
    "doubled": 0,
    "split": 0,
    "insured": 0,
    "surrender": 0
  }
}
