{
  "rounds": 100000000,
  "rules": {
    "game_type": "ahc",
    "soft17": "s17",
    "das": true,
    "bj_pays": 1.5,
    "double_down": "any_two",
    "surrender": "early_surrender",
    "play_ace_pairs": false,
    "max_splits": 4,
    "decks": 6,
    "penetration_cards": 250
  },
  "ev": -0.7559576599999952,
  "stddev": 1.812207650664852,
  "winning_distrib": {
    "-2.0": 67093548,
    "+0.0": 3610787,
    "+2.0": 29295665
  },
  "hands": {
    "total": 100000000,
    "won": 29295665,
    "lost": 67093548,
    "push": 3610787,
    "busted": 52179649,
    "blackjack": 0,
    "doubled": 100000000,
    "split": 0,
    "insured": 0,
    "surrender": 0
  }
}
