{
  "rounds": 100000000,
  "rules": {
    "game_type": "enhc",
    "soft17": "s17",
    "das": false,
    "double_down": "any_two",
    "surrender": "no_surrender",
    "play_ace_pairs": false,
    "max_splits": 4,
    "decks": 6,
    "penetration_cards": 46
  },
  "ev": -0.271969910000006,
  "stddev": 0.9247844325067637,
  "winning_distrib": {
    "-1.0": 60058189,
    "+0.0": 7080613,
    "+1.0": 32861198
  },
  "hands": {
    "total": 100000000,
    "won": 32861198,
    "lost": 60058189,
    "push": 7080613,
    "busted": 52152742,
    "blackjack": 0,
    "doubled": 0,
    "split": 0,
    "insured": 0,
    "surrender": 0
  }
}
