{
  "rounds": 100000000,
  "rules": {
    "game_type": "ahc",
    "soft17": "s17",
    "das": true,
    "bj_pays": 1.5,
    "double_down": "any_two",
    "surrender": "early_surrender",
    "play_ace_pairs": false,
    "max_splits": 4,
    "decks": 6,
    "penetration_cards": 250
  },
  "ev": -0.11309132000000204,
  "stddev": 1.933070591237749,
  "winning_distrib": {
    "-2.0": 49696677,
    "+0.0": 6261212,
    "+2.0": 44042111
  },
  "hands": {
    "total": 100000000,
    "won": 44042111,
    "lost": 49696677,
    "push": 6261212,
    "busted": 0,
    "blackjack": 0,
    "doubled": 100000000,
    "split": 0,
    "insured": 0,
    "surrender": 0
  }
}
