{
  "rounds": 100000000,
  "rules": {
    "game_type": "ahc",
    "soft17": "s17",
    "das": true,
    "bj_pays": 1.5,
    "double_down": "any_two",
    "surrender": "early_surrender",
    "play_ace_pairs": false,
    "max_splits": 4,
    "decks": 6,
    "penetration_cards": 250
  },
  "ev": -0.005156079999999931,
  "stddev": 2.6137661990232854,
  "winning_distrib": {
    "-8.0": 1245,
    "-7.0": 17394,
    "-6.0": 137280,
    "-5.0": 686241,
    "-4.0": 3686881,
    "-3.0": 15351149,
    "-2.0": 26382828,
    "-1.0": 3831188,
    "+0.0": 2564676,
    "+1.0": 5188312,
    "+2.0": 18774896,
    "+3.0": 16659381,
    "+4.0": 5394339,
    "+5.0": 1017941,
    "+6.0": 262069,
    "+7.0": 40352,
    "+8.0": 3828
  },
  "hands": {
    "total": 213487758,
    "won": 97876925,
    "lost": 109947224,
    "push": 5663609,
    "busted": 428882,
    "blackjack": 0,
    "doubled": 61195911,
    "split": 213487758,
    "insured": 0,
    "surrender": 0
  }
}
