{
  "rounds": 100000000,
  "rules": {
    "game_type": "ahc",
    "soft17": "s17",
    "das": true,
    "bj_pays": 1.5,
    "double_down": "any_two",
    "surrender": "early_surrender",
    "play_ace_pairs": false,
    "max_splits": 4,
    "decks": 6,
    "penetration_cards": 250
  },
  "ev": -0.6023609699999964,
  "stddev": 0.7859657358931605,
  "winning_distrib": {
    "-1.0": 79147092,
    "+0.0": 1941913,
    "+1.0": 18910995
  },
  "hands": {
    "total": 100000000,
    "won": 18910995,
    "lost": 79147092,
    "push": 1941913,
    "busted": 77603360,
    "blackjack": 0,
    "doubled": 0,
    "split": 0,
    "insured": 0,
    "surrender": 0
  }
}
