{
  "rounds": 100000000,
  "rules": {
    "game_type": "enhc",
    "soft17": "s17",
    "das": true,
    "double_down": "any_two",
    "surrender": "no_surrender",
    "play_ace_pairs": false,
    "max_splits": 4,
    "decks": 6,
    "penetration_cards": 46
  },
  "ev": -0.00551878,
  "stddev": 0.9594522251122273,
  "winning_distrib": {
    "-1.0": 46304890,
    "+0.0": 7942098,
    "+1.0": 45753012
  },
  "hands": {
    "total": 100000000,
    "won": 45753012,
    "lost": 46304890,
    "push": 7942098,
    "busted": 37146877,
    "blackjack": 0,
    "doubled": 0,
    "split": 0,
    "insured": 0,
    "surrender": 0
  }
}
