{
  "rounds": 100000000,
  "rules": {
    "game_type": "ahc",
    "soft17": "s17",
    "das": true,
    "bj_pays": 1.5,
    "double_down": "any_two",
    "surrender": "early_surrender",
    "play_ace_pairs": false,
    "max_splits": 4,
    "decks": 6,
    "penetration_cards": 250
  },
  "ev": -0.6096537100000093,
  "stddev": 0.770279384260366,
  "winning_distrib": {
    "-1.0": 78733084,
    "+0.0": 3499203,
    "+1.0": 17767713
  },
  "hands": {
    "total": 100000000,
    "won": 17767713,
    "lost": 78733084,
    "push": 3499203,
    "busted": 77079361,
    "blackjack": 0,
    "doubled": 0,
    "split": 0,
    "insured": 0,
    "surrender": 0
  }
}
