{
  "rounds": 100000000,
  "rules": {
    "game_type": "ahc",
    "soft17": "s17",
    "das": true,
    "bj_pays": 1.5,
    "double_down": "any_two",
    "surrender": "early_surrender",
    "play_ace_pairs": false,
    "max_splits": 4,
    "decks": 6,
    "penetration_cards": 250
  },
  "ev": -0.25876895999999566,
  "stddev": 1.908995322619497,
  "winning_distrib": {
    "-2.0": 52859530,
    "+0.0": 7219388,
    "+2.0": 39921082
  },
  "hands": {
    "total": 100000000,
    "won": 39921082,
    "lost": 52859530,
    "push": 7219388,
    "busted": 0,
    "blackjack": 0,
    "doubled": 100000000,
    "split": 0,
    "insured": 0,
    "surrender": 0
  }
}
