{
  "rounds": 100000000,
  "rules": {
    "game_type": "ahc",
    "soft17": "s17",
    "das": true,
    "bj_pays": 1.5,
    "double_down": "any_two",
    "surrender": "early_surrender",
    "play_ace_pairs": false,
    "max_splits": 4,
    "decks": 6,
    "penetration_cards": 250
  },
  "ev": -0.3386287400000015,
  "stddev": 0.9107727953452928,
  "winning_distrib": {
    "-1.0": 64140262,
    "+0.0": 5582350,
    "+1.0": 30277388
  },
  "hands": {
    "total": 100000000,
    "won": 30277388,
    "lost": 64140262,
    "push": 5582350,
    "busted": 43743847,
    "blackjack": 0,
    "doubled": 0,
    "split": 0,
    "insured": 0,
    "surrender": 0
  }
}
