{
  "rounds": 100000000,
  "rules": {
    "game_type": "ahc",
    "soft17": "s17",
    "das": true,
    "bj_pays": 1.5,
    "double_down": "any_two",
    "surrender": "early_surrender",
    "play_ace_pairs": false,
    "max_splits": 4,
    "decks": 6,
    "penetration_cards": 250
  },
  "ev": -0.7779705499999919,
  "stddev": 1.5018841419661038,
  "winning_distrib": {
    "-2.0": 42963513,
    "-1.0": 32658473,
    "+0.0": 3983792,
    "+2.0": 20394222
  },
  "hands": {
    "total": 100000000,
    "won": 20394222,
    "lost": 75621986,
    "push": 3983792,
    "busted": 0,
    "blackjack": 0,
    "doubled": 67341527,
    "split": 0,
    "insured": 0,
    "surrender": 0
  }
}
