{
  "rounds": 100000000,
  "rules": {
    "game_type": "ahc",
    "soft17": "s17",
    "das": true,
    "bj_pays": 1.5,
    "double_down": "any_two",
    "surrender": "early_surrender",
    "play_ace_pairs": false,
    "max_splits": 4,
    "decks": 6,
    "penetration_cards": 250
  },
  "ev": 0.4453724700000114,
  "stddev": 0.8164038949143074,
  "winning_distrib": {
    "-1.0": 20974974,
    "+0.0": 13512805,
    "+1.0": 65512221
  },
  "hands": {
    "total": 100000000,
    "won": 65512221,
    "lost": 20974974,
    "push": 13512805,
    "busted": 0,
    "blackjack": 0,
    "doubled": 0,
    "split": 0,
    "insured": 0,
    "surrender": 0
  }
}
