{
  "rounds": 100000000,
  "rules": {
    "game_type": "ahc",
    "soft17": "s17",
    "das": false,
    "double_down": "any_two",
    "surrender": "no_surrender",
    "play_ace_pairs": false,
    "max_splits": 4,
    "decks": 6,
    "penetration_cards": 46
  },
  "ev": -0.21579511000000245,
  "stddev": 0.9365501530998488,
  "winning_distrib": {
    "-1.0": 56974441,
    "+0.0": 7630629,
    "+1.0": 35394930
  },
  "hands": {
    "total": 100000000,
    "won": 35394930,
    "lost": 56974441,
    "push": 7630629,
    "busted": 48473922,
    "blackjack": 0,
    "doubled": 0,
    "split": 0,
    "insured": 0,
    "surrender": 0
  }
}
