{
  "rounds": 100000000,
  "rules": {
    "game_type": "ahc",
    "soft17": "s17",
    "das": false,
    "double_down": "any_two",
    "surrender": "no_surrender",
    "play_ace_pairs": false,
    "max_splits": 4,
    "decks": 6,
    "penetration_cards": 46
  },
  "ev": -0.05339546999999876,
  "stddev": 0.9164980753843266,
  "winning_distrib": {
    "-1.0": 44810763,
    "+0.0": 15718021,
    "+1.0": 39471216
  },
  "hands": {
    "total": 100000000,
    "won": 39471216,
    "lost": 44810763,
    "push": 15718021,
    "busted": 19615325,
    "blackjack": 0,
    "doubled": 0,
    "split": 0,
    "insured": 0,
    "surrender": 0
  }
}
