{
  "rounds": 100000000,
  "rules": {
    "game_type": "ahc",
    "soft17": "s17",
    "das": true,
    "bj_pays": 1.5,
    "double_down": "any_two",
    "surrender": "early_surrender",
    "play_ace_pairs": false,
    "max_splits": 4,
    "decks": 6,
    "penetration_cards": 250
  },
  "ev": -0.28448302000000364,
  "stddev": 1.9389034965477836,
  "winning_distrib": {
    "-2.0": 55115542,
    "+0.0": 3993067,
    "+2.0": 40891391
  },
  "hands": {
    "total": 100000000,
    "won": 40891391,
    "lost": 55115542,
    "push": 3993067,
    "busted": 34046196,
    "blackjack": 0,
    "doubled": 100000000,
    "split": 0,
    "insured": 0,
    "surrender": 0
  }
}
