{
  "rounds": 100000000,
  "rules": {
    "game_type": "ahc",
    "soft17": "s17",
    "das": true,
    "bj_pays": 1.5,
    "double_down": "any_two",
    "surrender": "early_surrender",
    "play_ace_pairs": false,
    "max_splits": 4,
    "decks": 6,
    "penetration_cards": 250
  },
  "ev": -0.6303468000000105,
  "stddev": 0.7595572114719411,
  "winning_distrib": {
    "-1.0": 80230552,
    "+0.0": 2573576,
    "+1.0": 17195872
  },
  "hands": {
    "total": 100000000,
    "won": 17195872,
    "lost": 80230552,
    "push": 2573576,
    "busted": 77601617,
    "blackjack": 0,
    "doubled": 0,
    "split": 0,
    "insured": 0,
    "surrender": 0
  }
}
