{
  "rounds": 100000000,
  "rules": {
    "game_type": "ahc",
    "soft17": "s17",
    "das": true,
    "bj_pays": 1.5,
    "double_down": "any_two",
    "surrender": "early_surrender",
    "play_ace_pairs": false,
    "max_splits": 4,
    "decks": 6,
    "penetration_cards": 250
  },
  "ev": -0.5648417399999986,
  "stddev": 1.9073847344295853,
  "winning_distrib": {
    "-2.0": 63585577,
    "+0.0": 1070933,
    "+2.0": 35343490
  },
  "hands": {
    "total": 100000000,
    "won": 35343490,
    "lost": 63585577,
    "push": 1070933,
    "busted": 0,
    "blackjack": 0,
    "doubled": 100000000,
    "split": 0,
    "insured": 0,
    "surrender": 0
  }
}
