{
  "rounds": 100000000,
  "rules": {
    "game_type": "ahc",
    "soft17": "s17",
    "das": true,
    "bj_pays": 1.5,
    "double_down": "any_two",
    "surrender": "early_surrender",
    "play_ace_pairs": false,
    "max_splits": 4,
    "decks": 6,
    "penetration_cards": 250
  },
  "ev": -0.2957492400000034,
  "stddev": 1.9362094164961836,
  "winning_distrib": {
    "-2.0": 55348412,
    "+0.0": 4090638,
    "+2.0": 40560950
  },
  "hands": {
    "total": 100000000,
    "won": 40560950,
    "lost": 55348412,
    "push": 4090638,
    "busted": 33328761,
    "blackjack": 0,
    "doubled": 100000000,
    "split": 0,
    "insured": 0,
    "surrender": 0
  }
}
