{
  "rounds": 100000000,
  "rules": {
    "game_type": "ahc",
    "soft17": "s17",
    "das": true,
    "bj_pays": 1.5,
    "double_down": "any_two",
    "surrender": "early_surrender",
    "play_ace_pairs": false,
    "max_splits": 4,
    "decks": 6,
    "penetration_cards": 250
  },
  "ev": -0.014908620000000173,
  "stddev": 1.8508458950723046,
  "winning_distrib": {
    "-2.0": 43195875,
    "+0.0": 14353681,
    "+2.0": 42450444
  },
  "hands": {
    "total": 100000000,
    "won": 42450444,
    "lost": 43195875,
    "push": 14353681,
    "busted": 0,
    "blackjack": 0,
    "doubled": 100000000,
    "split": 0,
    "insured": 0,
    "surrender": 0
  }
}
