{
  "rounds": 100000000,
  "rules": {
    "game_type": "enhc",
    "soft17": "h17",
    "das": true,
    "double_down": "any_two",
    "surrender": "no_surrender",
    "play_ace_pairs": false,
    "max_splits": 4,
    "decks": 6,
    "penetration_cards": 46
  },
  "ev": 0.03640772000000063,
  "stddev": 0.9544496775808148,
  "winning_distrib": {
    "-1.0": 43794599,
    "+0.0": 8770030,
    "+1.0": 47435371
  },
  "hands": {
    "total": 100000000,
    "won": 47435371,
    "lost": 43794599,
    "push": 8770030,
    "busted": 21203642,
    "blackjack": 0,
    "doubled": 0,
    "split": 0,
    "insured": 0,
    "surrender": 0
  }
}
