{
  "rounds": 100000000,
  "rules": {
    "game_type": "ahc",
    "soft17": "s17",
    "das": true,
    "bj_pays": 1.5,
    "double_down": "any_two",
    "surrender": "early_surrender",
    "play_ace_pairs": false,
    "max_splits": 4,
    "decks": 6,
    "penetration_cards": 250
  },
  "ev": -0.6142497000000108,
  "stddev": 0.7794416155974702,
  "winning_distrib": {
    "-1.0": 79954081,
    "+0.0": 1516808,
    "+1.0": 18529111
  },
  "hands": {
    "total": 100000000,
    "won": 18529111,
    "lost": 79954081,
    "push": 1516808,
    "busted": 78329525,
    "blackjack": 0,
    "doubled": 0,
    "split": 0,
    "insured": 0,
    "surrender": 0
  }
}
