{
  "rounds": 100000000,
  "rules": {
    "game_type": "ahc",
    "soft17": "s17",
    "das": true,
    "bj_pays": 1.5,
    "double_down": "any_two",
    "surrender": "early_surrender",
    "play_ace_pairs": false,
    "max_splits": 4,
    "decks": 6,
    "penetration_cards": 250
  },
  "ev": -0.002482900000000001,
  "stddev": 1.9326895799792636,
  "winning_distrib": {
    "-8.0": 77,
    "-7.0": 2103,
    "-6.0": 29533,
    "-5.0": 227538,
    "-4.0": 1357706,
    "-3.0": 6718387,
    "-2.0": 19513797,
    "-1.0": 13956971,
    "+0.0": 18773734,
    "+1.0": 12120967,
    "+2.0": 17069657,
    "+3.0": 7986305,
    "+4.0": 1854508,
    "+5.0": 323777,
    "+6.0": 58565,
    "+7.0": 6018,
    "+8.0": 357
  },
  "hands": {
    "total": 218195415,
    "won": 85894300,
    "lost": 92679893,
    "push": 39621222,
    "busted": 39289689,
    "blackjack": 0,
    "doubled": 34066153,
    "split": 218195415,
    "insured": 0,
    "surrender": 0
  }
}
