{
  "rounds": 100000000,
  "rules": {
    "game_type": "ahc",
    "soft17": "s17",
    "das": true,
    "bj_pays": 1.5,
    "double_down": "any_two",
    "surrender": "early_surrender",
    "play_ace_pairs": false,
    "max_splits": 4,
    "decks": 6,
    "penetration_cards": 250
  },
  "ev": -0.8388146000000102,
  "stddev": 1.7771148129504895,
  "winning_distrib": {
    "-2.0": 69242202,
    "+0.0": 3456326,
    "+2.0": 27301472
  },
  "hands": {
    "total": 100000000,
    "won": 27301472,
    "lost": 69242202,
    "push": 3456326,
    "busted": 0,
    "blackjack": 0,
    "doubled": 100000000,
    "split": 0,
    "insured": 0,
    "surrender": 0
  }
}
