{
  "rounds": 100000000,
  "rules": {
    "game_type": "ahc",
    "soft17": "s17",
    "das": true,
    "bj_pays": 1.5,
    "double_down": "any_two",
    "surrender": "early_surrender",
    "play_ace_pairs": false,
    "max_splits": 4,
    "decks": 6,
    "penetration_cards": 250
  },
  "ev": -1.204739239999993,
  "stddev": 1.5755658121539429,
  "winning_distrib": {
    "-2.0": 79291034,
    "+0.0": 1654894,
    "+2.0": 19054072
  },
  "hands": {
    "total": 100000000,
    "won": 19054072,
    "lost": 79291034,
    "push": 1654894,
    "busted": 77600404,
    "blackjack": 0,
    "doubled": 100000000,
    "split": 0,
    "insured": 0,
    "surrender": 0
  }
}
