{
  "rounds": 100000000,
  "rules": {
    "game_type": "ahc",
    "soft17": "s17",
    "das": true,
    "bj_pays": 1.5,
    "double_down": "any_two",
    "surrender": "early_surrender",
    "play_ace_pairs": false,
    "max_splits": 4,
    "decks": 6,
    "penetration_cards": 250
  },
  "ev": -0.7397781399999884,
  "stddev": 0.6600598366322049,
  "winning_distrib": {
    "-1.0": 86136441,
    "+0.0": 1704932,
    "+1.0": 12158627
  },
  "hands": {
    "total": 100000000,
    "won": 12158627,
    "lost": 86136441,
    "push": 1704932,
    "busted": 85421702,
    "blackjack": 0,
    "doubled": 0,
    "split": 0,
    "insured": 0,
    "surrender": 0
  }
}
