{
  "rounds": 100000000,
  "rules": {
    "game_type": "enhc",
    "soft17": "h17",
    "das": true,
    "bj_pays": 1.5,
    "double_down": "any_two",
    "surrender": "no_surrender",
    "play_ace_pairs": false,
    "max_splits": 4,
    "decks": 6,
    "penetration_cards": 250
  },
  "ev": -0.27392568999999717,
  "stddev": 0.9207084092344682,
  "winning_distrib": {
    "-1.0": 59833247,
    "+0.0": 7726075,
    "+1.0": 32440678
  },
  "hands": {
    "total": 100000000,
    "won": 32440678,
    "lost": 59833247,
    "push": 7726075,
    "busted": 48494185,
    "blackjack": 0,
    "doubled": 0,
    "split": 0,
    "insured": 0,
    "surrender": 0
  }
}
