{
  "rounds": 100000000,
  "rules": {
    "game_type": "ahc",
    "soft17": "s17",
    "das": true,
    "bj_pays": 1.5,
    "double_down": "any_two",
    "surrender": "early_surrender",
    "play_ace_pairs": false,
    "max_splits": 4,
    "decks": 6,
    "penetration_cards": 250
  },
  "ev": -0.10961663999999786,
  "stddev": 1.8113978870051366,
  "winning_distrib": {
    "-2.0": 41280670,
    "-1.0": 6998592,
    "+0.0": 12421604,
    "+2.0": 39299134
  },
  "hands": {
    "total": 100000000,
    "won": 39299134,
    "lost": 48279262,
    "push": 12421604,
    "busted": 0,
    "blackjack": 0,
    "doubled": 93001408,
    "split": 0,
    "insured": 0,
    "surrender": 0
  }
}
