{
  "rounds": 100000000,
  "rules": {
    "game_type": "ahc",
    "soft17": "s17",
    "das": false,
    "double_down": "any_two",
    "surrender": "no_surrender",
    "play_ace_pairs": false,
    "max_splits": 4,
    "decks": 6,
    "penetration_cards": 46
  },
  "ev": 0.6709462100000126,
  "stddev": 0.6611051487148164,
  "winning_distrib": {
    "-1.0": 10814131,
    "+0.0": 11277117,
    "+1.0": 77908752
  },
  "hands": {
    "total": 100000000,
    "won": 77908752,
    "lost": 10814131,
    "push": 11277117,
    "busted": 0,
    "blackjack": 0,
    "doubled": 0,
    "split": 0,
    "insured": 0,
    "surrender": 0
  }
}
