{
  "rounds": 100000000,
  "rules": {
    "game_type": "ahc",
    "soft17": "s17",
    "das": true,
    "bj_pays": 1.5,
    "double_down": "any_two",
    "surrender": "early_surrender",
    "play_ace_pairs": false,
    "max_splits": 4,
    "decks": 6,
    "penetration_cards": 250
  },
  "ev": -0.42561505999999394,
  "stddev": 1.584126720245506,
  "winning_distrib": {
    "-2.0": 31772906,
    "-1.0": 33333442,
    "+0.0": 7734778,
    "+2.0": 27158874
  },
  "hands": {
    "total": 100000000,
    "won": 27158874,
    "lost": 65106348,
    "push": 7734778,
    "busted": 0,
    "blackjack": 0,
    "doubled": 66666558,
    "split": 0,
    "insured": 0,
    "surrender": 0
  }
}
