{
  "rounds": 100000000,
  "rules": {
    "game_type": "enhc",
    "soft17": "s17",
    "das": false,
    "double_down": "any_two",
    "surrender": "no_surrender",
    "play_ace_pairs": false,
    "max_splits": 4,
    "decks": 6,
    "penetration_cards": 46
  },
  "ev": -0.002382289999999976,
  "stddev": 0.9677856601853824,
  "winning_distrib": {
    "-1.0": 46949852,
    "+0.0": 6338525,
    "+1.0": 46711623
  },
  "hands": {
    "total": 100000000,
    "won": 46711623,
    "lost": 46949852,
    "push": 6338525,
    "busted": 0,
    "blackjack": 0,
    "doubled": 0,
    "split": 0,
    "insured": 0,
    "surrender": 0
  }
}
