{
  "rounds": 100000000,
  "rules": {
    "game_type": "ahc",
    "soft17": "s17",
    "das": true,
    "bj_pays": 1.5,
    "double_down": "any_two",
    "surrender": "early_surrender",
    "play_ace_pairs": false,
    "max_splits": 4,
    "decks": 6,
    "penetration_cards": 250
  },
  "ev": -0.8460273900000236,
  "stddev": 0.524311728000453,
  "winning_distrib": {
    "-1.0": 91834626,
    "+0.0": 933487,
    "+1.0": 7231887
  },
  "hands": {
    "total": 100000000,
    "won": 7231887,
    "lost": 91834626,
    "push": 933487,
    "busted": 91834626,
    "blackjack": 0,
    "doubled": 0,
    "split": 0,
    "insured": 0,
    "surrender": 0
  }
}
