{
  "rounds": 100000000,
  "rules": {
    "game_type": "ahc",
    "soft17": "s17",
    "das": false,
    "double_down": "any_two",
    "surrender": "no_surrender",
    "play_ace_pairs": false,
    "max_splits": 4,
    "decks": 6,
    "penetration_cards": 46
  },
  "ev": 0.28560636000000983,
  "stddev": 0.7527146954811927,
  "winning_distrib": {
    "-1.0": 18127202,
    "+0.0": 35184960,
    "+1.0": 46687838
  },
  "hands": {
    "total": 100000000,
    "won": 46687838,
    "lost": 18127202,
    "push": 35184960,
    "busted": 0,
    "blackjack": 0,
    "doubled": 0,
    "split": 0,
    "insured": 0,
    "surrender": 0
  }
}
