{
  "rounds": 100000000,
  "rules": {
    "game_type": "ahc",
    "soft17": "s17",
    "das": true,
    "bj_pays": 1.5,
    "double_down": "any_two",
    "surrender": "early_surrender",
    "play_ace_pairs": false,
    "max_splits": 4,
    "decks": 6,
    "penetration_cards": 250
  },
  "ev": 0.3529992499999939,
  "stddev": 2.6216683024804706,
  "winning_distrib": {
    "-8.0": 964,
    "-7.0": 14345,
    "-6.0": 116181,
    "-5.0": 585912,
    "-4.0": 3155450,
    "-3.0": 13264623,
    "-2.0": 23137387,
    "-1.0": 3348291,
    "+0.0": 2194327,
    "+1.0": 4664918,
    "+2.0": 22040976,
    "+3.0": 19598944,
    "+4.0": 6286145,
    "+5.0": 1222201,
    "+6.0": 315862,
    "+7.0": 48819,
    "+8.0": 4655
  },
  "hands": {
    "total": 213484907,
    "won": 112707487,
    "lost": 95847701,
    "push": 4929719,
    "busted": 0,
    "blackjack": 0,
    "doubled": 61189541,
    "split": 213484907,
    "insured": 0,
    "surrender": 0
  }
}
