{
  "rounds": 100000000,
  "rules": {
    "game_type": "ahc",
    "soft17": "s17",
    "das": true,
    "bj_pays": 1.5,
    "double_down": "any_two",
    "surrender": "early_surrender",
    "play_ace_pairs": false,
    "max_splits": 4,
    "decks": 6,
    "penetration_cards": 250
  },
  "ev": -0.6226074499999825,
  "stddev": 0.7639266450650352,
  "winning_distrib": {
    "-1.0": 79691570,
    "+0.0": 2877605,
    "+1.0": 17430825
  },
  "hands": {
    "total": 100000000,
    "won": 17430825,
    "lost": 79691570,
    "push": 2877605,
    "busted": 76970017,
    "blackjack": 0,
    "doubled": 0,
    "split": 0,
    "insured": 0,
    "surrender": 0
  }
}
