{
  "rounds": 100000000,
  "rules": {
    "game_type": "enhc",
    "soft17": "s17",
    "das": false,
    "double_down": "any_two",
    "surrender": "no_surrender",
    "play_ace_pairs": false,
    "max_splits": 4,
    "decks": 6,
    "penetration_cards": 46
  },
  "ev": 0.39373647999999495,
  "stddev": 1.883687006856507,
  "winning_distrib": {
    "-2.0": 36447902,
    "+0.0": 7417372,
    "+2.0": 56134726
  },
  "hands": {
    "total": 100000000,
    "won": 56134726,
    "lost": 36447902,
    "push": 7417372,
    "busted": 0,
    "blackjack": 0,
    "doubled": 100000000,
    "split": 0,
    "insured": 0,
    "surrender": 0
  }
}
