{
  "rounds": 100000000,
  "rules": {
    "game_type": "ahc",
    "soft17": "s17",
    "das": true,
    "bj_pays": 1.5,
    "double_down": "any_two",
    "surrender": "early_surrender",
    "play_ace_pairs": false,
    "max_splits": 4,
    "decks": 6,
    "penetration_cards": 250
  },
  "ev": 0.1472460699999974,
  "stddev": 0.9506888733479943,
  "winning_distrib": {
    "-1.0": 38912233,
    "+0.0": 7450927,
    "+1.0": 53636840
  },
  "hands": {
    "total": 100000000,
    "won": 53636840,
    "lost": 38912233,
    "push": 7450927,
    "busted": 0,
    "blackjack": 0,
    "doubled": 0,
    "split": 0,
    "insured": 0,
    "surrender": 0
  }
}
