{
  "rounds": 100000000,
  "rules": {
    "game_type": "ahc",
    "soft17": "h17",
    "das": true,
    "double_down": "any_two",
    "surrender": "no_surrender",
    "play_ace_pairs": false,
    "max_splits": 4,
    "decks": 6,
    "penetration_cards": 46
  },
  "ev": -0.24167857999999687,
  "stddev": 0.9126959254315359,
  "winning_distrib": {
    "-1.0": 56655048,
    "+0.0": 10857762,
    "+1.0": 32487190
  },
  "hands": {
    "total": 100000000,
    "won": 32487190,
    "lost": 56655048,
    "push": 10857762,
    "busted": 0,
    "blackjack": 0,
    "doubled": 0,
    "split": 0,
    "insured": 0,
    "surrender": 0
  }
}
