{
  "rounds": 100000000,
  "rules": {
    "game_type": "ahc",
    "soft17": "s17",
    "das": true,
    "bj_pays": 1.5,
    "double_down": "any_two",
    "surrender": "early_surrender",
    "play_ace_pairs": false,
    "max_splits": 4,
    "decks": 6,
    "penetration_cards": 250
  },
  "ev": 0.5724691999999962,
  "stddev": 1.8270561262404017,
  "winning_distrib": {
    "-2.0": 31511458,
    "+0.0": 8353624,
    "+2.0": 60134918
  },
  "hands": {
    "total": 100000000,
    "won": 60134918,
    "lost": 31511458,
    "push": 8353624,
    "busted": 0,
    "blackjack": 0,
    "doubled": 100000000,
    "split": 0,
    "insured": 0,
    "surrender": 0
  }
}
