{
  "rounds": 100000000,
  "rules": {
    "game_type": "enhc",
    "soft17": "s17",
    "das": false,
    "double_down": "any_two",
    "surrender": "no_surrender",
    "play_ace_pairs": false,
    "max_splits": 4,
    "decks": 6,
    "penetration_cards": 46
  },
  "ev": -0.6298615999999931,
  "stddev": 1.8396778844921697,
  "winning_distrib": {
    "-2.0": 63010794,
    "+0.0": 5471492,
    "+2.0": 31517714
  },
  "hands": {
    "total": 100000000,
    "won": 31517714,
    "lost": 63010794,
    "push": 5471492,
    "busted": 0,
    "blackjack": 0,
    "doubled": 100000000,
    "split": 0,
    "insured": 0,
    "surrender": 0
  }
}
