{
  "rounds": 100000000,
  "rules": {
    "game_type": "enhc",
    "soft17": "h17",
    "das": false,
    "double_down": "any_two",
    "surrender": "no_surrender",
    "play_ace_pairs": false,
    "max_splits": 4,
    "decks": 6,
    "penetration_cards": 46
  },
  "ev": -0.06797176000000012,
  "stddev": 0.9837063228012957,
  "winning_distrib": {
    "-1.0": 52013502,
    "+0.0": 2770172,
    "+1.0": 45216326
  },
  "hands": {
    "total": 100000000,
    "won": 45216326,
    "lost": 52013502,
    "push": 2770172,
    "busted": 0,
    "blackjack": 0,
    "doubled": 0,
    "split": 0,
    "insured": 0,
    "surrender": 0
  }
}
