{
  "rounds": 100000000,
  "rules": {
    "game_type": "ahc",
    "soft17": "s17",
    "das": true,
    "double_down": "any_two",
    "surrender": "no_surrender",
    "play_ace_pairs": false,
    "max_splits": 4,
    "decks": 6,
    "penetration_cards": 46
  },
  "ev": -0.38210688999999126,
  "stddev": 0.8516132349059485,
  "winning_distrib": {
    "-1.0": 62667883,
    "+0.0": 12874923,
    "+1.0": 24457194
  },
  "hands": {
    "total": 100000000,
    "won": 24457194,
    "lost": 62667883,
    "push": 12874923,
    "busted": 0,
    "blackjack": 0,
    "doubled": 0,
    "split": 0,
    "insured": 0,
    "surrender": 0
  }
}
