{
  "rounds": 100000000,
  "rules": {
    "game_type": "ahc",
    "soft17": "s17",
    "das": true,
    "bj_pays": 1.5,
    "double_down": "any_two",
    "surrender": "early_surrender",
    "play_ace_pairs": false,
    "max_splits": 4,
    "decks": 6,
    "penetration_cards": 250
  },
  "ev": 0.11885913000000019,
  "stddev": 0.928791842041144,
  "winning_distrib": {
    "-1.0": 37896132,
    "+0.0": 12321823,
    "+1.0": 49782045
  },
  "hands": {
    "total": 100000000,
    "won": 49782045,
    "lost": 37896132,
    "push": 12321823,
    "busted": 0,
    "blackjack": 0,
    "doubled": 0,
    "split": 0,
    "insured": 0,
    "surrender": 0
  }
}
