{
  "rounds": 100000000,
  "rules": {
    "game_type": "ahc",
    "soft17": "h17",
    "das": false,
    "double_down": "any_two",
    "surrender": "no_surrender",
    "play_ace_pairs": false,
    "max_splits": 4,
    "decks": 6,
    "penetration_cards": 46
  },
  "ev": 0.5735218600000164,
  "stddev": 1.83852091364327,
  "winning_distrib": {
    "-2.0": 32025534,
    "+0.0": 7272839,
    "+2.0": 60701627
  },
  "hands": {
    "total": 100000000,
    "won": 60701627,
    "lost": 32025534,
    "push": 7272839,
    "busted": 0,
    "blackjack": 0,
    "doubled": 100000000,
    "split": 0,
    "insured": 0,
    "surrender": 0
  }
}
