{
  "rounds": 100000000,
  "rules": {
    "game_type": "enhc",
    "soft17": "s17",
    "das": false,
    "double_down": "any_two",
    "surrender": "no_surrender",
    "play_ace_pairs": false,
    "max_splits": 4,
    "decks": 6,
    "penetration_cards": 46
  },
  "ev": 0.04460962999999907,
  "stddev": 0.9677143588249433,
  "winning_distrib": {
    "-1.0": 44692573,
    "+0.0": 6153891,
    "+1.0": 49153536
  },
  "hands": {
    "total": 100000000,
    "won": 49153536,
    "lost": 44692573,
    "push": 6153891,
    "busted": 3212290,
    "blackjack": 0,
    "doubled": 0,
    "split": 0,
    "insured": 0,
    "surrender": 0
  }
}
