{
  "rounds": 100000000,
  "rules": {
    "game_type": "ahc",
    "soft17": "s17",
    "das": true,
    "bj_pays": 1.5,
    "double_down": "any_two",
    "surrender": "early_surrender",
    "play_ace_pairs": false,
    "max_splits": 4,
    "decks": 6,
    "penetration_cards": 250
  },
  "ev": -0.009080679999999923,
  "stddev": 1.9513446182897434,
  "winning_distrib": {
    "-2.0": 47824870,
    "+0.0": 4804294,
    "+2.0": 47370836
  },
  "hands": {
    "total": 100000000,
    "won": 47370836,
    "lost": 47824870,
    "push": 4804294,
    "busted": 0,
    "blackjack": 0,
    "doubled": 100000000,
    "split": 0,
    "insured": 0,
    "surrender": 0
  }
}
