{
  "rounds": 100000000,
  "rules": {
    "game_type": "enhc",
    "soft17": "s17",
    "das": true,
    "double_down": "any_two",
    "surrender": "no_surrender",
    "play_ace_pairs": false,
    "max_splits": 4,
    "decks": 6,
    "penetration_cards": 46
  },
  "ev": 0.1988035900000053,
  "stddev": 2.032373741197348,
  "winning_distrib": {
    "-8.0": 3,
    "-7.0": 342,
    "-6.0": 9307,
    "-5.0": 127071,
    "-4.0": 986268,
    "-3.0": 5762227,
    "-2.0": 24199735,
    "-1.0": 9324609,
    "+0.0": 13972659,
    "+1.0": 5055383,
    "+2.0": 29657205,
    "+3.0": 8813530,
    "+4.0": 1770593,
    "+5.0": 290814,
    "+6.0": 28813,
    "+7.0": 1425,
    "+8.0": 16
  },
  "hands": {
    "total": 216705832,
    "won": 107897473,
    "lost": 92301475,
    "push": 16506884,
    "busted": 5582030,
    "blackjack": 0,
    "doubled": 18017759,
    "split": 216705832,
    "insured": 0,
    "surrender": 0
  }
}
