{
  "rounds": 100000000,
  "rules": {
    "game_type": "ahc",
    "soft17": "s17",
    "das": true,
    "bj_pays": 1.5,
    "double_down": "any_two",
    "surrender": "early_surrender",
    "play_ace_pairs": false,
    "max_splits": 4,
    "decks": 6,
    "penetration_cards": 250
  },
  "ev": -0.7343821900000037,
  "stddev": 1.555398043332766,
  "winning_distrib": {
    "-2.0": 44816369,
    "-1.0": 28067837,
    "+0.0": 4984616,
    "+2.0": 22131178
  },
  "hands": {
    "total": 100000000,
    "won": 22131178,
    "lost": 72884206,
    "push": 4984616,
    "busted": 0,
    "blackjack": 0,
    "doubled": 71932163,
    "split": 0,
    "insured": 0,
    "surrender": 0
  }
}
