{
  "rounds": 100000000,
  "rules": {
    "game_type": "enhc",
    "soft17": "s17",
    "das": false,
    "double_down": "any_two",
    "surrender": "no_surrender",
    "play_ace_pairs": false,
    "max_splits": 4,
    "decks": 6,
    "penetration_cards": 46
  },
  "ev": -0.0053510999999999585,
  "stddev": 1.9517559898261843,
  "winning_distrib": {
    "-2.0": 47751028,
    "+0.0": 4765499,
    "+2.0": 47483473
  },
  "hands": {
    "total": 100000000,
    "won": 47483473,
    "lost": 47751028,
    "push": 4765499,
    "busted": 0,
    "blackjack": 0,
    "doubled": 100000000,
    "split": 0,
    "insured": 0,
    "surrender": 0
  }
}
