{
  "rounds": 100000000,
  "rules": {
    "game_type": "ahc",
    "soft17": "s17",
    "das": true,
    "bj_pays": 1.5,
    "double_down": "any_two",
    "surrender": "early_surrender",
    "play_ace_pairs": false,
    "max_splits": 4,
    "decks": 6,
    "penetration_cards": 250
  },
  "ev": -0.7805084800000226,
  "stddev": 1.7912311477677132,
  "winning_distrib": {
    "-2.0": 67233993,
    "+0.0": 4557438,
    "+2.0": 28208569
  },
  "hands": {
    "total": 100000000,
    "won": 28208569,
    "lost": 67233993,
    "push": 4557438,
    "busted": 48984477,
    "blackjack": 0,
    "doubled": 100000000,
    "split": 0,
    "insured": 0,
    "surrender": 0
  }
}
