{
  "rounds": 100000000,
  "rules": {
    "game_type": "ahc",
    "soft17": "s17",
    "das": true,
    "bj_pays": 1.5,
    "double_down": "any_two",
    "surrender": "early_surrender",
    "play_ace_pairs": false,
    "max_splits": 4,
    "decks": 6,
    "penetration_cards": 250
  },
  "ev": -0.2670804400000015,
  "stddev": 1.890528242135086,
  "winning_distrib": {
    "-2.0": 52244873,
    "+0.0": 8864276,
    "+2.0": 38890851
  },
  "hands": {
    "total": 100000000,
    "won": 38890851,
    "lost": 52244873,
    "push": 8864276,
    "busted": 0,
    "blackjack": 0,
    "doubled": 100000000,
    "split": 0,
    "insured": 0,
    "surrender": 0
  }
}
