{
  "rounds": 100000000,
  "rules": {
    "game_type": "ahc",
    "soft17": "s17",
    "das": true,
    "bj_pays": 1.5,
    "double_down": "any_two",
    "surrender": "early_surrender",
    "play_ace_pairs": false,
    "max_splits": 4,
    "decks": 6,
    "penetration_cards": 250
  },
  "ev": -0.7836413000000155,
  "stddev": 1.789485419040037,
  "winning_distrib": {
    "-2.0": 67295429,
    "+0.0": 4591207,
    "+2.0": 28113364
  },
  "hands": {
    "total": 100000000,
    "won": 28113364,
    "lost": 67295429,
    "push": 4591207,
    "busted": 52177332,
    "blackjack": 0,
    "doubled": 100000000,
    "split": 0,
    "insured": 0,
    "surrender": 0
  }
}
