{
  "rounds": 100000000,
  "rules": {
    "game_type": "ahc",
    "soft17": "s17",
    "das": true,
    "bj_pays": 1.5,
    "double_down": "any_two",
    "surrender": "early_surrender",
    "play_ace_pairs": false,
    "max_splits": 4,
    "decks": 6,
    "penetration_cards": 250
  },
  "ev": -0.7390673500000078,
  "stddev": 0.6595700770307146,
  "winning_distrib": {
    "-1.0": 86016029,
    "+0.0": 1874677,
    "+1.0": 12109294
  },
  "hands": {
    "total": 100000000,
    "won": 12109294,
    "lost": 86016029,
    "push": 1874677,
    "busted": 84995059,
    "blackjack": 0,
    "doubled": 0,
    "split": 0,
    "insured": 0,
    "surrender": 0
  }
}
