{
  "rounds": 100000000,
  "rules": {
    "game_type": "ahc",
    "soft17": "s17",
    "das": true,
    "bj_pays": 1.5,
    "double_down": "any_two",
    "surrender": "early_surrender",
    "play_ace_pairs": false,
    "max_splits": 4,
    "decks": 6,
    "penetration_cards": 250
  },
  "ev": -0.1983924099999991,
  "stddev": 0.9150446929125605,
  "winning_distrib": {
    "-1.0": 53752937,
    "+0.0": 12333367,
    "+1.0": 33913696
  },
  "hands": {
    "total": 100000000,
    "won": 33913696,
    "lost": 53752937,
    "push": 12333367,
    "busted": 0,
    "blackjack": 0,
    "doubled": 0,
    "split": 0,
    "insured": 0,
    "surrender": 0
  }
}
