{
  "rounds": 100000000,
  "rules": {
    "game_type": "ahc",
    "soft17": "s17",
    "das": true,
    "bj_pays": 1.5,
    "double_down": "any_two",
    "surrender": "early_surrender",
    "play_ace_pairs": false,
    "max_splits": 4,
    "decks": 6,
    "penetration_cards": 250
  },
  "ev": -0.48212269999999513,
  "stddev": 0.8408248386046591,
  "winning_distrib": {
    "-1.0": 71077570,
    "+0.0": 6057130,
    "+1.0": 22865300
  },
  "hands": {
    "total": 100000000,
    "won": 22865300,
    "lost": 71077570,
    "push": 6057130,
    "busted": 60710278,
    "blackjack": 0,
    "doubled": 0,
    "split": 0,
    "insured": 0,
    "surrender": 0
  }
}
