{
  "rounds": 100000000,
  "rules": {
    "game_type": "ahc",
    "soft17": "s17",
    "das": true,
    "bj_pays": 1.5,
    "double_down": "any_two",
    "surrender": "early_surrender",
    "play_ace_pairs": false,
    "max_splits": 4,
    "decks": 6,
    "penetration_cards": 250
  },
  "ev": -0.2737305299999928,
  "stddev": 0.9156212837901507,
  "winning_distrib": {
    "-1.0": 59351063,
    "+0.0": 8670927,
    "+1.0": 31978010
  },
  "hands": {
    "total": 100000000,
    "won": 31978010,
    "lost": 59351063,
    "push": 8670927,
    "busted": 19202419,
    "blackjack": 0,
    "doubled": 0,
    "split": 0,
    "insured": 0,
    "surrender": 0
  }
}
