{
  "rounds": 100000000,
  "rules": {
    "game_type": "ahc",
    "soft17": "s17",
    "das": true,
    "bj_pays": 1.5,
    "double_down": "any_two",
    "surrender": "early_surrender",
    "play_ace_pairs": false,
    "max_splits": 4,
    "decks": 6,
    "penetration_cards": 250
  },
  "ev": 0.047880789999999125,
  "stddev": 0.9563561831740048,
  "winning_distrib": {
    "-1.0": 43451446,
    "+0.0": 8309029,
    "+1.0": 48239525
  },
  "hands": {
    "total": 100000000,
    "won": 48239525,
    "lost": 43451446,
    "push": 8309029,
    "busted": 33682338,
    "blackjack": 0,
    "doubled": 0,
    "split": 0,
    "insured": 0,
    "surrender": 0
  }
}
