{
  "rounds": 100000000,
  "rules": {
    "game_type": "enhc",
    "soft17": "h17",
    "das": false,
    "double_down": "any_two",
    "surrender": "no_surrender",
    "play_ace_pairs": false,
    "max_splits": 4,
    "decks": 6,
    "penetration_cards": 46
  },
  "ev": -0.2853766000000102,
  "stddev": 0.9037674061064591,
  "winning_distrib": {
    "-1.0": 59180596,
    "+0.0": 10176468,
    "+1.0": 30642936
  },
  "hands": {
    "total": 100000000,
    "won": 30642936,
    "lost": 59180596,
    "push": 10176468,
    "busted": 27877626,
    "blackjack": 0,
    "doubled": 0,
    "split": 0,
    "insured": 0,
    "surrender": 0
  }
}
