{
  "rounds": 100000000,
  "rules": {
    "game_type": "ahc",
    "soft17": "s17",
    "das": true,
    "bj_pays": 1.5,
    "double_down": "any_two",
    "surrender": "early_surrender",
    "play_ace_pairs": false,
    "max_splits": 4,
    "decks": 6,
    "penetration_cards": 250
  },
  "ev": -0.41156763999999585,
  "stddev": 1.9466447122161394,
  "winning_distrib": {
    "-2.0": 59774360,
    "+0.0": 1029662,
    "+2.0": 39195978
  },
  "hands": {
    "total": 100000000,
    "won": 39195978,
    "lost": 59774360,
    "push": 1029662,
    "busted": 0,
    "blackjack": 0,
    "doubled": 100000000,
    "split": 0,
    "insured": 0,
    "surrender": 0
  }
}
