{
  "rounds": 100000000,
  "rules": {
    "game_type": "enhc",
    "soft17": "h17",
    "das": true,
    "bj_pays": 1.5,
    "double_down": "any_two",
    "surrender": "no_surrender",
    "play_ace_pairs": false,
    "max_splits": 4,
    "decks": 6,
    "penetration_cards": 250
  },
  "ev": -0.8873389200000018,
  "stddev": 1.7247850158214224,
  "winning_distrib": {
    "-2.0": 69211644,
    "+0.0": 5943658,
    "+2.0": 24844698
  },
  "hands": {
    "total": 100000000,
    "won": 24844698,
    "lost": 69211644,
    "push": 5943658,
    "busted": 46301370,
    "blackjack": 0,
    "doubled": 100000000,
    "split": 0,
    "insured": 0,
    "surrender": 0
  }
}
