{
  "rounds": 100000000,
  "rules": {
    "game_type": "ahc",
    "soft17": "s17",
    "das": true,
    "bj_pays": 1.5,
    "double_down": "any_two",
    "surrender": "early_surrender",
    "play_ace_pairs": false,
    "max_splits": 4,
    "decks": 6,
    "penetration_cards": 250
  },
  "ev": -0.04938318999999968,
  "stddev": 0.9122838587128651,
  "winning_distrib": {
    "-1.0": 44204186,
    "+0.0": 16529947,
    "+1.0": 39265867
  },
  "hands": {
    "total": 100000000,
    "won": 39265867,
    "lost": 44204186,
    "push": 16529947,
    "busted": 18464540,
    "blackjack": 0,
    "doubled": 0,
    "split": 0,
    "insured": 0,
    "surrender": 0
  }
}
