{
  "rounds": 100000000,
  "rules": {
    "game_type": "ahc",
    "soft17": "s17",
    "das": true,
    "bj_pays": 1.5,
    "double_down": "any_two",
    "surrender": "early_surrender",
    "play_ace_pairs": false,
    "max_splits": 4,
    "decks": 6,
    "penetration_cards": 250
  },
  "ev": 0.047707940000001295,
  "stddev": 1.881145089526057,
  "winning_distrib": {
    "-2.0": 40725001,
    "-1.0": 6252230,
    "+0.0": 6786256,
    "+2.0": 46236513
  },
  "hands": {
    "total": 100000000,
    "won": 46236513,
    "lost": 46977231,
    "push": 6786256,
    "busted": 0,
    "blackjack": 0,
    "doubled": 93747770,
    "split": 0,
    "insured": 0,
    "surrender": 0
  }
}
