{
  "rounds": 100000000,
  "rules": {
    "game_type": "ahc",
    "soft17": "h17",
    "das": false,
    "double_down": "any_two",
    "surrender": "no_surrender",
    "play_ace_pairs": false,
    "max_splits": 4,
    "decks": 6,
    "penetration_cards": 46
  },
  "ev": -0.1771426500000034,
  "stddev": 1.4251786385791532,
  "winning_distrib": {
    "-2.0": 27409705,
    "-1.0": 9534890,
    "+0.0": 36634180,
    "+1.0": 6202415,
    "+2.0": 20218810
  },
  "hands": {
    "total": 200000000,
    "won": 82190758,
    "lost": 99905023,
    "push": 17904219,
    "busted": 79743942,
    "blackjack": 0,
    "doubled": 0,
    "split": 200000000,
    "insured": 0,
    "surrender": 0
  }
}
