{
  "rounds": 100000000,
  "rules": {
    "game_type": "ahc",
    "soft17": "s17",
    "das": false,
    "double_down": "any_two",
    "surrender": "no_surrender",
    "play_ace_pairs": false,
    "max_splits": 4,
    "decks": 6,
    "penetration_cards": 46
  },
  "ev": -0.3077145400000119,
  "stddev": 0.9002620229562728,
  "winning_distrib": {
    "-1.0": 60643724,
    "+0.0": 9484006,
    "+1.0": 29872270
  },
  "hands": {
    "total": 100000000,
    "won": 29872270,
    "lost": 60643724,
    "push": 9484006,
    "busted": 22590217,
    "blackjack": 0,
    "doubled": 0,
    "split": 0,
    "insured": 0,
    "surrender": 0
  }
}
