{
  "rounds": 100000000,
  "rules": {
    "game_type": "ahc",
    "soft17": "h17",
    "das": true,
    "double_down": "any_two",
    "surrender": "no_surrender",
    "play_ace_pairs": false,
    "max_splits": 4,
    "decks": 6,
    "penetration_cards": 46
  },
  "ev": 0.06127527999999962,
  "stddev": 1.926745343106982,
  "winning_distrib": {
    "-2.0": 44919396,
    "+0.0": 7097444,
    "+2.0": 47983160
  },
  "hands": {
    "total": 100000000,
    "won": 47983160,
    "lost": 44919396,
    "push": 7097444,
    "busted": 0,
    "blackjack": 0,
    "doubled": 100000000,
    "split": 0,
    "insured": 0,
    "surrender": 0
  }
}
