{
  "rounds": 100000000,
  "rules": {
    "game_type": "ahc",
    "soft17": "s17",
    "das": true,
    "bj_pays": 1.5,
    "double_down": "any_two",
    "surrender": "early_surrender",
    "play_ace_pairs": false,
    "max_splits": 4,
    "decks": 6,
    "penetration_cards": 250
  },
  "ev": 0.138385909999996,
  "stddev": 2.3353745276621463,
  "winning_distrib": {
    "-8.0": 810,
    "-7.0": 11101,
    "-6.0": 88749,
    "-5.0": 444166,
    "-4.0": 2607810,
    "-3.0": 11104672,
    "-2.0": 19506964,
    "-1.0": 7923610,
    "+0.0": 13697169,
    "+1.0": 9201039,
    "+2.0": 15121251,
    "+3.0": 14543619,
    "+4.0": 4738639,
    "+5.0": 771400,
    "+6.0": 203595,
    "+7.0": 31876,
    "+8.0": 3530
  },
  "hands": {
    "total": 213482532,
    "won": 100018385,
    "lost": 101477188,
    "push": 11986959,
    "busted": 29698759,
    "blackjack": 0,
    "doubled": 59246447,
    "split": 213482532,
    "insured": 0,
    "surrender": 0
  }
}
