{
  "rounds": 100000000,
  "rules": {
    "game_type": "ahc",
    "soft17": "s17",
    "das": true,
    "bj_pays": 1.5,
    "double_down": "any_two",
    "surrender": "early_surrender",
    "play_ace_pairs": false,
    "max_splits": 4,
    "decks": 6,
    "penetration_cards": 250
  },
  "ev": 0.2976132700000031,
  "stddev": 0.9182263446184155,
  "winning_distrib": {
    "-1.0": 31705000,
    "+0.0": 6828673,
    "+1.0": 61466327
  },
  "hands": {
    "total": 100000000,
    "won": 61466327,
    "lost": 31705000,
    "push": 6828673,
    "busted": 0,
    "blackjack": 0,
    "doubled": 0,
    "split": 0,
    "insured": 0,
    "surrender": 0
  }
}
