{
  "rounds": 100000000,
  "rules": {
    "game_type": "ahc",
    "soft17": "s17",
    "das": true,
    "bj_pays": 1.5,
    "double_down": "any_two",
    "surrender": "early_surrender",
    "play_ace_pairs": false,
    "max_splits": 4,
    "decks": 6,
    "penetration_cards": 250
  },
  "ev": 0.7057880000000077,
  "stddev": 1.529257814249221,
  "winning_distrib": {
    "-2.0": 15027922,
    "-1.0": 8529137,
    "+0.0": 20215164,
    "+1.0": 3291773,
    "+2.0": 52936004
  },
  "hands": {
    "total": 200000000,
    "won": 127819736,
    "lost": 57240936,
    "push": 14939328,
    "busted": 0,
    "blackjack": 0,
    "doubled": 0,
    "split": 200000000,
    "insured": 0,
    "surrender": 0
  }
}
