{
  "rounds": 100000000,
  "rules": {
    "game_type": "ahc",
    "soft17": "s17",
    "das": true,
    "bj_pays": 1.5,
    "double_down": "any_two",
    "surrender": "early_surrender",
    "play_ace_pairs": false,
    "max_splits": 4,
    "decks": 6,
    "penetration_cards": 250
  },
  "ev": -1.231573240000025,
  "stddev": 1.5415769128657058,
  "winning_distrib": {
    "-2.0": 79454731,
    "+0.0": 2669200,
    "+2.0": 17876069
  },
  "hands": {
    "total": 100000000,
    "won": 17876069,
    "lost": 79454731,
    "push": 2669200,
    "busted": 77043477,
    "blackjack": 0,
    "doubled": 100000000,
    "split": 0,
    "insured": 0,
    "surrender": 0
  }
}
