{
  "rounds": 100000000,
  "rules": {
    "game_type": "ahc",
    "soft17": "s17",
    "das": true,
    "bj_pays": 1.5,
    "double_down": "any_two",
    "surrender": "early_surrender",
    "play_ace_pairs": false,
    "max_splits": 4,
    "decks": 6,
    "penetration_cards": 250
  },
  "ev": 0.370328020000001,
  "stddev": 0.8530145279414749,
  "winning_distrib": {
    "-1.0": 24722430,
    "+0.0": 13522338,
    "+1.0": 61755232
  },
  "hands": {
    "total": 100000000,
    "won": 61755232,
    "lost": 24722430,
    "push": 13522338,
    "busted": 0,
    "blackjack": 0,
    "doubled": 0,
    "split": 0,
    "insured": 0,
    "surrender": 0
  }
}
