{
  "rounds": 100000000,
  "rules": {
    "game_type": "ahc",
    "soft17": "s17",
    "das": true,
    "bj_pays": 1.5,
    "double_down": "any_two",
    "surrender": "early_surrender",
    "play_ace_pairs": false,
    "max_splits": 4,
    "decks": 6,
    "penetration_cards": 250
  },
  "ev": 0.3256996700000064,
  "stddev": 2.696618609977935,
  "winning_distrib": {
    "-8.0": 2850,
    "-7.0": 31647,
    "-6.0": 205108,
    "-5.0": 836360,
    "-4.0": 4100473,
    "-3.0": 14152837,
    "-2.0": 19024032,
    "-1.0": 5016344,
    "+0.0": 4613676,
    "+1.0": 5805721,
    "+2.0": 17122437,
    "+3.0": 19240709,
    "+4.0": 7602194,
    "+5.0": 1623117,
    "+6.0": 514705,
    "+7.0": 96078,
    "+8.0": 11712
  },
  "hands": {
    "total": 216198358,
    "won": 111131614,
    "lost": 97383565,
    "push": 7683179,
    "busted": 0,
    "blackjack": 0,
    "doubled": 74406365,
    "split": 216198358,
    "insured": 0,
    "surrender": 0
  }
}
