{
  "rounds": 100000000,
  "rules": {
    "game_type": "enhc",
    "soft17": "h17",
    "das": true,
    "double_down": "any_two",
    "surrender": "no_surrender",
    "play_ace_pairs": false,
    "max_splits": 4,
    "decks": 6,
    "penetration_cards": 46
  },
  "ev": 0.07437879000000076,
  "stddev": 0.9629947636782498,
  "winning_distrib": {
    "-1.0": 42925616,
    "+0.0": 6710889,
    "+1.0": 50363495
  },
  "hands": {
    "total": 100000000,
    "won": 50363495,
    "lost": 42925616,
    "push": 6710889,
    "busted": 0,
    "blackjack": 0,
    "doubled": 0,
    "split": 0,
    "insured": 0,
    "surrender": 0
  }
}
