{
  "rounds": 100000000,
  "rules": {
    "game_type": "ahc",
    "soft17": "s17",
    "das": true,
    "bj_pays": 1.5,
    "double_down": "any_two",
    "surrender": "early_surrender",
    "play_ace_pairs": false,
    "max_splits": 4,
    "decks": 6,
    "penetration_cards": 250
  },
  "ev": -0.05948301000000063,
  "stddev": 0.9034016989593725,
  "winning_distrib": {
    "-1.0": 43957793,
    "+0.0": 18032715,
    "+1.0": 38009492
  },
  "hands": {
    "total": 100000000,
    "won": 38009492,
    "lost": 43957793,
    "push": 18032715,
    "busted": 24439374,
    "blackjack": 0,
    "doubled": 0,
    "split": 0,
    "insured": 0,
    "surrender": 0
  }
}
