{
  "rounds": 100000000,
  "rules": {
    "game_type": "ahc",
    "soft17": "s17",
    "das": true,
    "bj_pays": 1.5,
    "double_down": "any_two",
    "surrender": "early_surrender",
    "play_ace_pairs": false,
    "max_splits": 4,
    "decks": 6,
    "penetration_cards": 250
  },
  "ev": -0.49657051999999813,
  "stddev": 1.880151077444714,
  "winning_distrib": {
    "-2.0": 59683642,
    "+0.0": 5461242,
    "+2.0": 34855116
  },
  "hands": {
    "total": 100000000,
    "won": 34855116,
    "lost": 59683642,
    "push": 5461242,
    "busted": 0,
    "blackjack": 0,
    "doubled": 100000000,
    "split": 0,
    "insured": 0,
    "surrender": 0
  }
}
