{
  "rounds": 100000000,
  "rules": {
    "game_type": "enhc",
    "soft17": "s17",
    "das": true,
    "double_down": "any_two",
    "surrender": "no_surrender",
    "play_ace_pairs": false,
    "max_splits": 4,
    "decks": 6,
    "penetration_cards": 46
  },
  "ev": 0.40015549000000333,
  "stddev": 0.8377926359439003,
  "winning_distrib": {
    "-1.0": 23093271,
    "+0.0": 13797909,
    "+1.0": 63108820
  },
  "hands": {
    "total": 100000000,
    "won": 63108820,
    "lost": 23093271,
    "push": 13797909,
    "busted": 0,
    "blackjack": 0,
    "doubled": 0,
    "split": 0,
    "insured": 0,
    "surrender": 0
  }
}
