{
  "rounds": 100000000,
  "rules": {
    "game_type": "enhc",
    "soft17": "s17",
    "das": false,
    "double_down": "any_two",
    "surrender": "no_surrender",
    "play_ace_pairs": false,
    "max_splits": 4,
    "decks": 6,
    "penetration_cards": 46
  },
  "ev": 0.09413231999999942,
  "stddev": 1.9941383066621288,
  "winning_distrib": {
    "-4.0": 622827,
    "-3.0": 3823851,
    "-2.0": 33132843,
    "-1.0": 6688171,
    "+0.0": 10491321,
    "+1.0": 1332536,
    "+2.0": 37766194,
    "+3.0": 5104002,
    "+4.0": 1038255
  },
  "hands": {
    "total": 216736202,
    "won": 109075253,
    "lost": 99662021,
    "push": 7998928,
    "busted": 0,
    "blackjack": 0,
    "doubled": 0,
    "split": 216736202,
    "insured": 0,
    "surrender": 0
  }
}
