{
  "rounds": 100000000,
  "rules": {
    "game_type": "ahc",
    "soft17": "s17",
    "das": true,
    "bj_pays": 1.5,
    "double_down": "any_two",
    "surrender": "early_surrender",
    "play_ace_pairs": false,
    "max_splits": 4,
    "decks": 6,
    "penetration_cards": 250
  },
  "ev": -0.2552508599999923,
  "stddev": 0.9169985969880794,
  "winning_distrib": {
    "-1.0": 58064514,
    "+0.0": 9396058,
    "+1.0": 32539428
  },
  "hands": {
    "total": 100000000,
    "won": 32539428,
    "lost": 58064514,
    "push": 9396058,
    "busted": 13962538,
    "blackjack": 0,
    "doubled": 0,
    "split": 0,
    "insured": 0,
    "surrender": 0
  }
}
