{
  "rounds": 100000000,
  "rules": {
    "game_type": "ahc",
    "soft17": "s17",
    "das": true,
    "bj_pays": 1.5,
    "double_down": "any_two",
    "surrender": "early_surrender",
    "play_ace_pairs": false,
    "max_splits": 4,
    "decks": 6,
    "penetration_cards": 250
  },
  "ev": 0.2081754000000018,
  "stddev": 1.9122722607941518,
  "winning_distrib": {
    "-2.0": 41047142,
    "+0.0": 7496946,
    "+2.0": 51455912
  },
  "hands": {
    "total": 100000000,
    "won": 51455912,
    "lost": 41047142,
    "push": 7496946,
    "busted": 0,
    "blackjack": 0,
    "doubled": 100000000,
    "split": 0,
    "insured": 0,
    "surrender": 0
  }
}
