{
  "rounds": 100000000,
  "rules": {
    "game_type": "ahc",
    "soft17": "s17",
    "das": true,
    "bj_pays": 1.5,
    "double_down": "any_two",
    "surrender": "early_surrender",
    "play_ace_pairs": false,
    "max_splits": 4,
    "decks": 6,
    "penetration_cards": 250
  },
  "ev": -1.265536079999979,
  "stddev": 1.4060671783341134,
  "winning_distrib": {
    "-2.0": 73179099,
    "-1.0": 8511690,
    "+0.0": 4151071,
    "+2.0": 14158140
  },
  "hands": {
    "total": 100000000,
    "won": 14158140,
    "lost": 81690789,
    "push": 4151071,
    "busted": 66165277,
    "blackjack": 0,
    "doubled": 91488310,
    "split": 0,
    "insured": 0,
    "surrender": 0
  }
}
