{
  "rounds": 100000000,
  "rules": {
    "game_type": "ahc",
    "soft17": "s17",
    "das": true,
    "bj_pays": 1.5,
    "double_down": "any_two",
    "surrender": "early_surrender",
    "play_ace_pairs": false,
    "max_splits": 4,
    "decks": 6,
    "penetration_cards": 250
  },
  "ev": -0.8091661299999989,
  "stddev": 1.7063839055670535,
  "winning_distrib": {
    "-2.0": 62322216,
    "-1.0": 6635027,
    "+0.0": 5861334,
    "+2.0": 25181423
  },
  "hands": {
    "total": 100000000,
    "won": 25181423,
    "lost": 68957243,
    "push": 5861334,
    "busted": 33812707,
    "blackjack": 0,
    "doubled": 93364973,
    "split": 0,
    "insured": 0,
    "surrender": 0
  }
}
