{
  "rounds": 100000000,
  "rules": {
    "game_type": "enhc",
    "soft17": "s17",
    "das": false,
    "double_down": "any_two",
    "surrender": "no_surrender",
    "play_ace_pairs": false,
    "max_splits": 4,
    "decks": 6,
    "penetration_cards": 46
  },
  "ev": 0.044682249999999056,
  "stddev": 0.9677175186487568,
  "winning_distrib": {
    "-1.0": 44689572,
    "+0.0": 6152631,
    "+1.0": 49157797
  },
  "hands": {
    "total": 100000000,
    "won": 49157797,
    "lost": 44689572,
    "push": 6152631,
    "busted": 3213189,
    "blackjack": 0,
    "doubled": 0,
    "split": 0,
    "insured": 0,
    "surrender": 0
  }
}
