{
  "rounds": 100000000,
  "rules": {
    "game_type": "enhc",
    "soft17": "s17",
    "das": true,
    "double_down": "any_two",
    "surrender": "no_surrender",
    "play_ace_pairs": false,
    "max_splits": 4,
    "decks": 6,
    "penetration_cards": 46
  },
  "ev": 0.05756222000000032,
  "stddev": 1.9525093671866487,
  "winning_distrib": {
    "-2.0": 46256022,
    "+0.0": 4609845,
    "+2.0": 49134133
  },
  "hands": {
    "total": 100000000,
    "won": 49134133,
    "lost": 46256022,
    "push": 4609845,
    "busted": 0,
    "blackjack": 0,
    "doubled": 100000000,
    "split": 0,
    "insured": 0,
    "surrender": 0
  }
}
