{
  "rounds": 100000000,
  "rules": {
    "game_type": "ahc",
    "soft17": "s17",
    "das": true,
    "bj_pays": 1.5,
    "double_down": "any_two",
    "surrender": "early_surrender",
    "play_ace_pairs": false,
    "max_splits": 4,
    "decks": 6,
    "penetration_cards": 250
  },
  "ev": -1.4529968999999903,
  "stddev": 1.3567971355362691,
  "winning_distrib": {
    "-2.0": 85726153,
    "+0.0": 1197539,
    "+2.0": 13076308
  },
  "hands": {
    "total": 100000000,
    "won": 13076308,
    "lost": 85726153,
    "push": 1197539,
    "busted": 85206281,
    "blackjack": 0,
    "doubled": 100000000,
    "split": 0,
    "insured": 0,
    "surrender": 0
  }
}
