{
  "rounds": 100000000,
  "rules": {
    "game_type": "enhc",
    "soft17": "s17",
    "das": false,
    "double_down": "any_two",
    "surrender": "no_surrender",
    "play_ace_pairs": false,
    "max_splits": 4,
    "decks": 6,
    "penetration_cards": 46
  },
  "ev": -0.10510356000000118,
  "stddev": 1.554791846469842,
  "winning_distrib": {
    "-4.0": 354704,
    "-3.0": 2387269,
    "-2.0": 23415012,
    "-1.0": 12865551,
    "+0.0": 26585315,
    "+1.0": 13127953,
    "+2.0": 19366667,
    "+3.0": 1685561,
    "+4.0": 211968
  },
  "hands": {
    "total": 216686417,
    "won": 83510158,
    "lost": 94020514,
    "push": 39155745,
    "busted": 51794825,
    "blackjack": 0,
    "doubled": 0,
    "split": 216686417,
    "insured": 0,
    "surrender": 0
  }
}
