{
  "rounds": 100000000,
  "rules": {
    "game_type": "ahc",
    "soft17": "s17",
    "das": true,
    "bj_pays": 1.5,
    "double_down": "any_two",
    "surrender": "early_surrender",
    "play_ace_pairs": false,
    "max_splits": 4,
    "decks": 6,
    "penetration_cards": 250
  },
  "ev": -0.19098097999999958,
  "stddev": 0.9594582296712235,
  "winning_distrib": {
    "-1.0": 57400740,
    "+0.0": 4296618,
    "+1.0": 38302642
  },
  "hands": {
    "total": 100000000,
    "won": 38302642,
    "lost": 57400740,
    "push": 4296618,
    "busted": 34036779,
    "blackjack": 0,
    "doubled": 0,
    "split": 0,
    "insured": 0,
    "surrender": 0
  }
}
