{
  "rounds": 100000000,
  "rules": {
    "game_type": "ahc",
    "soft17": "h17",
    "das": false,
    "double_down": "any_two",
    "surrender": "no_surrender",
    "play_ace_pairs": false,
    "max_splits": 4,
    "decks": 6,
    "penetration_cards": 46
  },
  "ev": -0.20929628000000264,
  "stddev": 0.9164939473765085,
  "winning_distrib": {
    "-1.0": 54653118,
    "+0.0": 11623392,
    "+1.0": 33723490
  },
  "hands": {
    "total": 100000000,
    "won": 33723490,
    "lost": 54653118,
    "push": 11623392,
    "busted": 24503488,
    "blackjack": 0,
    "doubled": 0,
    "split": 0,
    "insured": 0,
    "surrender": 0
  }
}
