{
  "rounds": 100000000,
  "rules": {
    "game_type": "ahc",
    "soft17": "s17",
    "das": true,
    "bj_pays": 1.5,
    "double_down": "any_two",
    "surrender": "early_surrender",
    "play_ace_pairs": false,
    "max_splits": 4,
    "decks": 6,
    "penetration_cards": 250
  },
  "ev": 0.2500143399999985,
  "stddev": 0.9082506691676877,
  "winning_distrib": {
    "-1.0": 31870605,
    "+0.0": 11257356,
    "+1.0": 56872039
  },
  "hands": {
    "total": 100000000,
    "won": 56872039,
    "lost": 31870605,
    "push": 11257356,
    "busted": 0,
    "blackjack": 0,
    "doubled": 0,
    "split": 0,
    "insured": 0,
    "surrender": 0
  }
}
