{
  "rounds": 100000000,
  "rules": {
    "game_type": "ahc",
    "soft17": "s17",
    "das": true,
    "bj_pays": 1.5,
    "double_down": "any_two",
    "surrender": "early_surrender",
    "play_ace_pairs": false,
    "max_splits": 4,
    "decks": 6,
    "penetration_cards": 250
  },
  "ev": -0.24974226000000327,
  "stddev": 0.9171989162567885,
  "winning_distrib": {
    "-1.0": 57668365,
    "+0.0": 9637496,
    "+1.0": 32694139
  },
  "hands": {
    "total": 100000000,
    "won": 32694139,
    "lost": 57668365,
    "push": 9637496,
    "busted": 14994795,
    "blackjack": 0,
    "doubled": 0,
    "split": 0,
    "insured": 0,
    "surrender": 0
  }
}
