{
  "rounds": 100000000,
  "rules": {
    "game_type": "ahc",
    "soft17": "s17",
    "das": true,
    "bj_pays": 1.5,
    "double_down": "any_two",
    "surrender": "early_surrender",
    "play_ace_pairs": false,
    "max_splits": 4,
    "decks": 6,
    "penetration_cards": 250
  },
  "ev": -0.18158432999999743,
  "stddev": 0.9373595734214731,
  "winning_distrib": {
    "-1.0": 54660008,
    "+0.0": 8838417,
    "+1.0": 36501575
  },
  "hands": {
    "total": 100000000,
    "won": 36501575,
    "lost": 54660008,
    "push": 8838417,
    "busted": 42162463,
    "blackjack": 0,
    "doubled": 0,
    "split": 0,
    "insured": 0,
    "surrender": 0
  }
}
