{
  "rounds": 100000000,
  "rules": {
    "game_type": "enhc",
    "soft17": "s17",
    "das": true,
    "double_down": "any_two",
    "surrender": "no_surrender",
    "play_ace_pairs": false,
    "max_splits": 4,
    "decks": 6,
    "penetration_cards": 46
  },
  "ev": -0.0992757499999989,
  "stddev": 0.9362391704192822,
  "winning_distrib": {
    "-1.0": 49283760,
    "+0.0": 11360055,
    "+1.0": 39356185
  },
  "hands": {
    "total": 100000000,
    "won": 39356185,
    "lost": 49283760,
    "push": 11360055,
    "busted": 21220440,
    "blackjack": 0,
    "doubled": 0,
    "split": 0,
    "insured": 0,
    "surrender": 0
  }
}
