{
  "rounds": 100000000,
  "rules": {
    "game_type": "enhc",
    "soft17": "s17",
    "das": true,
    "double_down": "any_two",
    "surrender": "no_surrender",
    "play_ace_pairs": false,
    "max_splits": 4,
    "decks": 6,
    "penetration_cards": 46
  },
  "ev": 0.47103189999999323,
  "stddev": 1.5034101542110327,
  "winning_distrib": {
    "-2.0": 16963780,
    "-1.0": 7737421,
    "+0.0": 28455928,
    "+1.0": 4917571,
    "+2.0": 41925300
  },
  "hands": {
    "total": 200000000,
    "won": 116137230,
    "lost": 69034040,
    "push": 14828730,
    "busted": 0,
    "blackjack": 0,
    "doubled": 0,
    "split": 200000000,
    "insured": 0,
    "surrender": 0
  }
}
