{
  "rounds": 100000000,
  "rules": {
    "game_type": "ahc",
    "soft17": "s17",
    "das": true,
    "bj_pays": 1.5,
    "double_down": "any_two",
    "surrender": "early_surrender",
    "play_ace_pairs": false,
    "max_splits": 4,
    "decks": 6,
    "penetration_cards": 250
  },
  "ev": -0.8014902199999779,
  "stddev": 1.771402218194086,
  "winning_distrib": {
    "-2.0": 67290410,
    "+0.0": 5493691,
    "+2.0": 27215899
  },
  "hands": {
    "total": 100000000,
    "won": 27215899,
    "lost": 67290410,
    "push": 5493691,
    "busted": 48004278,
    "blackjack": 0,
    "doubled": 100000000,
    "split": 0,
    "insured": 0,
    "surrender": 0
  }
}
