{
  "rounds": 100000000,
  "rules": {
    "game_type": "ahc",
    "soft17": "s17",
    "das": true,
    "bj_pays": 1.5,
    "double_down": "any_two",
    "surrender": "early_surrender",
    "play_ace_pairs": false,
    "max_splits": 4,
    "decks": 6,
    "penetration_cards": 250
  },
  "ev": -1.3633866799999979,
  "stddev": 1.320860658148815,
  "winning_distrib": {
    "-2.0": 75868557,
    "-1.0": 8692830,
    "+0.0": 3392975,
    "+2.0": 12045638
  },
  "hands": {
    "total": 100000000,
    "won": 12045638,
    "lost": 84561387,
    "push": 3392975,
    "busted": 72224220,
    "blackjack": 0,
    "doubled": 91307170,
    "split": 0,
    "insured": 0,
    "surrender": 0
  }
}
