{
  "rounds": 100000000,
  "rules": {
    "game_type": "enhc",
    "soft17": "h17",
    "das": false,
    "double_down": "any_two",
    "surrender": "no_surrender",
    "play_ace_pairs": false,
    "max_splits": 4,
    "decks": 6,
    "penetration_cards": 46
  },
  "ev": -0.4311385599999865,
  "stddev": 0.8606420797800798,
  "winning_distrib": {
    "-1.0": 67886190,
    "+0.0": 7341476,
    "+1.0": 24772334
  },
  "hands": {
    "total": 100000000,
    "won": 24772334,
    "lost": 67886190,
    "push": 7341476,
    "busted": 48491722,
    "blackjack": 0,
    "doubled": 0,
    "split": 0,
    "insured": 0,
    "surrender": 0
  }
}
