{
  "rounds": 100000000,
  "rules": {
    "game_type": "enhc",
    "soft17": "s17",
    "das": true,
    "double_down": "any_two",
    "surrender": "no_surrender",
    "play_ace_pairs": false,
    "max_splits": 4,
    "decks": 6,
    "penetration_cards": 46
  },
  "ev": -0.6737146200000202,
  "stddev": 0.7130787304940935,
  "winning_distrib": {
    "-1.0": 81804364,
    "+0.0": 3762734,
    "+1.0": 14432902
  },
  "hands": {
    "total": 100000000,
    "won": 14432902,
    "lost": 81804364,
    "push": 3762734,
    "busted": 76845331,
    "blackjack": 0,
    "doubled": 0,
    "split": 0,
    "insured": 0,
    "surrender": 0
  }
}
