{
  "rounds": 100000000,
  "rules": {
    "game_type": "ahc",
    "soft17": "s17",
    "das": true,
    "bj_pays": 1.5,
    "double_down": "any_two",
    "surrender": "early_surrender",
    "play_ace_pairs": false,
    "max_splits": 4,
    "decks": 6,
    "penetration_cards": 250
  },
  "ev": -1.4580160000000146,
  "stddev": 1.3439657442831112,
  "winning_distrib": {
    "-2.0": 85601082,
    "+0.0": 1698636,
    "+2.0": 12700282
  },
  "hands": {
    "total": 100000000,
    "won": 12700282,
    "lost": 85601082,
    "push": 1698636,
    "busted": 84801166,
    "blackjack": 0,
    "doubled": 100000000,
    "split": 0,
    "insured": 0,
    "surrender": 0
  }
}
