{
  "rounds": 100000000,
  "rules": {
    "game_type": "enhc",
    "soft17": "h17",
    "das": false,
    "double_down": "any_two",
    "surrender": "no_surrender",
    "play_ace_pairs": false,
    "max_splits": 4,
    "decks": 6,
    "penetration_cards": 46
  },
  "ev": -0.07197958000000035,
  "stddev": 0.9384829614172716,
  "winning_distrib": {
    "-1.0": 47895545,
    "+0.0": 11406868,
    "+1.0": 40697587
  },
  "hands": {
    "total": 100000000,
    "won": 40697587,
    "lost": 47895545,
    "push": 11406868,
    "busted": 21197198,
    "blackjack": 0,
    "doubled": 0,
    "split": 0,
    "insured": 0,
    "surrender": 0
  }
}
