{
  "rounds": 100000000,
  "rules": {
    "game_type": "ahc",
    "soft17": "s17",
    "das": false,
    "double_down": "any_two",
    "surrender": "no_surrender",
    "play_ace_pairs": false,
    "max_splits": 4,
    "decks": 6,
    "penetration_cards": 46
  },
  "ev": -0.6161601200000046,
  "stddev": 0.7543898542614612,
  "winning_distrib": {
    "-1.0": 78245873,
    "+0.0": 5124266,
    "+1.0": 16629861
  },
  "hands": {
    "total": 100000000,
    "won": 16629861,
    "lost": 78245873,
    "push": 5124266,
    "busted": 38475994,
    "blackjack": 0,
    "doubled": 0,
    "split": 0,
    "insured": 0,
    "surrender": 0
  }
}
