{
  "rounds": 100000000,
  "rules": {
    "game_type": "ahc",
    "soft17": "s17",
    "das": false,
    "double_down": "any_two",
    "surrender": "no_surrender",
    "play_ace_pairs": false,
    "max_splits": 4,
    "decks": 6,
    "penetration_cards": 46
  },
  "ev": 0.4406950899999915,
  "stddev": 0.8295134806203065,
  "winning_distrib": {
    "-1.0": 22080484,
    "+0.0": 11769523,
    "+1.0": 66149993
  },
  "hands": {
    "total": 100000000,
    "won": 66149993,
    "lost": 22080484,
    "push": 11769523,
    "busted": 0,
    "blackjack": 0,
    "doubled": 0,
    "split": 0,
    "insured": 0,
    "surrender": 0
  }
}
