{
  "rounds": 100000000,
  "rules": {
    "game_type": "ahc",
    "soft17": "s17",
    "das": false,
    "double_down": "any_two",
    "surrender": "no_surrender",
    "play_ace_pairs": false,
    "max_splits": 4,
    "decks": 6,
    "penetration_cards": 46
  },
  "ev": 0.2900744200000002,
  "stddev": 0.9207566884577035,
  "winning_distrib": {
    "-1.0": 32093081,
    "+0.0": 6806396,
    "+1.0": 61100523
  },
  "hands": {
    "total": 100000000,
    "won": 61100523,
    "lost": 32093081,
    "push": 6806396,
    "busted": 0,
    "blackjack": 0,
    "doubled": 0,
    "split": 0,
    "insured": 0,
    "surrender": 0
  }
}
