{
  "rounds": 100000000,
  "rules": {
    "game_type": "ahc",
    "soft17": "s17",
    "das": true,
    "bj_pays": 1.5,
    "double_down": "any_two",
    "surrender": "early_surrender",
    "play_ace_pairs": false,
    "max_splits": 4,
    "decks": 6,
    "penetration_cards": 250
  },
  "ev": 0.28718380999999815,
  "stddev": 0.9054699539314576,
  "winning_distrib": {
    "-1.0": 30758328,
    "+0.0": 9764963,
    "+1.0": 59476709
  },
  "hands": {
    "total": 100000000,
    "won": 59476709,
    "lost": 30758328,
    "push": 9764963,
    "busted": 20233406,
    "blackjack": 0,
    "doubled": 0,
    "split": 0,
    "insured": 0,
    "surrender": 0
  }
}
