{
  "rounds": 100000000,
  "rules": {
    "game_type": "ahc",
    "soft17": "h17",
    "das": true,
    "double_down": "any_two",
    "surrender": "no_surrender",
    "play_ace_pairs": false,
    "max_splits": 4,
    "decks": 6,
    "penetration_cards": 46
  },
  "ev": -1.0152812200000194,
  "stddev": 1.652668445765347,
  "winning_distrib": {
    "-2.0": 72408392,
    "+0.0": 5947277,
    "+2.0": 21644331
  },
  "hands": {
    "total": 100000000,
    "won": 21644331,
    "lost": 72408392,
    "push": 5947277,
    "busted": 61404935,
    "blackjack": 0,
    "doubled": 100000000,
    "split": 0,
    "insured": 0,
    "surrender": 0
  }
}
