{
  "rounds": 100000000,
  "rules": {
    "game_type": "ahc",
    "soft17": "s17",
    "das": true,
    "bj_pays": 1.5,
    "double_down": "any_two",
    "surrender": "early_surrender",
    "play_ace_pairs": false,
    "max_splits": 4,
    "decks": 6,
    "penetration_cards": 250
  },
  "ev": -0.5191845800000228,
  "stddev": 1.8024174278943448,
  "winning_distrib": {
    "-2.0": 54614931,
    "-1.0": 6247862,
    "+0.0": 7357574,
    "+2.0": 31779633
  },
  "hands": {
    "total": 100000000,
    "won": 31779633,
    "lost": 60862793,
    "push": 7357574,
    "busted": 0,
    "blackjack": 0,
    "doubled": 93752138,
    "split": 0,
    "insured": 0,
    "surrender": 0
  }
}
