{
  "rounds": 100000000,
  "rules": {
    "game_type": "enhc",
    "soft17": "s17",
    "das": true,
    "double_down": "any_two",
    "surrender": "no_surrender",
    "play_ace_pairs": false,
    "max_splits": 4,
    "decks": 6,
    "penetration_cards": 46
  },
  "ev": -0.0686845599999983,
  "stddev": 0.9072638642913552,
  "winning_distrib": {
    "-1.0": 44826492,
    "+0.0": 17215472,
    "+1.0": 37958036
  },
  "hands": {
    "total": 100000000,
    "won": 37958036,
    "lost": 44826492,
    "push": 17215472,
    "busted": 26254412,
    "blackjack": 0,
    "doubled": 0,
    "split": 0,
    "insured": 0,
    "surrender": 0
  }
}
