{
  "rounds": 100000000,
  "rules": {
    "game_type": "ahc",
    "soft17": "s17",
    "das": true,
    "bj_pays": 1.5,
    "double_down": "any_two",
    "surrender": "early_surrender",
    "play_ace_pairs": false,
    "max_splits": 4,
    "decks": 6,
    "penetration_cards": 250
  },
  "ev": -0.17848609000000212,
  "stddev": 0.9617366349089016,
  "winning_distrib": {
    "-1.0": 56764036,
    "+0.0": 4320537,
    "+1.0": 38915427
  },
  "hands": {
    "total": 100000000,
    "won": 38915427,
    "lost": 56764036,
    "push": 4320537,
    "busted": 31999949,
    "blackjack": 0,
    "doubled": 0,
    "split": 0,
    "insured": 0,
    "surrender": 0
  }
}
