{
  "rounds": 100000000,
  "rules": {
    "game_type": "ahc",
    "soft17": "s17",
    "das": true,
    "bj_pays": 1.5,
    "double_down": "any_two",
    "surrender": "early_surrender",
    "play_ace_pairs": false,
    "max_splits": 4,
    "decks": 6,
    "penetration_cards": 250
  },
  "ev": -1.1278276999999919,
  "stddev": 1.6087765864141386,
  "winning_distrib": {
    "-2.0": 76447660,
    "+0.0": 3496065,
    "+2.0": 20056275
  },
  "hands": {
    "total": 100000000,
    "won": 20056275,
    "lost": 76447660,
    "push": 3496065,
    "busted": 71023939,
    "blackjack": 0,
    "doubled": 100000000,
    "split": 0,
    "insured": 0,
    "surrender": 0
  }
}
