{
  "rounds": 100000000,
  "rules": {
    "game_type": "ahc",
    "soft17": "s17",
    "das": true,
    "bj_pays": 1.5,
    "double_down": "any_two",
    "surrender": "early_surrender",
    "play_ace_pairs": false,
    "max_splits": 4,
    "decks": 6,
    "penetration_cards": 250
  },
  "ev": -0.2322104399999981,
  "stddev": 0.9103153628505588,
  "winning_distrib": {
    "-1.0": 55740309,
    "+0.0": 11740426,
    "+1.0": 32519265
  },
  "hands": {
    "total": 100000000,
    "won": 32519265,
    "lost": 55740309,
    "push": 11740426,
    "busted": 24432872,
    "blackjack": 0,
    "doubled": 0,
    "split": 0,
    "insured": 0,
    "surrender": 0
  }
}
