{
  "rounds": 100000000,
  "rules": {
    "game_type": "ahc",
    "soft17": "s17",
    "das": true,
    "bj_pays": 1.5,
    "double_down": "any_two",
    "surrender": "early_surrender",
    "play_ace_pairs": false,
    "max_splits": 4,
    "decks": 6,
    "penetration_cards": 250
  },
  "ev": -0.8885215100000097,
  "stddev": 1.6602536564729393,
  "winning_distrib": {
    "-2.0": 63594700,
    "-1.0": 7845989,
    "+0.0": 5467692,
    "+2.0": 23091619
  },
  "hands": {
    "total": 100000000,
    "won": 23091619,
    "lost": 71440689,
    "push": 5467692,
    "busted": 36133593,
    "blackjack": 0,
    "doubled": 92154011,
    "split": 0,
    "insured": 0,
    "surrender": 0
  }
}
