{
  "rounds": 100000000,
  "rules": {
    "game_type": "ahc",
    "soft17": "s17",
    "das": true,
    "bj_pays": 1.5,
    "double_down": "any_two",
    "surrender": "early_surrender",
    "play_ace_pairs": false,
    "max_splits": 4,
    "decks": 6,
    "penetration_cards": 250
  },
  "ev": 0.1589262500000007,
  "stddev": 0.9496596264343607,
  "winning_distrib": {
    "-1.0": 38409235,
    "+0.0": 7288905,
    "+1.0": 54301860
  },
  "hands": {
    "total": 100000000,
    "won": 54301860,
    "lost": 38409235,
    "push": 7288905,
    "busted": 0,
    "blackjack": 0,
    "doubled": 0,
    "split": 0,
    "insured": 0,
    "surrender": 0
  }
}
