{
  "rounds": 100000000,
  "rules": {
    "game_type": "enhc",
    "soft17": "h17",
    "das": true,
    "bj_pays": 1.5,
    "double_down": "any_two",
    "surrender": "no_surrender",
    "play_ace_pairs": false,
    "max_splits": 4,
    "decks": 6,
    "penetration_cards": 250
  },
  "ev": -0.06880077999999872,
  "stddev": 0.9836372310698762,
  "winning_distrib": {
    "-1.0": 52053826,
    "+0.0": 2772426,
    "+1.0": 45173748
  },
  "hands": {
    "total": 100000000,
    "won": 45173748,
    "lost": 52053826,
    "push": 2772426,
    "busted": 0,
    "blackjack": 0,
    "doubled": 0,
    "split": 0,
    "insured": 0,
    "surrender": 0
  }
}
