{
  "rounds": 100000000,
  "rules": {
    "game_type": "ahc",
    "soft17": "s17",
    "das": true,
    "bj_pays": 1.5,
    "double_down": "any_two",
    "surrender": "early_surrender",
    "play_ace_pairs": false,
    "max_splits": 4,
    "decks": 6,
    "penetration_cards": 250
  },
  "ev": 0.4502207399999983,
  "stddev": 1.8707474442775511,
  "winning_distrib": {
    "-2.0": 35024415,
    "+0.0": 7440133,
    "+2.0": 57535452
  },
  "hands": {
    "total": 100000000,
    "won": 57535452,
    "lost": 35024415,
    "push": 7440133,
    "busted": 0,
    "blackjack": 0,
    "doubled": 100000000,
    "split": 0,
    "insured": 0,
    "surrender": 0
  }
}
