{
  "rounds": 100000000,
  "rules": {
    "game_type": "ahc",
    "soft17": "s17",
    "das": true,
    "bj_pays": 1.5,
    "double_down": "any_two",
    "surrender": "early_surrender",
    "play_ace_pairs": false,
    "max_splits": 4,
    "decks": 6,
    "penetration_cards": 250
  },
  "ev": -0.6578237800000052,
  "stddev": 0.7281149495567484,
  "winning_distrib": {
    "-1.0": 81035364,
    "+0.0": 3711650,
    "+1.0": 15252986
  },
  "hands": {
    "total": 100000000,
    "won": 15252986,
    "lost": 81035364,
    "push": 3711650,
    "busted": 72251974,
    "blackjack": 0,
    "doubled": 0,
    "split": 0,
    "insured": 0,
    "surrender": 0
  }
}
