{
  "rounds": 100000000,
  "rules": {
    "game_type": "ahc",
    "soft17": "s17",
    "das": true,
    "bj_pays": 1.5,
    "double_down": "any_two",
    "surrender": "early_surrender",
    "play_ace_pairs": false,
    "max_splits": 4,
    "decks": 6,
    "penetration_cards": 250
  },
  "ev": 0.3186889100000028,
  "stddev": 0.9092464885334037,
  "winning_distrib": {
    "-1.0": 30480144,
    "+0.0": 7170821,
    "+1.0": 62349035
  },
  "hands": {
    "total": 100000000,
    "won": 62349035,
    "lost": 30480144,
    "push": 7170821,
    "busted": 0,
    "blackjack": 0,
    "doubled": 0,
    "split": 0,
    "insured": 0,
    "surrender": 0
  }
}
