{
  "rounds": 100000000,
  "rules": {
    "game_type": "enhc",
    "soft17": "s17",
    "das": true,
    "double_down": "any_two",
    "surrender": "no_surrender",
    "play_ace_pairs": false,
    "max_splits": 4,
    "decks": 6,
    "penetration_cards": 46
  },
  "ev": 0.2945045800000031,
  "stddev": 2.3144629195401873,
  "winning_distrib": {
    "-8.0": 111,
    "-7.0": 3284,
    "-6.0": 45494,
    "-5.0": 340147,
    "-4.0": 1849609,
    "-3.0": 8881561,
    "-2.0": 23820332,
    "-1.0": 7726012,
    "+0.0": 6358873,
    "+1.0": 4858048,
    "+2.0": 27792726,
    "+3.0": 13934881,
    "+4.0": 3495429,
    "+5.0": 747373,
    "+6.0": 132314,
    "+7.0": 13228,
    "+8.0": 578
  },
  "hands": {
    "total": 216710124,
    "won": 110093462,
    "lost": 90856147,
    "push": 15760515,
    "busted": 0,
    "blackjack": 0,
    "doubled": 36045968,
    "split": 216710124,
    "insured": 0,
    "surrender": 0
  }
}
