{
  "rounds": 100000000,
  "rules": {
    "game_type": "ahc",
    "soft17": "s17",
    "das": true,
    "bj_pays": 1.5,
    "double_down": "any_two",
    "surrender": "early_surrender",
    "play_ace_pairs": false,
    "max_splits": 4,
    "decks": 6,
    "penetration_cards": 250
  },
  "ev": 0.15324611000000146,
  "stddev": 2.3837111395029758,
  "winning_distrib": {
    "-8.0": 212,
    "-7.0": 6329,
    "-6.0": 75672,
    "-5.0": 500377,
    "-4.0": 2415761,
    "-3.0": 10350532,
    "-2.0": 24565810,
    "-1.0": 7856083,
    "+0.0": 6169569,
    "+1.0": 4867759,
    "+2.0": 24628415,
    "+3.0": 13669165,
    "+4.0": 3794551,
    "+5.0": 901387,
    "+6.0": 177893,
    "+7.0": 19591,
    "+8.0": 894
  },
  "hands": {
    "total": 219046091,
    "won": 105013858,
    "lost": 98475752,
    "push": 15556481,
    "busted": 0,
    "blackjack": 0,
    "doubled": 39704447,
    "split": 219046091,
    "insured": 0,
    "surrender": 0
  }
}
