{
  "rounds": 100000000,
  "rules": {
    "game_type": "ahc",
    "soft17": "s17",
    "das": true,
    "bj_pays": 1.5,
    "double_down": "any_two",
    "surrender": "early_surrender",
    "play_ace_pairs": false,
    "max_splits": 4,
    "decks": 6,
    "penetration_cards": 250
  },
  "ev": -0.2923929500000111,
  "stddev": 0.9199907941137933,
  "winning_distrib": {
    "-1.0": 61213482,
    "+0.0": 6812331,
    "+1.0": 31974187
  },
  "hands": {
    "total": 100000000,
    "won": 31974187,
    "lost": 61213482,
    "push": 6812331,
    "busted": 53109583,
    "blackjack": 0,
    "doubled": 0,
    "split": 0,
    "insured": 0,
    "surrender": 0
  }
}
