{
  "rounds": 100000000,
  "rules": {
    "game_type": "ahc",
    "soft17": "s17",
    "das": true,
    "bj_pays": 1.5,
    "double_down": "any_two",
    "surrender": "early_surrender",
    "play_ace_pairs": false,
    "max_splits": 4,
    "decks": 6,
    "penetration_cards": 250
  },
  "ev": -0.6029110399999926,
  "stddev": 1.8607322194419316,
  "winning_distrib": {
    "-2.0": 62895602,
    "+0.0": 4354348,
    "+2.0": 32750050
  },
  "hands": {
    "total": 100000000,
    "won": 32750050,
    "lost": 62895602,
    "push": 4354348,
    "busted": 41666817,
    "blackjack": 0,
    "doubled": 100000000,
    "split": 0,
    "insured": 0,
    "surrender": 0
  }
}
