{
  "rounds": 100000000,
  "rules": {
    "game_type": "ahc",
    "soft17": "s17",
    "das": true,
    "bj_pays": 1.5,
    "double_down": "any_two",
    "surrender": "early_surrender",
    "play_ace_pairs": false,
    "max_splits": 4,
    "decks": 6,
    "penetration_cards": 250
  },
  "ev": -0.360237759999994,
  "stddev": 0.8886833992866959,
  "winning_distrib": {
    "-1.0": 63988359,
    "+0.0": 8047058,
    "+1.0": 27964583
  },
  "hands": {
    "total": 100000000,
    "won": 27964583,
    "lost": 63988359,
    "push": 8047058,
    "busted": 41436296,
    "blackjack": 0,
    "doubled": 0,
    "split": 0,
    "insured": 0,
    "surrender": 0
  }
}
