{
  "rounds": 100000000,
  "rules": {
    "game_type": "ahc",
    "soft17": "h17",
    "das": false,
    "double_down": "any_two",
    "surrender": "no_surrender",
    "play_ace_pairs": false,
    "max_splits": 4,
    "decks": 6,
    "penetration_cards": 46
  },
  "ev": 0.10765949000000027,
  "stddev": 0.9192738398668793,
  "winning_distrib": {
    "-1.0": 37449773,
    "+0.0": 14334505,
    "+1.0": 48215722
  },
  "hands": {
    "total": 100000000,
    "won": 48215722,
    "lost": 37449773,
    "push": 14334505,
    "busted": 0,
    "blackjack": 0,
    "doubled": 0,
    "split": 0,
    "insured": 0,
    "surrender": 0
  }
}
