{
  "rounds": 100000000,
  "rules": {
    "game_type": "ahc",
    "soft17": "h17",
    "das": false,
    "double_down": "any_two",
    "surrender": "no_surrender",
    "play_ace_pairs": false,
    "max_splits": 4,
    "decks": 6,
    "penetration_cards": 46
  },
  "ev": -0.23951787999999818,
  "stddev": 0.9212604808888472,
  "winning_distrib": {
    "-1.0": 57280378,
    "+0.0": 9391032,
    "+1.0": 33328590
  },
  "hands": {
    "total": 100000000,
    "won": 33328590,
    "lost": 57280378,
    "push": 9391032,
    "busted": 39981142,
    "blackjack": 0,
    "doubled": 0,
    "split": 0,
    "insured": 0,
    "surrender": 0
  }
}
