{
  "rounds": 100000000,
  "rules": {
    "game_type": "enhc",
    "soft17": "s17",
    "das": true,
    "double_down": "any_two",
    "surrender": "no_surrender",
    "play_ace_pairs": false,
    "max_splits": 4,
    "decks": 6,
    "penetration_cards": 46
  },
  "ev": -0.23179938999999944,
  "stddev": 0.9477999692861869,
  "winning_distrib": {
    "-1.0": 59192756,
    "+0.0": 4794427,
    "+1.0": 36012817
  },
  "hands": {
    "total": 100000000,
    "won": 36012817,
    "lost": 59192756,
    "push": 4794427,
    "busted": 30864522,
    "blackjack": 0,
    "doubled": 0,
    "split": 0,
    "insured": 0,
    "surrender": 0
  }
}
