{
  "rounds": 100000000,
  "rules": {
    "game_type": "ahc",
    "soft17": "s17",
    "das": false,
    "double_down": "any_two",
    "surrender": "no_surrender",
    "play_ace_pairs": false,
    "max_splits": 4,
    "decks": 6,
    "penetration_cards": 46
  },
  "ev": 0.2347749200000048,
  "stddev": 0.9334127306029307,
  "winning_distrib": {
    "-1.0": 34580183,
    "+0.0": 7362142,
    "+1.0": 58057675
  },
  "hands": {
    "total": 100000000,
    "won": 58057675,
    "lost": 34580183,
    "push": 7362142,
    "busted": 0,
    "blackjack": 0,
    "doubled": 0,
    "split": 0,
    "insured": 0,
    "surrender": 0
  }
}
