{
  "rounds": 100000000,
  "rules": {
    "game_type": "ahc",
    "soft17": "s17",
    "das": true,
    "double_down": "any_two",
    "surrender": "no_surrender",
    "play_ace_pairs": false,
    "max_splits": 4,
    "decks": 6,
    "penetration_cards": 46
  },
  "ev": 0.11583059999999856,
  "stddev": 0.9343004018156107,
  "winning_distrib": {
    "-1.0": 38525168,
    "+0.0": 11366604,
    "+1.0": 50108228
  },
  "hands": {
    "total": 100000000,
    "won": 50108228,
    "lost": 38525168,
    "push": 11366604,
    "busted": 21275507,
    "blackjack": 0,
    "doubled": 0,
    "split": 0,
    "insured": 0,
    "surrender": 0
  }
}
