{
  "rounds": 100000000,
  "rules": {
    "game_type": "ahc",
    "soft17": "h17",
    "das": true,
    "double_down": "any_two",
    "surrender": "no_surrender",
    "play_ace_pairs": false,
    "max_splits": 4,
    "decks": 6,
    "penetration_cards": 46
  },
  "ev": -0.5488880299999941,
  "stddev": 1.8034937685083714,
  "winning_distrib": {
    "-2.0": 55306981,
    "-1.0": 7569513,
    "+0.0": 5476170,
    "+2.0": 31647336
  },
  "hands": {
    "total": 100000000,
    "won": 31647336,
    "lost": 62876494,
    "push": 5476170,
    "busted": 0,
    "blackjack": 0,
    "doubled": 92430487,
    "split": 0,
    "insured": 0,
    "surrender": 0
  }
}
