{
  "rounds": 100000000,
  "rules": {
    "game_type": "ahc",
    "soft17": "s17",
    "das": true,
    "bj_pays": 1.5,
    "double_down": "any_two",
    "surrender": "early_surrender",
    "play_ace_pairs": false,
    "max_splits": 4,
    "decks": 6,
    "penetration_cards": 250
  },
  "ev": 0.4463415599999955,
  "stddev": 1.8753683710106022,
  "winning_distrib": {
    "-2.0": 35294302,
    "+0.0": 7094318,
    "+2.0": 57611380
  },
  "hands": {
    "total": 100000000,
    "won": 57611380,
    "lost": 35294302,
    "push": 7094318,
    "busted": 0,
    "blackjack": 0,
    "doubled": 100000000,
    "split": 0,
    "insured": 0,
    "surrender": 0
  }
}
