{
  "rounds": 100000000,
  "rules": {
    "game_type": "ahc",
    "soft17": "s17",
    "das": true,
    "bj_pays": 1.5,
    "double_down": "any_two",
    "surrender": "early_surrender",
    "play_ace_pairs": false,
    "max_splits": 4,
    "decks": 6,
    "penetration_cards": 250
  },
  "ev": 0.01397104999999992,
  "stddev": 0.9874647788720217,
  "winning_distrib": {
    "-1.0": 48065541,
    "+0.0": 2471813,
    "+1.0": 49462646
  },
  "hands": {
    "total": 100000000,
    "won": 49462646,
    "lost": 48065541,
    "push": 2471813,
    "busted": 0,
    "blackjack": 0,
    "doubled": 0,
    "split": 0,
    "insured": 0,
    "surrender": 0
  }
}
