{
  "rounds": 100000000,
  "rules": {
    "game_type": "ahc",
    "soft17": "s17",
    "das": true,
    "bj_pays": 1.5,
    "double_down": "any_two",
    "surrender": "early_surrender",
    "play_ace_pairs": false,
    "max_splits": 4,
    "decks": 6,
    "penetration_cards": 250
  },
  "ev": 0.21175044000000307,
  "stddev": 1.892783037483722,
  "winning_distrib": {
    "-2.0": 40049562,
    "+0.0": 9313354,
    "+2.0": 50637084
  },
  "hands": {
    "total": 100000000,
    "won": 50637084,
    "lost": 40049562,
    "push": 9313354,
    "busted": 0,
    "blackjack": 0,
    "doubled": 100000000,
    "split": 0,
    "insured": 0,
    "surrender": 0
  }
}
