{
  "rounds": 100000000,
  "rules": {
    "game_type": "ahc",
    "soft17": "h17",
    "das": false,
    "double_down": "any_two",
    "surrender": "no_surrender",
    "play_ace_pairs": false,
    "max_splits": 4,
    "decks": 6,
    "penetration_cards": 46
  },
  "ev": -0.2715075299999988,
  "stddev": 0.9140105248340662,
  "winning_distrib": {
    "-1.0": 59031955,
    "+0.0": 9086843,
    "+1.0": 31881202
  },
  "hands": {
    "total": 100000000,
    "won": 31881202,
    "lost": 59031955,
    "push": 9086843,
    "busted": 36061703,
    "blackjack": 0,
    "doubled": 0,
    "split": 0,
    "insured": 0,
    "surrender": 0
  }
}
