{
  "rounds": 100000000,
  "rules": {
    "game_type": "ahc",
    "soft17": "s17",
    "das": true,
    "bj_pays": 1.5,
    "double_down": "any_two",
    "surrender": "early_surrender",
    "play_ace_pairs": false,
    "max_splits": 4,
    "decks": 6,
    "penetration_cards": 250
  },
  "ev": -1.1054462000000083,
  "stddev": 1.6230205436923983,
  "winning_distrib": {
    "-2.0": 75838742,
    "+0.0": 3594826,
    "+2.0": 20566432
  },
  "hands": {
    "total": 100000000,
    "won": 20566432,
    "lost": 75838742,
    "push": 3594826,
    "busted": 70399498,
    "blackjack": 0,
    "doubled": 100000000,
    "split": 0,
    "insured": 0,
    "surrender": 0
  }
}
