{
  "rounds": 100000000,
  "rules": {
    "game_type": "ahc",
    "soft17": "h17",
    "das": true,
    "double_down": "any_two",
    "surrender": "no_surrender",
    "play_ace_pairs": false,
    "max_splits": 4,
    "decks": 6,
    "penetration_cards": 46
  },
  "ev": -0.7158153000000143,
  "stddev": 1.786903771392345,
  "winning_distrib": {
    "-2.0": 64213090,
    "+0.0": 7364585,
    "+2.0": 28422325
  },
  "hands": {
    "total": 100000000,
    "won": 28422325,
    "lost": 64213090,
    "push": 7364585,
    "busted": 0,
    "blackjack": 0,
    "doubled": 100000000,
    "split": 0,
    "insured": 0,
    "surrender": 0
  }
}
