{
  "rounds": 100000000,
  "rules": {
    "game_type": "enhc",
    "soft17": "s17",
    "das": false,
    "double_down": "any_two",
    "surrender": "no_surrender",
    "play_ace_pairs": false,
    "max_splits": 4,
    "decks": 6,
    "penetration_cards": 46
  },
  "ev": 0.25742528000000064,
  "stddev": 0.9288526437732664,
  "winning_distrib": {
    "-1.0": 33580486,
    "+0.0": 7096500,
    "+1.0": 59323014
  },
  "hands": {
    "total": 100000000,
    "won": 59323014,
    "lost": 33580486,
    "push": 7096500,
    "busted": 0,
    "blackjack": 0,
    "doubled": 0,
    "split": 0,
    "insured": 0,
    "surrender": 0
  }
}
