{
  "rounds": 100000000,
  "rules": {
    "game_type": "enhc",
    "soft17": "s17",
    "das": true,
    "double_down": "any_two",
    "surrender": "no_surrender",
    "play_ace_pairs": false,
    "max_splits": 4,
    "decks": 6,
    "penetration_cards": 46
  },
  "ev": -0.7021686599999988,
  "stddev": 1.8209827363469562,
  "winning_distrib": {
    "-2.0": 65166953,
    "+0.0": 4774527,
    "+2.0": 30058520
  },
  "hands": {
    "total": 100000000,
    "won": 30058520,
    "lost": 65166953,
    "push": 4774527,
    "busted": 46297988,
    "blackjack": 0,
    "doubled": 100000000,
    "split": 0,
    "insured": 0,
    "surrender": 0
  }
}
