{
  "rounds": 100000000,
  "rules": {
    "game_type": "enhc",
    "soft17": "s17",
    "das": false,
    "double_down": "any_two",
    "surrender": "no_surrender",
    "play_ace_pairs": false,
    "max_splits": 4,
    "decks": 6,
    "penetration_cards": 46
  },
  "ev": -0.23908297999999964,
  "stddev": 0.9116952763869053,
  "winning_distrib": {
    "-1.0": 56371596,
    "+0.0": 11165106,
    "+1.0": 32463298
  },
  "hands": {
    "total": 100000000,
    "won": 32463298,
    "lost": 56371596,
    "push": 11165106,
    "busted": 0,
    "blackjack": 0,
    "doubled": 0,
    "split": 0,
    "insured": 0,
    "surrender": 0
  }
}
