{
  "rounds": 100000000,
  "rules": {
    "game_type": "enhc",
    "soft17": "s17",
    "das": true,
    "double_down": "any_two",
    "surrender": "no_surrender",
    "play_ace_pairs": false,
    "max_splits": 4,
    "decks": 6,
    "penetration_cards": 46
  },
  "ev": -1.517258359999981,
  "stddev": 1.2875876224897846,
  "winning_distrib": {
    "-2.0": 87430894,
    "+0.0": 1001130,
    "+2.0": 11567976
  },
  "hands": {
    "total": 100000000,
    "won": 11567976,
    "lost": 87430894,
    "push": 1001130,
    "busted": 0,
    "blackjack": 0,
    "doubled": 100000000,
    "split": 0,
    "insured": 0,
    "surrender": 0
  }
}
