{
  "rounds": 100000000,
  "rules": {
    "game_type": "enhc",
    "soft17": "s17",
    "das": false,
    "double_down": "any_two",
    "surrender": "no_surrender",
    "play_ace_pairs": false,
    "max_splits": 4,
    "decks": 6,
    "penetration_cards": 46
  },
  "ev": -0.3776145800000044,
  "stddev": 1.407414355752978,
  "winning_distrib": {
    "-2.0": 32165775,
    "-1.0": 11998886,
    "+0.0": 33821275,
    "+1.0": 5459150,
    "+2.0": 16554914
  },
  "hands": {
    "total": 200000000,
    "won": 71087596,
    "lost": 108849054,
    "push": 20063350,
    "busted": 72046518,
    "blackjack": 0,
    "doubled": 0,
    "split": 200000000,
    "insured": 0,
    "surrender": 0
  }
}
