{
  "rounds": 100000000,
  "rules": {
    "game_type": "ahc",
    "soft17": "s17",
    "das": true,
    "bj_pays": 1.5,
    "double_down": "any_two",
    "surrender": "early_surrender",
    "play_ace_pairs": false,
    "max_splits": 4,
    "decks": 6,
    "penetration_cards": 250
  },
  "ev": 0.27509541000001797,
  "stddev": 0.9192837069413209,
  "winning_distrib": {
    "-1.0": 32283230,
    "+0.0": 7923999,
    "+1.0": 59792771
  },
  "hands": {
    "total": 100000000,
    "won": 59792771,
    "lost": 32283230,
    "push": 7923999,
    "busted": 2469814,
    "blackjack": 0,
    "doubled": 0,
    "split": 0,
    "insured": 0,
    "surrender": 0
  }
}
