{
  "rounds": 100000000,
  "rules": {
    "game_type": "ahc",
    "soft17": "s17",
    "das": true,
    "bj_pays": 1.5,
    "double_down": "any_two",
    "surrender": "early_surrender",
    "play_ace_pairs": false,
    "max_splits": 4,
    "decks": 6,
    "penetration_cards": 250
  },
  "ev": -0.1280039899999986,
  "stddev": 0.9206959742612659,
  "winning_distrib": {
    "-1.0": 49603504,
    "+0.0": 13593391,
    "+1.0": 36803105
  },
  "hands": {
    "total": 100000000,
    "won": 36803105,
    "lost": 49603504,
    "push": 13593391,
    "busted": 0,
    "blackjack": 0,
    "doubled": 0,
    "split": 0,
    "insured": 0,
    "surrender": 0
  }
}
