{
  "rounds": 100000000,
  "rules": {
    "game_type": "ahc",
    "soft17": "s17",
    "das": true,
    "bj_pays": 1.5,
    "double_down": "any_two",
    "surrender": "early_surrender",
    "play_ace_pairs": false,
    "max_splits": 4,
    "decks": 6,
    "penetration_cards": 250
  },
  "ev": -0.23468995999999917,
  "stddev": 0.952378733354259,
  "winning_distrib": {
    "-1.0": 59839729,
    "+0.0": 3789538,
    "+1.0": 36370733
  },
  "hands": {
    "total": 100000000,
    "won": 36370733,
    "lost": 59839729,
    "push": 3789538,
    "busted": 42548652,
    "blackjack": 0,
    "doubled": 0,
    "split": 0,
    "insured": 0,
    "surrender": 0
  }
}
