{
  "rounds": 100000000,
  "rules": {
    "game_type": "ahc",
    "soft17": "s17",
    "das": false,
    "double_down": "any_two",
    "surrender": "no_surrender",
    "play_ace_pairs": false,
    "max_splits": 4,
    "decks": 6,
    "penetration_cards": 46
  },
  "ev": 0.26189611000000756,
  "stddev": 0.9276503684967881,
  "winning_distrib": {
    "-1.0": 33361433,
    "+0.0": 7087523,
    "+1.0": 59551044
  },
  "hands": {
    "total": 100000000,
    "won": 59551044,
    "lost": 33361433,
    "push": 7087523,
    "busted": 0,
    "blackjack": 0,
    "doubled": 0,
    "split": 0,
    "insured": 0,
    "surrender": 0
  }
}
