{
  "rounds": 100000000,
  "rules": {
    "game_type": "ahc",
    "soft17": "s17",
    "das": true,
    "bj_pays": 1.5,
    "double_down": "any_two",
    "surrender": "early_surrender",
    "play_ace_pairs": false,
    "max_splits": 4,
    "decks": 6,
    "penetration_cards": 250
  },
  "ev": -0.5186892899999901,
  "stddev": 0.8180416842259436,
  "winning_distrib": {
    "-1.0": 72846003,
    "+0.0": 6176923,
    "+1.0": 20977074
  },
  "hands": {
    "total": 100000000,
    "won": 20977074,
    "lost": 72846003,
    "push": 6176923,
    "busted": 51979493,
    "blackjack": 0,
    "doubled": 0,
    "split": 0,
    "insured": 0,
    "surrender": 0
  }
}
