{
  "rounds": 100000000,
  "rules": {
    "game_type": "ahc",
    "soft17": "s17",
    "das": true,
    "bj_pays": 1.5,
    "double_down": "any_two",
    "surrender": "early_surrender",
    "play_ace_pairs": false,
    "max_splits": 4,
    "decks": 6,
    "penetration_cards": 250
  },
  "ev": 0.13107583999999728,
  "stddev": 0.9585830445804331,
  "winning_distrib": {
    "-1.0": 40249324,
    "+0.0": 6393768,
    "+1.0": 53356908
  },
  "hands": {
    "total": 100000000,
    "won": 53356908,
    "lost": 40249324,
    "push": 6393768,
    "busted": 0,
    "blackjack": 0,
    "doubled": 0,
    "split": 0,
    "insured": 0,
    "surrender": 0
  }
}
