{
  "rounds": 10000000000,
  "rules": {
    "game_type": "ahc",
    "soft17": "s17",
    "das": true,
    "bj_pays": 1.5,
    "double_down": "any_two",
    "surrender": "no_surrender",
    "play_ace_pairs": false,
    "max_splits": 4,
    "decks": 6,
    "penetration_cards": 296
  },
  "ev": -0.4827525930500642,
  "stddev": 1.1435510035892023,
  "winning_distrib": {
    "-9.0": 100,
    "-7.5": 23559,
    "-6.0": 228334,
    "-4.0": 3467691,
    "-3.0": 126496058,
    "-2.5": 5602,
    "-2.0": 1597663495,
    "-1.0": 3837156619,
    "+0.0": 2477187682,
    "+1.0": 1360590254,
    "+2.0": 553396666,
    "+2.5": 14758,
    "+3.0": 42618991,
    "+4.0": 1150191
  },
  "hands": {
    "total": 10000000000,
    "won": 2372036508,
    "lost": 6714205629,
    "push": 913757863,
    "busted": 1583831260,
    "blackjack": 0,
    "doubled": 0,
    "split": 0,
    "insured": 697530,
    "surrender": 0
  }
}
