{
  "rounds": 100000000,
  "rules": {
    "game_type": "ahc",
    "soft17": "s17",
    "das": true,
    "double_down": "any_two",
    "surrender": "no_surrender",
    "play_ace_pairs": false,
    "max_splits": 4,
    "decks": 6,
    "penetration_cards": 46
  },
  "ev": -0.12393065999999824,
  "stddev": 2.2832689249506077,
  "winning_distrib": {
    "-8.0": 120,
    "-7.0": 3657,
    "-6.0": 51357,
    "-5.0": 394335,
    "-4.0": 2165646,
    "-3.0": 10528390,
    "-2.0": 29370189,
    "-1.0": 8216220,
    "+0.0": 7173607,
    "+1.0": 6054607,
    "+2.0": 21457597,
    "+3.0": 11027161,
    "+4.0": 2849785,
    "+5.0": 588654,
    "+6.0": 107289,
    "+7.0": 10854,
    "+8.0": 532
  },
  "hands": {
    "total": 216667248,
    "won": 89467136,
    "lost": 109513620,
    "push": 17686492,
    "busted": 6051795,
    "blackjack": 0,
    "doubled": 36048548,
    "split": 216667248,
    "insured": 0,
    "surrender": 0
  }
}
