{
  "rounds": 100000000,
  "rules": {
    "game_type": "ahc",
    "soft17": "s17",
    "das": true,
    "bj_pays": 1.5,
    "double_down": "any_two",
    "surrender": "early_surrender",
    "play_ace_pairs": false,
    "max_splits": 4,
    "decks": 6,
    "penetration_cards": 250
  },
  "ev": -0.999952659999982,
  "stddev": 1.6743496247180176,
  "winning_distrib": {
    "-2.0": 72540716,
    "+0.0": 4916201,
    "+2.0": 22543083
  },
  "hands": {
    "total": 100000000,
    "won": 22543083,
    "lost": 72540716,
    "push": 4916201,
    "busted": 52171082,
    "blackjack": 0,
    "doubled": 100000000,
    "split": 0,
    "insured": 0,
    "surrender": 0
  }
}
