{
  "rounds": 100000000,
  "rules": {
    "game_type": "ahc",
    "soft17": "s17",
    "das": true,
    "bj_pays": 1.5,
    "double_down": "any_two",
    "surrender": "early_surrender",
    "play_ace_pairs": false,
    "max_splits": 4,
    "decks": 6,
    "penetration_cards": 250
  },
  "ev": 0.687295209999998,
  "stddev": 0.6492778823636912,
  "winning_distrib": {
    "-1.0": 10332063,
    "+0.0": 10606353,
    "+1.0": 79061584
  },
  "hands": {
    "total": 100000000,
    "won": 79061584,
    "lost": 10332063,
    "push": 10606353,
    "busted": 0,
    "blackjack": 0,
    "doubled": 0,
    "split": 0,
    "insured": 0,
    "surrender": 0
  }
}
