{
  "rounds": 100000000,
  "rules": {
    "game_type": "ahc",
    "soft17": "s17",
    "das": true,
    "bj_pays": 1.5,
    "double_down": "any_two",
    "surrender": "early_surrender",
    "play_ace_pairs": false,
    "max_splits": 4,
    "decks": 6,
    "penetration_cards": 250
  },
  "ev": 0.12052980000000209,
  "stddev": 1.907724855346296,
  "winning_distrib": {
    "-2.0": 42661024,
    "+0.0": 8651462,
    "+2.0": 48687514
  },
  "hands": {
    "total": 100000000,
    "won": 48687514,
    "lost": 42661024,
    "push": 8651462,
    "busted": 0,
    "blackjack": 0,
    "doubled": 100000000,
    "split": 0,
    "insured": 0,
    "surrender": 0
  }
}
