{
  "rounds": 100000000,
  "rules": {
    "game_type": "ahc",
    "soft17": "s17",
    "das": true,
    "double_down": "any_two",
    "surrender": "no_surrender",
    "play_ace_pairs": false,
    "max_splits": 4,
    "decks": 6,
    "penetration_cards": 46
  },
  "ev": -1.6419845999999747,
  "stddev": 1.0302301509743303,
  "winning_distrib": {
    "-2.0": 85122837,
    "-1.0": 7720994,
    "+0.0": 272065,
    "+2.0": 6884104
  },
  "hands": {
    "total": 100000000,
    "won": 6884104,
    "lost": 92843831,
    "push": 272065,
    "busted": 85122837,
    "blackjack": 0,
    "doubled": 92279006,
    "split": 0,
    "insured": 0,
    "surrender": 0
  }
}
