{
  "rounds": 100000000,
  "rules": {
    "game_type": "enhc",
    "soft17": "h17",
    "das": true,
    "bj_pays": 1.5,
    "double_down": "any_two",
    "surrender": "no_surrender",
    "play_ace_pairs": false,
    "max_splits": 4,
    "decks": 6,
    "penetration_cards": 250
  },
  "ev": -0.10503448999999998,
  "stddev": 0.9773049040405413,
  "winning_distrib": {
    "-1.0": 53559580,
    "+0.0": 3384289,
    "+1.0": 43056131
  },
  "hands": {
    "total": 100000000,
    "won": 43056131,
    "lost": 53559580,
    "push": 3384289,
    "busted": 3337474,
    "blackjack": 0,
    "doubled": 0,
    "split": 0,
    "insured": 0,
    "surrender": 0
  }
}
