{
  "rounds": 100000000,
  "rules": {
    "game_type": "enhc",
    "soft17": "h17",
    "das": true,
    "double_down": "any_two",
    "surrender": "no_surrender",
    "play_ace_pairs": false,
    "max_splits": 4,
    "decks": 6,
    "penetration_cards": 46
  },
  "ev": 0.4153827800000081,
  "stddev": 1.87673608728052,
  "winning_distrib": {
    "-2.0": 35798945,
    "+0.0": 7632971,
    "+2.0": 56568084
  },
  "hands": {
    "total": 100000000,
    "won": 56568084,
    "lost": 35798945,
    "push": 7632971,
    "busted": 0,
    "blackjack": 0,
    "doubled": 100000000,
    "split": 0,
    "insured": 0,
    "surrender": 0
  }
}
