{
  "rounds": 100000000,
  "rules": {
    "game_type": "ahc",
    "soft17": "s17",
    "das": true,
    "bj_pays": 1.5,
    "double_down": "any_two",
    "surrender": "early_surrender",
    "play_ace_pairs": false,
    "max_splits": 4,
    "decks": 6,
    "penetration_cards": 250
  },
  "ev": -0.04098520999999918,
  "stddev": 2.6499559378948425,
  "winning_distrib": {
    "-8.0": 3355,
    "-7.0": 38372,
    "-6.0": 251681,
    "-5.0": 1011432,
    "-4.0": 4624645,
    "-3.0": 15496943,
    "-2.0": 21701610,
    "-1.0": 6360610,
    "+0.0": 5809232,
    "+1.0": 6037347,
    "+2.0": 15201128,
    "+3.0": 15285892,
    "+4.0": 6298134,
    "+5.0": 1350253,
    "+6.0": 438859,
    "+7.0": 80882,
    "+8.0": 9625
  },
  "hands": {
    "total": 217423217,
    "won": 93034327,
    "lost": 108364194,
    "push": 16024696,
    "busted": 5576227,
    "blackjack": 0,
    "doubled": 72293846,
    "split": 217423217,
    "insured": 0,
    "surrender": 0
  }
}
