{
  "rounds": 100000000,
  "rules": {
    "game_type": "ahc",
    "soft17": "s17",
    "das": true,
    "bj_pays": 1.5,
    "double_down": "any_two",
    "surrender": "early_surrender",
    "play_ace_pairs": false,
    "max_splits": 4,
    "decks": 6,
    "penetration_cards": 250
  },
  "ev": -1.0344370399999816,
  "stddev": 1.6660650281528133,
  "winning_distrib": {
    "-2.0": 73933834,
    "+0.0": 3854184,
    "+2.0": 22211982
  },
  "hands": {
    "total": 100000000,
    "won": 22211982,
    "lost": 73933834,
    "push": 3854184,
    "busted": 68753682,
    "blackjack": 0,
    "doubled": 100000000,
    "split": 0,
    "insured": 0,
    "surrender": 0
  }
}
