{
  "rounds": 100000000,
  "rules": {
    "game_type": "ahc",
    "soft17": "s17",
    "das": true,
    "bj_pays": 1.5,
    "double_down": "any_two",
    "surrender": "early_surrender",
    "play_ace_pairs": false,
    "max_splits": 4,
    "decks": 6,
    "penetration_cards": 250
  },
  "ev": -0.14026514000000265,
  "stddev": 1.8243381769241351,
  "winning_distrib": {
    "-2.0": 43009987,
    "-1.0": 6253846,
    "+0.0": 11612514,
    "+2.0": 39123653
  },
  "hands": {
    "total": 100000000,
    "won": 39123653,
    "lost": 49263833,
    "push": 11612514,
    "busted": 0,
    "blackjack": 0,
    "doubled": 93746154,
    "split": 0,
    "insured": 0,
    "surrender": 0
  }
}
