{
  "rounds": 100000000,
  "rules": {
    "game_type": "ahc",
    "soft17": "s17",
    "das": true,
    "bj_pays": 1.5,
    "double_down": "any_two",
    "surrender": "early_surrender",
    "play_ace_pairs": false,
    "max_splits": 4,
    "decks": 6,
    "penetration_cards": 250
  },
  "ev": 0.40953747999999485,
  "stddev": 1.6134060240702108,
  "winning_distrib": {
    "-2.0": 21337415,
    "-1.0": 9512379,
    "+0.0": 20547747,
    "+1.0": 4063961,
    "+2.0": 44538498
  },
  "hands": {
    "total": 200000000,
    "won": 111999576,
    "lost": 71045828,
    "push": 16954596,
    "busted": 4625012,
    "blackjack": 0,
    "doubled": 0,
    "split": 200000000,
    "insured": 0,
    "surrender": 0
  }
}
