{
  "rounds": 100000000,
  "rules": {
    "game_type": "ahc",
    "soft17": "h17",
    "das": false,
    "double_down": "any_two",
    "surrender": "no_surrender",
    "play_ace_pairs": false,
    "max_splits": 4,
    "decks": 6,
    "penetration_cards": 46
  },
  "ev": 0.6705713399999952,
  "stddev": 1.8110639057664668,
  "winning_distrib": {
    "-2.0": 29855946,
    "+0.0": 6759541,
    "+2.0": 63384513
  },
  "hands": {
    "total": 100000000,
    "won": 63384513,
    "lost": 29855946,
    "push": 6759541,
    "busted": 0,
    "blackjack": 0,
    "doubled": 100000000,
    "split": 0,
    "insured": 0,
    "surrender": 0
  }
}
