{
  "rounds": 100000000,
  "rules": {
    "game_type": "ahc",
    "soft17": "s17",
    "das": true,
    "bj_pays": 1.5,
    "double_down": "any_two",
    "surrender": "early_surrender",
    "play_ace_pairs": false,
    "max_splits": 4,
    "decks": 6,
    "penetration_cards": 250
  },
  "ev": -0.6622254199999906,
  "stddev": 0.7239996673670535,
  "winning_distrib": {
    "-1.0": 81247172,
    "+0.0": 3728198,
    "+1.0": 15024630
  },
  "hands": {
    "total": 100000000,
    "won": 15024630,
    "lost": 81247172,
    "push": 3728198,
    "busted": 71918158,
    "blackjack": 0,
    "doubled": 0,
    "split": 0,
    "insured": 0,
    "surrender": 0
  }
}
