{
  "rounds": 100000000,
  "rules": {
    "game_type": "ahc",
    "soft17": "s17",
    "das": true,
    "bj_pays": 1.5,
    "double_down": "any_two",
    "surrender": "early_surrender",
    "play_ace_pairs": false,
    "max_splits": 4,
    "decks": 6,
    "penetration_cards": 250
  },
  "ev": 0.32135620000000165,
  "stddev": 0.8935052773795336,
  "winning_distrib": {
    "-1.0": 29013264,
    "+0.0": 9837852,
    "+1.0": 61148884
  },
  "hands": {
    "total": 100000000,
    "won": 61148884,
    "lost": 29013264,
    "push": 9837852,
    "busted": 19131714,
    "blackjack": 0,
    "doubled": 0,
    "split": 0,
    "insured": 0,
    "surrender": 0
  }
}
