{
  "rounds": 100000000,
  "rules": {
    "game_type": "enhc",
    "soft17": "h17",
    "das": true,
    "double_down": "any_two",
    "surrender": "no_surrender",
    "play_ace_pairs": false,
    "max_splits": 4,
    "decks": 6,
    "penetration_cards": 46
  },
  "ev": -0.6217128300000052,
  "stddev": 0.7644894458773249,
  "winning_distrib": {
    "-1.0": 79634189,
    "+0.0": 2902905,
    "+1.0": 17462906
  },
  "hands": {
    "total": 100000000,
    "won": 17462906,
    "lost": 79634189,
    "push": 2902905,
    "busted": 76838448,
    "blackjack": 0,
    "doubled": 0,
    "split": 0,
    "insured": 0,
    "surrender": 0
  }
}
