{
  "rounds": 100000000,
  "rules": {
    "game_type": "enhc",
    "soft17": "s17",
    "das": false,
    "double_down": "any_two",
    "surrender": "no_surrender",
    "play_ace_pairs": false,
    "max_splits": 4,
    "decks": 6,
    "penetration_cards": 46
  },
  "ev": -0.3730177500000047,
  "stddev": 0.8755660088486217,
  "winning_distrib": {
    "-1.0": 63938791,
    "+0.0": 9424193,
    "+1.0": 26637016
  },
  "hands": {
    "total": 100000000,
    "won": 26637016,
    "lost": 63938791,
    "push": 9424193,
    "busted": 27936008,
    "blackjack": 0,
    "doubled": 0,
    "split": 0,
    "insured": 0,
    "surrender": 0
  }
}
