{
  "rounds": 100000000,
  "rules": {
    "game_type": "ahc",
    "soft17": "s17",
    "das": true,
    "bj_pays": 1.5,
    "double_down": "any_two",
    "surrender": "early_surrender",
    "play_ace_pairs": false,
    "max_splits": 4,
    "decks": 6,
    "penetration_cards": 250
  },
  "ev": 0.2250344200000021,
  "stddev": 0.9200820062802935,
  "winning_distrib": {
    "-1.0": 33607848,
    "+0.0": 10280862,
    "+1.0": 56111290
  },
  "hands": {
    "total": 100000000,
    "won": 56111290,
    "lost": 33607848,
    "push": 10280862,
    "busted": 21662813,
    "blackjack": 0,
    "doubled": 0,
    "split": 0,
    "insured": 0,
    "surrender": 0
  }
}
