{
  "rounds": 100000000,
  "rules": {
    "game_type": "ahc",
    "soft17": "s17",
    "das": true,
    "bj_pays": 1.5,
    "double_down": "any_two",
    "surrender": "early_surrender",
    "play_ace_pairs": false,
    "max_splits": 4,
    "decks": 6,
    "penetration_cards": 250
  },
  "ev": 0.12036018999999958,
  "stddev": 0.8088382540442501,
  "winning_distrib": {
    "-1.0": 27417285,
    "+0.0": 33129411,
    "+1.0": 39453304
  },
  "hands": {
    "total": 100000000,
    "won": 39453304,
    "lost": 27417285,
    "push": 33129411,
    "busted": 0,
    "blackjack": 0,
    "doubled": 0,
    "split": 0,
    "insured": 0,
    "surrender": 0
  }
}
