{
  "rounds": 100000000,
  "rules": {
    "game_type": "ahc",
    "soft17": "s17",
    "das": true,
    "bj_pays": 1.5,
    "double_down": "any_two",
    "surrender": "early_surrender",
    "play_ace_pairs": false,
    "max_splits": 4,
    "decks": 6,
    "penetration_cards": 250
  },
  "ev": -0.5931171899999976,
  "stddev": 0.792567949899652,
  "winning_distrib": {
    "-1.0": 78653457,
    "+0.0": 2004805,
    "+1.0": 19341738
  },
  "hands": {
    "total": 100000000,
    "won": 19341738,
    "lost": 78653457,
    "push": 2004805,
    "busted": 77082920,
    "blackjack": 0,
    "doubled": 0,
    "split": 0,
    "insured": 0,
    "surrender": 0
  }
}
