{
  "rounds": 100000000,
  "rules": {
    "game_type": "ahc",
    "soft17": "s17",
    "das": true,
    "bj_pays": 1.5,
    "double_down": "any_two",
    "surrender": "early_surrender",
    "play_ace_pairs": false,
    "max_splits": 4,
    "decks": 6,
    "penetration_cards": 250
  },
  "ev": -0.5119545800000029,
  "stddev": 1.8864193869876336,
  "winning_distrib": {
    "-2.0": 60557309,
    "+0.0": 4483111,
    "+2.0": 34959580
  },
  "hands": {
    "total": 100000000,
    "won": 34959580,
    "lost": 60557309,
    "push": 4483111,
    "busted": 38457732,
    "blackjack": 0,
    "doubled": 100000000,
    "split": 0,
    "insured": 0,
    "surrender": 0
  }
}
