{
  "rounds": 100000000,
  "rules": {
    "game_type": "ahc",
    "soft17": "s17",
    "das": true,
    "bj_pays": 1.5,
    "double_down": "any_two",
    "surrender": "early_surrender",
    "play_ace_pairs": false,
    "max_splits": 4,
    "decks": 6,
    "penetration_cards": 250
  },
  "ev": -0.5302727300000019,
  "stddev": 0.8116923360527645,
  "winning_distrib": {
    "-1.0": 73515317,
    "+0.0": 5996639,
    "+1.0": 20488044
  },
  "hands": {
    "total": 100000000,
    "won": 20488044,
    "lost": 73515317,
    "push": 5996639,
    "busted": 52850681,
    "blackjack": 0,
    "doubled": 0,
    "split": 0,
    "insured": 0,
    "surrender": 0
  }
}
