{
  "rounds": 100000000,
  "rules": {
    "game_type": "ahc",
    "soft17": "s17",
    "das": false,
    "double_down": "any_two",
    "surrender": "no_surrender",
    "play_ace_pairs": false,
    "max_splits": 4,
    "decks": 6,
    "penetration_cards": 46
  },
  "ev": -0.6188028099999874,
  "stddev": 0.7675720410670074,
  "winning_distrib": {
    "-1.0": 79544328,
    "+0.0": 2791625,
    "+1.0": 17664047
  },
  "hands": {
    "total": 100000000,
    "won": 17664047,
    "lost": 79544328,
    "push": 2791625,
    "busted": 76841556,
    "blackjack": 0,
    "doubled": 0,
    "split": 0,
    "insured": 0,
    "surrender": 0
  }
}
