{
  "rounds": 100000000,
  "rules": {
    "game_type": "ahc",
    "soft17": "s17",
    "das": true,
    "bj_pays": 1.5,
    "double_down": "any_two",
    "surrender": "early_surrender",
    "play_ace_pairs": false,
    "max_splits": 4,
    "decks": 6,
    "penetration_cards": 250
  },
  "ev": -0.0439326700000004,
  "stddev": 0.9066275192858376,
  "winning_distrib": {
    "-1.0": 43391810,
    "+0.0": 17609647,
    "+1.0": 38998543
  },
  "hands": {
    "total": 100000000,
    "won": 38998543,
    "lost": 43391810,
    "push": 17609647,
    "busted": 16949916,
    "blackjack": 0,
    "doubled": 0,
    "split": 0,
    "insured": 0,
    "surrender": 0
  }
}
