{
  "rounds": 100000000,
  "rules": {
    "game_type": "ahc",
    "soft17": "s17",
    "das": true,
    "bj_pays": 1.5,
    "double_down": "any_two",
    "surrender": "early_surrender",
    "play_ace_pairs": false,
    "max_splits": 4,
    "decks": 6,
    "penetration_cards": 250
  },
  "ev": -0.14797656000000284,
  "stddev": 0.9296451830311051,
  "winning_distrib": {
    "-1.0": 51705689,
    "+0.0": 11386278,
    "+1.0": 36908033
  },
  "hands": {
    "total": 100000000,
    "won": 36908033,
    "lost": 51705689,
    "push": 11386278,
    "busted": 23656213,
    "blackjack": 0,
    "doubled": 0,
    "split": 0,
    "insured": 0,
    "surrender": 0
  }
}
