{
  "rounds": 100000000,
  "rules": {
    "game_type": "ahc",
    "soft17": "h17",
    "das": true,
    "double_down": "any_two",
    "surrender": "no_surrender",
    "play_ace_pairs": false,
    "max_splits": 4,
    "decks": 6,
    "penetration_cards": 46
  },
  "ev": 0.33508479999998975,
  "stddev": 0.9055549817704329,
  "winning_distrib": {
    "-1.0": 29861342,
    "+0.0": 6768836,
    "+1.0": 63369822
  },
  "hands": {
    "total": 100000000,
    "won": 63369822,
    "lost": 29861342,
    "push": 6768836,
    "busted": 0,
    "blackjack": 0,
    "doubled": 0,
    "split": 0,
    "insured": 0,
    "surrender": 0
  }
}
