{
  "rounds": 100000000,
  "rules": {
    "game_type": "enhc",
    "soft17": "h17",
    "das": true,
    "double_down": "any_two",
    "surrender": "no_surrender",
    "play_ace_pairs": false,
    "max_splits": 4,
    "decks": 6,
    "penetration_cards": 46
  },
  "ev": -0.14894505999999766,
  "stddev": 0.9296997782859872,
  "winning_distrib": {
    "-1.0": 51773568,
    "+0.0": 11347370,
    "+1.0": 36879062
  },
  "hands": {
    "total": 100000000,
    "won": 36879062,
    "lost": 51773568,
    "push": 11347370,
    "busted": 22822134,
    "blackjack": 0,
    "doubled": 0,
    "split": 0,
    "insured": 0,
    "surrender": 0
  }
}
