{
  "rounds": 100000000,
  "rules": {
    "game_type": "ahc",
    "soft17": "s17",
    "das": true,
    "bj_pays": 1.5,
    "double_down": "any_two",
    "surrender": "early_surrender",
    "play_ace_pairs": false,
    "max_splits": 4,
    "decks": 6,
    "penetration_cards": 250
  },
  "ev": -0.6405454200000036,
  "stddev": 0.6808550282935804,
  "winning_distrib": {
    "-1.0": 75720371,
    "+0.0": 12613800,
    "+1.0": 11665829
  },
  "hands": {
    "total": 100000000,
    "won": 11665829,
    "lost": 75720371,
    "push": 12613800,
    "busted": 0,
    "blackjack": 0,
    "doubled": 0,
    "split": 0,
    "insured": 0,
    "surrender": 0
  }
}
