{
  "rounds": 100000000,
  "rules": {
    "game_type": "ahc",
    "soft17": "h17",
    "das": false,
    "double_down": "any_two",
    "surrender": "no_surrender",
    "play_ace_pairs": false,
    "max_splits": 4,
    "decks": 6,
    "penetration_cards": 46
  },
  "ev": -0.6149906600000087,
  "stddev": 0.7619214749027721,
  "winning_distrib": {
    "-1.0": 78686425,
    "+0.0": 4126216,
    "+1.0": 17187359
  },
  "hands": {
    "total": 100000000,
    "won": 17187359,
    "lost": 78686425,
    "push": 4126216,
    "busted": 76842908,
    "blackjack": 0,
    "doubled": 0,
    "split": 0,
    "insured": 0,
    "surrender": 0
  }
}
