{
  "rounds": 100000000,
  "rules": {
    "game_type": "enhc",
    "soft17": "h17",
    "das": true,
    "double_down": "any_two",
    "surrender": "no_surrender",
    "play_ace_pairs": false,
    "max_splits": 4,
    "decks": 6,
    "penetration_cards": 46
  },
  "ev": -0.6990313400000051,
  "stddev": 1.8107903408421893,
  "winning_distrib": {
    "-2.0": 64570864,
    "+0.0": 5809839,
    "+2.0": 29619297
  },
  "hands": {
    "total": 100000000,
    "won": 29619297,
    "lost": 64570864,
    "push": 5809839,
    "busted": 38593703,
    "blackjack": 0,
    "doubled": 100000000,
    "split": 0,
    "insured": 0,
    "surrender": 0
  }
}
