{
  "rounds": 100000000,
  "rules": {
    "game_type": "ahc",
    "soft17": "s17",
    "das": true,
    "double_down": "any_two",
    "surrender": "no_surrender",
    "play_ace_pairs": false,
    "max_splits": 4,
    "decks": 6,
    "penetration_cards": 46
  },
  "ev": -0.5505784499999923,
  "stddev": 1.8030975439246586,
  "winning_distrib": {
    "-2.0": 55355591,
    "-1.0": 7566899,
    "+0.0": 5467392,
    "+2.0": 31610118
  },
  "hands": {
    "total": 100000000,
    "won": 31610118,
    "lost": 62922490,
    "push": 5467392,
    "busted": 0,
    "blackjack": 0,
    "doubled": 92433101,
    "split": 0,
    "insured": 0,
    "surrender": 0
  }
}
