{
  "rounds": 100000000,
  "rules": {
    "game_type": "ahc",
    "soft17": "h17",
    "das": false,
    "double_down": "any_two",
    "surrender": "no_surrender",
    "play_ace_pairs": false,
    "max_splits": 4,
    "decks": 6,
    "penetration_cards": 46
  },
  "ev": -0.46316858999999916,
  "stddev": 0.8587605339162482,
  "winning_distrib": {
    "-1.0": 70758169,
    "+0.0": 4800521,
    "+1.0": 24441310
  },
  "hands": {
    "total": 100000000,
    "won": 24441310,
    "lost": 70758169,
    "push": 4800521,
    "busted": 61407612,
    "blackjack": 0,
    "doubled": 0,
    "split": 0,
    "insured": 0,
    "surrender": 0
  }
}
