{
  "rounds": 100000000,
  "rules": {
    "game_type": "ahc",
    "soft17": "h17",
    "das": false,
    "double_down": "any_two",
    "surrender": "no_surrender",
    "play_ace_pairs": false,
    "max_splits": 4,
    "decks": 6,
    "penetration_cards": 46
  },
  "ev": 0.007641680000000056,
  "stddev": 0.9132865448848485,
  "winning_distrib": {
    "-1.0": 41325451,
    "+0.0": 16584930,
    "+1.0": 42089619
  },
  "hands": {
    "total": 100000000,
    "won": 42089619,
    "lost": 41325451,
    "push": 16584930,
    "busted": 21328692,
    "blackjack": 0,
    "doubled": 0,
    "split": 0,
    "insured": 0,
    "surrender": 0
  }
}
