{
  "rounds": 100000000,
  "rules": {
    "game_type": "enhc",
    "soft17": "s17",
    "das": true,
    "double_down": "any_two",
    "surrender": "no_surrender",
    "play_ace_pairs": false,
    "max_splits": 4,
    "decks": 6,
    "penetration_cards": 46
  },
  "ev": -0.4494682499999983,
  "stddev": 0.8678580354952679,
  "winning_distrib": {
    "-1.0": 70233376,
    "+0.0": 4480073,
    "+1.0": 25286551
  },
  "hands": {
    "total": 100000000,
    "won": 25286551,
    "lost": 70233376,
    "push": 4480073,
    "busted": 61508762,
    "blackjack": 0,
    "doubled": 0,
    "split": 0,
    "insured": 0,
    "surrender": 0
  }
}
