{
  "rounds": 100000000,
  "rules": {
    "game_type": "ahc",
    "soft17": "h17",
    "das": false,
    "double_down": "any_two",
    "surrender": "no_surrender",
    "play_ace_pairs": false,
    "max_splits": 4,
    "decks": 6,
    "penetration_cards": 46
  },
  "ev": -0.5842593400000096,
  "stddev": 1.8628625011861062,
  "winning_distrib": {
    "-2.0": 62251679,
    "+0.0": 4709609,
    "+2.0": 33038712
  },
  "hands": {
    "total": 100000000,
    "won": 33038712,
    "lost": 62251679,
    "push": 4709609,
    "busted": 38600099,
    "blackjack": 0,
    "doubled": 100000000,
    "split": 0,
    "insured": 0,
    "surrender": 0
  }
}
