{
  "rounds": 100000000,
  "rules": {
    "game_type": "ahc",
    "soft17": "s17",
    "das": true,
    "bj_pays": 1.5,
    "double_down": "any_two",
    "surrender": "early_surrender",
    "play_ace_pairs": false,
    "max_splits": 4,
    "decks": 6,
    "penetration_cards": 250
  },
  "ev": -1.68381358000002,
  "stddev": 1.0632100634925081,
  "winning_distrib": {
    "-2.0": 91665887,
    "+0.0": 858905,
    "+2.0": 7475208
  },
  "hands": {
    "total": 100000000,
    "won": 7475208,
    "lost": 91665887,
    "push": 858905,
    "busted": 91665887,
    "blackjack": 0,
    "doubled": 100000000,
    "split": 0,
    "insured": 0,
    "surrender": 0
  }
}
