{
  "rounds": 100000000,
  "rules": {
    "game_type": "ahc",
    "soft17": "s17",
    "das": true,
    "bj_pays": 1.5,
    "double_down": "any_two",
    "surrender": "early_surrender",
    "play_ace_pairs": false,
    "max_splits": 4,
    "decks": 6,
    "penetration_cards": 250
  },
  "ev": -0.4481287800000128,
  "stddev": 0.858127894838257,
  "winning_distrib": {
    "-1.0": 69266583,
    "+0.0": 6279712,
    "+1.0": 24453705
  },
  "hands": {
    "total": 100000000,
    "won": 24453705,
    "lost": 69266583,
    "push": 6279712,
    "busted": 26016145,
    "blackjack": 0,
    "doubled": 0,
    "split": 0,
    "insured": 0,
    "surrender": 0
  }
}
