{
  "rounds": 100000000,
  "rules": {
    "game_type": "ahc",
    "soft17": "s17",
    "das": false,
    "double_down": "any_two",
    "surrender": "no_surrender",
    "play_ace_pairs": false,
    "max_splits": 4,
    "decks": 6,
    "penetration_cards": 46
  },
  "ev": 0.29230369999999983,
  "stddev": 0.9030278263270055,
  "winning_distrib": {
    "-1.0": 30429850,
    "+0.0": 9909930,
    "+1.0": 59660220
  },
  "hands": {
    "total": 100000000,
    "won": 59660220,
    "lost": 30429850,
    "push": 9909930,
    "busted": 21288391,
    "blackjack": 0,
    "doubled": 0,
    "split": 0,
    "insured": 0,
    "surrender": 0
  }
}
