{
  "rounds": 100000000,
  "rules": {
    "game_type": "ahc",
    "soft17": "s17",
    "das": true,
    "bj_pays": 1.5,
    "double_down": "any_two",
    "surrender": "early_surrender",
    "play_ace_pairs": false,
    "max_splits": 4,
    "decks": 6,
    "penetration_cards": 250
  },
  "ev": 0.6560983600000151,
  "stddev": 1.8138507146140352,
  "winning_distrib": {
    "-2.0": 30104034,
    "+0.0": 6987014,
    "+2.0": 62908952
  },
  "hands": {
    "total": 100000000,
    "won": 62908952,
    "lost": 30104034,
    "push": 6987014,
    "busted": 0,
    "blackjack": 0,
    "doubled": 100000000,
    "split": 0,
    "insured": 0,
    "surrender": 0
  }
}
