{
  "rounds": 100000000,
  "rules": {
    "game_type": "ahc",
    "soft17": "s17",
    "das": true,
    "bj_pays": 1.5,
    "double_down": "any_two",
    "surrender": "early_surrender",
    "play_ace_pairs": false,
    "max_splits": 4,
    "decks": 6,
    "penetration_cards": 250
  },
  "ev": 0.175292229999999,
  "stddev": 0.9472914404106229,
  "winning_distrib": {
    "-1.0": 37639810,
    "+0.0": 7191157,
    "+1.0": 55169033
  },
  "hands": {
    "total": 100000000,
    "won": 55169033,
    "lost": 37639810,
    "push": 7191157,
    "busted": 0,
    "blackjack": 0,
    "doubled": 0,
    "split": 0,
    "insured": 0,
    "surrender": 0
  }
}
