{
  "rounds": 100000000,
  "rules": {
    "game_type": "ahc",
    "soft17": "s17",
    "das": true,
    "bj_pays": 1.5,
    "double_down": "any_two",
    "surrender": "early_surrender",
    "play_ace_pairs": false,
    "max_splits": 4,
    "decks": 6,
    "penetration_cards": 250
  },
  "ev": -1.2724835400000154,
  "stddev": 1.4140685345572694,
  "winning_distrib": {
    "-2.0": 74164226,
    "-1.0": 7687772,
    "+0.0": 3764067,
    "+2.0": 14383935
  },
  "hands": {
    "total": 100000000,
    "won": 14383935,
    "lost": 81851998,
    "push": 3764067,
    "busted": 70992688,
    "blackjack": 0,
    "doubled": 92312228,
    "split": 0,
    "insured": 0,
    "surrender": 0
  }
}
