{
  "rounds": 100000000,
  "rules": {
    "game_type": "enhc",
    "soft17": "s17",
    "das": true,
    "double_down": "any_two",
    "surrender": "no_surrender",
    "play_ace_pairs": false,
    "max_splits": 4,
    "decks": 6,
    "penetration_cards": 46
  },
  "ev": 0.07999657999999832,
  "stddev": 0.9721913888941159,
  "winning_distrib": {
    "-1.0": 43577948,
    "+0.0": 4844446,
    "+1.0": 51577606
  },
  "hands": {
    "total": 100000000,
    "won": 51577606,
    "lost": 43577948,
    "push": 4844446,
    "busted": 0,
    "blackjack": 0,
    "doubled": 0,
    "split": 0,
    "insured": 0,
    "surrender": 0
  }
}
