{
  "rounds": 100000000,
  "rules": {
    "game_type": "ahc",
    "soft17": "s17",
    "das": true,
    "bj_pays": 1.5,
    "double_down": "any_two",
    "surrender": "early_surrender",
    "play_ace_pairs": false,
    "max_splits": 4,
    "decks": 6,
    "penetration_cards": 250
  },
  "ev": 0.13888579000000273,
  "stddev": 0.9461741997584405,
  "winning_distrib": {
    "-1.0": 38782454,
    "+0.0": 8546513,
    "+1.0": 52671033
  },
  "hands": {
    "total": 100000000,
    "won": 52671033,
    "lost": 38782454,
    "push": 8546513,
    "busted": 2274829,
    "blackjack": 0,
    "doubled": 0,
    "split": 0,
    "insured": 0,
    "surrender": 0
  }
}
