{
  "rounds": 100000000,
  "rules": {
    "game_type": "ahc",
    "soft17": "s17",
    "das": true,
    "bj_pays": 1.5,
    "double_down": "any_two",
    "surrender": "early_surrender",
    "play_ace_pairs": false,
    "max_splits": 4,
    "decks": 6,
    "penetration_cards": 250
  },
  "ev": 0.5848106099999849,
  "stddev": 0.7294064612764041,
  "winning_distrib": {
    "-1.0": 14461331,
    "+0.0": 12596277,
    "+1.0": 72942392
  },
  "hands": {
    "total": 100000000,
    "won": 72942392,
    "lost": 14461331,
    "push": 12596277,
    "busted": 0,
    "blackjack": 0,
    "doubled": 0,
    "split": 0,
    "insured": 0,
    "surrender": 0
  }
}
