{
  "rounds": 100000000,
  "rules": {
    "game_type": "ahc",
    "soft17": "s17",
    "das": true,
    "bj_pays": 1.5,
    "double_down": "any_two",
    "surrender": "early_surrender",
    "play_ace_pairs": false,
    "max_splits": 4,
    "decks": 6,
    "penetration_cards": 250
  },
  "ev": -0.7451626799999947,
  "stddev": 1.527444212947275,
  "winning_distrib": {
    "-2.0": 42967933,
    "-1.0": 31374798,
    "+0.0": 4260071,
    "+2.0": 21397198
  },
  "hands": {
    "total": 100000000,
    "won": 21397198,
    "lost": 74342731,
    "push": 4260071,
    "busted": 0,
    "blackjack": 0,
    "doubled": 68625202,
    "split": 0,
    "insured": 0,
    "surrender": 0
  }
}
