{
  "rounds": 100000000,
  "rules": {
    "game_type": "ahc",
    "soft17": "s17",
    "das": true,
    "bj_pays": 1.5,
    "double_down": "any_two",
    "surrender": "early_surrender",
    "play_ace_pairs": false,
    "max_splits": 4,
    "decks": 6,
    "penetration_cards": 250
  },
  "ev": 0.05114740000000116,
  "stddev": 1.9289366346982957,
  "winning_distrib": {
    "-2.0": 45263972,
    "+0.0": 6914686,
    "+2.0": 47821342
  },
  "hands": {
    "total": 100000000,
    "won": 47821342,
    "lost": 45263972,
    "push": 6914686,
    "busted": 0,
    "blackjack": 0,
    "doubled": 100000000,
    "split": 0,
    "insured": 0,
    "surrender": 0
  }
}
