{
  "rounds": 100000000,
  "rules": {
    "game_type": "ahc",
    "soft17": "s17",
    "das": true,
    "double_down": "any_two",
    "surrender": "no_surrender",
    "play_ace_pairs": false,
    "max_splits": 4,
    "decks": 6,
    "penetration_cards": 46
  },
  "ev": 0.12880405999999867,
  "stddev": 1.9513109829557214,
  "winning_distrib": {
    "-2.0": 44582461,
    "+0.0": 4394875,
    "+2.0": 51022664
  },
  "hands": {
    "total": 100000000,
    "won": 51022664,
    "lost": 44582461,
    "push": 4394875,
    "busted": 0,
    "blackjack": 0,
    "doubled": 100000000,
    "split": 0,
    "insured": 0,
    "surrender": 0
  }
}
