{
  "rounds": 100000000,
  "rules": {
    "game_type": "enhc",
    "soft17": "h17",
    "das": true,
    "double_down": "any_two",
    "surrender": "no_surrender",
    "play_ace_pairs": false,
    "max_splits": 4,
    "decks": 6,
    "penetration_cards": 46
  },
  "ev": 0.22105064000000016,
  "stddev": 1.8958685214167108,
  "winning_distrib": {
    "-2.0": 40013494,
    "+0.0": 8920480,
    "+2.0": 51066026
  },
  "hands": {
    "total": 100000000,
    "won": 51066026,
    "lost": 40013494,
    "push": 8920480,
    "busted": 0,
    "blackjack": 0,
    "doubled": 100000000,
    "split": 0,
    "insured": 0,
    "surrender": 0
  }
}
