{
  "rounds": 100000000,
  "rules": {
    "game_type": "ahc",
    "soft17": "s17",
    "das": true,
    "bj_pays": 1.5,
    "double_down": "any_two",
    "surrender": "early_surrender",
    "play_ace_pairs": false,
    "max_splits": 4,
    "decks": 6,
    "penetration_cards": 250
  },
  "ev": 0.47349883,
  "stddev": 1.9134548765522754,
  "winning_distrib": {
    "-8.0": 27,
    "-7.0": 1137,
    "-6.0": 18813,
    "-5.0": 163449,
    "-4.0": 973717,
    "-3.0": 4699053,
    "-2.0": 14994949,
    "-1.0": 9573618,
    "+0.0": 18635847,
    "+1.0": 12449443,
    "+2.0": 25348033,
    "+3.0": 10426338,
    "+4.0": 2235076,
    "+5.0": 410366,
    "+6.0": 64143,
    "+7.0": 5719,
    "+8.0": 272
  },
  "hands": {
    "total": 219964425,
    "won": 115424613,
    "lost": 77790368,
    "push": 26749444,
    "busted": 39433423,
    "blackjack": 0,
    "doubled": 29230566,
    "split": 219964425,
    "insured": 0,
    "surrender": 0
  }
}
