{
  "rounds": 100000000,
  "rules": {
    "game_type": "ahc",
    "soft17": "s17",
    "das": true,
    "bj_pays": 1.5,
    "double_down": "any_two",
    "surrender": "early_surrender",
    "play_ace_pairs": false,
    "max_splits": 4,
    "decks": 6,
    "penetration_cards": 250
  },
  "ev": -0.7862844400000031,
  "stddev": 1.7799427662416263,
  "winning_distrib": {
    "-2.0": 66987604,
    "+0.0": 5339014,
    "+2.0": 27673382
  },
  "hands": {
    "total": 100000000,
    "won": 27673382,
    "lost": 66987604,
    "push": 5339014,
    "busted": 60424197,
    "blackjack": 0,
    "doubled": 100000000,
    "split": 0,
    "insured": 0,
    "surrender": 0
  }
}
