{
  "rounds": 100000000,
  "rules": {
    "game_type": "ahc",
    "soft17": "s17",
    "das": true,
    "bj_pays": 1.5,
    "double_down": "any_two",
    "surrender": "early_surrender",
    "play_ace_pairs": false,
    "max_splits": 4,
    "decks": 6,
    "penetration_cards": 250
  },
  "ev": -0.26304129000000065,
  "stddev": 0.9151003650579725,
  "winning_distrib": {
    "-1.0": 58482034,
    "+0.0": 9340061,
    "+1.0": 32177905
  },
  "hands": {
    "total": 100000000,
    "won": 32177905,
    "lost": 58482034,
    "push": 9340061,
    "busted": 12615570,
    "blackjack": 0,
    "doubled": 0,
    "split": 0,
    "insured": 0,
    "surrender": 0
  }
}
