{
  "rounds": 100000000,
  "rules": {
    "game_type": "ahc",
    "soft17": "s17",
    "das": false,
    "double_down": "any_two",
    "surrender": "no_surrender",
    "play_ace_pairs": false,
    "max_splits": 4,
    "decks": 6,
    "penetration_cards": 46
  },
  "ev": 0.24219816000000316,
  "stddev": 1.9033146895662427,
  "winning_distrib": {
    "-2.0": 39960880,
    "+0.0": 7968332,
    "+2.0": 52070788
  },
  "hands": {
    "total": 100000000,
    "won": 52070788,
    "lost": 39960880,
    "push": 7968332,
    "busted": 0,
    "blackjack": 0,
    "doubled": 100000000,
    "split": 0,
    "insured": 0,
    "surrender": 0
  }
}
