{
  "rounds": 100000000,
  "rules": {
    "game_type": "ahc",
    "soft17": "h17",
    "das": false,
    "double_down": "any_two",
    "surrender": "no_surrender",
    "play_ace_pairs": false,
    "max_splits": 4,
    "decks": 6,
    "penetration_cards": 46
  },
  "ev": -0.15280265000000096,
  "stddev": 0.9451421951674436,
  "winning_distrib": {
    "-1.0": 53472253,
    "+0.0": 8335759,
    "+1.0": 38191988
  },
  "hands": {
    "total": 100000000,
    "won": 38191988,
    "lost": 53472253,
    "push": 8335759,
    "busted": 44103470,
    "blackjack": 0,
    "doubled": 0,
    "split": 0,
    "insured": 0,
    "surrender": 0
  }
}
