{
  "rounds": 100000000,
  "rules": {
    "game_type": "ahc",
    "soft17": "s17",
    "das": false,
    "double_down": "any_two",
    "surrender": "no_surrender",
    "play_ace_pairs": false,
    "max_splits": 4,
    "decks": 6,
    "penetration_cards": 46
  },
  "ev": 0.28895685999999593,
  "stddev": 1.9027946839491687,
  "winning_distrib": {
    "-2.0": 39077624,
    "+0.0": 7396909,
    "+2.0": 53525467
  },
  "hands": {
    "total": 100000000,
    "won": 53525467,
    "lost": 39077624,
    "push": 7396909,
    "busted": 0,
    "blackjack": 0,
    "doubled": 100000000,
    "split": 0,
    "insured": 0,
    "surrender": 0
  }
}
