{
  "rounds": 100000000,
  "rules": {
    "game_type": "ahc",
    "soft17": "s17",
    "das": true,
    "bj_pays": 1.5,
    "double_down": "any_two",
    "surrender": "early_surrender",
    "play_ace_pairs": false,
    "max_splits": 4,
    "decks": 6,
    "penetration_cards": 250
  },
  "ev": -0.8820412999999926,
  "stddev": 0.4635366514559262,
  "winning_distrib": {
    "-1.0": 93745219,
    "+0.0": 713692,
    "+1.0": 5541089
  },
  "hands": {
    "total": 100000000,
    "won": 5541089,
    "lost": 93745219,
    "push": 713692,
    "busted": 93745219,
    "blackjack": 0,
    "doubled": 0,
    "split": 0,
    "insured": 0,
    "surrender": 0
  }
}
