{
  "rounds": 100000000,
  "rules": {
    "game_type": "ahc",
    "soft17": "s17",
    "das": true,
    "bj_pays": 1.5,
    "double_down": "any_two",
    "surrender": "early_surrender",
    "play_ace_pairs": false,
    "max_splits": 4,
    "decks": 6,
    "penetration_cards": 250
  },
  "ev": -0.03858211999999895,
  "stddev": 1.9446655285250318,
  "winning_distrib": {
    "-2.0": 48254710,
    "+0.0": 5419686,
    "+2.0": 46325604
  },
  "hands": {
    "total": 100000000,
    "won": 46325604,
    "lost": 48254710,
    "push": 5419686,
    "busted": 0,
    "blackjack": 0,
    "doubled": 100000000,
    "split": 0,
    "insured": 0,
    "surrender": 0
  }
}
