{
  "rounds": 100000000,
  "rules": {
    "game_type": "ahc",
    "soft17": "s17",
    "das": true,
    "double_down": "any_two",
    "surrender": "no_surrender",
    "play_ace_pairs": false,
    "max_splits": 4,
    "decks": 6,
    "penetration_cards": 46
  },
  "ev": -0.3675333400000036,
  "stddev": 0.884510334485721,
  "winning_distrib": {
    "-1.0": 64248631,
    "+0.0": 8256072,
    "+1.0": 27495297
  },
  "hands": {
    "total": 100000000,
    "won": 27495297,
    "lost": 64248631,
    "push": 8256072,
    "busted": 38947452,
    "blackjack": 0,
    "doubled": 0,
    "split": 0,
    "insured": 0,
    "surrender": 0
  }
}
