{
  "rounds": 100000000,
  "rules": {
    "game_type": "ahc",
    "soft17": "s17",
    "das": true,
    "bj_pays": 1.5,
    "double_down": "any_two",
    "surrender": "early_surrender",
    "play_ace_pairs": false,
    "max_splits": 4,
    "decks": 6,
    "penetration_cards": 250
  },
  "ev": -0.011213639999999693,
  "stddev": 1.6335906099644928,
  "winning_distrib": {
    "-2.0": 33639641,
    "+0.0": 33281400,
    "+2.0": 33078959
  },
  "hands": {
    "total": 100000000,
    "won": 33078959,
    "lost": 33639641,
    "push": 33281400,
    "busted": 0,
    "blackjack": 27086902,
    "doubled": 72913098,
    "split": 0,
    "insured": 0,
    "surrender": 0
  }
}
