{
  "rounds": 100000000,
  "rules": {
    "game_type": "ahc",
    "soft17": "s17",
    "das": true,
    "bj_pays": 1.5,
    "double_down": "any_two",
    "surrender": "early_surrender",
    "play_ace_pairs": false,
    "max_splits": 4,
    "decks": 6,
    "penetration_cards": 250
  },
  "ev": -0.40560051000000236,
  "stddev": 0.8754445407630286,
  "winning_distrib": {
    "-1.0": 66825771,
    "+0.0": 6908509,
    "+1.0": 26265720
  },
  "hands": {
    "total": 100000000,
    "won": 26265720,
    "lost": 66825771,
    "push": 6908509,
    "busted": 54399044,
    "blackjack": 0,
    "doubled": 0,
    "split": 0,
    "insured": 0,
    "surrender": 0
  }
}
