{
  "rounds": 100000000,
  "rules": {
    "game_type": "ahc",
    "soft17": "s17",
    "das": true,
    "bj_pays": 1.5,
    "double_down": "any_two",
    "surrender": "early_surrender",
    "play_ace_pairs": false,
    "max_splits": 4,
    "decks": 6,
    "penetration_cards": 250
  },
  "ev": 0.2817867800000009,
  "stddev": 0.742912751362107,
  "winning_distrib": {
    "-1.0": 17476818,
    "+0.0": 36867686,
    "+1.0": 45655496
  },
  "hands": {
    "total": 100000000,
    "won": 45655496,
    "lost": 17476818,
    "push": 36867686,
    "busted": 0,
    "blackjack": 0,
    "doubled": 0,
    "split": 0,
    "insured": 0,
    "surrender": 0
  }
}
