{
  "rounds": 100000000,
  "rules": {
    "game_type": "ahc",
    "soft17": "s17",
    "das": true,
    "bj_pays": 1.5,
    "double_down": "any_two",
    "surrender": "early_surrender",
    "play_ace_pairs": false,
    "max_splits": 4,
    "decks": 6,
    "penetration_cards": 250
  },
  "ev": -0.7536502799999965,
  "stddev": 1.8062149839041974,
  "winning_distrib": {
    "-2.0": 66721273,
    "+0.0": 4239968,
    "+2.0": 29038759
  },
  "hands": {
    "total": 100000000,
    "won": 29038759,
    "lost": 66721273,
    "push": 4239968,
    "busted": 54895725,
    "blackjack": 0,
    "doubled": 100000000,
    "split": 0,
    "insured": 0,
    "surrender": 0
  }
}
