{
  "rounds": 100000000,
  "rules": {
    "game_type": "ahc",
    "soft17": "s17",
    "das": true,
    "bj_pays": 1.5,
    "double_down": "any_two",
    "surrender": "early_surrender",
    "play_ace_pairs": false,
    "max_splits": 4,
    "decks": 6,
    "penetration_cards": 250
  },
  "ev": -0.2040234799999982,
  "stddev": 0.9383026315708771,
  "winning_distrib": {
    "-1.0": 56303044,
    "+0.0": 7796260,
    "+1.0": 35900696
  },
  "hands": {
    "total": 100000000,
    "won": 35900696,
    "lost": 56303044,
    "push": 7796260,
    "busted": 14852999,
    "blackjack": 0,
    "doubled": 0,
    "split": 0,
    "insured": 0,
    "surrender": 0
  }
}
