{
  "rounds": 100000000,
  "rules": {
    "game_type": "ahc",
    "soft17": "s17",
    "das": true,
    "bj_pays": 1.5,
    "double_down": "any_two",
    "surrender": "early_surrender",
    "play_ace_pairs": false,
    "max_splits": 4,
    "decks": 6,
    "penetration_cards": 250
  },
  "ev": 0.5395052000000071,
  "stddev": 1.8531374729129135,
  "winning_distrib": {
    "-2.0": 33077174,
    "+0.0": 6870392,
    "+2.0": 60052434
  },
  "hands": {
    "total": 100000000,
    "won": 60052434,
    "lost": 33077174,
    "push": 6870392,
    "busted": 0,
    "blackjack": 0,
    "doubled": 100000000,
    "split": 0,
    "insured": 0,
    "surrender": 0
  }
}
