{
  "rounds": 100000000,
  "rules": {
    "game_type": "ahc",
    "soft17": "s17",
    "das": true,
    "bj_pays": 1.5,
    "double_down": "any_two",
    "surrender": "early_surrender",
    "play_ace_pairs": false,
    "max_splits": 4,
    "decks": 6,
    "penetration_cards": 250
  },
  "ev": -0.06294218999999972,
  "stddev": 0.9147770980332778,
  "winning_distrib": {
    "-1.0": 45186052,
    "+0.0": 15922115,
    "+1.0": 38891833
  },
  "hands": {
    "total": 100000000,
    "won": 38891833,
    "lost": 45186052,
    "push": 15922115,
    "busted": 25113747,
    "blackjack": 0,
    "doubled": 0,
    "split": 0,
    "insured": 0,
    "surrender": 0
  }
}
