{
  "rounds": 100000000,
  "rules": {
    "game_type": "enhc",
    "soft17": "s17",
    "das": false,
    "double_down": "any_two",
    "surrender": "no_surrender",
    "play_ace_pairs": false,
    "max_splits": 4,
    "decks": 6,
    "penetration_cards": 46
  },
  "ev": -0.4314217899999901,
  "stddev": 0.8605728420761671,
  "winning_distrib": {
    "-1.0": 67906608,
    "+0.0": 7328963,
    "+1.0": 24764429
  },
  "hands": {
    "total": 100000000,
    "won": 24764429,
    "lost": 67906608,
    "push": 7328963,
    "busted": 48514629,
    "blackjack": 0,
    "doubled": 0,
    "split": 0,
    "insured": 0,
    "surrender": 0
  }
}
