{
  "rounds": 100000000,
  "rules": {
    "game_type": "ahc",
    "soft17": "s17",
    "das": true,
    "bj_pays": 1.5,
    "double_down": "any_two",
    "surrender": "early_surrender",
    "play_ace_pairs": false,
    "max_splits": 4,
    "decks": 6,
    "penetration_cards": 250
  },
  "ev": 0.35289510000000396,
  "stddev": 1.8956985847789087,
  "winning_distrib": {
    "-2.0": 37655223,
    "+0.0": 7044799,
    "+2.0": 55299978
  },
  "hands": {
    "total": 100000000,
    "won": 55299978,
    "lost": 37655223,
    "push": 7044799,
    "busted": 0,
    "blackjack": 0,
    "doubled": 100000000,
    "split": 0,
    "insured": 0,
    "surrender": 0
  }
}
