{
  "rounds": 100000000,
  "rules": {
    "game_type": "ahc",
    "soft17": "s17",
    "das": true,
    "bj_pays": 1.5,
    "double_down": "any_two",
    "surrender": "early_surrender",
    "play_ace_pairs": false,
    "max_splits": 4,
    "decks": 6,
    "penetration_cards": 250
  },
  "ev": -1.2323564999999879,
  "stddev": 1.522264707625006,
  "winning_distrib": {
    "-2.0": 78758817,
    "+0.0": 4100191,
    "+2.0": 17140992
  },
  "hands": {
    "total": 100000000,
    "won": 17140992,
    "lost": 78758817,
    "push": 4100191,
    "busted": 76926549,
    "blackjack": 0,
    "doubled": 100000000,
    "split": 0,
    "insured": 0,
    "surrender": 0
  }
}
