{
  "rounds": 100000000,
  "rules": {
    "game_type": "ahc",
    "soft17": "s17",
    "das": false,
    "double_down": "any_two",
    "surrender": "no_surrender",
    "play_ace_pairs": false,
    "max_splits": 4,
    "decks": 6,
    "penetration_cards": 46
  },
  "ev": -0.3245385600000044,
  "stddev": 0.9219570226280434,
  "winning_distrib": {
    "-1.0": 63993429,
    "+0.0": 4466998,
    "+1.0": 31539573
  },
  "hands": {
    "total": 100000000,
    "won": 31539573,
    "lost": 63993429,
    "push": 4466998,
    "busted": 46314348,
    "blackjack": 0,
    "doubled": 0,
    "split": 0,
    "insured": 0,
    "surrender": 0
  }
}
