{
  "rounds": 100000000,
  "rules": {
    "game_type": "ahc",
    "soft17": "s17",
    "das": true,
    "bj_pays": 1.5,
    "double_down": "any_two",
    "surrender": "early_surrender",
    "play_ace_pairs": false,
    "max_splits": 4,
    "decks": 6,
    "penetration_cards": 250
  },
  "ev": -1.4655328999999937,
  "stddev": 1.3376340070849915,
  "winning_distrib": {
    "-2.0": 85851465,
    "+0.0": 1573715,
    "+2.0": 12574820
  },
  "hands": {
    "total": 100000000,
    "won": 12574820,
    "lost": 85851465,
    "push": 1573715,
    "busted": 84991246,
    "blackjack": 0,
    "doubled": 100000000,
    "split": 0,
    "insured": 0,
    "surrender": 0
  }
}
