{
  "rounds": 100000000,
  "rules": {
    "game_type": "ahc",
    "soft17": "s17",
    "das": true,
    "bj_pays": 1.5,
    "double_down": "any_two",
    "surrender": "early_surrender",
    "play_ace_pairs": false,
    "max_splits": 4,
    "decks": 6,
    "penetration_cards": 250
  },
  "ev": 0.0668245700000016,
  "stddev": 0.9608587284699186,
  "winning_distrib": {
    "-1.0": 43044522,
    "+0.0": 7228499,
    "+1.0": 49726979
  },
  "hands": {
    "total": 100000000,
    "won": 49726979,
    "lost": 43044522,
    "push": 7228499,
    "busted": 0,
    "blackjack": 0,
    "doubled": 0,
    "split": 0,
    "insured": 0,
    "surrender": 0
  }
}
