{
  "rounds": 100000000,
  "rules": {
    "game_type": "ahc",
    "soft17": "s17",
    "das": true,
    "bj_pays": 1.5,
    "double_down": "any_two",
    "surrender": "early_surrender",
    "play_ace_pairs": false,
    "max_splits": 4,
    "decks": 6,
    "penetration_cards": 250
  },
  "ev": -0.02241136999999975,
  "stddev": 0.9563785388858034,
  "winning_distrib": {
    "-1.0": 46878677,
    "+0.0": 8483783,
    "+1.0": 44637540
  },
  "hands": {
    "total": 100000000,
    "won": 44637540,
    "lost": 46878677,
    "push": 8483783,
    "busted": 2266917,
    "blackjack": 0,
    "doubled": 0,
    "split": 0,
    "insured": 0,
    "surrender": 0
  }
}
