{
  "rounds": 100000000,
  "rules": {
    "game_type": "ahc",
    "soft17": "s17",
    "das": true,
    "bj_pays": 1.5,
    "double_down": "any_two",
    "surrender": "early_surrender",
    "play_ace_pairs": false,
    "max_splits": 4,
    "decks": 6,
    "penetration_cards": 250
  },
  "ev": -0.8673649499999936,
  "stddev": 1.4291960795977299,
  "winning_distrib": {
    "-2.0": 43579037,
    "-1.0": 34777677,
    "+0.0": 4043658,
    "+2.0": 17599628
  },
  "hands": {
    "total": 100000000,
    "won": 17599628,
    "lost": 78356714,
    "push": 4043658,
    "busted": 22765496,
    "blackjack": 0,
    "doubled": 65222323,
    "split": 0,
    "insured": 0,
    "surrender": 0
  }
}
