{
  "rounds": 100000000,
  "rules": {
    "game_type": "ahc",
    "soft17": "h17",
    "das": false,
    "double_down": "any_two",
    "surrender": "no_surrender",
    "play_ace_pairs": false,
    "max_splits": 4,
    "decks": 6,
    "penetration_cards": 46
  },
  "ev": -0.018901140000000184,
  "stddev": 0.9421663843416863,
  "winning_distrib": {
    "-1.0": 45346794,
    "+0.0": 11196526,
    "+1.0": 43456680
  },
  "hands": {
    "total": 100000000,
    "won": 43456680,
    "lost": 45346794,
    "push": 11196526,
    "busted": 0,
    "blackjack": 0,
    "doubled": 0,
    "split": 0,
    "insured": 0,
    "surrender": 0
  }
}
