{
  "rounds": 100000000,
  "rules": {
    "game_type": "ahc",
    "soft17": "s17",
    "das": true,
    "bj_pays": 1.5,
    "double_down": "any_two",
    "surrender": "early_surrender",
    "play_ace_pairs": false,
    "max_splits": 4,
    "decks": 6,
    "penetration_cards": 250
  },
  "ev": -1.6740256799999795,
  "stddev": 1.0742908517908658,
  "winning_distrib": {
    "-2.0": 91306427,
    "+0.0": 1088430,
    "+2.0": 7605143
  },
  "hands": {
    "total": 100000000,
    "won": 7605143,
    "lost": 91306427,
    "push": 1088430,
    "busted": 91306427,
    "blackjack": 0,
    "doubled": 100000000,
    "split": 0,
    "insured": 0,
    "surrender": 0
  }
}
