{
  "rounds": 100000000,
  "rules": {
    "game_type": "enhc",
    "soft17": "h17",
    "das": true,
    "double_down": "any_two",
    "surrender": "no_surrender",
    "play_ace_pairs": false,
    "max_splits": 4,
    "decks": 6,
    "penetration_cards": 46
  },
  "ev": 0.29187641999999864,
  "stddev": 2.3168562728676685,
  "winning_distrib": {
    "-8.0": 109,
    "-7.0": 3359,
    "-6.0": 45832,
    "-5.0": 339905,
    "-4.0": 1857488,
    "-3.0": 8913623,
    "-2.0": 23908555,
    "-1.0": 7709262,
    "+0.0": 6267670,
    "+1.0": 4818721,
    "+2.0": 27793225,
    "+3.0": 13945471,
    "+4.0": 3502566,
    "+5.0": 747881,
    "+6.0": 132442,
    "+7.0": 13296,
    "+8.0": 595
  },
  "hands": {
    "total": 216704529,
    "won": 109972706,
    "lost": 90992840,
    "push": 15738983,
    "busted": 0,
    "blackjack": 0,
    "doubled": 36049045,
    "split": 216704529,
    "insured": 0,
    "surrender": 0
  }
}
