{
  "rounds": 100000000,
  "rules": {
    "game_type": "ahc",
    "soft17": "s17",
    "das": true,
    "double_down": "any_two",
    "surrender": "no_surrender",
    "play_ace_pairs": false,
    "max_splits": 4,
    "decks": 6,
    "penetration_cards": 46
  },
  "ev": -0.011555880000000079,
  "stddev": 1.8531470572997992,
  "winning_distrib": {
    "-2.0": 43217491,
    "+0.0": 14142812,
    "+2.0": 42639697
  },
  "hands": {
    "total": 100000000,
    "won": 42639697,
    "lost": 43217491,
    "push": 14142812,
    "busted": 0,
    "blackjack": 0,
    "doubled": 100000000,
    "split": 0,
    "insured": 0,
    "surrender": 0
  }
}
