{
  "rounds": 100000000,
  "rules": {
    "game_type": "ahc",
    "soft17": "s17",
    "das": true,
    "bj_pays": 1.5,
    "double_down": "any_two",
    "surrender": "early_surrender",
    "play_ace_pairs": false,
    "max_splits": 4,
    "decks": 6,
    "penetration_cards": 250
  },
  "ev": -0.5490488799999936,
  "stddev": 0.8165352007342048,
  "winning_distrib": {
    "-1.0": 75861664,
    "+0.0": 3181560,
    "+1.0": 20956776
  },
  "hands": {
    "total": 100000000,
    "won": 20956776,
    "lost": 75861664,
    "push": 3181560,
    "busted": 71012061,
    "blackjack": 0,
    "doubled": 0,
    "split": 0,
    "insured": 0,
    "surrender": 0
  }
}
