{
  "rounds": 100000000,
  "rules": {
    "game_type": "ahc",
    "soft17": "s17",
    "das": true,
    "bj_pays": 1.5,
    "double_down": "any_two",
    "surrender": "early_surrender",
    "play_ace_pairs": false,
    "max_splits": 4,
    "decks": 6,
    "penetration_cards": 250
  },
  "ev": -0.6372301299999962,
  "stddev": 0.7429100194097064,
  "winning_distrib": {
    "-1.0": 79760383,
    "+0.0": 4202247,
    "+1.0": 16037370
  },
  "hands": {
    "total": 100000000,
    "won": 16037370,
    "lost": 79760383,
    "push": 4202247,
    "busted": 77954215,
    "blackjack": 0,
    "doubled": 0,
    "split": 0,
    "insured": 0,
    "surrender": 0
  }
}
