{
  "rounds": 100000000,
  "rules": {
    "game_type": "ahc",
    "soft17": "s17",
    "das": true,
    "bj_pays": 1.5,
    "double_down": "any_two",
    "surrender": "early_surrender",
    "play_ace_pairs": false,
    "max_splits": 4,
    "decks": 6,
    "penetration_cards": 250
  },
  "ev": 0.09716510000000125,
  "stddev": 1.9100127904868802,
  "winning_distrib": {
    "-2.0": 43290746,
    "+0.0": 8560253,
    "+2.0": 48149001
  },
  "hands": {
    "total": 100000000,
    "won": 48149001,
    "lost": 43290746,
    "push": 8560253,
    "busted": 0,
    "blackjack": 0,
    "doubled": 100000000,
    "split": 0,
    "insured": 0,
    "surrender": 0
  }
}
