{
  "rounds": 100000000,
  "rules": {
    "game_type": "ahc",
    "soft17": "s17",
    "das": true,
    "double_down": "any_two",
    "surrender": "no_surrender",
    "play_ace_pairs": false,
    "max_splits": 4,
    "decks": 6,
    "penetration_cards": 46
  },
  "ev": -0.8648470100000122,
  "stddev": 1.443485206065702,
  "winning_distrib": {
    "-2.0": 45443319,
    "-1.0": 30861279,
    "+0.0": 6063794,
    "+2.0": 17631608
  },
  "hands": {
    "total": 100000000,
    "won": 17631608,
    "lost": 76304598,
    "push": 6063794,
    "busted": 0,
    "blackjack": 0,
    "doubled": 69138721,
    "split": 0,
    "insured": 0,
    "surrender": 0
  }
}
