{
  "rounds": 100000000,
  "rules": {
    "game_type": "enhc",
    "soft17": "h17",
    "das": true,
    "double_down": "any_two",
    "surrender": "no_surrender",
    "play_ace_pairs": false,
    "max_splits": 4,
    "decks": 6,
    "penetration_cards": 46
  },
  "ev": -0.7975151599999981,
  "stddev": 1.7831340951722716,
  "winning_distrib": {
    "-2.0": 67632849,
    "+0.0": 4610060,
    "+2.0": 27757091
  },
  "hands": {
    "total": 100000000,
    "won": 27757091,
    "lost": 67632849,
    "push": 4610060,
    "busted": 53937051,
    "blackjack": 0,
    "doubled": 100000000,
    "split": 0,
    "insured": 0,
    "surrender": 0
  }
}
