{
  "rounds": 100000000,
  "rules": {
    "game_type": "ahc",
    "soft17": "s17",
    "das": true,
    "double_down": "any_two",
    "surrender": "no_surrender",
    "play_ace_pairs": false,
    "max_splits": 4,
    "decks": 6,
    "penetration_cards": 46
  },
  "ev": 0.6749465700000171,
  "stddev": 1.5436625996227904,
  "winning_distrib": {
    "-2.0": 16106612,
    "-1.0": 7753355,
    "+0.0": 20780631,
    "+1.0": 3257568,
    "+2.0": 52101834
  },
  "hands": {
    "total": 200000000,
    "won": 127041520,
    "lost": 59546863,
    "push": 13411617,
    "busted": 0,
    "blackjack": 0,
    "doubled": 0,
    "split": 200000000,
    "insured": 0,
    "surrender": 0
  }
}
