{
  "rounds": 100000000,
  "rules": {
    "game_type": "ahc",
    "soft17": "s17",
    "das": true,
    "bj_pays": 1.5,
    "double_down": "any_two",
    "surrender": "early_surrender",
    "play_ace_pairs": false,
    "max_splits": 4,
    "decks": 6,
    "penetration_cards": 250
  },
  "ev": 0.30621650999999916,
  "stddev": 0.8985481439952407,
  "winning_distrib": {
    "-1.0": 29747040,
    "+0.0": 9884269,
    "+1.0": 60368691
  },
  "hands": {
    "total": 100000000,
    "won": 60368691,
    "lost": 29747040,
    "push": 9884269,
    "busted": 19640954,
    "blackjack": 0,
    "doubled": 0,
    "split": 0,
    "insured": 0,
    "surrender": 0
  }
}
