{
  "rounds": 100000000,
  "rules": {
    "game_type": "ahc",
    "soft17": "s17",
    "das": true,
    "bj_pays": 1.5,
    "double_down": "any_two",
    "surrender": "early_surrender",
    "play_ace_pairs": false,
    "max_splits": 4,
    "decks": 6,
    "penetration_cards": 250
  },
  "ev": 0.3941218499999974,
  "stddev": 2.076411664499006,
  "winning_distrib": {
    "-8.0": 3,
    "-7.0": 269,
    "-6.0": 8473,
    "-5.0": 126282,
    "-4.0": 994751,
    "-3.0": 5364691,
    "-2.0": 22858367,
    "-1.0": 8291803,
    "+0.0": 11207720,
    "+1.0": 4053917,
    "+2.0": 34253761,
    "+3.0": 10191713,
    "+4.0": 2238695,
    "+5.0": 372392,
    "+6.0": 35536,
    "+7.0": 1596,
    "+8.0": 31
  },
  "hands": {
    "total": 218194546,
    "won": 118711310,
    "lost": 84724006,
    "push": 14759230,
    "busted": 0,
    "blackjack": 0,
    "doubled": 17032764,
    "split": 218194546,
    "insured": 0,
    "surrender": 0
  }
}
