{
  "rounds": 100000000,
  "rules": {
    "game_type": "ahc",
    "soft17": "s17",
    "das": false,
    "double_down": "any_two",
    "surrender": "no_surrender",
    "play_ace_pairs": false,
    "max_splits": 4,
    "decks": 6,
    "penetration_cards": 46
  },
  "ev": 0.007743849999999949,
  "stddev": 0.9759263047543569,
  "winning_distrib": {
    "-1.0": 47237413,
    "+0.0": 4750789,
    "+1.0": 48011798
  },
  "hands": {
    "total": 100000000,
    "won": 48011798,
    "lost": 47237413,
    "push": 4750789,
    "busted": 2572962,
    "blackjack": 0,
    "doubled": 0,
    "split": 0,
    "insured": 0,
    "surrender": 0
  }
}
