{
  "rounds": 100000000,
  "rules": {
    "game_type": "enhc",
    "soft17": "s17",
    "das": true,
    "double_down": "any_two",
    "surrender": "no_surrender",
    "play_ace_pairs": false,
    "max_splits": 4,
    "decks": 6,
    "penetration_cards": 46
  },
  "ev": 0.6498137299999962,
  "stddev": 0.6760098452488544,
  "winning_distrib": {
    "-1.0": 11471673,
    "+0.0": 12075281,
    "+1.0": 76453046
  },
  "hands": {
    "total": 100000000,
    "won": 76453046,
    "lost": 11471673,
    "push": 12075281,
    "busted": 0,
    "blackjack": 0,
    "doubled": 0,
    "split": 0,
    "insured": 0,
    "surrender": 0
  }
}
