{
  "rounds": 100000000,
  "rules": {
    "game_type": "ahc",
    "soft17": "s17",
    "das": false,
    "double_down": "any_two",
    "surrender": "no_surrender",
    "play_ace_pairs": false,
    "max_splits": 4,
    "decks": 6,
    "penetration_cards": 46
  },
  "ev": 0.12555606000000102,
  "stddev": 1.9511018409773682,
  "winning_distrib": {
    "-2.0": 44643132,
    "+0.0": 4435933,
    "+2.0": 50920935
  },
  "hands": {
    "total": 100000000,
    "won": 50920935,
    "lost": 44643132,
    "push": 4435933,
    "busted": 0,
    "blackjack": 0,
    "doubled": 100000000,
    "split": 0,
    "insured": 0,
    "surrender": 0
  }
}
