{
  "rounds": 100000000,
  "rules": {
    "game_type": "ahc",
    "soft17": "s17",
    "das": true,
    "bj_pays": 1.5,
    "double_down": "any_two",
    "surrender": "early_surrender",
    "play_ace_pairs": false,
    "max_splits": 4,
    "decks": 6,
    "penetration_cards": 250
  },
  "ev": -1.0449636599999281,
  "stddev": 1.6357853820221544,
  "winning_distrib": {
    "-2.0": 73220877,
    "+0.0": 5806429,
    "+2.0": 20972694
  },
  "hands": {
    "total": 100000000,
    "won": 20972694,
    "lost": 73220877,
    "push": 5806429,
    "busted": 62340225,
    "blackjack": 0,
    "doubled": 100000000,
    "split": 0,
    "insured": 0,
    "surrender": 0
  }
}
