{
  "rounds": 100000000,
  "rules": {
    "game_type": "enhc",
    "soft17": "h17",
    "das": false,
    "double_down": "any_two",
    "surrender": "no_surrender",
    "play_ace_pairs": false,
    "max_splits": 4,
    "decks": 6,
    "penetration_cards": 46
  },
  "ev": 0.07345587000000159,
  "stddev": 0.966960927086854,
  "winning_distrib": {
    "-1.0": 43347666,
    "+0.0": 5959081,
    "+1.0": 50693253
  },
  "hands": {
    "total": 100000000,
    "won": 50693253,
    "lost": 43347666,
    "push": 5959081,
    "busted": 3212088,
    "blackjack": 0,
    "doubled": 0,
    "split": 0,
    "insured": 0,
    "surrender": 0
  }
}
