{
  "rounds": 100000000,
  "rules": {
    "game_type": "ahc",
    "soft17": "s17",
    "das": true,
    "bj_pays": 1.5,
    "double_down": "any_two",
    "surrender": "early_surrender",
    "play_ace_pairs": false,
    "max_splits": 4,
    "decks": 6,
    "penetration_cards": 250
  },
  "ev": -0.6775314399999948,
  "stddev": 1.8451645947876347,
  "winning_distrib": {
    "-2.0": 65234301,
    "+0.0": 3407970,
    "+2.0": 31357729
  },
  "hands": {
    "total": 100000000,
    "won": 31357729,
    "lost": 65234301,
    "push": 3407970,
    "busted": 52175667,
    "blackjack": 0,
    "doubled": 100000000,
    "split": 0,
    "insured": 0,
    "surrender": 0
  }
}
