{
  "rounds": 100000000,
  "rules": {
    "game_type": "ahc",
    "soft17": "s17",
    "das": false,
    "double_down": "any_two",
    "surrender": "no_surrender",
    "play_ace_pairs": false,
    "max_splits": 4,
    "decks": 6,
    "penetration_cards": 46
  },
  "ev": -0.07769604999999911,
  "stddev": 0.9291702440607857,
  "winning_distrib": {
    "-1.0": 47354503,
    "+0.0": 13060599,
    "+1.0": 39584898
  },
  "hands": {
    "total": 100000000,
    "won": 39584898,
    "lost": 47354503,
    "push": 13060599,
    "busted": 0,
    "blackjack": 0,
    "doubled": 0,
    "split": 0,
    "insured": 0,
    "surrender": 0
  }
}
