{
  "rounds": 100000000,
  "rules": {
    "game_type": "ahc",
    "soft17": "s17",
    "das": true,
    "bj_pays": 1.5,
    "double_down": "any_two",
    "surrender": "early_surrender",
    "play_ace_pairs": false,
    "max_splits": 4,
    "decks": 6,
    "penetration_cards": 250
  },
  "ev": 0.6688698600000105,
  "stddev": 1.8123212913908526,
  "winning_distrib": {
    "-2.0": 29926945,
    "+0.0": 6702617,
    "+2.0": 63370438
  },
  "hands": {
    "total": 100000000,
    "won": 63370438,
    "lost": 29926945,
    "push": 6702617,
    "busted": 0,
    "blackjack": 0,
    "doubled": 100000000,
    "split": 0,
    "insured": 0,
    "surrender": 0
  }
}
