{
  "rounds": 100000000,
  "rules": {
    "game_type": "ahc",
    "soft17": "s17",
    "das": true,
    "bj_pays": 1.5,
    "double_down": "any_two",
    "surrender": "early_surrender",
    "play_ace_pairs": false,
    "max_splits": 4,
    "decks": 6,
    "penetration_cards": 250
  },
  "ev": 0.17537379000000042,
  "stddev": 0.9184660974782073,
  "winning_distrib": {
    "-1.0": 34948107,
    "+0.0": 12566407,
    "+1.0": 52485486
  },
  "hands": {
    "total": 100000000,
    "won": 52485486,
    "lost": 34948107,
    "push": 12566407,
    "busted": 0,
    "blackjack": 0,
    "doubled": 0,
    "split": 0,
    "insured": 0,
    "surrender": 0
  }
}
