{
  "rounds": 100000000,
  "rules": {
    "game_type": "ahc",
    "soft17": "h17",
    "das": true,
    "double_down": "any_two",
    "surrender": "no_surrender",
    "play_ace_pairs": false,
    "max_splits": 4,
    "decks": 6,
    "penetration_cards": 46
  },
  "ev": 0.6706409599999885,
  "stddev": 1.8110042119132794,
  "winning_distrib": {
    "-2.0": 29852670,
    "+0.0": 6762612,
    "+2.0": 63384718
  },
  "hands": {
    "total": 100000000,
    "won": 63384718,
    "lost": 29852670,
    "push": 6762612,
    "busted": 0,
    "blackjack": 0,
    "doubled": 100000000,
    "split": 0,
    "insured": 0,
    "surrender": 0
  }
}
