{
  "rounds": 100000000,
  "rules": {
    "game_type": "ahc",
    "soft17": "s17",
    "das": true,
    "bj_pays": 1.5,
    "double_down": "any_two",
    "surrender": "early_surrender",
    "play_ace_pairs": false,
    "max_splits": 4,
    "decks": 6,
    "penetration_cards": 250
  },
  "ev": 0.08577099000000014,
  "stddev": 2.7415974289523244,
  "winning_distrib": {
    "-8.0": 3161,
    "-7.0": 38487,
    "-6.0": 251647,
    "-5.0": 1030025,
    "-4.0": 4667791,
    "-3.0": 16038651,
    "-2.0": 22080516,
    "-1.0": 4045125,
    "+0.0": 3305829,
    "+1.0": 5469742,
    "+2.0": 16243311,
    "+3.0": 17660194,
    "+4.0": 6965622,
    "+5.0": 1589740,
    "+6.0": 505046,
    "+7.0": 94237,
    "+8.0": 10876
  },
  "hands": {
    "total": 217417154,
    "won": 103028550,
    "lost": 108226524,
    "push": 6162080,
    "busted": 0,
    "blackjack": 0,
    "doubled": 72293095,
    "split": 217417154,
    "insured": 0,
    "surrender": 0
  }
}
