{
  "rounds": 100000000,
  "rules": {
    "game_type": "ahc",
    "soft17": "s17",
    "das": true,
    "bj_pays": 1.5,
    "double_down": "any_two",
    "surrender": "early_surrender",
    "play_ace_pairs": false,
    "max_splits": 4,
    "decks": 6,
    "penetration_cards": 250
  },
  "ev": -0.6822003100000129,
  "stddev": 0.7053307678038843,
  "winning_distrib": {
    "-1.0": 82254453,
    "+0.0": 3711125,
    "+1.0": 14034422
  },
  "hands": {
    "total": 100000000,
    "won": 14034422,
    "lost": 82254453,
    "push": 3711125,
    "busted": 71179969,
    "blackjack": 0,
    "doubled": 0,
    "split": 0,
    "insured": 0,
    "surrender": 0
  }
}
