{
  "rounds": 100000000,
  "rules": {
    "game_type": "ahc",
    "soft17": "s17",
    "das": false,
    "double_down": "any_two",
    "surrender": "no_surrender",
    "play_ace_pairs": false,
    "max_splits": 4,
    "decks": 6,
    "penetration_cards": 46
  },
  "ev": -0.273525009999998,
  "stddev": 0.9375746198009952,
  "winning_distrib": {
    "-1.0": 61369355,
    "+0.0": 4613791,
    "+1.0": 34016854
  },
  "hands": {
    "total": 100000000,
    "won": 34016854,
    "lost": 61369355,
    "push": 4613791,
    "busted": 38604876,
    "blackjack": 0,
    "doubled": 0,
    "split": 0,
    "insured": 0,
    "surrender": 0
  }
}
