{
  "rounds": 100000000,
  "rules": {
    "game_type": "ahc",
    "soft17": "s17",
    "das": true,
    "bj_pays": 1.5,
    "double_down": "any_two",
    "surrender": "early_surrender",
    "play_ace_pairs": false,
    "max_splits": 4,
    "decks": 6,
    "penetration_cards": 250
  },
  "ev": -0.5757766899999984,
  "stddev": 0.7875234850177981,
  "winning_distrib": {
    "-1.0": 76374436,
    "+0.0": 4828797,
    "+1.0": 18796767
  },
  "hands": {
    "total": 100000000,
    "won": 18796767,
    "lost": 76374436,
    "push": 4828797,
    "busted": 70395534,
    "blackjack": 0,
    "doubled": 0,
    "split": 0,
    "insured": 0,
    "surrender": 0
  }
}
