{
  "rounds": 100000000,
  "rules": {
    "game_type": "ahc",
    "soft17": "s17",
    "das": true,
    "bj_pays": 1.5,
    "double_down": "any_two",
    "surrender": "early_surrender",
    "play_ace_pairs": false,
    "max_splits": 4,
    "decks": 6,
    "penetration_cards": 250
  },
  "ev": 0.3398525000000102,
  "stddev": 1.8930029567009101,
  "winning_distrib": {
    "-2.0": 37740686,
    "+0.0": 7526003,
    "+2.0": 54733311
  },
  "hands": {
    "total": 100000000,
    "won": 54733311,
    "lost": 37740686,
    "push": 7526003,
    "busted": 0,
    "blackjack": 0,
    "doubled": 100000000,
    "split": 0,
    "insured": 0,
    "surrender": 0
  }
}
