{
  "rounds": 100000000,
  "rules": {
    "game_type": "ahc",
    "soft17": "s17",
    "das": false,
    "double_down": "any_two",
    "surrender": "no_surrender",
    "play_ace_pairs": false,
    "max_splits": 4,
    "decks": 6,
    "penetration_cards": 46
  },
  "ev": 0.3582019700000041,
  "stddev": 1.5170472905293428,
  "winning_distrib": {
    "-2.0": 18999109,
    "-1.0": 8032361,
    "+0.0": 29665023,
    "+1.0": 4756238,
    "+2.0": 38547269
  },
  "hands": {
    "total": 200000000,
    "won": 110460050,
    "lost": 74639853,
    "push": 14900097,
    "busted": 0,
    "blackjack": 0,
    "doubled": 0,
    "split": 200000000,
    "insured": 0,
    "surrender": 0
  }
}
