{
  "rounds": 100000000,
  "rules": {
    "game_type": "enhc",
    "soft17": "h17",
    "das": true,
    "double_down": "any_two",
    "surrender": "no_surrender",
    "play_ace_pairs": false,
    "max_splits": 4,
    "decks": 6,
    "penetration_cards": 46
  },
  "ev": 0.2380886199999977,
  "stddev": 1.9079719404200128,
  "winning_distrib": {
    "-2.0": 40260823,
    "+0.0": 7573923,
    "+2.0": 52165254
  },
  "hands": {
    "total": 100000000,
    "won": 52165254,
    "lost": 40260823,
    "push": 7573923,
    "busted": 0,
    "blackjack": 0,
    "doubled": 100000000,
    "split": 0,
    "insured": 0,
    "surrender": 0
  }
}
