{
  "rounds": 100000000,
  "rules": {
    "game_type": "ahc",
    "soft17": "h17",
    "das": true,
    "double_down": "any_two",
    "surrender": "no_surrender",
    "play_ace_pairs": false,
    "max_splits": 4,
    "decks": 6,
    "penetration_cards": 46
  },
  "ev": 0.6704669400000033,
  "stddev": 0.6618273390750675,
  "winning_distrib": {
    "-1.0": 10853720,
    "+0.0": 11245866,
    "+1.0": 77900414
  },
  "hands": {
    "total": 100000000,
    "won": 77900414,
    "lost": 10853720,
    "push": 11245866,
    "busted": 0,
    "blackjack": 0,
    "doubled": 0,
    "split": 0,
    "insured": 0,
    "surrender": 0
  }
}
