{
  "rounds": 100000000,
  "rules": {
    "game_type": "ahc",
    "soft17": "h17",
    "das": false,
    "double_down": "any_two",
    "surrender": "no_surrender",
    "play_ace_pairs": false,
    "max_splits": 4,
    "decks": 6,
    "penetration_cards": 46
  },
  "ev": -0.5501726000000123,
  "stddev": 1.803150488096496,
  "winning_distrib": {
    "-2.0": 55343386,
    "-1.0": 7563862,
    "+0.0": 5476065,
    "+2.0": 31616687
  },
  "hands": {
    "total": 100000000,
    "won": 31616687,
    "lost": 62907248,
    "push": 5476065,
    "busted": 0,
    "blackjack": 0,
    "doubled": 92436138,
    "split": 0,
    "insured": 0,
    "surrender": 0
  }
}
