{
  "rounds": 100000000,
  "rules": {
    "game_type": "ahc",
    "soft17": "s17",
    "das": true,
    "bj_pays": 1.5,
    "double_down": "any_two",
    "surrender": "early_surrender",
    "play_ace_pairs": false,
    "max_splits": 4,
    "decks": 6,
    "penetration_cards": 250
  },
  "ev": -0.24788230999999977,
  "stddev": 0.9145000594599029,
  "winning_distrib": {
    "-1.0": 57281915,
    "+0.0": 10224401,
    "+1.0": 32493684
  },
  "hands": {
    "total": 100000000,
    "won": 32493684,
    "lost": 57281915,
    "push": 10224401,
    "busted": 15884624,
    "blackjack": 0,
    "doubled": 0,
    "split": 0,
    "insured": 0,
    "surrender": 0
  }
}
