{
  "rounds": 100000000,
  "rules": {
    "game_type": "enhc",
    "soft17": "h17",
    "das": true,
    "double_down": "any_two",
    "surrender": "no_surrender",
    "play_ace_pairs": false,
    "max_splits": 4,
    "decks": 6,
    "penetration_cards": 46
  },
  "ev": -0.31474432000000735,
  "stddev": 1.9153154856869083,
  "winning_distrib": {
    "-2.0": 54962325,
    "+0.0": 5812566,
    "+2.0": 39225109
  },
  "hands": {
    "total": 100000000,
    "won": 39225109,
    "lost": 54962325,
    "push": 5812566,
    "busted": 0,
    "blackjack": 0,
    "doubled": 100000000,
    "split": 0,
    "insured": 0,
    "surrender": 0
  }
}
