{
  "rounds": 100000000,
  "rules": {
    "game_type": "ahc",
    "soft17": "s17",
    "das": true,
    "bj_pays": 1.5,
    "double_down": "any_two",
    "surrender": "early_surrender",
    "play_ace_pairs": false,
    "max_splits": 4,
    "decks": 6,
    "penetration_cards": 250
  },
  "ev": -0.057734340000000064,
  "stddev": 1.9497252791096018,
  "winning_distrib": {
    "-2.0": 49002882,
    "+0.0": 4880953,
    "+2.0": 46116165
  },
  "hands": {
    "total": 100000000,
    "won": 46116165,
    "lost": 49002882,
    "push": 4880953,
    "busted": 0,
    "blackjack": 0,
    "doubled": 100000000,
    "split": 0,
    "insured": 0,
    "surrender": 0
  }
}
