{
  "rounds": 100000000,
  "rules": {
    "game_type": "ahc",
    "soft17": "s17",
    "das": false,
    "double_down": "any_two",
    "surrender": "no_surrender",
    "play_ace_pairs": false,
    "max_splits": 4,
    "decks": 6,
    "penetration_cards": 46
  },
  "ev": 0.28557235000000347,
  "stddev": 0.752630459508525,
  "winning_distrib": {
    "-1.0": 18121591,
    "+0.0": 35199583,
    "+1.0": 46678826
  },
  "hands": {
    "total": 100000000,
    "won": 46678826,
    "lost": 18121591,
    "push": 35199583,
    "busted": 0,
    "blackjack": 0,
    "doubled": 0,
    "split": 0,
    "insured": 0,
    "surrender": 0
  }
}
