{
  "rounds": 100000000,
  "rules": {
    "game_type": "ahc",
    "soft17": "s17",
    "das": true,
    "bj_pays": 1.5,
    "double_down": "any_two",
    "surrender": "early_surrender",
    "play_ace_pairs": false,
    "max_splits": 4,
    "decks": 6,
    "penetration_cards": 250
  },
  "ev": -0.40377695999999924,
  "stddev": 0.88431627509239,
  "winning_distrib": {
    "-1.0": 67441403,
    "+0.0": 5494890,
    "+1.0": 27063707
  },
  "hands": {
    "total": 100000000,
    "won": 27063707,
    "lost": 67441403,
    "push": 5494890,
    "busted": 61001832,
    "blackjack": 0,
    "doubled": 0,
    "split": 0,
    "insured": 0,
    "surrender": 0
  }
}
