{
  "rounds": 100000000,
  "rules": {
    "game_type": "ahc",
    "soft17": "s17",
    "das": true,
    "bj_pays": 1.5,
    "double_down": "any_two",
    "surrender": "early_surrender",
    "play_ace_pairs": false,
    "max_splits": 4,
    "decks": 6,
    "penetration_cards": 250
  },
  "ev": -0.4307268000000077,
  "stddev": 0.8780063960306469,
  "winning_distrib": {
    "-1.0": 69357380,
    "+0.0": 4357920,
    "+1.0": 26284700
  },
  "hands": {
    "total": 100000000,
    "won": 26284700,
    "lost": 69357380,
    "push": 4357920,
    "busted": 61535657,
    "blackjack": 0,
    "doubled": 0,
    "split": 0,
    "insured": 0,
    "surrender": 0
  }
}
