{
  "rounds": 100000000,
  "rules": {
    "game_type": "ahc",
    "soft17": "s17",
    "das": true,
    "bj_pays": 1.5,
    "double_down": "any_two",
    "surrender": "early_surrender",
    "play_ace_pairs": false,
    "max_splits": 4,
    "decks": 6,
    "penetration_cards": 250
  },
  "ev": 0.4651515800000018,
  "stddev": 1.8642358869996056,
  "winning_distrib": {
    "-2.0": 34517978,
    "+0.0": 7706465,
    "+2.0": 57775557
  },
  "hands": {
    "total": 100000000,
    "won": 57775557,
    "lost": 34517978,
    "push": 7706465,
    "busted": 0,
    "blackjack": 0,
    "doubled": 100000000,
    "split": 0,
    "insured": 0,
    "surrender": 0
  }
}
