{
  "rounds": 100000000,
  "rules": {
    "game_type": "ahc",
    "soft17": "s17",
    "das": true,
    "bj_pays": 1.5,
    "double_down": "any_two",
    "surrender": "early_surrender",
    "play_ace_pairs": false,
    "max_splits": 4,
    "decks": 6,
    "penetration_cards": 250
  },
  "ev": -0.20452212999999844,
  "stddev": 0.9168426455757045,
  "winning_distrib": {
    "-1.0": 54347593,
    "+0.0": 11757027,
    "+1.0": 33895380
  },
  "hands": {
    "total": 100000000,
    "won": 33895380,
    "lost": 54347593,
    "push": 11757027,
    "busted": 0,
    "blackjack": 0,
    "doubled": 0,
    "split": 0,
    "insured": 0,
    "surrender": 0
  }
}
