{
  "rounds": 100000000,
  "rules": {
    "game_type": "enhc",
    "soft17": "h17",
    "das": true,
    "double_down": "any_two",
    "surrender": "no_surrender",
    "play_ace_pairs": false,
    "max_splits": 4,
    "decks": 6,
    "penetration_cards": 46
  },
  "ev": -0.3428801599999941,
  "stddev": 0.8960491526179931,
  "winning_distrib": {
    "-1.0": 63167552,
    "+0.0": 7952912,
    "+1.0": 28879536
  },
  "hands": {
    "total": 100000000,
    "won": 28879536,
    "lost": 63167552,
    "push": 7952912,
    "busted": 48481259,
    "blackjack": 0,
    "doubled": 0,
    "split": 0,
    "insured": 0,
    "surrender": 0
  }
}
