{
  "rounds": 100000000,
  "rules": {
    "game_type": "enhc",
    "soft17": "h17",
    "das": false,
    "double_down": "any_two",
    "surrender": "no_surrender",
    "play_ace_pairs": false,
    "max_splits": 4,
    "decks": 6,
    "penetration_cards": 46
  },
  "ev": -0.4289331000000058,
  "stddev": 0.8642694274322322,
  "winning_distrib": {
    "-1.0": 67993917,
    "+0.0": 6905476,
    "+1.0": 25100607
  },
  "hands": {
    "total": 100000000,
    "won": 25100607,
    "lost": 67993917,
    "push": 6905476,
    "busted": 55238882,
    "blackjack": 0,
    "doubled": 0,
    "split": 0,
    "insured": 0,
    "surrender": 0
  }
}
