{
  "rounds": 100000000,
  "rules": {
    "game_type": "ahc",
    "soft17": "s17",
    "das": false,
    "double_down": "any_two",
    "surrender": "no_surrender",
    "play_ace_pairs": false,
    "max_splits": 4,
    "decks": 6,
    "penetration_cards": 46
  },
  "ev": -0.2391688400000003,
  "stddev": 0.9116442366866726,
  "winning_distrib": {
    "-1.0": 56373289,
    "+0.0": 11170306,
    "+1.0": 32456405
  },
  "hands": {
    "total": 100000000,
    "won": 32456405,
    "lost": 56373289,
    "push": 11170306,
    "busted": 0,
    "blackjack": 0,
    "doubled": 0,
    "split": 0,
    "insured": 0,
    "surrender": 0
  }
}
