{
  "rounds": 100000000,
  "rules": {
    "game_type": "ahc",
    "soft17": "s17",
    "das": true,
    "bj_pays": 1.5,
    "double_down": "any_two",
    "surrender": "early_surrender",
    "play_ace_pairs": false,
    "max_splits": 4,
    "decks": 6,
    "penetration_cards": 250
  },
  "ev": -0.2279600400000011,
  "stddev": 0.9491552819071072,
  "winning_distrib": {
    "-1.0": 59041078,
    "+0.0": 4713848,
    "+1.0": 36245074
  },
  "hands": {
    "total": 100000000,
    "won": 36245074,
    "lost": 59041078,
    "push": 4713848,
    "busted": 32001494,
    "blackjack": 0,
    "doubled": 0,
    "split": 0,
    "insured": 0,
    "surrender": 0
  }
}
