{
  "rounds": 100000000,
  "rules": {
    "game_type": "ahc",
    "soft17": "s17",
    "das": true,
    "bj_pays": 1.5,
    "double_down": "any_two",
    "surrender": "early_surrender",
    "play_ace_pairs": false,
    "max_splits": 4,
    "decks": 6,
    "penetration_cards": 250
  },
  "ev": 0.28632566999999753,
  "stddev": 0.7504974259326362,
  "winning_distrib": {
    "-1.0": 17945155,
    "+0.0": 35477123,
    "+1.0": 46577722
  },
  "hands": {
    "total": 100000000,
    "won": 46577722,
    "lost": 17945155,
    "push": 35477123,
    "busted": 0,
    "blackjack": 0,
    "doubled": 0,
    "split": 0,
    "insured": 0,
    "surrender": 0
  }
}
