{
  "rounds": 100000000,
  "rules": {
    "game_type": "ahc",
    "soft17": "s17",
    "das": true,
    "bj_pays": 1.5,
    "double_down": "any_two",
    "surrender": "early_surrender",
    "play_ace_pairs": false,
    "max_splits": 4,
    "decks": 6,
    "penetration_cards": 250
  },
  "ev": -0.8585141699999869,
  "stddev": 1.441385739725877,
  "winning_distrib": {
    "-2.0": 44879362,
    "-1.0": 31377293,
    "+0.0": 6101045,
    "+2.0": 17642300
  },
  "hands": {
    "total": 100000000,
    "won": 17642300,
    "lost": 76256655,
    "push": 6101045,
    "busted": 0,
    "blackjack": 0,
    "doubled": 68622707,
    "split": 0,
    "insured": 0,
    "surrender": 0
  }
}
