{
  "rounds": 100000000,
  "rules": {
    "game_type": "ahc",
    "soft17": "h17",
    "das": false,
    "double_down": "any_two",
    "surrender": "no_surrender",
    "play_ace_pairs": false,
    "max_splits": 4,
    "decks": 6,
    "penetration_cards": 46
  },
  "ev": -0.3871651200000044,
  "stddev": 0.8978668597943812,
  "winning_distrib": {
    "-1.0": 67161342,
    "+0.0": 4393828,
    "+1.0": 28444830
  },
  "hands": {
    "total": 100000000,
    "won": 28444830,
    "lost": 67161342,
    "push": 4393828,
    "busted": 53941555,
    "blackjack": 0,
    "doubled": 0,
    "split": 0,
    "insured": 0,
    "surrender": 0
  }
}
