{
  "rounds": 100000000,
  "rules": {
    "game_type": "enhc",
    "soft17": "s17",
    "das": false,
    "double_down": "any_two",
    "surrender": "no_surrender",
    "play_ace_pairs": false,
    "max_splits": 4,
    "decks": 6,
    "penetration_cards": 46
  },
  "ev": -0.5399667600000166,
  "stddev": 1.3709689554802662,
  "winning_distrib": {
    "-2.0": 36868507,
    "-1.0": 11530666,
    "+0.0": 33747972,
    "+1.0": 4434706,
    "+2.0": 13418149
  },
  "hands": {
    "total": 200000000,
    "won": 63963898,
    "lost": 117960574,
    "push": 18075528,
    "busted": 84482272,
    "blackjack": 0,
    "doubled": 0,
    "split": 200000000,
    "insured": 0,
    "surrender": 0
  }
}
