{
  "rounds": 100000000,
  "rules": {
    "game_type": "ahc",
    "soft17": "h17",
    "das": true,
    "double_down": "any_two",
    "surrender": "no_surrender",
    "play_ace_pairs": false,
    "max_splits": 4,
    "decks": 6,
    "penetration_cards": 46
  },
  "ev": -1.2394750399999945,
  "stddev": 1.5331801096816458,
  "winning_distrib": {
    "-2.0": 79573621,
    "+0.0": 2826510,
    "+2.0": 17599869
  },
  "hands": {
    "total": 100000000,
    "won": 17599869,
    "lost": 79573621,
    "push": 2826510,
    "busted": 76838096,
    "blackjack": 0,
    "doubled": 100000000,
    "split": 0,
    "insured": 0,
    "surrender": 0
  }
}
