{
  "rounds": 100000000,
  "rules": {
    "game_type": "ahc",
    "soft17": "s17",
    "das": true,
    "bj_pays": 1.5,
    "double_down": "any_two",
    "surrender": "early_surrender",
    "play_ace_pairs": false,
    "max_splits": 4,
    "decks": 6,
    "penetration_cards": 250
  },
  "ev": -0.13778575999999534,
  "stddev": 0.9216687977988351,
  "winning_distrib": {
    "-1.0": 50312202,
    "+0.0": 13154172,
    "+1.0": 36533626
  },
  "hands": {
    "total": 100000000,
    "won": 36533626,
    "lost": 50312202,
    "push": 13154172,
    "busted": 0,
    "blackjack": 0,
    "doubled": 0,
    "split": 0,
    "insured": 0,
    "surrender": 0
  }
}
