{
  "rounds": 100000000,
  "rules": {
    "game_type": "ahc",
    "soft17": "s17",
    "das": true,
    "double_down": "any_two",
    "surrender": "no_surrender",
    "play_ace_pairs": false,
    "max_splits": 4,
    "decks": 6,
    "penetration_cards": 46
  },
  "ev": -0.5141048799999979,
  "stddev": 1.8861524561752157,
  "winning_distrib": {
    "-2.0": 60626058,
    "+0.0": 4453128,
    "+2.0": 34920814
  },
  "hands": {
    "total": 100000000,
    "won": 34920814,
    "lost": 60626058,
    "push": 4453128,
    "busted": 38605388,
    "blackjack": 0,
    "doubled": 100000000,
    "split": 0,
    "insured": 0,
    "surrender": 0
  }
}
