{
  "rounds": 100000000,
  "rules": {
    "game_type": "ahc",
    "soft17": "s17",
    "das": true,
    "double_down": "any_two",
    "surrender": "no_surrender",
    "play_ace_pairs": false,
    "max_splits": 4,
    "decks": 6,
    "penetration_cards": 46
  },
  "ev": 0.291015339999999,
  "stddev": 1.901955916434196,
  "winning_distrib": {
    "-2.0": 39001194,
    "+0.0": 7446845,
    "+2.0": 53551961
  },
  "hands": {
    "total": 100000000,
    "won": 53551961,
    "lost": 39001194,
    "push": 7446845,
    "busted": 0,
    "blackjack": 0,
    "doubled": 100000000,
    "split": 0,
    "insured": 0,
    "surrender": 0
  }
}
