{
  "rounds": 100000000,
  "rules": {
    "game_type": "ahc",
    "soft17": "s17",
    "das": true,
    "bj_pays": 1.5,
    "double_down": "any_two",
    "surrender": "early_surrender",
    "play_ace_pairs": false,
    "max_splits": 4,
    "decks": 6,
    "penetration_cards": 250
  },
  "ev": -0.7172461099999993,
  "stddev": 0.6890338543479271,
  "winning_distrib": {
    "-1.0": 85322787,
    "+0.0": 1079037,
    "+1.0": 13598176
  },
  "hands": {
    "total": 100000000,
    "won": 13598176,
    "lost": 85322787,
    "push": 1079037,
    "busted": 84803032,
    "blackjack": 0,
    "doubled": 0,
    "split": 0,
    "insured": 0,
    "surrender": 0
  }
}
