{
  "rounds": 100000000,
  "rules": {
    "game_type": "ahc",
    "soft17": "s17",
    "das": true,
    "bj_pays": 1.5,
    "double_down": "any_two",
    "surrender": "early_surrender",
    "play_ace_pairs": false,
    "max_splits": 4,
    "decks": 6,
    "penetration_cards": 250
  },
  "ev": 0.07324286000000127,
  "stddev": 0.9365823040346728,
  "winning_distrib": {
    "-1.0": 40465403,
    "+0.0": 11744908,
    "+1.0": 47789689
  },
  "hands": {
    "total": 100000000,
    "won": 47789689,
    "lost": 40465403,
    "push": 11744908,
    "busted": 24703478,
    "blackjack": 0,
    "doubled": 0,
    "split": 0,
    "insured": 0,
    "surrender": 0
  }
}
