{
  "rounds": 100000000,
  "rules": {
    "game_type": "ahc",
    "soft17": "s17",
    "das": true,
    "bj_pays": 1.5,
    "double_down": "any_two",
    "surrender": "early_surrender",
    "play_ace_pairs": false,
    "max_splits": 4,
    "decks": 6,
    "penetration_cards": 250
  },
  "ev": 0.5131008999999986,
  "stddev": 0.7967910973197173,
  "winning_distrib": {
    "-1.0": 19252384,
    "+0.0": 10185142,
    "+1.0": 70562474
  },
  "hands": {
    "total": 100000000,
    "won": 70562474,
    "lost": 19252384,
    "push": 10185142,
    "busted": 0,
    "blackjack": 0,
    "doubled": 0,
    "split": 0,
    "insured": 0,
    "surrender": 0
  }
}
