{
  "rounds": 100000000,
  "rules": {
    "game_type": "enhc",
    "soft17": "s17",
    "das": false,
    "double_down": "any_two",
    "surrender": "no_surrender",
    "play_ace_pairs": false,
    "max_splits": 4,
    "decks": 6,
    "penetration_cards": 46
  },
  "ev": 0.24237598000000027,
  "stddev": 1.9032762386326498,
  "winning_distrib": {
    "-2.0": 39955682,
    "+0.0": 7969837,
    "+2.0": 52074481
  },
  "hands": {
    "total": 100000000,
    "won": 52074481,
    "lost": 39955682,
    "push": 7969837,
    "busted": 0,
    "blackjack": 0,
    "doubled": 100000000,
    "split": 0,
    "insured": 0,
    "surrender": 0
  }
}
