{
  "rounds": 100000000,
  "rules": {
    "game_type": "ahc",
    "soft17": "s17",
    "das": true,
    "double_down": "any_two",
    "surrender": "no_surrender",
    "play_ace_pairs": false,
    "max_splits": 4,
    "decks": 6,
    "penetration_cards": 46
  },
  "ev": -0.005162700000000025,
  "stddev": 1.9516778383276097,
  "winning_distrib": {
    "-2.0": 47742480,
    "+0.0": 4773175,
    "+2.0": 47484345
  },
  "hands": {
    "total": 100000000,
    "won": 47484345,
    "lost": 47742480,
    "push": 4773175,
    "busted": 0,
    "blackjack": 0,
    "doubled": 100000000,
    "split": 0,
    "insured": 0,
    "surrender": 0
  }
}
