{
  "rounds": 100000000,
  "rules": {
    "game_type": "enhc",
    "soft17": "h17",
    "das": true,
    "double_down": "any_two",
    "surrender": "no_surrender",
    "play_ace_pairs": false,
    "max_splits": 4,
    "decks": 6,
    "penetration_cards": 46
  },
  "ev": 0.13923775999999877,
  "stddev": 0.9211201412816988,
  "winning_distrib": {
    "-1.0": 36430585,
    "+0.0": 13215054,
    "+1.0": 50354361
  },
  "hands": {
    "total": 100000000,
    "won": 50354361,
    "lost": 36430585,
    "push": 13215054,
    "busted": 0,
    "blackjack": 0,
    "doubled": 0,
    "split": 0,
    "insured": 0,
    "surrender": 0
  }
}
