{
  "rounds": 100000000,
  "rules": {
    "game_type": "ahc",
    "soft17": "s17",
    "das": false,
    "double_down": "any_two",
    "surrender": "no_surrender",
    "play_ace_pairs": false,
    "max_splits": 4,
    "decks": 6,
    "penetration_cards": 46
  },
  "ev": -1.7005895199999739,
  "stddev": 1.043615683744505,
  "winning_distrib": {
    "-2.0": 92278968,
    "+0.0": 471540,
    "+2.0": 7249492
  },
  "hands": {
    "total": 100000000,
    "won": 7249492,
    "lost": 92278968,
    "push": 471540,
    "busted": 92278968,
    "blackjack": 0,
    "doubled": 100000000,
    "split": 0,
    "insured": 0,
    "surrender": 0
  }
}
