{
  "rounds": 100000000,
  "rules": {
    "game_type": "ahc",
    "soft17": "s17",
    "das": true,
    "bj_pays": 1.5,
    "double_down": "any_two",
    "surrender": "early_surrender",
    "play_ace_pairs": false,
    "max_splits": 4,
    "decks": 6,
    "penetration_cards": 250
  },
  "ev": -0.7114121600000017,
  "stddev": 1.494302432887503,
  "winning_distrib": {
    "-2.0": 39779925,
    "-1.0": 32649244,
    "+0.0": 7036892,
    "+2.0": 20533939
  },
  "hands": {
    "total": 100000000,
    "won": 20533939,
    "lost": 72429169,
    "push": 7036892,
    "busted": 0,
    "blackjack": 0,
    "doubled": 67350756,
    "split": 0,
    "insured": 0,
    "surrender": 0
  }
}
