{
  "rounds": 100000000,
  "rules": {
    "game_type": "ahc",
    "soft17": "s17",
    "das": true,
    "double_down": "any_two",
    "surrender": "no_surrender",
    "play_ace_pairs": false,
    "max_splits": 4,
    "decks": 6,
    "penetration_cards": 46
  },
  "ev": -0.4120345400000054,
  "stddev": 0.8793486484776908,
  "winning_distrib": {
    "-1.0": 67753052,
    "+0.0": 5697350,
    "+1.0": 26549598
  },
  "hands": {
    "total": 100000000,
    "won": 26549598,
    "lost": 67753052,
    "push": 5697350,
    "busted": 61403862,
    "blackjack": 0,
    "doubled": 0,
    "split": 0,
    "insured": 0,
    "surrender": 0
  }
}
