{
  "rounds": 100000000,
  "rules": {
    "game_type": "ahc",
    "soft17": "s17",
    "das": true,
    "bj_pays": 1.5,
    "double_down": "any_two",
    "surrender": "early_surrender",
    "play_ace_pairs": false,
    "max_splits": 4,
    "decks": 6,
    "penetration_cards": 250
  },
  "ev": -0.9193725200000087,
  "stddev": 1.7203031939351117,
  "winning_distrib": {
    "-2.0": 70542924,
    "+0.0": 4882778,
    "+2.0": 24574298
  },
  "hands": {
    "total": 100000000,
    "won": 24574298,
    "lost": 70542924,
    "push": 4882778,
    "busted": 61273841,
    "blackjack": 0,
    "doubled": 100000000,
    "split": 0,
    "insured": 0,
    "surrender": 0
  }
}
