{
  "rounds": 100000000,
  "rules": {
    "game_type": "ahc",
    "soft17": "s17",
    "das": true,
    "bj_pays": 1.5,
    "double_down": "any_two",
    "surrender": "early_surrender",
    "play_ace_pairs": false,
    "max_splits": 4,
    "decks": 6,
    "penetration_cards": 250
  },
  "ev": -1.1179846300000345,
  "stddev": 1.2558890686905086,
  "winning_distrib": {
    "-2.0": 50246850,
    "-1.0": 34778941,
    "+0.0": 3237120,
    "+2.0": 11737089
  },
  "hands": {
    "total": 100000000,
    "won": 11737089,
    "lost": 85025791,
    "push": 3237120,
    "busted": 39751369,
    "blackjack": 0,
    "doubled": 65221059,
    "split": 0,
    "insured": 0,
    "surrender": 0
  }
}
