{
  "rounds": 100000000,
  "rules": {
    "game_type": "ahc",
    "soft17": "s17",
    "das": true,
    "bj_pays": 1.5,
    "double_down": "any_two",
    "surrender": "early_surrender",
    "play_ace_pairs": false,
    "max_splits": 4,
    "decks": 6,
    "penetration_cards": 250
  },
  "ev": -0.6425089000000013,
  "stddev": 0.6729780961887157,
  "winning_distrib": {
    "-1.0": 75411305,
    "+0.0": 13428280,
    "+1.0": 11160415
  },
  "hands": {
    "total": 100000000,
    "won": 11160415,
    "lost": 75411305,
    "push": 13428280,
    "busted": 0,
    "blackjack": 0,
    "doubled": 0,
    "split": 0,
    "insured": 0,
    "surrender": 0
  }
}
