{
  "rounds": 100000000,
  "rules": {
    "game_type": "enhc",
    "soft17": "s17",
    "das": false,
    "double_down": "any_two",
    "surrender": "no_surrender",
    "play_ace_pairs": false,
    "max_splits": 4,
    "decks": 6,
    "penetration_cards": 46
  },
  "ev": 0.7733294000000168,
  "stddev": 0.5684607306816531,
  "winning_distrib": {
    "-1.0": 7392828,
    "+0.0": 7881404,
    "+1.0": 84725768
  },
  "hands": {
    "total": 100000000,
    "won": 84725768,
    "lost": 7392828,
    "push": 7881404,
    "busted": 0,
    "blackjack": 0,
    "doubled": 0,
    "split": 0,
    "insured": 0,
    "surrender": 0
  }
}
