{
  "rounds": 100000000,
  "rules": {
    "game_type": "ahc",
    "soft17": "s17",
    "das": true,
    "bj_pays": 1.5,
    "double_down": "any_two",
    "surrender": "early_surrender",
    "play_ace_pairs": false,
    "max_splits": 4,
    "decks": 6,
    "penetration_cards": 250
  },
  "ev": 0.19648180000000257,
  "stddev": 0.9423897978807623,
  "winning_distrib": {
    "-1.0": 36511091,
    "+0.0": 7329638,
    "+1.0": 56159271
  },
  "hands": {
    "total": 100000000,
    "won": 56159271,
    "lost": 36511091,
    "push": 7329638,
    "busted": 0,
    "blackjack": 0,
    "doubled": 0,
    "split": 0,
    "insured": 0,
    "surrender": 0
  }
}
