{
  "rounds": 100000000,
  "rules": {
    "game_type": "ahc",
    "soft17": "s17",
    "das": true,
    "bj_pays": 1.5,
    "double_down": "any_two",
    "surrender": "early_surrender",
    "play_ace_pairs": false,
    "max_splits": 4,
    "decks": 6,
    "penetration_cards": 250
  },
  "ev": 0.6138631700000077,
  "stddev": 0.7039213901229225,
  "winning_distrib": {
    "-1.0": 12923507,
    "+0.0": 12766669,
    "+1.0": 74309824
  },
  "hands": {
    "total": 100000000,
    "won": 74309824,
    "lost": 12923507,
    "push": 12766669,
    "busted": 0,
    "blackjack": 0,
    "doubled": 0,
    "split": 0,
    "insured": 0,
    "surrender": 0
  }
}
