{
  "rounds": 100000000,
  "rules": {
    "game_type": "ahc",
    "soft17": "s17",
    "das": true,
    "bj_pays": 1.5,
    "double_down": "any_two",
    "surrender": "early_surrender",
    "play_ace_pairs": false,
    "max_splits": 4,
    "decks": 6,
    "penetration_cards": 250
  },
  "ev": -0.22113309999999978,
  "stddev": 0.9509635330167505,
  "winning_distrib": {
    "-1.0": 58718229,
    "+0.0": 4676852,
    "+1.0": 36604919
  },
  "hands": {
    "total": 100000000,
    "won": 36604919,
    "lost": 58718229,
    "push": 4676852,
    "busted": 36997481,
    "blackjack": 0,
    "doubled": 0,
    "split": 0,
    "insured": 0,
    "surrender": 0
  }
}
