{
  "rounds": 100000000,
  "rules": {
    "game_type": "ahc",
    "soft17": "s17",
    "das": true,
    "bj_pays": 1.5,
    "double_down": "any_two",
    "surrender": "early_surrender",
    "play_ace_pairs": false,
    "max_splits": 4,
    "decks": 6,
    "penetration_cards": 250
  },
  "ev": -0.914651419999986,
  "stddev": 1.7191853098046075,
  "winning_distrib": {
    "-2.0": 70268602,
    "+0.0": 5195367,
    "+2.0": 24536031
  },
  "hands": {
    "total": 100000000,
    "won": 24536031,
    "lost": 70268602,
    "push": 5195367,
    "busted": 60711309,
    "blackjack": 0,
    "doubled": 100000000,
    "split": 0,
    "insured": 0,
    "surrender": 0
  }
}
