{
  "rounds": 100000000,
  "rules": {
    "game_type": "ahc",
    "soft17": "s17",
    "das": true,
    "bj_pays": 1.5,
    "double_down": "any_two",
    "surrender": "early_surrender",
    "play_ace_pairs": false,
    "max_splits": 4,
    "decks": 6,
    "penetration_cards": 250
  },
  "ev": 0.2704764900000072,
  "stddev": 0.9241047272344018,
  "winning_distrib": {
    "-1.0": 32832529,
    "+0.0": 7287293,
    "+1.0": 59880178
  },
  "hands": {
    "total": 100000000,
    "won": 59880178,
    "lost": 32832529,
    "push": 7287293,
    "busted": 0,
    "blackjack": 0,
    "doubled": 0,
    "split": 0,
    "insured": 0,
    "surrender": 0
  }
}
