{
  "rounds": 100000000,
  "rules": {
    "game_type": "enhc",
    "soft17": "h17",
    "das": true,
    "double_down": "any_two",
    "surrender": "no_surrender",
    "play_ace_pairs": false,
    "max_splits": 4,
    "decks": 6,
    "penetration_cards": 46
  },
  "ev": -0.07406013999999932,
  "stddev": 0.9421214489327334,
  "winning_distrib": {
    "-1.0": 48356893,
    "+0.0": 10692228,
    "+1.0": 40950879
  },
  "hands": {
    "total": 100000000,
    "won": 40950879,
    "lost": 48356893,
    "push": 10692228,
    "busted": 33917110,
    "blackjack": 0,
    "doubled": 0,
    "split": 0,
    "insured": 0,
    "surrender": 0
  }
}
