{
  "rounds": 100000000,
  "rules": {
    "game_type": "ahc",
    "soft17": "s17",
    "das": true,
    "bj_pays": 1.5,
    "double_down": "any_two",
    "surrender": "early_surrender",
    "play_ace_pairs": false,
    "max_splits": 4,
    "decks": 6,
    "penetration_cards": 250
  },
  "ev": -0.5179865700000009,
  "stddev": 0.8303944184513684,
  "winning_distrib": {
    "-1.0": 73792577,
    "+0.0": 4213503,
    "+1.0": 21993920
  },
  "hands": {
    "total": 100000000,
    "won": 21993920,
    "lost": 73792577,
    "push": 4213503,
    "busted": 64992842,
    "blackjack": 0,
    "doubled": 0,
    "split": 0,
    "insured": 0,
    "surrender": 0
  }
}
