{
  "rounds": 100000000,
  "rules": {
    "game_type": "ahc",
    "soft17": "s17",
    "das": true,
    "bj_pays": 1.5,
    "double_down": "any_two",
    "surrender": "early_surrender",
    "play_ace_pairs": false,
    "max_splits": 4,
    "decks": 6,
    "penetration_cards": 250
  },
  "ev": -0.00672411999999997,
  "stddev": 0.9561238807560287,
  "winning_distrib": {
    "-1.0": 46047110,
    "+0.0": 8578192,
    "+1.0": 45374698
  },
  "hands": {
    "total": 100000000,
    "won": 45374698,
    "lost": 46047110,
    "push": 8578192,
    "busted": 2354616,
    "blackjack": 0,
    "doubled": 0,
    "split": 0,
    "insured": 0,
    "surrender": 0
  }
}
