{
  "rounds": 100000000,
  "rules": {
    "game_type": "ahc",
    "soft17": "s17",
    "das": true,
    "bj_pays": 1.5,
    "double_down": "any_two",
    "surrender": "early_surrender",
    "play_ace_pairs": false,
    "max_splits": 4,
    "decks": 6,
    "penetration_cards": 250
  },
  "ev": -0.24293243000000425,
  "stddev": 0.9275626194807673,
  "winning_distrib": {
    "-1.0": 58116050,
    "+0.0": 8061143,
    "+1.0": 33822807
  },
  "hands": {
    "total": 100000000,
    "won": 33822807,
    "lost": 58116050,
    "push": 8061143,
    "busted": 46325291,
    "blackjack": 0,
    "doubled": 0,
    "split": 0,
    "insured": 0,
    "surrender": 0
  }
}
