{
  "rounds": 100000000,
  "rules": {
    "game_type": "ahc",
    "soft17": "s17",
    "das": true,
    "bj_pays": 1.5,
    "double_down": "any_two",
    "surrender": "early_surrender",
    "play_ace_pairs": false,
    "max_splits": 4,
    "decks": 6,
    "penetration_cards": 250
  },
  "ev": 0.26946936000000044,
  "stddev": 1.8843291802464355,
  "winning_distrib": {
    "-2.0": 38554643,
    "+0.0": 9417246,
    "+2.0": 52028111
  },
  "hands": {
    "total": 100000000,
    "won": 52028111,
    "lost": 38554643,
    "push": 9417246,
    "busted": 0,
    "blackjack": 0,
    "doubled": 100000000,
    "split": 0,
    "insured": 0,
    "surrender": 0
  }
}
