{
  "rounds": 100000000,
  "rules": {
    "game_type": "ahc",
    "soft17": "h17",
    "das": false,
    "double_down": "any_two",
    "surrender": "no_surrender",
    "play_ace_pairs": false,
    "max_splits": 4,
    "decks": 6,
    "penetration_cards": 46
  },
  "ev": -0.08056590000000179,
  "stddev": 0.9765959785369575,
  "winning_distrib": {
    "-1.0": 52039823,
    "+0.0": 3976944,
    "+1.0": 43983233
  },
  "hands": {
    "total": 100000000,
    "won": 43983233,
    "lost": 52039823,
    "push": 3976944,
    "busted": 3847616,
    "blackjack": 0,
    "doubled": 0,
    "split": 0,
    "insured": 0,
    "surrender": 0
  }
}
