{
  "rounds": 100000000,
  "rules": {
    "game_type": "ahc",
    "soft17": "s17",
    "das": true,
    "bj_pays": 1.5,
    "double_down": "any_two",
    "surrender": "early_surrender",
    "play_ace_pairs": false,
    "max_splits": 4,
    "decks": 6,
    "penetration_cards": 250
  },
  "ev": -0.7381101599999943,
  "stddev": 1.5408495628863144,
  "winning_distrib": {
    "-2.0": 43727821,
    "-1.0": 29900620,
    "+0.0": 4598936,
    "+2.0": 21772623
  },
  "hands": {
    "total": 100000000,
    "won": 21772623,
    "lost": 73628441,
    "push": 4598936,
    "busted": 0,
    "blackjack": 0,
    "doubled": 70099380,
    "split": 0,
    "insured": 0,
    "surrender": 0
  }
}
