{
  "rounds": 100000000,
  "rules": {
    "game_type": "ahc",
    "soft17": "s17",
    "das": true,
    "bj_pays": 1.5,
    "double_down": "any_two",
    "surrender": "early_surrender",
    "play_ace_pairs": false,
    "max_splits": 4,
    "decks": 6,
    "penetration_cards": 250
  },
  "ev": -0.4134478600000015,
  "stddev": 0.8682765542155758,
  "winning_distrib": {
    "-1.0": 66914558,
    "+0.0": 7515670,
    "+1.0": 25569772
  },
  "hands": {
    "total": 100000000,
    "won": 25569772,
    "lost": 66914558,
    "push": 7515670,
    "busted": 43856031,
    "blackjack": 0,
    "doubled": 0,
    "split": 0,
    "insured": 0,
    "surrender": 0
  }
}
