{
  "rounds": 100000000,
  "rules": {
    "game_type": "ahc",
    "soft17": "h17",
    "das": true,
    "double_down": "any_two",
    "surrender": "no_surrender",
    "play_ace_pairs": false,
    "max_splits": 4,
    "decks": 6,
    "penetration_cards": 46
  },
  "ev": 0.7578367100000247,
  "stddev": 0.5525290526562879,
  "winning_distrib": {
    "-1.0": 6088406,
    "+0.0": 12039517,
    "+1.0": 81872077
  },
  "hands": {
    "total": 100000000,
    "won": 81872077,
    "lost": 6088406,
    "push": 12039517,
    "busted": 0,
    "blackjack": 0,
    "doubled": 0,
    "split": 0,
    "insured": 0,
    "surrender": 0
  }
}
