{
  "rounds": 100000000,
  "rules": {
    "game_type": "ahc",
    "soft17": "h17",
    "das": false,
    "double_down": "any_two",
    "surrender": "no_surrender",
    "play_ace_pairs": false,
    "max_splits": 4,
    "decks": 6,
    "penetration_cards": 46
  },
  "ev": 0.19916110000000048,
  "stddev": 1.9463137399012227,
  "winning_distrib": {
    "-2.0": 42868501,
    "+0.0": 4304943,
    "+2.0": 52826556
  },
  "hands": {
    "total": 100000000,
    "won": 52826556,
    "lost": 42868501,
    "push": 4304943,
    "busted": 0,
    "blackjack": 0,
    "doubled": 100000000,
    "split": 0,
    "insured": 0,
    "surrender": 0
  }
}
