{
  "rounds": 100000000,
  "rules": {
    "game_type": "enhc",
    "soft17": "h17",
    "das": true,
    "double_down": "any_two",
    "surrender": "no_surrender",
    "play_ace_pairs": false,
    "max_splits": 4,
    "decks": 6,
    "penetration_cards": 46
  },
  "ev": -0.006484390000000046,
  "stddev": 0.940668842651279,
  "winning_distrib": {
    "-1.0": 44569215,
    "+0.0": 11510009,
    "+1.0": 43920776
  },
  "hands": {
    "total": 100000000,
    "won": 43920776,
    "lost": 44569215,
    "push": 11510009,
    "busted": 0,
    "blackjack": 0,
    "doubled": 0,
    "split": 0,
    "insured": 0,
    "surrender": 0
  }
}
