{
  "rounds": 100000000,
  "rules": {
    "game_type": "enhc",
    "soft17": "s17",
    "das": true,
    "double_down": "any_two",
    "surrender": "no_surrender",
    "play_ace_pairs": false,
    "max_splits": 4,
    "decks": 6,
    "penetration_cards": 46
  },
  "ev": 0.18764887999999777,
  "stddev": 1.9233343169680126,
  "winning_distrib": {
    "-2.0": 41989115,
    "+0.0": 6639326,
    "+2.0": 51371559
  },
  "hands": {
    "total": 100000000,
    "won": 51371559,
    "lost": 41989115,
    "push": 6639326,
    "busted": 0,
    "blackjack": 0,
    "doubled": 100000000,
    "split": 0,
    "insured": 0,
    "surrender": 0
  }
}
