{
  "rounds": 100000000,
  "rules": {
    "game_type": "ahc",
    "soft17": "s17",
    "das": true,
    "bj_pays": 1.5,
    "double_down": "any_two",
    "surrender": "early_surrender",
    "play_ace_pairs": false,
    "max_splits": 4,
    "decks": 6,
    "penetration_cards": 250
  },
  "ev": -0.46100121999999105,
  "stddev": 0.8501308383923858,
  "winning_distrib": {
    "-1.0": 69812289,
    "+0.0": 6475544,
    "+1.0": 23712167
  },
  "hands": {
    "total": 100000000,
    "won": 23712167,
    "lost": 69812289,
    "push": 6475544,
    "busted": 57949552,
    "blackjack": 0,
    "doubled": 0,
    "split": 0,
    "insured": 0,
    "surrender": 0
  }
}
