{
  "rounds": 100000000,
  "rules": {
    "game_type": "ahc",
    "soft17": "h17",
    "das": false,
    "double_down": "any_two",
    "surrender": "no_surrender",
    "play_ace_pairs": false,
    "max_splits": 4,
    "decks": 6,
    "penetration_cards": 46
  },
  "ev": 0.13099192000000218,
  "stddev": 1.9501586486555367,
  "winning_distrib": {
    "-2.0": 44478672,
    "+0.0": 4493060,
    "+2.0": 51028268
  },
  "hands": {
    "total": 100000000,
    "won": 51028268,
    "lost": 44478672,
    "push": 4493060,
    "busted": 0,
    "blackjack": 0,
    "doubled": 100000000,
    "split": 0,
    "insured": 0,
    "surrender": 0
  }
}
