{
  "rounds": 100000000,
  "rules": {
    "game_type": "ahc",
    "soft17": "s17",
    "das": true,
    "bj_pays": 1.5,
    "double_down": "any_two",
    "surrender": "early_surrender",
    "play_ace_pairs": false,
    "max_splits": 4,
    "decks": 6,
    "penetration_cards": 250
  },
  "ev": 0.5310242799999897,
  "stddev": 1.8509243442965613,
  "winning_distrib": {
    "-2.0": 33073239,
    "+0.0": 7302308,
    "+2.0": 59624453
  },
  "hands": {
    "total": 100000000,
    "won": 59624453,
    "lost": 33073239,
    "push": 7302308,
    "busted": 0,
    "blackjack": 0,
    "doubled": 100000000,
    "split": 0,
    "insured": 0,
    "surrender": 0
  }
}
