{
  "rounds": 100000000,
  "rules": {
    "game_type": "ahc",
    "soft17": "h17",
    "das": false,
    "double_down": "any_two",
    "surrender": "no_surrender",
    "play_ace_pairs": false,
    "max_splits": 4,
    "decks": 6,
    "penetration_cards": 46
  },
  "ev": -0.7007137099999989,
  "stddev": 1.3037891331103963,
  "winning_distrib": {
    "-2.0": 38364757,
    "-1.0": 18547983,
    "+0.0": 28817855,
    "+1.0": 3332684,
    "+2.0": 10936721
  },
  "hands": {
    "total": 192291225,
    "won": 53133850,
    "lost": 123205221,
    "push": 15952154,
    "busted": 81287019,
    "blackjack": 0,
    "doubled": 0,
    "split": 184582450,
    "insured": 0,
    "surrender": 0
  }
}
