{
  "rounds": 100000000,
  "rules": {
    "game_type": "ahc",
    "soft17": "h17",
    "das": false,
    "double_down": "any_two",
    "surrender": "no_surrender",
    "play_ace_pairs": false,
    "max_splits": 4,
    "decks": 6,
    "penetration_cards": 46
  },
  "ev": -0.7753128599999881,
  "stddev": 1.7794245251716028,
  "winning_distrib": {
    "-2.0": 66476092,
    "+0.0": 5813459,
    "+2.0": 27710449
  },
  "hands": {
    "total": 100000000,
    "won": 27710449,
    "lost": 66476092,
    "push": 5813459,
    "busted": 46308662,
    "blackjack": 0,
    "doubled": 100000000,
    "split": 0,
    "insured": 0,
    "surrender": 0
  }
}
