{
  "rounds": 100000000,
  "rules": {
    "game_type": "ahc",
    "soft17": "s17",
    "das": true,
    "bj_pays": 1.5,
    "double_down": "any_two",
    "surrender": "early_surrender",
    "play_ace_pairs": false,
    "max_splits": 4,
    "decks": 6,
    "penetration_cards": 250
  },
  "ev": 0.2145845800000015,
  "stddev": 1.9108885719845878,
  "winning_distrib": {
    "-2.0": 40854656,
    "+0.0": 7561459,
    "+2.0": 51583885
  },
  "hands": {
    "total": 100000000,
    "won": 51583885,
    "lost": 40854656,
    "push": 7561459,
    "busted": 0,
    "blackjack": 0,
    "doubled": 100000000,
    "split": 0,
    "insured": 0,
    "surrender": 0
  }
}
