{
  "rounds": 100000000,
  "rules": {
    "game_type": "ahc",
    "soft17": "s17",
    "das": true,
    "bj_pays": 1.5,
    "double_down": "any_two",
    "surrender": "early_surrender",
    "play_ace_pairs": false,
    "max_splits": 4,
    "decks": 6,
    "penetration_cards": 250
  },
  "ev": 0.399008480000002,
  "stddev": 1.8820814297766928,
  "winning_distrib": {
    "-2.0": 36292766,
    "+0.0": 7464044,
    "+2.0": 56243190
  },
  "hands": {
    "total": 100000000,
    "won": 56243190,
    "lost": 36292766,
    "push": 7464044,
    "busted": 0,
    "blackjack": 0,
    "doubled": 100000000,
    "split": 0,
    "insured": 0,
    "surrender": 0
  }
}
