{
  "rounds": 100000000,
  "rules": {
    "game_type": "ahc",
    "soft17": "s17",
    "das": true,
    "bj_pays": 1.5,
    "double_down": "any_two",
    "surrender": "early_surrender",
    "play_ace_pairs": false,
    "max_splits": 4,
    "decks": 6,
    "penetration_cards": 250
  },
  "ev": -0.39374060999999455,
  "stddev": 0.88834939631232,
  "winning_distrib": {
    "-1.0": 66896846,
    "+0.0": 5580369,
    "+1.0": 27522785
  },
  "hands": {
    "total": 100000000,
    "won": 27522785,
    "lost": 66896846,
    "push": 5580369,
    "busted": 52080250,
    "blackjack": 0,
    "doubled": 0,
    "split": 0,
    "insured": 0,
    "surrender": 0
  }
}
