{
  "rounds": 100000000,
  "rules": {
    "game_type": "ahc",
    "soft17": "s17",
    "das": true,
    "double_down": "any_two",
    "surrender": "no_surrender",
    "play_ace_pairs": false,
    "max_splits": 4,
    "decks": 6,
    "penetration_cards": 46
  },
  "ev": -1.2127244199999747,
  "stddev": 1.5603584028943074,
  "winning_distrib": {
    "-2.0": 79135846,
    "+0.0": 2364529,
    "+2.0": 18499625
  },
  "hands": {
    "total": 100000000,
    "won": 18499625,
    "lost": 79135846,
    "push": 2364529,
    "busted": 76844474,
    "blackjack": 0,
    "doubled": 100000000,
    "split": 0,
    "insured": 0,
    "surrender": 0
  }
}
