{
  "rounds": 100000000,
  "rules": {
    "game_type": "ahc",
    "soft17": "s17",
    "das": true,
    "bj_pays": 1.5,
    "double_down": "any_two",
    "surrender": "early_surrender",
    "play_ace_pairs": false,
    "max_splits": 4,
    "decks": 6,
    "penetration_cards": 250
  },
  "ev": -0.4399158699999934,
  "stddev": 0.8296777954156649,
  "winning_distrib": {
    "-1.0": 66090354,
    "+0.0": 11810879,
    "+1.0": 22098767
  },
  "hands": {
    "total": 100000000,
    "won": 22098767,
    "lost": 66090354,
    "push": 11810879,
    "busted": 0,
    "blackjack": 0,
    "doubled": 0,
    "split": 0,
    "insured": 0,
    "surrender": 0
  }
}
