{
  "rounds": 100000000,
  "rules": {
    "game_type": "enhc",
    "soft17": "s17",
    "das": false,
    "double_down": "any_two",
    "surrender": "no_surrender",
    "play_ace_pairs": false,
    "max_splits": 4,
    "decks": 6,
    "penetration_cards": 46
  },
  "ev": -1.2620034800000062,
  "stddev": 1.4935001435464828,
  "winning_distrib": {
    "-2.0": 79340030,
    "+0.0": 4420114,
    "+2.0": 16239856
  },
  "hands": {
    "total": 100000000,
    "won": 16239856,
    "lost": 79340030,
    "push": 4420114,
    "busted": 46218725,
    "blackjack": 0,
    "doubled": 100000000,
    "split": 0,
    "insured": 0,
    "surrender": 0
  }
}
