{
  "rounds": 100000000,
  "rules": {
    "game_type": "enhc",
    "soft17": "s17",
    "das": false,
    "double_down": "any_two",
    "surrender": "no_surrender",
    "play_ace_pairs": false,
    "max_splits": 4,
    "decks": 6,
    "penetration_cards": 46
  },
  "ev": 0.3868653500000011,
  "stddev": 0.8486684265198973,
  "winning_distrib": {
    "-1.0": 24151877,
    "+0.0": 13009711,
    "+1.0": 62838412
  },
  "hands": {
    "total": 100000000,
    "won": 62838412,
    "lost": 24151877,
    "push": 13009711,
    "busted": 0,
    "blackjack": 0,
    "doubled": 0,
    "split": 0,
    "insured": 0,
    "surrender": 0
  }
}
