{
  "rounds": 100000000,
  "rules": {
    "game_type": "ahc",
    "soft17": "h17",
    "das": true,
    "double_down": "any_two",
    "surrender": "no_surrender",
    "play_ace_pairs": false,
    "max_splits": 4,
    "decks": 6,
    "penetration_cards": 46
  },
  "ev": 0.22271681999999746,
  "stddev": 0.9142392938653491,
  "winning_distrib": {
    "-1.0": 33135972,
    "+0.0": 11456374,
    "+1.0": 55407654
  },
  "hands": {
    "total": 100000000,
    "won": 55407654,
    "lost": 33135972,
    "push": 11456374,
    "busted": 0,
    "blackjack": 0,
    "doubled": 0,
    "split": 0,
    "insured": 0,
    "surrender": 0
  }
}
