{
  "rounds": 100000000,
  "rules": {
    "game_type": "ahc",
    "soft17": "s17",
    "das": true,
    "bj_pays": 1.5,
    "double_down": "any_two",
    "surrender": "early_surrender",
    "play_ace_pairs": false,
    "max_splits": 4,
    "decks": 6,
    "penetration_cards": 250
  },
  "ev": 0.6689272699999934,
  "stddev": 1.602183567235748,
  "winning_distrib": {
    "-2.0": 18305735,
    "-1.0": 8286701,
    "+0.0": 15689189,
    "+1.0": 3645852,
    "+2.0": 54072523
  },
  "hands": {
    "total": 200000000,
    "won": 125879861,
    "lost": 58987134,
    "push": 15133005,
    "busted": 0,
    "blackjack": 0,
    "doubled": 0,
    "split": 200000000,
    "insured": 0,
    "surrender": 0
  }
}
