{
  "rounds": 100000000,
  "rules": {
    "game_type": "ahc",
    "soft17": "s17",
    "das": true,
    "bj_pays": 1.5,
    "double_down": "any_two",
    "surrender": "early_surrender",
    "play_ace_pairs": false,
    "max_splits": 4,
    "decks": 6,
    "penetration_cards": 250
  },
  "ev": 0.025064420000000424,
  "stddev": 0.987161934332438,
  "winning_distrib": {
    "-1.0": 47502624,
    "+0.0": 2488310,
    "+1.0": 50009066
  },
  "hands": {
    "total": 100000000,
    "won": 50009066,
    "lost": 47502624,
    "push": 2488310,
    "busted": 0,
    "blackjack": 0,
    "doubled": 0,
    "split": 0,
    "insured": 0,
    "surrender": 0
  }
}
