{
  "rounds": 100000000,
  "rules": {
    "game_type": "ahc",
    "soft17": "h17",
    "das": false,
    "double_down": "any_two",
    "surrender": "no_surrender",
    "play_ace_pairs": false,
    "max_splits": 4,
    "decks": 6,
    "penetration_cards": 46
  },
  "ev": -0.6226151299999888,
  "stddev": 1.5503445919958314,
  "winning_distrib": {
    "-2.0": 38880510,
    "-1.0": 30866913,
    "+0.0": 7069367,
    "+2.0": 23183210
  },
  "hands": {
    "total": 100000000,
    "won": 23183210,
    "lost": 69747423,
    "push": 7069367,
    "busted": 0,
    "blackjack": 0,
    "doubled": 69133087,
    "split": 0,
    "insured": 0,
    "surrender": 0
  }
}
