{
  "rounds": 100000000,
  "rules": {
    "game_type": "ahc",
    "soft17": "h17",
    "das": false,
    "double_down": "any_two",
    "surrender": "no_surrender",
    "play_ace_pairs": false,
    "max_splits": 4,
    "decks": 6,
    "penetration_cards": 46
  },
  "ev": -0.3097339399999862,
  "stddev": 1.9161089330011893,
  "winning_distrib": {
    "-2.0": 54835955,
    "+0.0": 5814787,
    "+2.0": 39349258
  },
  "hands": {
    "total": 100000000,
    "won": 39349258,
    "lost": 54835955,
    "push": 5814787,
    "busted": 0,
    "blackjack": 0,
    "doubled": 100000000,
    "split": 0,
    "insured": 0,
    "surrender": 0
  }
}
