{
  "rounds": 100000000,
  "rules": {
    "game_type": "ahc",
    "soft17": "s17",
    "das": true,
    "double_down": "any_two",
    "surrender": "no_surrender",
    "play_ace_pairs": false,
    "max_splits": 4,
    "decks": 6,
    "penetration_cards": 46
  },
  "ev": -0.20952776999999906,
  "stddev": 0.9163327954381478,
  "winning_distrib": {
    "-1.0": 54654772,
    "+0.0": 11643233,
    "+1.0": 33701995
  },
  "hands": {
    "total": 100000000,
    "won": 33701995,
    "lost": 54654772,
    "push": 11643233,
    "busted": 24477445,
    "blackjack": 0,
    "doubled": 0,
    "split": 0,
    "insured": 0,
    "surrender": 0
  }
}
