{
  "rounds": 100000000,
  "rules": {
    "game_type": "ahc",
    "soft17": "s17",
    "das": true,
    "bj_pays": 1.5,
    "double_down": "any_two",
    "surrender": "early_surrender",
    "play_ace_pairs": false,
    "max_splits": 4,
    "decks": 6,
    "penetration_cards": 250
  },
  "ev": -0.3697742699999904,
  "stddev": 0.8510437864697199,
  "winning_distrib": {
    "-1.0": 61539140,
    "+0.0": 13899147,
    "+1.0": 24561713
  },
  "hands": {
    "total": 100000000,
    "won": 24561713,
    "lost": 61539140,
    "push": 13899147,
    "busted": 0,
    "blackjack": 0,
    "doubled": 0,
    "split": 0,
    "insured": 0,
    "surrender": 0
  }
}
