{
  "rounds": 100000000,
  "rules": {
    "game_type": "ahc",
    "soft17": "s17",
    "das": true,
    "bj_pays": 1.5,
    "double_down": "any_two",
    "surrender": "early_surrender",
    "play_ace_pairs": false,
    "max_splits": 4,
    "decks": 6,
    "penetration_cards": 250
  },
  "ev": -0.19296367999999106,
  "stddev": 0.9187296482869635,
  "winning_distrib": {
    "-1.0": 53713141,
    "+0.0": 11870086,
    "+1.0": 34416773
  },
  "hands": {
    "total": 100000000,
    "won": 34416773,
    "lost": 53713141,
    "push": 11870086,
    "busted": 0,
    "blackjack": 0,
    "doubled": 0,
    "split": 0,
    "insured": 0,
    "surrender": 0
  }
}
