{
  "rounds": 100000000,
  "rules": {
    "game_type": "enhc",
    "soft17": "s17",
    "das": false,
    "double_down": "any_two",
    "surrender": "no_surrender",
    "play_ace_pairs": false,
    "max_splits": 4,
    "decks": 6,
    "penetration_cards": 46
  },
  "ev": 0.009960720000000147,
  "stddev": 0.913227514038484,
  "winning_distrib": {
    "-1.0": 41206149,
    "+0.0": 16591630,
    "+1.0": 42202221
  },
  "hands": {
    "total": 100000000,
    "won": 42202221,
    "lost": 41206149,
    "push": 16591630,
    "busted": 0,
    "blackjack": 0,
    "doubled": 0,
    "split": 0,
    "insured": 0,
    "surrender": 0
  }
}
