{
  "rounds": 100000000,
  "rules": {
    "game_type": "ahc",
    "soft17": "s17",
    "das": true,
    "bj_pays": 1.5,
    "double_down": "any_two",
    "surrender": "early_surrender",
    "play_ace_pairs": false,
    "max_splits": 4,
    "decks": 6,
    "penetration_cards": 250
  },
  "ev": -0.2941436200000032,
  "stddev": 1.9175961429834534,
  "winning_distrib": {
    "-2.0": 54399783,
    "+0.0": 5907615,
    "+2.0": 39692602
  },
  "hands": {
    "total": 100000000,
    "won": 39692602,
    "lost": 54399783,
    "push": 5907615,
    "busted": 0,
    "blackjack": 0,
    "doubled": 100000000,
    "split": 0,
    "insured": 0,
    "surrender": 0
  }
}
