{
  "rounds": 100000000,
  "rules": {
    "game_type": "enhc",
    "soft17": "s17",
    "das": false,
    "double_down": "any_two",
    "surrender": "no_surrender",
    "play_ace_pairs": false,
    "max_splits": 4,
    "decks": 6,
    "penetration_cards": 46
  },
  "ev": -0.04585882000000054,
  "stddev": 1.5225179380909728,
  "winning_distrib": {
    "-4.0": 239609,
    "-3.0": 1900873,
    "-2.0": 22104116,
    "-1.0": 11121003,
    "+0.0": 32127052,
    "+1.0": 9599389,
    "+2.0": 21099147,
    "+3.0": 1628519,
    "+4.0": 180292
  },
  "hands": {
    "total": 216769258,
    "won": 95671765,
    "lost": 100257647,
    "push": 20839846,
    "busted": 76650166,
    "blackjack": 0,
    "doubled": 0,
    "split": 216769258,
    "insured": 0,
    "surrender": 0
  }
}
