{
  "rounds": 100000000,
  "rules": {
    "game_type": "ahc",
    "soft17": "h17",
    "das": false,
    "double_down": "any_two",
    "surrender": "no_surrender",
    "play_ace_pairs": false,
    "max_splits": 4,
    "decks": 6,
    "penetration_cards": 46
  },
  "ev": 0.4770335299999964,
  "stddev": 1.5744489277345912,
  "winning_distrib": {
    "-2.0": 18907298,
    "-1.0": 9147505,
    "+0.0": 22881187,
    "+1.0": 3462566,
    "+2.0": 45601444
  },
  "hands": {
    "total": 200000000,
    "won": 116112440,
    "lost": 68409087,
    "push": 15478473,
    "busted": 0,
    "blackjack": 0,
    "doubled": 0,
    "split": 200000000,
    "insured": 0,
    "surrender": 0
  }
}
