{
  "rounds": 100000000,
  "rules": {
    "game_type": "ahc",
    "soft17": "h17",
    "das": true,
    "double_down": "any_two",
    "surrender": "no_surrender",
    "play_ace_pairs": false,
    "max_splits": 4,
    "decks": 6,
    "penetration_cards": 46
  },
  "ev": -0.6498712600000095,
  "stddev": 1.843740323207077,
  "winning_distrib": {
    "-2.0": 64018169,
    "+0.0": 4457225,
    "+2.0": 31524606
  },
  "hands": {
    "total": 100000000,
    "won": 31524606,
    "lost": 64018169,
    "push": 4457225,
    "busted": 46304027,
    "blackjack": 0,
    "doubled": 100000000,
    "split": 0,
    "insured": 0,
    "surrender": 0
  }
}
