{
  "rounds": 100000000,
  "rules": {
    "game_type": "ahc",
    "soft17": "s17",
    "das": true,
    "bj_pays": 1.5,
    "double_down": "any_two",
    "surrender": "early_surrender",
    "play_ace_pairs": false,
    "max_splits": 4,
    "decks": 6,
    "penetration_cards": 250
  },
  "ev": 0.015986179999999732,
  "stddev": 0.9855110815010194,
  "winning_distrib": {
    "-1.0": 47775073,
    "+0.0": 2851236,
    "+1.0": 49373691
  },
  "hands": {
    "total": 100000000,
    "won": 49373691,
    "lost": 47775073,
    "push": 2851236,
    "busted": 0,
    "blackjack": 0,
    "doubled": 0,
    "split": 0,
    "insured": 0,
    "surrender": 0
  }
}
