{
  "rounds": 100000000,
  "rules": {
    "game_type": "ahc",
    "soft17": "s17",
    "das": true,
    "double_down": "any_two",
    "surrender": "no_surrender",
    "play_ace_pairs": false,
    "max_splits": 4,
    "decks": 6,
    "penetration_cards": 46
  },
  "ev": 0.10282289999999976,
  "stddev": 0.7930458230927264,
  "winning_distrib": {
    "-1.0": 26833566,
    "+0.0": 36050578,
    "+1.0": 37115856
  },
  "hands": {
    "total": 100000000,
    "won": 37115856,
    "lost": 26833566,
    "push": 36050578,
    "busted": 0,
    "blackjack": 0,
    "doubled": 0,
    "split": 0,
    "insured": 0,
    "surrender": 0
  }
}
