{
  "rounds": 100000000,
  "rules": {
    "game_type": "ahc",
    "soft17": "h17",
    "das": true,
    "double_down": "any_two",
    "surrender": "no_surrender",
    "play_ace_pairs": false,
    "max_splits": 4,
    "decks": 6,
    "penetration_cards": 46
  },
  "ev": -0.9443207799999925,
  "stddev": 1.6941706682511055,
  "winning_distrib": {
    "-2.0": 70632469,
    "+0.0": 5951101,
    "+2.0": 23416430
  },
  "hands": {
    "total": 100000000,
    "won": 23416430,
    "lost": 70632469,
    "push": 5951101,
    "busted": 53684970,
    "blackjack": 0,
    "doubled": 100000000,
    "split": 0,
    "insured": 0,
    "surrender": 0
  }
}
