{
  "rounds": 100000000,
  "rules": {
    "game_type": "ahc",
    "soft17": "s17",
    "das": false,
    "double_down": "any_two",
    "surrender": "no_surrender",
    "play_ace_pairs": false,
    "max_splits": 4,
    "decks": 6,
    "penetration_cards": 46
  },
  "ev": 0.15719248999999674,
  "stddev": 0.9355605591517459,
  "winning_distrib": {
    "-1.0": 37139527,
    "+0.0": 10001697,
    "+1.0": 52858776
  },
  "hands": {
    "total": 100000000,
    "won": 52858776,
    "lost": 37139527,
    "push": 10001697,
    "busted": 21284741,
    "blackjack": 0,
    "doubled": 0,
    "split": 0,
    "insured": 0,
    "surrender": 0
  }
}
