{
  "rounds": 100000000,
  "rules": {
    "game_type": "enhc",
    "soft17": "h17",
    "das": true,
    "double_down": "any_two",
    "surrender": "no_surrender",
    "play_ace_pairs": false,
    "max_splits": 4,
    "decks": 6,
    "penetration_cards": 46
  },
  "ev": -0.1608585000000009,
  "stddev": 1.8554528442956635,
  "winning_distrib": {
    "-2.0": 47378721,
    "+0.0": 13285483,
    "+2.0": 39335796
  },
  "hands": {
    "total": 100000000,
    "won": 39335796,
    "lost": 47378721,
    "push": 13285483,
    "busted": 0,
    "blackjack": 0,
    "doubled": 100000000,
    "split": 0,
    "insured": 0,
    "surrender": 0
  }
}
