{
  "rounds": 100000000,
  "rules": {
    "game_type": "ahc",
    "soft17": "s17",
    "das": true,
    "bj_pays": 1.5,
    "double_down": "any_two",
    "surrender": "early_surrender",
    "play_ace_pairs": false,
    "max_splits": 4,
    "decks": 6,
    "penetration_cards": 250
  },
  "ev": -0.44304282999998845,
  "stddev": 0.8260740811873745,
  "winning_distrib": {
    "-1.0": 66086408,
    "+0.0": 12131467,
    "+1.0": 21782125
  },
  "hands": {
    "total": 100000000,
    "won": 21782125,
    "lost": 66086408,
    "push": 12131467,
    "busted": 0,
    "blackjack": 0,
    "doubled": 0,
    "split": 0,
    "insured": 0,
    "surrender": 0
  }
}
