{
  "rounds": 100000000,
  "rules": {
    "game_type": "ahc",
    "soft17": "s17",
    "das": true,
    "bj_pays": 1.5,
    "double_down": "any_two",
    "surrender": "early_surrender",
    "play_ace_pairs": false,
    "max_splits": 4,
    "decks": 6,
    "penetration_cards": 250
  },
  "ev": -0.1827039900000006,
  "stddev": 0.9201173569193384,
  "winning_distrib": {
    "-1.0": 53135034,
    "+0.0": 12000331,
    "+1.0": 34864635
  },
  "hands": {
    "total": 100000000,
    "won": 34864635,
    "lost": 53135034,
    "push": 12000331,
    "busted": 0,
    "blackjack": 0,
    "doubled": 0,
    "split": 0,
    "insured": 0,
    "surrender": 0
  }
}
