{
  "rounds": 100000000,
  "rules": {
    "game_type": "ahc",
    "soft17": "s17",
    "das": true,
    "double_down": "any_two",
    "surrender": "no_surrender",
    "play_ace_pairs": false,
    "max_splits": 4,
    "decks": 6,
    "penetration_cards": 46
  },
  "ev": -1.0210378100000121,
  "stddev": 1.3618601613591046,
  "winning_distrib": {
    "-2.0": 50166750,
    "-1.0": 30863897,
    "+0.0": 4422545,
    "+2.0": 14546808
  },
  "hands": {
    "total": 100000000,
    "won": 14546808,
    "lost": 81030647,
    "push": 4422545,
    "busted": 42483384,
    "blackjack": 0,
    "doubled": 69136103,
    "split": 0,
    "insured": 0,
    "surrender": 0
  }
}
