{
  "rounds": 100000000,
  "rules": {
    "game_type": "ahc",
    "soft17": "s17",
    "das": true,
    "double_down": "any_two",
    "surrender": "no_surrender",
    "play_ace_pairs": false,
    "max_splits": 4,
    "decks": 6,
    "penetration_cards": 46
  },
  "ev": 0.2181111000000022,
  "stddev": 2.308605232895682,
  "winning_distrib": {
    "-8.0": 143,
    "-7.0": 3354,
    "-6.0": 46211,
    "-5.0": 348144,
    "-4.0": 1902237,
    "-3.0": 9163045,
    "-2.0": 24588456,
    "-1.0": 8001279,
    "+0.0": 6685349,
    "+1.0": 5078630,
    "+2.0": 26678028,
    "+3.0": 13322824,
    "+4.0": 3336808,
    "+5.0": 706807,
    "+6.0": 125826,
    "+7.0": 12261,
    "+8.0": 598
  },
  "hands": {
    "total": 216660118,
    "won": 106441447,
    "lost": 93924634,
    "push": 16294037,
    "busted": 0,
    "blackjack": 0,
    "doubled": 36045985,
    "split": 216660118,
    "insured": 0,
    "surrender": 0
  }
}
