{
  "rounds": 100000000,
  "rules": {
    "game_type": "ahc",
    "soft17": "s17",
    "das": true,
    "bj_pays": 1.5,
    "double_down": "any_two",
    "surrender": "early_surrender",
    "play_ace_pairs": false,
    "max_splits": 4,
    "decks": 6,
    "penetration_cards": 250
  },
  "ev": 0.4138582000000067,
  "stddev": 1.8745713924609235,
  "winning_distrib": {
    "-2.0": 35719751,
    "+0.0": 7867588,
    "+2.0": 56412661
  },
  "hands": {
    "total": 100000000,
    "won": 56412661,
    "lost": 35719751,
    "push": 7867588,
    "busted": 0,
    "blackjack": 0,
    "doubled": 100000000,
    "split": 0,
    "insured": 0,
    "surrender": 0
  }
}
