{
  "rounds": 100000000,
  "rules": {
    "game_type": "ahc",
    "soft17": "h17",
    "das": false,
    "double_down": "any_two",
    "surrender": "no_surrender",
    "play_ace_pairs": false,
    "max_splits": 4,
    "decks": 6,
    "penetration_cards": 46
  },
  "ev": -0.7148194900000203,
  "stddev": 1.5468332976255237,
  "winning_distrib": {
    "-2.0": 42592297,
    "-1.0": 30863845,
    "+0.0": 4260613,
    "+2.0": 22283245
  },
  "hands": {
    "total": 100000000,
    "won": 22283245,
    "lost": 73456142,
    "push": 4260613,
    "busted": 0,
    "blackjack": 0,
    "doubled": 69136155,
    "split": 0,
    "insured": 0,
    "surrender": 0
  }
}
