{
  "rounds": 100000000,
  "rules": {
    "game_type": "ahc",
    "soft17": "h17",
    "das": true,
    "double_down": "any_two",
    "surrender": "no_surrender",
    "play_ace_pairs": false,
    "max_splits": 4,
    "decks": 6,
    "penetration_cards": 46
  },
  "ev": 0.7912053900000067,
  "stddev": 0.5517954547472548,
  "winning_distrib": {
    "-1.0": 6963940,
    "+0.0": 6951581,
    "+1.0": 86084479
  },
  "hands": {
    "total": 100000000,
    "won": 86084479,
    "lost": 6963940,
    "push": 6951581,
    "busted": 0,
    "blackjack": 0,
    "doubled": 0,
    "split": 0,
    "insured": 0,
    "surrender": 0
  }
}
