{
  "rounds": 100000000,
  "rules": {
    "game_type": "ahc",
    "soft17": "s17",
    "das": true,
    "bj_pays": 1.5,
    "double_down": "any_two",
    "surrender": "early_surrender",
    "play_ace_pairs": false,
    "max_splits": 4,
    "decks": 6,
    "penetration_cards": 250
  },
  "ev": 0.25594098999999737,
  "stddev": 0.9147980695248438,
  "winning_distrib": {
    "-1.0": 32321015,
    "+0.0": 9763871,
    "+1.0": 57915114
  },
  "hands": {
    "total": 100000000,
    "won": 57915114,
    "lost": 32321015,
    "push": 9763871,
    "busted": 20539802,
    "blackjack": 0,
    "doubled": 0,
    "split": 0,
    "insured": 0,
    "surrender": 0
  }
}
