{
  "rounds": 100000000,
  "rules": {
    "game_type": "ahc",
    "soft17": "h17",
    "das": true,
    "double_down": "any_two",
    "surrender": "no_surrender",
    "play_ace_pairs": false,
    "max_splits": 4,
    "decks": 6,
    "penetration_cards": 46
  },
  "ev": 0.09817230999999835,
  "stddev": 2.73418296796444,
  "winning_distrib": {
    "-8.0": 2990,
    "-7.0": 35704,
    "-6.0": 237472,
    "-5.0": 982327,
    "-4.0": 4589758,
    "-3.0": 15984474,
    "-2.0": 22100647,
    "-1.0": 4009682,
    "+0.0": 3248168,
    "+1.0": 5447015,
    "+2.0": 16455950,
    "+3.0": 17839740,
    "+4.0": 6948208,
    "+5.0": 1536326,
    "+6.0": 482641,
    "+7.0": 88651,
    "+8.0": 10247
  },
  "hands": {
    "total": 216680845,
    "won": 103213576,
    "lost": 107363819,
    "push": 6103450,
    "busted": 0,
    "blackjack": 0,
    "doubled": 72069444,
    "split": 216680845,
    "insured": 0,
    "surrender": 0
  }
}
