{
  "rounds": 100000000,
  "rules": {
    "game_type": "ahc",
    "soft17": "s17",
    "das": true,
    "bj_pays": 1.5,
    "double_down": "any_two",
    "surrender": "early_surrender",
    "play_ace_pairs": false,
    "max_splits": 4,
    "decks": 6,
    "penetration_cards": 250
  },
  "ev": -0.38460043000001015,
  "stddev": 0.8498787951624344,
  "winning_distrib": {
    "-1.0": 62740594,
    "+0.0": 12978855,
    "+1.0": 24280551
  },
  "hands": {
    "total": 100000000,
    "won": 24280551,
    "lost": 62740594,
    "push": 12978855,
    "busted": 0,
    "blackjack": 0,
    "doubled": 0,
    "split": 0,
    "insured": 0,
    "surrender": 0
  }
}
