{
  "rounds": 100000000,
  "rules": {
    "game_type": "ahc",
    "soft17": "s17",
    "das": true,
    "bj_pays": 1.5,
    "double_down": "any_two",
    "surrender": "early_surrender",
    "play_ace_pairs": false,
    "max_splits": 4,
    "decks": 6,
    "penetration_cards": 250
  },
  "ev": -0.4270498899999932,
  "stddev": 0.8795933317095035,
  "winning_distrib": {
    "-1.0": 69155296,
    "+0.0": 4394397,
    "+1.0": 26450307
  },
  "hands": {
    "total": 100000000,
    "won": 26450307,
    "lost": 69155296,
    "push": 4394397,
    "busted": 61274805,
    "blackjack": 0,
    "doubled": 0,
    "split": 0,
    "insured": 0,
    "surrender": 0
  }
}
