{
  "rounds": 100000000,
  "rules": {
    "game_type": "ahc",
    "soft17": "s17",
    "das": true,
    "bj_pays": 1.5,
    "double_down": "any_two",
    "surrender": "early_surrender",
    "play_ace_pairs": false,
    "max_splits": 4,
    "decks": 6,
    "penetration_cards": 250
  },
  "ev": -1.097905680000032,
  "stddev": 1.6246514531488572,
  "winning_distrib": {
    "-2.0": 75508757,
    "+0.0": 3877770,
    "+2.0": 20613473
  },
  "hands": {
    "total": 100000000,
    "won": 20613473,
    "lost": 75508757,
    "push": 3877770,
    "busted": 66956462,
    "blackjack": 0,
    "doubled": 100000000,
    "split": 0,
    "insured": 0,
    "surrender": 0
  }
}
