{
  "rounds": 100000000,
  "rules": {
    "game_type": "ahc",
    "soft17": "s17",
    "das": true,
    "bj_pays": 1.5,
    "double_down": "any_two",
    "surrender": "early_surrender",
    "play_ace_pairs": false,
    "max_splits": 4,
    "decks": 6,
    "penetration_cards": 250
  },
  "ev": -1.4339284600000044,
  "stddev": 1.3776434482771849,
  "winning_distrib": {
    "-2.0": 85273865,
    "+0.0": 1148693,
    "+2.0": 13577442
  },
  "hands": {
    "total": 100000000,
    "won": 13577442,
    "lost": 85273865,
    "push": 1148693,
    "busted": 84702315,
    "blackjack": 0,
    "doubled": 100000000,
    "split": 0,
    "insured": 0,
    "surrender": 0
  }
}
