{
  "rounds": 100000000,
  "rules": {
    "game_type": "ahc",
    "soft17": "h17",
    "das": false,
    "double_down": "any_two",
    "surrender": "no_surrender",
    "play_ace_pairs": false,
    "max_splits": 4,
    "decks": 6,
    "penetration_cards": 46
  },
  "ev": -0.23562044000000418,
  "stddev": 0.931952872703106,
  "winning_distrib": {
    "-1.0": 57983679,
    "+0.0": 7594686,
    "+1.0": 34421635
  },
  "hands": {
    "total": 100000000,
    "won": 34421635,
    "lost": 57983679,
    "push": 7594686,
    "busted": 14686929,
    "blackjack": 0,
    "doubled": 0,
    "split": 0,
    "insured": 0,
    "surrender": 0
  }
}
