{
  "rounds": 100000000,
  "rules": {
    "game_type": "ahc",
    "soft17": "s17",
    "das": true,
    "bj_pays": 1.5,
    "double_down": "any_two",
    "surrender": "early_surrender",
    "play_ace_pairs": false,
    "max_splits": 4,
    "decks": 6,
    "penetration_cards": 250
  },
  "ev": 0.2901468600000033,
  "stddev": 1.8983911071407082,
  "winning_distrib": {
    "-2.0": 38847253,
    "+0.0": 7798151,
    "+2.0": 53354596
  },
  "hands": {
    "total": 100000000,
    "won": 53354596,
    "lost": 38847253,
    "push": 7798151,
    "busted": 0,
    "blackjack": 0,
    "doubled": 100000000,
    "split": 0,
    "insured": 0,
    "surrender": 0
  }
}
