{
  "rounds": 100000000,
  "rules": {
    "game_type": "ahc",
    "soft17": "s17",
    "das": true,
    "bj_pays": 1.5,
    "double_down": "any_two",
    "surrender": "early_surrender",
    "play_ace_pairs": false,
    "max_splits": 4,
    "decks": 6,
    "penetration_cards": 250
  },
  "ev": -1.0070642600000157,
  "stddev": 1.60266629150176,
  "winning_distrib": {
    "-2.0": 67616845,
    "-1.0": 6249952,
    "+0.0": 5744595,
    "+2.0": 20388608
  },
  "hands": {
    "total": 100000000,
    "won": 20388608,
    "lost": 73866797,
    "push": 5744595,
    "busted": 56632988,
    "blackjack": 0,
    "doubled": 93750048,
    "split": 0,
    "insured": 0,
    "surrender": 0
  }
}
