{
  "rounds": 100000000,
  "rules": {
    "game_type": "enhc",
    "soft17": "h17",
    "das": true,
    "double_down": "any_two",
    "surrender": "no_surrender",
    "play_ace_pairs": false,
    "max_splits": 4,
    "decks": 6,
    "penetration_cards": 46
  },
  "ev": -0.03041273000000024,
  "stddev": 0.986088862921424,
  "winning_distrib": {
    "-1.0": 50185445,
    "+0.0": 2670383,
    "+1.0": 47144172
  },
  "hands": {
    "total": 100000000,
    "won": 47144172,
    "lost": 50185445,
    "push": 2670383,
    "busted": 0,
    "blackjack": 0,
    "doubled": 0,
    "split": 0,
    "insured": 0,
    "surrender": 0
  }
}
