{
  "rounds": 100000000,
  "rules": {
    "game_type": "ahc",
    "soft17": "h17",
    "das": false,
    "double_down": "any_two",
    "surrender": "no_surrender",
    "play_ace_pairs": false,
    "max_splits": 4,
    "decks": 6,
    "penetration_cards": 46
  },
  "ev": 0.22176373999999954,
  "stddev": 1.895650273535729,
  "winning_distrib": {
    "-2.0": 39989270,
    "+0.0": 8933273,
    "+2.0": 51077457
  },
  "hands": {
    "total": 100000000,
    "won": 51077457,
    "lost": 39989270,
    "push": 8933273,
    "busted": 0,
    "blackjack": 0,
    "doubled": 100000000,
    "split": 0,
    "insured": 0,
    "surrender": 0
  }
}
