{
  "rounds": 100000000,
  "rules": {
    "game_type": "ahc",
    "soft17": "s17",
    "das": true,
    "bj_pays": 1.5,
    "double_down": "any_two",
    "surrender": "early_surrender",
    "play_ace_pairs": false,
    "max_splits": 4,
    "decks": 6,
    "penetration_cards": 250
  },
  "ev": 0.3904755000000023,
  "stddev": 0.8823993833214299,
  "winning_distrib": {
    "-1.0": 27031214,
    "+0.0": 6890022,
    "+1.0": 66078764
  },
  "hands": {
    "total": 100000000,
    "won": 66078764,
    "lost": 27031214,
    "push": 6890022,
    "busted": 0,
    "blackjack": 0,
    "doubled": 0,
    "split": 0,
    "insured": 0,
    "surrender": 0
  }
}
