{
  "rounds": 100000000,
  "rules": {
    "game_type": "ahc",
    "soft17": "s17",
    "das": true,
    "bj_pays": 1.5,
    "double_down": "any_two",
    "surrender": "early_surrender",
    "play_ace_pairs": false,
    "max_splits": 4,
    "decks": 6,
    "penetration_cards": 250
  },
  "ev": 0.47069545000000207,
  "stddev": 0.6777206562753936,
  "winning_distrib": {
    "-1.0": 10508202,
    "+0.0": 31914051,
    "+1.0": 57577747
  },
  "hands": {
    "total": 100000000,
    "won": 57577747,
    "lost": 10508202,
    "push": 31914051,
    "busted": 0,
    "blackjack": 0,
    "doubled": 0,
    "split": 0,
    "insured": 0,
    "surrender": 0
  }
}
