{
  "rounds": 100000000,
  "rules": {
    "game_type": "ahc",
    "soft17": "s17",
    "das": true,
    "bj_pays": 1.5,
    "double_down": "any_two",
    "surrender": "early_surrender",
    "play_ace_pairs": false,
    "max_splits": 4,
    "decks": 6,
    "penetration_cards": 250
  },
  "ev": -1.2194341400000137,
  "stddev": 1.5404522848606608,
  "winning_distrib": {
    "-2.0": 78736014,
    "+0.0": 3499679,
    "+2.0": 17764307
  },
  "hands": {
    "total": 100000000,
    "won": 17764307,
    "lost": 78736014,
    "push": 3499679,
    "busted": 77085523,
    "blackjack": 0,
    "doubled": 100000000,
    "split": 0,
    "insured": 0,
    "surrender": 0
  }
}
