{
  "rounds": 100000000,
  "rules": {
    "game_type": "ahc",
    "soft17": "s17",
    "das": true,
    "bj_pays": 1.5,
    "double_down": "any_two",
    "surrender": "early_surrender",
    "play_ace_pairs": false,
    "max_splits": 4,
    "decks": 6,
    "penetration_cards": 250
  },
  "ev": -0.4464047500000042,
  "stddev": 0.8433202335348777,
  "winning_distrib": {
    "-1.0": 67843548,
    "+0.0": 8953379,
    "+1.0": 23203073
  },
  "hands": {
    "total": 100000000,
    "won": 23203073,
    "lost": 67843548,
    "push": 8953379,
    "busted": 15976177,
    "blackjack": 0,
    "doubled": 0,
    "split": 0,
    "insured": 0,
    "surrender": 0
  }
}
