{
  "rounds": 100000000,
  "rules": {
    "game_type": "ahc",
    "soft17": "s17",
    "das": true,
    "bj_pays": 1.5,
    "double_down": "any_two",
    "surrender": "early_surrender",
    "play_ace_pairs": false,
    "max_splits": 4,
    "decks": 6,
    "penetration_cards": 250
  },
  "ev": -0.84293590999999,
  "stddev": 0.5358513268657954,
  "winning_distrib": {
    "-1.0": 92030675,
    "+0.0": 232241,
    "+1.0": 7737084
  },
  "hands": {
    "total": 100000000,
    "won": 7737084,
    "lost": 92030675,
    "push": 232241,
    "busted": 83338307,
    "blackjack": 0,
    "doubled": 0,
    "split": 0,
    "insured": 0,
    "surrender": 0
  }
}
