{
  "rounds": 100000000,
  "rules": {
    "game_type": "enhc",
    "soft17": "h17",
    "das": false,
    "double_down": "any_two",
    "surrender": "no_surrender",
    "play_ace_pairs": false,
    "max_splits": 4,
    "decks": 6,
    "penetration_cards": 46
  },
  "ev": 0.3959159000000028,
  "stddev": 0.8463769534260296,
  "winning_distrib": {
    "-1.0": 23859372,
    "+0.0": 12689666,
    "+1.0": 63450962
  },
  "hands": {
    "total": 100000000,
    "won": 63450962,
    "lost": 23859372,
    "push": 12689666,
    "busted": 0,
    "blackjack": 0,
    "doubled": 0,
    "split": 0,
    "insured": 0,
    "surrender": 0
  }
}
