{
  "rounds": 100000000,
  "rules": {
    "game_type": "ahc",
    "soft17": "s17",
    "das": true,
    "bj_pays": 1.5,
    "double_down": "any_two",
    "surrender": "early_surrender",
    "play_ace_pairs": false,
    "max_splits": 4,
    "decks": 6,
    "penetration_cards": 250
  },
  "ev": -1.441994919999984,
  "stddev": 1.3701061672243127,
  "winning_distrib": {
    "-2.0": 85506626,
    "+0.0": 1086494,
    "+2.0": 13406880
  },
  "hands": {
    "total": 100000000,
    "won": 13406880,
    "lost": 85506626,
    "push": 1086494,
    "busted": 85000980,
    "blackjack": 0,
    "doubled": 100000000,
    "split": 0,
    "insured": 0,
    "surrender": 0
  }
}
