{
  "rounds": 100000000,
  "rules": {
    "game_type": "ahc",
    "soft17": "s17",
    "das": true,
    "bj_pays": 1.5,
    "double_down": "any_two",
    "surrender": "early_surrender",
    "play_ace_pairs": false,
    "max_splits": 4,
    "decks": 6,
    "penetration_cards": 250
  },
  "ev": -0.2993854799999975,
  "stddev": 1.9374341103381139,
  "winning_distrib": {
    "-2.0": 55525669,
    "+0.0": 3917936,
    "+2.0": 40556395
  },
  "hands": {
    "total": 100000000,
    "won": 40556395,
    "lost": 55525669,
    "push": 3917936,
    "busted": 34775277,
    "blackjack": 0,
    "doubled": 100000000,
    "split": 0,
    "insured": 0,
    "surrender": 0
  }
}
