{
  "rounds": 100000000,
  "rules": {
    "game_type": "ahc",
    "soft17": "h17",
    "das": false,
    "double_down": "any_two",
    "surrender": "no_surrender",
    "play_ace_pairs": false,
    "max_splits": 4,
    "decks": 6,
    "penetration_cards": 46
  },
  "ev": -0.574123199999983,
  "stddev": 0.7846159808326553,
  "winning_distrib": {
    "-1.0": 75968144,
    "+0.0": 5476032,
    "+1.0": 18555824
  },
  "hands": {
    "total": 100000000,
    "won": 18555824,
    "lost": 75968144,
    "push": 5476032,
    "busted": 56652248,
    "blackjack": 0,
    "doubled": 0,
    "split": 0,
    "insured": 0,
    "surrender": 0
  }
}
