{
  "rounds": 100000000,
  "rules": {
    "game_type": "ahc",
    "soft17": "h17",
    "das": true,
    "double_down": "any_two",
    "surrender": "no_surrender",
    "play_ace_pairs": false,
    "max_splits": 4,
    "decks": 6,
    "penetration_cards": 46
  },
  "ev": 0.1879820199999952,
  "stddev": 1.9172482877590555,
  "winning_distrib": {
    "-2.0": 41690177,
    "+0.0": 7220545,
    "+2.0": 51089278
  },
  "hands": {
    "total": 100000000,
    "won": 51089278,
    "lost": 41690177,
    "push": 7220545,
    "busted": 0,
    "blackjack": 0,
    "doubled": 100000000,
    "split": 0,
    "insured": 0,
    "surrender": 0
  }
}
