{
  "rounds": 100000000,
  "rules": {
    "game_type": "ahc",
    "soft17": "h17",
    "das": true,
    "double_down": "any_two",
    "surrender": "no_surrender",
    "play_ace_pairs": false,
    "max_splits": 4,
    "decks": 6,
    "penetration_cards": 46
  },
  "ev": -0.0478667199999994,
  "stddev": 1.8781686325757994,
  "winning_distrib": {
    "-8.0": 63,
    "-7.0": 2153,
    "-6.0": 27672,
    "-5.0": 199200,
    "-4.0": 1242614,
    "-3.0": 6772489,
    "-2.0": 19755838,
    "-1.0": 11571408,
    "+0.0": 23909900,
    "+1.0": 12532720,
    "+2.0": 14135827,
    "+3.0": 7818385,
    "+4.0": 1717930,
    "+5.0": 258790,
    "+6.0": 48751,
    "+7.0": 5843,
    "+8.0": 417
  },
  "hands": {
    "total": 216701955,
    "won": 92380251,
    "lost": 105002287,
    "push": 19319417,
    "busted": 72938057,
    "blackjack": 0,
    "doubled": 36033222,
    "split": 216701955,
    "insured": 0,
    "surrender": 0
  }
}
