{
  "rounds": 100000000,
  "rules": {
    "game_type": "ahc",
    "soft17": "s17",
    "das": true,
    "bj_pays": 1.5,
    "double_down": "any_two",
    "surrender": "early_surrender",
    "play_ace_pairs": false,
    "max_splits": 4,
    "decks": 6,
    "penetration_cards": 250
  },
  "ev": -0.9216453399999845,
  "stddev": 1.739863470944647,
  "winning_distrib": {
    "-2.0": 71498071,
    "+0.0": 3086125,
    "+2.0": 25415804
  },
  "hands": {
    "total": 100000000,
    "won": 25415804,
    "lost": 71498071,
    "push": 3086125,
    "busted": 60865031,
    "blackjack": 0,
    "doubled": 100000000,
    "split": 0,
    "insured": 0,
    "surrender": 0
  }
}
