{
  "rounds": 100000000,
  "rules": {
    "game_type": "ahc",
    "soft17": "s17",
    "das": true,
    "bj_pays": 1.5,
    "double_down": "any_two",
    "surrender": "early_surrender",
    "play_ace_pairs": false,
    "max_splits": 4,
    "decks": 6,
    "penetration_cards": 250
  },
  "ev": -0.2946335599999959,
  "stddev": 1.9175493063000402,
  "winning_distrib": {
    "-2.0": 54413392,
    "+0.0": 5904894,
    "+2.0": 39681714
  },
  "hands": {
    "total": 100000000,
    "won": 39681714,
    "lost": 54413392,
    "push": 5904894,
    "busted": 0,
    "blackjack": 0,
    "doubled": 100000000,
    "split": 0,
    "insured": 0,
    "surrender": 0
  }
}
