{
  "rounds": 100000000,
  "rules": {
    "game_type": "ahc",
    "soft17": "s17",
    "das": true,
    "double_down": "any_two",
    "surrender": "no_surrender",
    "play_ace_pairs": false,
    "max_splits": 4,
    "decks": 6,
    "penetration_cards": 46
  },
  "ev": -0.7396907999999965,
  "stddev": 1.5326090512209176,
  "winning_distrib": {
    "-2.0": 43116426,
    "-1.0": 30870016,
    "+0.0": 4446664,
    "+2.0": 21566894
  },
  "hands": {
    "total": 100000000,
    "won": 21566894,
    "lost": 73986442,
    "push": 4446664,
    "busted": 0,
    "blackjack": 0,
    "doubled": 69129984,
    "split": 0,
    "insured": 0,
    "surrender": 0
  }
}
