{
  "rounds": 100000000,
  "rules": {
    "game_type": "ahc",
    "soft17": "s17",
    "das": true,
    "bj_pays": 1.5,
    "double_down": "any_two",
    "surrender": "early_surrender",
    "play_ace_pairs": false,
    "max_splits": 4,
    "decks": 6,
    "penetration_cards": 250
  },
  "ev": -0.664052600000011,
  "stddev": 1.8300268680877911,
  "winning_distrib": {
    "-2.0": 63975867,
    "+0.0": 5250896,
    "+2.0": 30773237
  },
  "hands": {
    "total": 100000000,
    "won": 30773237,
    "lost": 63975867,
    "push": 5250896,
    "busted": 44385970,
    "blackjack": 0,
    "doubled": 100000000,
    "split": 0,
    "insured": 0,
    "surrender": 0
  }
}
