{
  "rounds": 100000000,
  "rules": {
    "game_type": "ahc",
    "soft17": "s17",
    "das": true,
    "bj_pays": 1.5,
    "double_down": "any_two",
    "surrender": "early_surrender",
    "play_ace_pairs": false,
    "max_splits": 4,
    "decks": 6,
    "penetration_cards": 250
  },
  "ev": -0.3568415799999977,
  "stddev": 0.9063458363107031,
  "winning_distrib": {
    "-1.0": 65282013,
    "+0.0": 5120132,
    "+1.0": 29597855
  },
  "hands": {
    "total": 100000000,
    "won": 29597855,
    "lost": 65282013,
    "push": 5120132,
    "busted": 45584868,
    "blackjack": 0,
    "doubled": 0,
    "split": 0,
    "insured": 0,
    "surrender": 0
  }
}
