{
  "rounds": 100000000,
  "rules": {
    "game_type": "ahc",
    "soft17": "s17",
    "das": true,
    "bj_pays": 1.5,
    "double_down": "any_two",
    "surrender": "early_surrender",
    "play_ace_pairs": false,
    "max_splits": 4,
    "decks": 6,
    "penetration_cards": 250
  },
  "ev": -0.5859881800000031,
  "stddev": 0.7754143659444004,
  "winning_distrib": {
    "-1.0": 76531888,
    "+0.0": 5535042,
    "+1.0": 17933070
  },
  "hands": {
    "total": 100000000,
    "won": 17933070,
    "lost": 76531888,
    "push": 5535042,
    "busted": 32218784,
    "blackjack": 0,
    "doubled": 0,
    "split": 0,
    "insured": 0,
    "surrender": 0
  }
}
