{
  "rounds": 100000000,
  "rules": {
    "game_type": "ahc",
    "soft17": "s17",
    "das": true,
    "bj_pays": 1.5,
    "double_down": "any_two",
    "surrender": "early_surrender",
    "play_ace_pairs": false,
    "max_splits": 4,
    "decks": 6,
    "penetration_cards": 250
  },
  "ev": -0.11668082999999983,
  "stddev": 2.7091521897644224,
  "winning_distrib": {
    "-8.0": 3445,
    "-7.0": 40107,
    "-6.0": 265852,
    "-5.0": 1087372,
    "-4.0": 4925239,
    "-3.0": 17000218,
    "-2.0": 23918455,
    "-1.0": 4397494,
    "+0.0": 3548193,
    "+1.0": 6007293,
    "+2.0": 14654944,
    "+3.0": 15887761,
    "+4.0": 6327921,
    "+5.0": 1400875,
    "+6.0": 441935,
    "+7.0": 83089,
    "+8.0": 9807
  },
  "hands": {
    "total": 217428782,
    "won": 94398632,
    "lost": 116233580,
    "push": 6796570,
    "busted": 659369,
    "blackjack": 0,
    "doubled": 72293941,
    "split": 217428782,
    "insured": 0,
    "surrender": 0
  }
}
