{
  "rounds": 100000000,
  "rules": {
    "game_type": "ahc",
    "soft17": "s17",
    "das": true,
    "bj_pays": 1.5,
    "double_down": "any_two",
    "surrender": "early_surrender",
    "play_ace_pairs": false,
    "max_splits": 4,
    "decks": 6,
    "penetration_cards": 250
  },
  "ev": 0.10404437999999987,
  "stddev": 1.9266018488801342,
  "winning_distrib": {
    "-2.0": 43931639,
    "+0.0": 6934503,
    "+2.0": 49133858
  },
  "hands": {
    "total": 100000000,
    "won": 49133858,
    "lost": 43931639,
    "push": 6934503,
    "busted": 0,
    "blackjack": 0,
    "doubled": 100000000,
    "split": 0,
    "insured": 0,
    "surrender": 0
  }
}
