{
  "rounds": 100000000,
  "rules": {
    "game_type": "ahc",
    "soft17": "s17",
    "das": true,
    "bj_pays": 1.5,
    "double_down": "any_two",
    "surrender": "early_surrender",
    "play_ace_pairs": false,
    "max_splits": 4,
    "decks": 6,
    "penetration_cards": 250
  },
  "ev": -1.2418063000000108,
  "stddev": 1.5350097513836467,
  "winning_distrib": {
    "-2.0": 79774380,
    "+0.0": 2541555,
    "+2.0": 17684065
  },
  "hands": {
    "total": 100000000,
    "won": 17684065,
    "lost": 79774380,
    "push": 2541555,
    "busted": 77258752,
    "blackjack": 0,
    "doubled": 100000000,
    "split": 0,
    "insured": 0,
    "surrender": 0
  }
}
