{
  "rounds": 100000000,
  "rules": {
    "game_type": "enhc",
    "soft17": "h17",
    "das": true,
    "double_down": "any_two",
    "surrender": "no_surrender",
    "play_ace_pairs": false,
    "max_splits": 4,
    "decks": 6,
    "penetration_cards": 46
  },
  "ev": -0.3692835799999952,
  "stddev": 0.8957762586530981,
  "winning_distrib": {
    "-1.0": 65403452,
    "+0.0": 6121454,
    "+1.0": 28475094
  },
  "hands": {
    "total": 100000000,
    "won": 28475094,
    "lost": 65403452,
    "push": 6121454,
    "busted": 58564659,
    "blackjack": 0,
    "doubled": 0,
    "split": 0,
    "insured": 0,
    "surrender": 0
  }
}
