{
  "rounds": 100000000,
  "rules": {
    "game_type": "ahc",
    "soft17": "s17",
    "das": true,
    "bj_pays": 1.5,
    "double_down": "any_two",
    "surrender": "early_surrender",
    "play_ace_pairs": false,
    "max_splits": 4,
    "decks": 6,
    "penetration_cards": 250
  },
  "ev": -0.48143792000000796,
  "stddev": 0.8380015848484589,
  "winning_distrib": {
    "-1.0": 70773352,
    "+0.0": 6597088,
    "+1.0": 22629560
  },
  "hands": {
    "total": 100000000,
    "won": 22629560,
    "lost": 70773352,
    "push": 6597088,
    "busted": 50129675,
    "blackjack": 0,
    "doubled": 0,
    "split": 0,
    "insured": 0,
    "surrender": 0
  }
}
