{
  "rounds": 100000000,
  "rules": {
    "game_type": "enhc",
    "soft17": "h17",
    "das": false,
    "double_down": "any_two",
    "surrender": "no_surrender",
    "play_ace_pairs": false,
    "max_splits": 4,
    "decks": 6,
    "penetration_cards": 46
  },
  "ev": -0.34301873999999627,
  "stddev": 0.8959815243835368,
  "winning_distrib": {
    "-1.0": 63173174,
    "+0.0": 7955526,
    "+1.0": 28871300
  },
  "hands": {
    "total": 100000000,
    "won": 28871300,
    "lost": 63173174,
    "push": 7955526,
    "busted": 48489749,
    "blackjack": 0,
    "doubled": 0,
    "split": 0,
    "insured": 0,
    "surrender": 0
  }
}
