{
  "rounds": 100000000,
  "rules": {
    "game_type": "ahc",
    "soft17": "s17",
    "das": false,
    "double_down": "any_two",
    "surrender": "no_surrender",
    "play_ace_pairs": false,
    "max_splits": 4,
    "decks": 6,
    "penetration_cards": 46
  },
  "ev": 0.0873903200000008,
  "stddev": 1.9433476090849695,
  "winning_distrib": {
    "-2.0": 45118204,
    "+0.0": 5394076,
    "+2.0": 49487720
  },
  "hands": {
    "total": 100000000,
    "won": 49487720,
    "lost": 45118204,
    "push": 5394076,
    "busted": 0,
    "blackjack": 0,
    "doubled": 100000000,
    "split": 0,
    "insured": 0,
    "surrender": 0
  }
}
