{
  "rounds": 100000000,
  "rules": {
    "game_type": "enhc",
    "soft17": "h17",
    "das": true,
    "double_down": "any_two",
    "surrender": "no_surrender",
    "play_ace_pairs": false,
    "max_splits": 4,
    "decks": 6,
    "penetration_cards": 46
  },
  "ev": 0.07222366000000058,
  "stddev": 0.9560263344051024,
  "winning_distrib": {
    "-1.0": 42348947,
    "+0.0": 8079740,
    "+1.0": 49571313
  },
  "hands": {
    "total": 100000000,
    "won": 49571313,
    "lost": 42348947,
    "push": 8079740,
    "busted": 2568661,
    "blackjack": 0,
    "doubled": 0,
    "split": 0,
    "insured": 0,
    "surrender": 0
  }
}
