{
  "rounds": 100000000,
  "rules": {
    "game_type": "ahc",
    "soft17": "s17",
    "das": true,
    "bj_pays": 1.5,
    "double_down": "any_two",
    "surrender": "early_surrender",
    "play_ace_pairs": false,
    "max_splits": 4,
    "decks": 6,
    "penetration_cards": 250
  },
  "ev": -0.6440887400000074,
  "stddev": 0.7465868071290352,
  "winning_distrib": {
    "-1.0": 80816545,
    "+0.0": 2775784,
    "+1.0": 16407671
  },
  "hands": {
    "total": 100000000,
    "won": 16407671,
    "lost": 80816545,
    "push": 2775784,
    "busted": 77956953,
    "blackjack": 0,
    "doubled": 0,
    "split": 0,
    "insured": 0,
    "surrender": 0
  }
}
