{
  "rounds": 100000000,
  "rules": {
    "game_type": "ahc",
    "soft17": "h17",
    "das": false,
    "double_down": "any_two",
    "surrender": "no_surrender",
    "play_ace_pairs": false,
    "max_splits": 4,
    "decks": 6,
    "penetration_cards": 46
  },
  "ev": 0.1255322300000006,
  "stddev": 0.970545145086417,
  "winning_distrib": {
    "-1.0": 41609199,
    "+0.0": 4228379,
    "+1.0": 54162422
  },
  "hands": {
    "total": 100000000,
    "won": 54162422,
    "lost": 41609199,
    "push": 4228379,
    "busted": 0,
    "blackjack": 0,
    "doubled": 0,
    "split": 0,
    "insured": 0,
    "surrender": 0
  }
}
