{
  "rounds": 100000000,
  "rules": {
    "game_type": "ahc",
    "soft17": "s17",
    "das": true,
    "bj_pays": 1.5,
    "double_down": "any_two",
    "surrender": "early_surrender",
    "play_ace_pairs": false,
    "max_splits": 4,
    "decks": 6,
    "penetration_cards": 250
  },
  "ev": -1.4763794000000359,
  "stddev": 1.3219284869956587,
  "winning_distrib": {
    "-2.0": 85999373,
    "+0.0": 1820224,
    "+2.0": 12180403
  },
  "hands": {
    "total": 100000000,
    "won": 12180403,
    "lost": 85999373,
    "push": 1820224,
    "busted": 85206681,
    "blackjack": 0,
    "doubled": 100000000,
    "split": 0,
    "insured": 0,
    "surrender": 0
  }
}
