{
  "rounds": 100000000,
  "rules": {
    "game_type": "ahc",
    "soft17": "s17",
    "das": true,
    "bj_pays": 1.5,
    "double_down": "any_two",
    "surrender": "early_surrender",
    "play_ace_pairs": false,
    "max_splits": 4,
    "decks": 6,
    "penetration_cards": 250
  },
  "ev": -0.4543064300000002,
  "stddev": 0.8536757727312301,
  "winning_distrib": {
    "-1.0": 69473154,
    "+0.0": 6484335,
    "+1.0": 24042511
  },
  "hands": {
    "total": 100000000,
    "won": 24042511,
    "lost": 69473154,
    "push": 6484335,
    "busted": 27191640,
    "blackjack": 0,
    "doubled": 0,
    "split": 0,
    "insured": 0,
    "surrender": 0
  }
}
