{
  "rounds": 100000000,
  "rules": {
    "game_type": "ahc",
    "soft17": "s17",
    "das": true,
    "bj_pays": 1.5,
    "double_down": "any_two",
    "surrender": "early_surrender",
    "play_ace_pairs": false,
    "max_splits": 4,
    "decks": 6,
    "penetration_cards": 250
  },
  "ev": -0.36995283000000084,
  "stddev": 0.8873791531523642,
  "winning_distrib": {
    "-1.0": 64712984,
    "+0.0": 7569315,
    "+1.0": 27717701
  },
  "hands": {
    "total": 100000000,
    "won": 27717701,
    "lost": 64712984,
    "push": 7569315,
    "busted": 24788219,
    "blackjack": 0,
    "doubled": 0,
    "split": 0,
    "insured": 0,
    "surrender": 0
  }
}
