{
  "rounds": 100000000,
  "rules": {
    "game_type": "ahc",
    "soft17": "h17",
    "das": true,
    "double_down": "any_two",
    "surrender": "no_surrender",
    "play_ace_pairs": false,
    "max_splits": 4,
    "decks": 6,
    "penetration_cards": 46
  },
  "ev": 0.16607700999999897,
  "stddev": 0.919786412820672,
  "winning_distrib": {
    "-1.0": 35375580,
    "+0.0": 12641139,
    "+1.0": 51983281
  },
  "hands": {
    "total": 100000000,
    "won": 51983281,
    "lost": 35375580,
    "push": 12641139,
    "busted": 0,
    "blackjack": 0,
    "doubled": 0,
    "split": 0,
    "insured": 0,
    "surrender": 0
  }
}
