{
  "rounds": 100000000,
  "rules": {
    "game_type": "ahc",
    "soft17": "s17",
    "das": true,
    "bj_pays": 1.5,
    "double_down": "any_two",
    "surrender": "early_surrender",
    "play_ace_pairs": false,
    "max_splits": 4,
    "decks": 6,
    "penetration_cards": 250
  },
  "ev": -0.19961112999999978,
  "stddev": 0.9569080916874282,
  "winning_distrib": {
    "-1.0": 57756441,
    "+0.0": 4448231,
    "+1.0": 37795328
  },
  "hands": {
    "total": 100000000,
    "won": 37795328,
    "lost": 57756441,
    "push": 4448231,
    "busted": 32662570,
    "blackjack": 0,
    "doubled": 0,
    "split": 0,
    "insured": 0,
    "surrender": 0
  }
}
