{
  "rounds": 100000000,
  "rules": {
    "game_type": "ahc",
    "soft17": "s17",
    "das": true,
    "bj_pays": 1.5,
    "double_down": "any_two",
    "surrender": "early_surrender",
    "play_ace_pairs": false,
    "max_splits": 4,
    "decks": 6,
    "penetration_cards": 250
  },
  "ev": 0.42462483999999234,
  "stddev": 0.684532241710218,
  "winning_distrib": {
    "-1.0": 11213290,
    "+0.0": 35110936,
    "+1.0": 53675774
  },
  "hands": {
    "total": 100000000,
    "won": 53675774,
    "lost": 11213290,
    "push": 35110936,
    "busted": 0,
    "blackjack": 0,
    "doubled": 0,
    "split": 0,
    "insured": 0,
    "surrender": 0
  }
}
