{
  "rounds": 100000000,
  "rules": {
    "game_type": "ahc",
    "soft17": "s17",
    "das": true,
    "bj_pays": 1.5,
    "double_down": "any_two",
    "surrender": "early_surrender",
    "play_ace_pairs": false,
    "max_splits": 4,
    "decks": 6,
    "penetration_cards": 250
  },
  "ev": -0.06503877000000181,
  "stddev": 0.9503907814311511,
  "winning_distrib": {
    "-1.0": 48625572,
    "+0.0": 9252733,
    "+1.0": 42121695
  },
  "hands": {
    "total": 100000000,
    "won": 42121695,
    "lost": 48625572,
    "push": 9252733,
    "busted": 37184299,
    "blackjack": 0,
    "doubled": 0,
    "split": 0,
    "insured": 0,
    "surrender": 0
  }
}
