{
  "rounds": 100000000,
  "rules": {
    "game_type": "ahc",
    "soft17": "s17",
    "das": true,
    "bj_pays": 1.5,
    "double_down": "any_two",
    "surrender": "early_surrender",
    "play_ace_pairs": false,
    "max_splits": 4,
    "decks": 6,
    "penetration_cards": 250
  },
  "ev": -1.231152719999996,
  "stddev": 1.542377659273474,
  "winning_distrib": {
    "-2.0": 79462141,
    "+0.0": 2633354,
    "+2.0": 17904505
  },
  "hands": {
    "total": 100000000,
    "won": 17904505,
    "lost": 79462141,
    "push": 2633354,
    "busted": 76959897,
    "blackjack": 0,
    "doubled": 100000000,
    "split": 0,
    "insured": 0,
    "surrender": 0
  }
}
