{
  "rounds": 100000000,
  "rules": {
    "game_type": "enhc",
    "soft17": "s17",
    "das": false,
    "double_down": "any_two",
    "surrender": "no_surrender",
    "play_ace_pairs": false,
    "max_splits": 4,
    "decks": 6,
    "penetration_cards": 46
  },
  "ev": -0.15912279999999793,
  "stddev": 1.8555227966666792,
  "winning_distrib": {
    "-2.0": 47331631,
    "+0.0": 13292878,
    "+2.0": 39375491
  },
  "hands": {
    "total": 100000000,
    "won": 39375491,
    "lost": 47331631,
    "push": 13292878,
    "busted": 0,
    "blackjack": 0,
    "doubled": 100000000,
    "split": 0,
    "insured": 0,
    "surrender": 0
  }
}
