{
  "rounds": 100000000,
  "rules": {
    "game_type": "ahc",
    "soft17": "s17",
    "das": true,
    "bj_pays": 1.5,
    "double_down": "any_two",
    "surrender": "early_surrender",
    "play_ace_pairs": false,
    "max_splits": 4,
    "decks": 6,
    "penetration_cards": 250
  },
  "ev": 0.3157122000000078,
  "stddev": 1.8971005673819832,
  "winning_distrib": {
    "-2.0": 38340504,
    "+0.0": 7533382,
    "+2.0": 54126114
  },
  "hands": {
    "total": 100000000,
    "won": 54126114,
    "lost": 38340504,
    "push": 7533382,
    "busted": 0,
    "blackjack": 0,
    "doubled": 100000000,
    "split": 0,
    "insured": 0,
    "surrender": 0
  }
}
