{
  "rounds": 100000000,
  "rules": {
    "game_type": "ahc",
    "soft17": "s17",
    "das": false,
    "double_down": "any_two",
    "surrender": "no_surrender",
    "play_ace_pairs": false,
    "max_splits": 4,
    "decks": 6,
    "penetration_cards": 46
  },
  "ev": -0.42892404999999695,
  "stddev": 0.8787625032133698,
  "winning_distrib": {
    "-1.0": 69256171,
    "+0.0": 4380063,
    "+1.0": 26363766
  },
  "hands": {
    "total": 100000000,
    "won": 26363766,
    "lost": 69256171,
    "push": 4380063,
    "busted": 61404825,
    "blackjack": 0,
    "doubled": 0,
    "split": 0,
    "insured": 0,
    "surrender": 0
  }
}
