{
  "rounds": 100000000,
  "rules": {
    "game_type": "ahc",
    "soft17": "s17",
    "das": true,
    "bj_pays": 1.5,
    "double_down": "any_two",
    "surrender": "early_surrender",
    "play_ace_pairs": false,
    "max_splits": 4,
    "decks": 6,
    "penetration_cards": 250
  },
  "ev": -0.6186786900000044,
  "stddev": 0.771465407190415,
  "winning_distrib": {
    "-1.0": 79830044,
    "+0.0": 2207781,
    "+1.0": 17962175
  },
  "hands": {
    "total": 100000000,
    "won": 17962175,
    "lost": 79830044,
    "push": 2207781,
    "busted": 77600538,
    "blackjack": 0,
    "doubled": 0,
    "split": 0,
    "insured": 0,
    "surrender": 0
  }
}
