{
  "rounds": 100000000,
  "rules": {
    "game_type": "ahc",
    "soft17": "h17",
    "das": true,
    "double_down": "any_two",
    "surrender": "no_surrender",
    "play_ace_pairs": false,
    "max_splits": 4,
    "decks": 6,
    "penetration_cards": 46
  },
  "ev": -0.37777778999999867,
  "stddev": 0.8833448699039841,
  "winning_distrib": {
    "-1.0": 65039600,
    "+0.0": 7698579,
    "+1.0": 27261821
  },
  "hands": {
    "total": 100000000,
    "won": 27261821,
    "lost": 65039600,
    "push": 7698579,
    "busted": 21835919,
    "blackjack": 0,
    "doubled": 0,
    "split": 0,
    "insured": 0,
    "surrender": 0
  }
}
