{
  "rounds": 100000000,
  "rules": {
    "game_type": "ahc",
    "soft17": "s17",
    "das": true,
    "bj_pays": 1.5,
    "double_down": "any_two",
    "surrender": "early_surrender",
    "play_ace_pairs": false,
    "max_splits": 4,
    "decks": 6,
    "penetration_cards": 250
  },
  "ev": 0.06602274999999787,
  "stddev": 0.9627453950818085,
  "winning_distrib": {
    "-1.0": 43260747,
    "+0.0": 6876231,
    "+1.0": 49863022
  },
  "hands": {
    "total": 100000000,
    "won": 49863022,
    "lost": 43260747,
    "push": 6876231,
    "busted": 0,
    "blackjack": 0,
    "doubled": 0,
    "split": 0,
    "insured": 0,
    "surrender": 0
  }
}
