{
  "rounds": 100000000,
  "rules": {
    "game_type": "enhc",
    "soft17": "h17",
    "das": true,
    "double_down": "any_two",
    "surrender": "no_surrender",
    "play_ace_pairs": false,
    "max_splits": 4,
    "decks": 6,
    "penetration_cards": 46
  },
  "ev": 0.40719684000000256,
  "stddev": 1.8786175046523166,
  "winning_distrib": {
    "-2.0": 36007741,
    "+0.0": 7624676,
    "+2.0": 56367583
  },
  "hands": {
    "total": 100000000,
    "won": 56367583,
    "lost": 36007741,
    "push": 7624676,
    "busted": 0,
    "blackjack": 0,
    "doubled": 100000000,
    "split": 0,
    "insured": 0,
    "surrender": 0
  }
}
