{
  "rounds": 100000000,
  "rules": {
    "game_type": "ahc",
    "soft17": "s17",
    "das": true,
    "bj_pays": 1.5,
    "double_down": "any_two",
    "surrender": "early_surrender",
    "play_ace_pairs": false,
    "max_splits": 4,
    "decks": 6,
    "penetration_cards": 250
  },
  "ev": -0.0542295100000002,
  "stddev": 2.4700058119879373,
  "winning_distrib": {
    "-8.0": 888,
    "-7.0": 15709,
    "-6.0": 132373,
    "-5.0": 682953,
    "-4.0": 3251780,
    "-3.0": 13321026,
    "-2.0": 24829084,
    "-1.0": 6500911,
    "+0.0": 7689273,
    "+1.0": 6257490,
    "+2.0": 17550309,
    "+3.0": 14025960,
    "+4.0": 4452805,
    "+5.0": 995862,
    "+6.0": 252254,
    "+7.0": 38230,
    "+8.0": 3093
  },
  "hands": {
    "total": 217419857,
    "won": 96570422,
    "lost": 111659783,
    "push": 9189652,
    "busted": 7820452,
    "blackjack": 0,
    "doubled": 54238400,
    "split": 217419857,
    "insured": 0,
    "surrender": 0
  }
}
