{
  "rounds": 100000000,
  "rules": {
    "game_type": "ahc",
    "soft17": "h17",
    "das": true,
    "double_down": "any_two",
    "surrender": "no_surrender",
    "play_ace_pairs": false,
    "max_splits": 4,
    "decks": 6,
    "penetration_cards": 46
  },
  "ev": -0.07874513999999996,
  "stddev": 1.735265199627381,
  "winning_distrib": {
    "-8.0": 9,
    "-7.0": 280,
    "-6.0": 7086,
    "-5.0": 92639,
    "-4.0": 747364,
    "-3.0": 4766106,
    "-2.0": 20398117,
    "-1.0": 15757288,
    "+0.0": 23398144,
    "+1.0": 10466205,
    "+2.0": 18241272,
    "+3.0": 5130854,
    "+4.0": 854877,
    "+5.0": 125675,
    "+6.0": 13280,
    "+7.0": 781,
    "+8.0": 23
  },
  "hands": {
    "total": 216629802,
    "won": 84811279,
    "lost": 94735384,
    "push": 37083139,
    "busted": 49639700,
    "blackjack": 0,
    "doubled": 18015585,
    "split": 216629802,
    "insured": 0,
    "surrender": 0
  }
}
