{
  "rounds": 100000000,
  "rules": {
    "game_type": "ahc",
    "soft17": "s17",
    "das": true,
    "bj_pays": 1.5,
    "double_down": "any_two",
    "surrender": "early_surrender",
    "play_ace_pairs": false,
    "max_splits": 4,
    "decks": 6,
    "penetration_cards": 250
  },
  "ev": 0.026097179999999987,
  "stddev": 1.8963671567389215,
  "winning_distrib": {
    "-8.0": 37,
    "-7.0": 1431,
    "-6.0": 23067,
    "-5.0": 197903,
    "-4.0": 1201606,
    "-3.0": 6011029,
    "-2.0": 19234348,
    "-1.0": 14276155,
    "+0.0": 19386508,
    "+1.0": 12285261,
    "+2.0": 17639447,
    "+3.0": 7634793,
    "+4.0": 1741479,
    "+5.0": 309380,
    "+6.0": 52175,
    "+7.0": 5138,
    "+8.0": 243
  },
  "hands": {
    "total": 219489206,
    "won": 86228160,
    "lost": 91004792,
    "push": 42256254,
    "busted": 39444984,
    "blackjack": 0,
    "doubled": 30523675,
    "split": 219489206,
    "insured": 0,
    "surrender": 0
  }
}
