{
  "rounds": 100000000,
  "rules": {
    "game_type": "ahc",
    "soft17": "s17",
    "das": true,
    "bj_pays": 1.5,
    "double_down": "any_two",
    "surrender": "early_surrender",
    "play_ace_pairs": false,
    "max_splits": 4,
    "decks": 6,
    "penetration_cards": 250
  },
  "ev": 0.21954708999999856,
  "stddev": 0.9332685969121911,
  "winning_distrib": {
    "-1.0": 34982205,
    "+0.0": 8080881,
    "+1.0": 56936914
  },
  "hands": {
    "total": 100000000,
    "won": 56936914,
    "lost": 34982205,
    "push": 8080881,
    "busted": 2343140,
    "blackjack": 0,
    "doubled": 0,
    "split": 0,
    "insured": 0,
    "surrender": 0
  }
}
