{
  "rounds": 100000000,
  "rules": {
    "game_type": "ahc",
    "soft17": "s17",
    "das": true,
    "bj_pays": 1.5,
    "double_down": "any_two",
    "surrender": "early_surrender",
    "play_ace_pairs": false,
    "max_splits": 4,
    "decks": 6,
    "penetration_cards": 250
  },
  "ev": 0.13242773000000235,
  "stddev": 0.9529829879954891,
  "winning_distrib": {
    "-1.0": 39664297,
    "+0.0": 7428633,
    "+1.0": 52907070
  },
  "hands": {
    "total": 100000000,
    "won": 52907070,
    "lost": 39664297,
    "push": 7428633,
    "busted": 0,
    "blackjack": 0,
    "doubled": 0,
    "split": 0,
    "insured": 0,
    "surrender": 0
  }
}
