{
  "rounds": 100000000,
  "rules": {
    "game_type": "ahc",
    "soft17": "s17",
    "das": true,
    "bj_pays": 1.5,
    "double_down": "any_two",
    "surrender": "early_surrender",
    "play_ace_pairs": false,
    "max_splits": 4,
    "decks": 6,
    "penetration_cards": 250
  },
  "ev": -0.13286972999999616,
  "stddev": 0.9240186975315104,
  "winning_distrib": {
    "-1.0": 50216732,
    "+0.0": 12853509,
    "+1.0": 36929759
  },
  "hands": {
    "total": 100000000,
    "won": 36929759,
    "lost": 50216732,
    "push": 12853509,
    "busted": 0,
    "blackjack": 0,
    "doubled": 0,
    "split": 0,
    "insured": 0,
    "surrender": 0
  }
}
