{
  "rounds": 100000000,
  "rules": {
    "game_type": "ahc",
    "soft17": "s17",
    "das": true,
    "bj_pays": 1.5,
    "double_down": "any_two",
    "surrender": "early_surrender",
    "play_ace_pairs": false,
    "max_splits": 4,
    "decks": 6,
    "penetration_cards": 250
  },
  "ev": 0.0557513800000007,
  "stddev": 0.9751102364022689,
  "winning_distrib": {
    "-1.0": 44909840,
    "+0.0": 4605182,
    "+1.0": 50484978
  },
  "hands": {
    "total": 100000000,
    "won": 50484978,
    "lost": 44909840,
    "push": 4605182,
    "busted": 3599858,
    "blackjack": 0,
    "doubled": 0,
    "split": 0,
    "insured": 0,
    "surrender": 0
  }
}
