{
  "rounds": 100000000,
  "rules": {
    "game_type": "ahc",
    "soft17": "s17",
    "das": true,
    "bj_pays": 1.5,
    "double_down": "any_two",
    "surrender": "early_surrender",
    "play_ace_pairs": false,
    "max_splits": 4,
    "decks": 6,
    "penetration_cards": 250
  },
  "ev": -0.6547625199999878,
  "stddev": 1.1946477207424198,
  "winning_distrib": {
    "-2.0": 26461105,
    "-1.0": 36315554,
    "+0.0": 23295942,
    "+1.0": 4093286,
    "+2.0": 9834113
  },
  "hands": {
    "total": 172913122,
    "won": 46136978,
    "lost": 111613230,
    "push": 15162914,
    "busted": 57654094,
    "blackjack": 0,
    "doubled": 0,
    "split": 145826244,
    "insured": 0,
    "surrender": 0
  }
}
