{
  "rounds": 100000000,
  "rules": {
    "game_type": "enhc",
    "soft17": "s17",
    "das": false,
    "double_down": "any_two",
    "surrender": "no_surrender",
    "play_ace_pairs": false,
    "max_splits": 4,
    "decks": 6,
    "penetration_cards": 46
  },
  "ev": -0.6020916599999969,
  "stddev": 1.4151664258967602,
  "winning_distrib": {
    "-2.0": 40817469,
    "-1.0": 11583559,
    "+0.0": 28918776,
    "+1.0": 4351061,
    "+2.0": 14329135
  },
  "hands": {
    "total": 200000000,
    "won": 60758488,
    "lost": 120967654,
    "push": 18273858,
    "busted": 72049253,
    "blackjack": 0,
    "doubled": 0,
    "split": 200000000,
    "insured": 0,
    "surrender": 0
  }
}
