{
  "rounds": 100000000,
  "rules": {
    "game_type": "ahc",
    "soft17": "s17",
    "das": true,
    "bj_pays": 1.5,
    "double_down": "any_two",
    "surrender": "early_surrender",
    "play_ace_pairs": false,
    "max_splits": 4,
    "decks": 6,
    "penetration_cards": 250
  },
  "ev": -0.186059430000005,
  "stddev": 1.313503275885138,
  "winning_distrib": {
    "-2.0": 11438119,
    "-1.0": 42477900,
    "+0.0": 19841948,
    "+1.0": 5735871,
    "+2.0": 20506162
  },
  "hands": {
    "total": 165952768,
    "won": 64335333,
    "lost": 82941276,
    "push": 18676159,
    "busted": 25233094,
    "blackjack": 0,
    "doubled": 0,
    "split": 131905536,
    "insured": 0,
    "surrender": 0
  }
}
