{
  "rounds": 100000000,
  "rules": {
    "game_type": "enhc",
    "soft17": "h17",
    "das": false,
    "double_down": "any_two",
    "surrender": "no_surrender",
    "play_ace_pairs": false,
    "max_splits": 4,
    "decks": 6,
    "penetration_cards": 46
  },
  "ev": -0.05987054000000028,
  "stddev": 0.9085263048994834,
  "winning_distrib": {
    "-1.0": 44443753,
    "+0.0": 17099548,
    "+1.0": 38456699
  },
  "hands": {
    "total": 100000000,
    "won": 38456699,
    "lost": 44443753,
    "push": 17099548,
    "busted": 24476755,
    "blackjack": 0,
    "doubled": 0,
    "split": 0,
    "insured": 0,
    "surrender": 0
  }
}
