{
  "rounds": 100000000,
  "rules": {
    "game_type": "ahc",
    "soft17": "s17",
    "das": true,
    "bj_pays": 1.5,
    "double_down": "any_two",
    "surrender": "early_surrender",
    "play_ace_pairs": false,
    "max_splits": 4,
    "decks": 6,
    "penetration_cards": 250
  },
  "ev": -0.47908766000000497,
  "stddev": 1.8815254793483462,
  "winning_distrib": {
    "-2.0": 59097980,
    "+0.0": 5758423,
    "+2.0": 35143597
  },
  "hands": {
    "total": 100000000,
    "won": 35143597,
    "lost": 59097980,
    "push": 5758423,
    "busted": 0,
    "blackjack": 0,
    "doubled": 100000000,
    "split": 0,
    "insured": 0,
    "surrender": 0
  }
}
