{
  "rounds": 100000000,
  "rules": {
    "game_type": "ahc",
    "soft17": "s17",
    "das": true,
    "bj_pays": 1.5,
    "double_down": "any_two",
    "surrender": "early_surrender",
    "play_ace_pairs": false,
    "max_splits": 4,
    "decks": 6,
    "penetration_cards": 250
  },
  "ev": -0.6903038999999902,
  "stddev": 1.818422403819164,
  "winning_distrib": {
    "-2.0": 64547341,
    "+0.0": 5420513,
    "+2.0": 30032146
  },
  "hands": {
    "total": 100000000,
    "won": 30032146,
    "lost": 64547341,
    "push": 5420513,
    "busted": 44399942,
    "blackjack": 0,
    "doubled": 100000000,
    "split": 0,
    "insured": 0,
    "surrender": 0
  }
}
