{
  "rounds": 100000000,
  "rules": {
    "game_type": "ahc",
    "soft17": "h17",
    "das": false,
    "double_down": "any_two",
    "surrender": "no_surrender",
    "play_ace_pairs": false,
    "max_splits": 4,
    "decks": 6,
    "penetration_cards": 46
  },
  "ev": 0.2910632000000037,
  "stddev": 0.9033725708513428,
  "winning_distrib": {
    "-1.0": 30486829,
    "+0.0": 9920022,
    "+1.0": 59593149
  },
  "hands": {
    "total": 100000000,
    "won": 59593149,
    "lost": 30486829,
    "push": 9920022,
    "busted": 21366076,
    "blackjack": 0,
    "doubled": 0,
    "split": 0,
    "insured": 0,
    "surrender": 0
  }
}
