{
  "rounds": 100000000,
  "rules": {
    "game_type": "ahc",
    "soft17": "s17",
    "das": true,
    "bj_pays": 1.5,
    "double_down": "any_two",
    "surrender": "early_surrender",
    "play_ace_pairs": false,
    "max_splits": 4,
    "decks": 6,
    "penetration_cards": 250
  },
  "ev": 0.26154304000000034,
  "stddev": 1.881760960812422,
  "winning_distrib": {
    "-2.0": 38579287,
    "+0.0": 9764274,
    "+2.0": 51656439
  },
  "hands": {
    "total": 100000000,
    "won": 51656439,
    "lost": 38579287,
    "push": 9764274,
    "busted": 0,
    "blackjack": 0,
    "doubled": 100000000,
    "split": 0,
    "insured": 0,
    "surrender": 0
  }
}
