{
  "rounds": 100000000,
  "rules": {
    "game_type": "ahc",
    "soft17": "s17",
    "das": true,
    "bj_pays": 1.5,
    "double_down": "any_two",
    "surrender": "early_surrender",
    "play_ace_pairs": false,
    "max_splits": 4,
    "decks": 6,
    "penetration_cards": 250
  },
  "ev": -0.4512140599999882,
  "stddev": 1.8861124323943026,
  "winning_distrib": {
    "-2.0": 58293029,
    "+0.0": 5974645,
    "+2.0": 35732326
  },
  "hands": {
    "total": 100000000,
    "won": 35732326,
    "lost": 58293029,
    "push": 5974645,
    "busted": 0,
    "blackjack": 0,
    "doubled": 100000000,
    "split": 0,
    "insured": 0,
    "surrender": 0
  }
}
