{
  "rounds": 100000000,
  "rules": {
    "game_type": "ahc",
    "soft17": "s17",
    "das": true,
    "bj_pays": 1.5,
    "double_down": "any_two",
    "surrender": "early_surrender",
    "play_ace_pairs": false,
    "max_splits": 4,
    "decks": 6,
    "penetration_cards": 250
  },
  "ev": -0.6294570699999998,
  "stddev": 0.7585598149000129,
  "winning_distrib": {
    "-1.0": 80054313,
    "+0.0": 2837081,
    "+1.0": 17108606
  },
  "hands": {
    "total": 100000000,
    "won": 17108606,
    "lost": 80054313,
    "push": 2837081,
    "busted": 77255293,
    "blackjack": 0,
    "doubled": 0,
    "split": 0,
    "insured": 0,
    "surrender": 0
  }
}
