{
  "rounds": 100000000,
  "rules": {
    "game_type": "ahc",
    "soft17": "s17",
    "das": true,
    "bj_pays": 1.5,
    "double_down": "any_two",
    "surrender": "early_surrender",
    "play_ace_pairs": false,
    "max_splits": 4,
    "decks": 6,
    "penetration_cards": 250
  },
  "ev": -0.024956600000000103,
  "stddev": 2.3615147350554437,
  "winning_distrib": {
    "-8.0": 1100,
    "-7.0": 16671,
    "-6.0": 130854,
    "-5.0": 633630,
    "-4.0": 3069513,
    "-3.0": 12111881,
    "-2.0": 20971578,
    "-1.0": 8490561,
    "+0.0": 12824647,
    "+1.0": 7976849,
    "+2.0": 15426978,
    "+3.0": 13052898,
    "+4.0": 4140319,
    "+5.0": 879479,
    "+6.0": 232407,
    "+7.0": 37169,
    "+8.0": 3466
  },
  "hands": {
    "total": 217805310,
    "won": 96822356,
    "lost": 108241980,
    "push": 12740974,
    "busted": 23798306,
    "blackjack": 0,
    "doubled": 55458764,
    "split": 217805310,
    "insured": 0,
    "surrender": 0
  }
}
