{
  "rounds": 100000000,
  "rules": {
    "game_type": "ahc",
    "soft17": "s17",
    "das": true,
    "bj_pays": 1.5,
    "double_down": "any_two",
    "surrender": "early_surrender",
    "play_ace_pairs": false,
    "max_splits": 4,
    "decks": 6,
    "penetration_cards": 250
  },
  "ev": -0.42292409999999286,
  "stddev": 0.8831465526392978,
  "winning_distrib": {
    "-1.0": 69086836,
    "+0.0": 4118738,
    "+1.0": 26794426
  },
  "hands": {
    "total": 100000000,
    "won": 26794426,
    "lost": 69086836,
    "push": 4118738,
    "busted": 52177268,
    "blackjack": 0,
    "doubled": 0,
    "split": 0,
    "insured": 0,
    "surrender": 0
  }
}
