{
  "rounds": 100000000,
  "rules": {
    "game_type": "ahc",
    "soft17": "s17",
    "das": true,
    "bj_pays": 1.5,
    "double_down": "any_two",
    "surrender": "early_surrender",
    "play_ace_pairs": false,
    "max_splits": 4,
    "decks": 6,
    "penetration_cards": 250
  },
  "ev": -0.7450092600000171,
  "stddev": 0.6527392640058813,
  "winning_distrib": {
    "-1.0": 86305830,
    "+0.0": 1889266,
    "+1.0": 11804904
  },
  "hands": {
    "total": 100000000,
    "won": 11804904,
    "lost": 86305830,
    "push": 1889266,
    "busted": 85215500,
    "blackjack": 0,
    "doubled": 0,
    "split": 0,
    "insured": 0,
    "surrender": 0
  }
}
