{
  "rounds": 100000000,
  "rules": {
    "game_type": "ahc",
    "soft17": "s17",
    "das": true,
    "bj_pays": 1.5,
    "double_down": "any_two",
    "surrender": "early_surrender",
    "play_ace_pairs": false,
    "max_splits": 4,
    "decks": 6,
    "penetration_cards": 250
  },
  "ev": 0.11646579999999827,
  "stddev": 0.9676747422529401,
  "winning_distrib": {
    "-1.0": 41674644,
    "+0.0": 5004132,
    "+1.0": 53321224
  },
  "hands": {
    "total": 100000000,
    "won": 53321224,
    "lost": 41674644,
    "push": 5004132,
    "busted": 0,
    "blackjack": 0,
    "doubled": 0,
    "split": 0,
    "insured": 0,
    "surrender": 0
  }
}
