{
  "rounds": 100000000,
  "rules": {
    "game_type": "ahc",
    "soft17": "s17",
    "das": true,
    "bj_pays": 1.5,
    "double_down": "any_two",
    "surrender": "early_surrender",
    "play_ace_pairs": false,
    "max_splits": 4,
    "decks": 6,
    "penetration_cards": 250
  },
  "ev": 0.15946730000000262,
  "stddev": 0.9231959427735951,
  "winning_distrib": {
    "-1.0": 35912663,
    "+0.0": 12227944,
    "+1.0": 51859393
  },
  "hands": {
    "total": 100000000,
    "won": 51859393,
    "lost": 35912663,
    "push": 12227944,
    "busted": 0,
    "blackjack": 0,
    "doubled": 0,
    "split": 0,
    "insured": 0,
    "surrender": 0
  }
}
