{
  "rounds": 100000000,
  "rules": {
    "game_type": "enhc",
    "soft17": "h17",
    "das": true,
    "double_down": "any_two",
    "surrender": "no_surrender",
    "play_ace_pairs": false,
    "max_splits": 4,
    "decks": 6,
    "penetration_cards": 46
  },
  "ev": 0.18190843000000056,
  "stddev": 0.9405701579051133,
  "winning_distrib": {
    "-1.0": 36792723,
    "+0.0": 8223711,
    "+1.0": 54983566
  },
  "hands": {
    "total": 100000000,
    "won": 54983566,
    "lost": 36792723,
    "push": 8223711,
    "busted": 2356275,
    "blackjack": 0,
    "doubled": 0,
    "split": 0,
    "insured": 0,
    "surrender": 0
  }
}
