{
  "rounds": 100000000,
  "rules": {
    "game_type": "ahc",
    "soft17": "s17",
    "das": true,
    "bj_pays": 1.5,
    "double_down": "any_two",
    "surrender": "early_surrender",
    "play_ace_pairs": false,
    "max_splits": 4,
    "decks": 6,
    "penetration_cards": 250
  },
  "ev": -0.3824329999999903,
  "stddev": 0.9009614135068686,
  "winning_distrib": {
    "-1.0": 67020973,
    "+0.0": 4201354,
    "+1.0": 28777673
  },
  "hands": {
    "total": 100000000,
    "won": 28777673,
    "lost": 67020973,
    "push": 4201354,
    "busted": 49996716,
    "blackjack": 0,
    "doubled": 0,
    "split": 0,
    "insured": 0,
    "surrender": 0
  }
}
