{
  "rounds": 100000000,
  "rules": {
    "game_type": "ahc",
    "soft17": "s17",
    "das": true,
    "bj_pays": 1.5,
    "double_down": "any_two",
    "surrender": "early_surrender",
    "play_ace_pairs": false,
    "max_splits": 4,
    "decks": 6,
    "penetration_cards": 250
  },
  "ev": 0.4134123400000034,
  "stddev": 0.8719625019110085,
  "winning_distrib": {
    "-1.0": 25890801,
    "+0.0": 6877164,
    "+1.0": 67232035
  },
  "hands": {
    "total": 100000000,
    "won": 67232035,
    "lost": 25890801,
    "push": 6877164,
    "busted": 0,
    "blackjack": 0,
    "doubled": 0,
    "split": 0,
    "insured": 0,
    "surrender": 0
  }
}
