{
  "rounds": 100000000,
  "rules": {
    "game_type": "ahc",
    "soft17": "s17",
    "das": true,
    "bj_pays": 1.5,
    "double_down": "any_two",
    "surrender": "early_surrender",
    "play_ace_pairs": false,
    "max_splits": 4,
    "decks": 6,
    "penetration_cards": 250
  },
  "ev": -0.38256268000000565,
  "stddev": 0.9009008846634791,
  "winning_distrib": {
    "-1.0": 67026964,
    "+0.0": 4202340,
    "+1.0": 28770696
  },
  "hands": {
    "total": 100000000,
    "won": 28770696,
    "lost": 67026964,
    "push": 4202340,
    "busted": 50003436,
    "blackjack": 0,
    "doubled": 0,
    "split": 0,
    "insured": 0,
    "surrender": 0
  }
}
