{
  "rounds": 100000000,
  "rules": {
    "game_type": "ahc",
    "soft17": "h17",
    "das": false,
    "double_down": "any_two",
    "surrender": "no_surrender",
    "play_ace_pairs": false,
    "max_splits": 4,
    "decks": 6,
    "penetration_cards": 46
  },
  "ev": -0.6821229499999949,
  "stddev": 0.7016147774996851,
  "winning_distrib": {
    "-1.0": 81983898,
    "+0.0": 4244499,
    "+1.0": 13771603
  },
  "hands": {
    "total": 100000000,
    "won": 13771603,
    "lost": 81983898,
    "push": 4244499,
    "busted": 42498605,
    "blackjack": 0,
    "doubled": 0,
    "split": 0,
    "insured": 0,
    "surrender": 0
  }
}
