{
  "rounds": 100000000,
  "rules": {
    "game_type": "ahc",
    "soft17": "s17",
    "das": true,
    "bj_pays": 1.5,
    "double_down": "any_two",
    "surrender": "early_surrender",
    "play_ace_pairs": false,
    "max_splits": 4,
    "decks": 6,
    "penetration_cards": 250
  },
  "ev": 0.40189770000000186,
  "stddev": 0.8469784211586745,
  "winning_distrib": {
    "-1.0": 23849825,
    "+0.0": 12110580,
    "+1.0": 64039595
  },
  "hands": {
    "total": 100000000,
    "won": 64039595,
    "lost": 23849825,
    "push": 12110580,
    "busted": 0,
    "blackjack": 0,
    "doubled": 0,
    "split": 0,
    "insured": 0,
    "surrender": 0
  }
}
