{
  "rounds": 100000000,
  "rules": {
    "game_type": "enhc",
    "soft17": "h17",
    "das": true,
    "double_down": "any_two",
    "surrender": "no_surrender",
    "play_ace_pairs": false,
    "max_splits": 4,
    "decks": 6,
    "penetration_cards": 46
  },
  "ev": -0.21906381000000644,
  "stddev": 0.9179304034480261,
  "winning_distrib": {
    "-1.0": 55482449,
    "+0.0": 10941483,
    "+1.0": 33576068
  },
  "hands": {
    "total": 100000000,
    "won": 33576068,
    "lost": 55482449,
    "push": 10941483,
    "busted": 22861230,
    "blackjack": 0,
    "doubled": 0,
    "split": 0,
    "insured": 0,
    "surrender": 0
  }
}
