{
  "rounds": 100000000,
  "rules": {
    "game_type": "ahc",
    "soft17": "s17",
    "das": true,
    "bj_pays": 1.5,
    "double_down": "any_two",
    "surrender": "early_surrender",
    "play_ace_pairs": false,
    "max_splits": 4,
    "decks": 6,
    "penetration_cards": 250
  },
  "ev": -0.5134721500000121,
  "stddev": 0.8359534605243045,
  "winning_distrib": {
    "-1.0": 73797199,
    "+0.0": 3752817,
    "+1.0": 22449984
  },
  "hands": {
    "total": 100000000,
    "won": 22449984,
    "lost": 73797199,
    "push": 3752817,
    "busted": 68752031,
    "blackjack": 0,
    "doubled": 0,
    "split": 0,
    "insured": 0,
    "surrender": 0
  }
}
