{
  "rounds": 100000000,
  "rules": {
    "game_type": "enhc",
    "soft17": "h17",
    "das": false,
    "double_down": "any_two",
    "surrender": "no_surrender",
    "play_ace_pairs": false,
    "max_splits": 4,
    "decks": 6,
    "penetration_cards": 46
  },
  "ev": 0.29018006000000746,
  "stddev": 1.9021384831183281,
  "winning_distrib": {
    "-2.0": 39024689,
    "+0.0": 7441619,
    "+2.0": 53533692
  },
  "hands": {
    "total": 100000000,
    "won": 53533692,
    "lost": 39024689,
    "push": 7441619,
    "busted": 0,
    "blackjack": 0,
    "doubled": 100000000,
    "split": 0,
    "insured": 0,
    "surrender": 0
  }
}
