{
  "rounds": 100000000,
  "rules": {
    "game_type": "enhc",
    "soft17": "h17",
    "das": true,
    "bj_pays": 1.5,
    "double_down": "any_two",
    "surrender": "no_surrender",
    "play_ace_pairs": false,
    "max_splits": 4,
    "decks": 6,
    "penetration_cards": 250
  },
  "ev": -0.6904745300000005,
  "stddev": 1.3818635723242396,
  "winning_distrib": {
    "-2.0": 43357068,
    "-1.0": 11228746,
    "+0.0": 29057633,
    "+1.0": 3817677,
    "+2.0": 12538876
  },
  "hands": {
    "total": 200000000,
    "won": 56932354,
    "lost": 125979807,
    "push": 17087839,
    "busted": 80280116,
    "blackjack": 0,
    "doubled": 0,
    "split": 200000000,
    "insured": 0,
    "surrender": 0
  }
}
