{
  "rounds": 100000000,
  "rules": {
    "game_type": "ahc",
    "soft17": "s17",
    "das": true,
    "bj_pays": 1.5,
    "double_down": "any_two",
    "surrender": "early_surrender",
    "play_ace_pairs": false,
    "max_splits": 4,
    "decks": 6,
    "penetration_cards": 250
  },
  "ev": -0.3407187499999961,
  "stddev": 0.9162384906744371,
  "winning_distrib": {
    "-1.0": 64815049,
    "+0.0": 4441777,
    "+1.0": 30743174
  },
  "hands": {
    "total": 100000000,
    "won": 30743174,
    "lost": 64815049,
    "push": 4441777,
    "busted": 47063404,
    "blackjack": 0,
    "doubled": 0,
    "split": 0,
    "insured": 0,
    "surrender": 0
  }
}
