{
  "rounds": 100000000,
  "rules": {
    "game_type": "ahc",
    "soft17": "s17",
    "das": false,
    "double_down": "any_two",
    "surrender": "no_surrender",
    "play_ace_pairs": false,
    "max_splits": 4,
    "decks": 6,
    "penetration_cards": 46
  },
  "ev": -0.3890868400000132,
  "stddev": 0.8802510657120778,
  "winning_distrib": {
    "-1.0": 65765867,
    "+0.0": 7376950,
    "+1.0": 26857183
  },
  "hands": {
    "total": 100000000,
    "won": 26857183,
    "lost": 65765867,
    "push": 7376950,
    "busted": 52058670,
    "blackjack": 0,
    "doubled": 0,
    "split": 0,
    "insured": 0,
    "surrender": 0
  }
}
