{
  "rounds": 100000000,
  "rules": {
    "game_type": "ahc",
    "soft17": "s17",
    "das": true,
    "bj_pays": 1.5,
    "double_down": "any_two",
    "surrender": "early_surrender",
    "play_ace_pairs": false,
    "max_splits": 4,
    "decks": 6,
    "penetration_cards": 250
  },
  "ev": -0.3473168399999957,
  "stddev": 0.9146465333767906,
  "winning_distrib": {
    "-1.0": 65226205,
    "+0.0": 4279274,
    "+1.0": 30494521
  },
  "hands": {
    "total": 100000000,
    "won": 30494521,
    "lost": 65226205,
    "push": 4279274,
    "busted": 48001555,
    "blackjack": 0,
    "doubled": 0,
    "split": 0,
    "insured": 0,
    "surrender": 0
  }
}
