{
  "rounds": 100000000,
  "rules": {
    "game_type": "enhc",
    "soft17": "h17",
    "das": false,
    "double_down": "any_two",
    "surrender": "no_surrender",
    "play_ace_pairs": false,
    "max_splits": 4,
    "decks": 6,
    "penetration_cards": 46
  },
  "ev": 0.05355154000000102,
  "stddev": 0.9426581996936411,
  "winning_distrib": {
    "-1.0": 41896035,
    "+0.0": 10852776,
    "+1.0": 47251189
  },
  "hands": {
    "total": 100000000,
    "won": 47251189,
    "lost": 41896035,
    "push": 10852776,
    "busted": 29335217,
    "blackjack": 0,
    "doubled": 0,
    "split": 0,
    "insured": 0,
    "surrender": 0
  }
}
