{
  "rounds": 100000000,
  "rules": {
    "game_type": "enhc",
    "soft17": "s17",
    "das": false,
    "double_down": "any_two",
    "surrender": "no_surrender",
    "play_ace_pairs": false,
    "max_splits": 4,
    "decks": 6,
    "penetration_cards": 46
  },
  "ev": 0.11337644999999937,
  "stddev": 0.9694616959859479,
  "winning_distrib": {
    "-1.0": 41966687,
    "+0.0": 4728981,
    "+1.0": 53304332
  },
  "hands": {
    "total": 100000000,
    "won": 53304332,
    "lost": 41966687,
    "push": 4728981,
    "busted": 0,
    "blackjack": 0,
    "doubled": 0,
    "split": 0,
    "insured": 0,
    "surrender": 0
  }
}
