{
  "rounds": 100000000,
  "rules": {
    "game_type": "ahc",
    "soft17": "h17",
    "das": false,
    "double_down": "any_two",
    "surrender": "no_surrender",
    "play_ace_pairs": false,
    "max_splits": 4,
    "decks": 6,
    "penetration_cards": 46
  },
  "ev": 0.5697248599999968,
  "stddev": 1.8439965015968085,
  "winning_distrib": {
    "-2.0": 32318247,
    "+0.0": 6877263,
    "+2.0": 60804490
  },
  "hands": {
    "total": 100000000,
    "won": 60804490,
    "lost": 32318247,
    "push": 6877263,
    "busted": 0,
    "blackjack": 0,
    "doubled": 100000000,
    "split": 0,
    "insured": 0,
    "surrender": 0
  }
}
