{
  "rounds": 100000000,
  "rules": {
    "game_type": "ahc",
    "soft17": "h17",
    "das": true,
    "double_down": "any_two",
    "surrender": "no_surrender",
    "play_ace_pairs": false,
    "max_splits": 4,
    "decks": 6,
    "penetration_cards": 46
  },
  "ev": -0.8882045800000083,
  "stddev": 1.7243771669219485,
  "winning_distrib": {
    "-2.0": 69234914,
    "+0.0": 5940401,
    "+2.0": 24824685
  },
  "hands": {
    "total": 100000000,
    "won": 24824685,
    "lost": 69234914,
    "push": 5940401,
    "busted": 46313153,
    "blackjack": 0,
    "doubled": 100000000,
    "split": 0,
    "insured": 0,
    "surrender": 0
  }
}
