{
  "rounds": 100000000,
  "rules": {
    "game_type": "ahc",
    "soft17": "h17",
    "das": true,
    "double_down": "any_two",
    "surrender": "no_surrender",
    "play_ace_pairs": false,
    "max_splits": 4,
    "decks": 6,
    "penetration_cards": 46
  },
  "ev": 0.399865830000003,
  "stddev": 0.8379306146810067,
  "winning_distrib": {
    "-1.0": 23107728,
    "+0.0": 13797961,
    "+1.0": 63094311
  },
  "hands": {
    "total": 100000000,
    "won": 63094311,
    "lost": 23107728,
    "push": 13797961,
    "busted": 0,
    "blackjack": 0,
    "doubled": 0,
    "split": 0,
    "insured": 0,
    "surrender": 0
  }
}
