{
  "rounds": 100000000,
  "rules": {
    "game_type": "ahc",
    "soft17": "s17",
    "das": true,
    "bj_pays": 1.5,
    "double_down": "any_two",
    "surrender": "early_surrender",
    "play_ace_pairs": false,
    "max_splits": 4,
    "decks": 6,
    "penetration_cards": 250
  },
  "ev": 0.3586895999999997,
  "stddev": 2.29602530116047,
  "winning_distrib": {
    "-8.0": 60,
    "-7.0": 2453,
    "-6.0": 39121,
    "-5.0": 328837,
    "-4.0": 1775834,
    "-3.0": 8064588,
    "-2.0": 23629607,
    "-1.0": 7441593,
    "+0.0": 6292976,
    "+1.0": 4728167,
    "+2.0": 29605081,
    "+3.0": 13627196,
    "+4.0": 3533739,
    "+5.0": 788609,
    "+6.0": 129938,
    "+7.0": 11725,
    "+8.0": 476
  },
  "hands": {
    "total": 219038474,
    "won": 114184468,
    "lost": 88729461,
    "push": 16124545,
    "busted": 0,
    "blackjack": 0,
    "doubled": 31768021,
    "split": 219038474,
    "insured": 0,
    "surrender": 0
  }
}
