{
  "rounds": 100000000,
  "rules": {
    "game_type": "ahc",
    "soft17": "s17",
    "das": true,
    "bj_pays": 1.5,
    "double_down": "any_two",
    "surrender": "early_surrender",
    "play_ace_pairs": false,
    "max_splits": 4,
    "decks": 6,
    "penetration_cards": 250
  },
  "ev": -0.14224874999999715,
  "stddev": 0.9408082439980131,
  "winning_distrib": {
    "-1.0": 52380180,
    "+0.0": 9464515,
    "+1.0": 38155305
  },
  "hands": {
    "total": 100000000,
    "won": 38155305,
    "lost": 52380180,
    "push": 9464515,
    "busted": 38466377,
    "blackjack": 0,
    "doubled": 0,
    "split": 0,
    "insured": 0,
    "surrender": 0
  }
}
