{
  "rounds": 100000000,
  "rules": {
    "game_type": "ahc",
    "soft17": "s17",
    "das": true,
    "bj_pays": 1.5,
    "double_down": "any_two",
    "surrender": "early_surrender",
    "play_ace_pairs": false,
    "max_splits": 4,
    "decks": 6,
    "penetration_cards": 250
  },
  "ev": -0.44259995999999574,
  "stddev": 0.8633436875669086,
  "winning_distrib": {
    "-1.0": 69192850,
    "+0.0": 5874296,
    "+1.0": 24932854
  },
  "hands": {
    "total": 100000000,
    "won": 24932854,
    "lost": 69192850,
    "push": 5874296,
    "busted": 60997416,
    "blackjack": 0,
    "doubled": 0,
    "split": 0,
    "insured": 0,
    "surrender": 0
  }
}
