{
  "rounds": 100000000,
  "rules": {
    "game_type": "ahc",
    "soft17": "s17",
    "das": true,
    "bj_pays": 1.5,
    "double_down": "any_two",
    "surrender": "early_surrender",
    "play_ace_pairs": false,
    "max_splits": 4,
    "decks": 6,
    "penetration_cards": 250
  },
  "ev": -0.24772185999999632,
  "stddev": 0.9145799300458705,
  "winning_distrib": {
    "-1.0": 57277221,
    "+0.0": 10217744,
    "+1.0": 32505035
  },
  "hands": {
    "total": 100000000,
    "won": 32505035,
    "lost": 57277221,
    "push": 10217744,
    "busted": 15888845,
    "blackjack": 0,
    "doubled": 0,
    "split": 0,
    "insured": 0,
    "surrender": 0
  }
}
