{
  "rounds": 100000000,
  "rules": {
    "game_type": "ahc",
    "soft17": "s17",
    "das": true,
    "bj_pays": 1.5,
    "double_down": "any_two",
    "surrender": "early_surrender",
    "play_ace_pairs": false,
    "max_splits": 4,
    "decks": 6,
    "penetration_cards": 250
  },
  "ev": 0.1659359300000029,
  "stddev": 0.9518909739019391,
  "winning_distrib": {
    "-1.0": 38384761,
    "+0.0": 6636885,
    "+1.0": 54978354
  },
  "hands": {
    "total": 100000000,
    "won": 54978354,
    "lost": 38384761,
    "push": 6636885,
    "busted": 0,
    "blackjack": 0,
    "doubled": 0,
    "split": 0,
    "insured": 0,
    "surrender": 0
  }
}
