{
  "rounds": 100000000,
  "rules": {
    "game_type": "ahc",
    "soft17": "s17",
    "das": true,
    "bj_pays": 1.5,
    "double_down": "any_two",
    "surrender": "early_surrender",
    "play_ace_pairs": false,
    "max_splits": 4,
    "decks": 6,
    "penetration_cards": 250
  },
  "ev": 0.13403453999999912,
  "stddev": 0.9472017055827673,
  "winning_distrib": {
    "-1.0": 39056089,
    "+0.0": 8484368,
    "+1.0": 52459543
  },
  "hands": {
    "total": 100000000,
    "won": 52459543,
    "lost": 39056089,
    "push": 8484368,
    "busted": 2312243,
    "blackjack": 0,
    "doubled": 0,
    "split": 0,
    "insured": 0,
    "surrender": 0
  }
}
