{
  "rounds": 100000000,
  "rules": {
    "game_type": "ahc",
    "soft17": "h17",
    "das": false,
    "double_down": "any_two",
    "surrender": "no_surrender",
    "play_ace_pairs": false,
    "max_splits": 4,
    "decks": 6,
    "penetration_cards": 46
  },
  "ev": 0.248039299999997,
  "stddev": 1.912692286343899,
  "winning_distrib": {
    "-2.0": 40297958,
    "+0.0": 7002119,
    "+2.0": 52699923
  },
  "hands": {
    "total": 100000000,
    "won": 52699923,
    "lost": 40297958,
    "push": 7002119,
    "busted": 0,
    "blackjack": 0,
    "doubled": 100000000,
    "split": 0,
    "insured": 0,
    "surrender": 0
  }
}
