{
  "rounds": 100000000,
  "rules": {
    "game_type": "enhc",
    "soft17": "h17",
    "das": true,
    "double_down": "any_two",
    "surrender": "no_surrender",
    "play_ace_pairs": false,
    "max_splits": 4,
    "decks": 6,
    "penetration_cards": 46
  },
  "ev": 0.38654683999999745,
  "stddev": 2.079974077662721,
  "winning_distrib": {
    "-8.0": 4,
    "-7.0": 347,
    "-6.0": 8727,
    "-5.0": 123433,
    "-4.0": 954462,
    "-3.0": 5493146,
    "-2.0": 23130884,
    "-1.0": 8216874,
    "+0.0": 10999475,
    "+1.0": 3871758,
    "+2.0": 34340167,
    "+3.0": 10324768,
    "+4.0": 2142597,
    "+5.0": 356083,
    "+6.0": 35553,
    "+7.0": 1693,
    "+8.0": 29
  },
  "hands": {
    "total": 216712262,
    "won": 117872595,
    "lost": 84750454,
    "push": 14089213,
    "busted": 0,
    "blackjack": 0,
    "doubled": 18017038,
    "split": 216712262,
    "insured": 0,
    "surrender": 0
  }
}
