{
  "rounds": 100000000,
  "rules": {
    "game_type": "ahc",
    "soft17": "s17",
    "das": true,
    "double_down": "any_two",
    "surrender": "no_surrender",
    "play_ace_pairs": false,
    "max_splits": 4,
    "decks": 6,
    "penetration_cards": 46
  },
  "ev": -0.1698834299999986,
  "stddev": 0.9628561364411423,
  "winning_distrib": {
    "-1.0": 56291787,
    "+0.0": 4404769,
    "+1.0": 39303444
  },
  "hands": {
    "total": 100000000,
    "won": 39303444,
    "lost": 56291787,
    "push": 4404769,
    "busted": 30878383,
    "blackjack": 0,
    "doubled": 0,
    "split": 0,
    "insured": 0,
    "surrender": 0
  }
}
