{
  "rounds": 100000000,
  "rules": {
    "game_type": "enhc",
    "soft17": "h17",
    "das": true,
    "double_down": "any_two",
    "surrender": "no_surrender",
    "play_ace_pairs": false,
    "max_splits": 4,
    "decks": 6,
    "penetration_cards": 46
  },
  "ev": 0.18798487999999886,
  "stddev": 1.917250145820808,
  "winning_distrib": {
    "-2.0": 41690208,
    "+0.0": 7220340,
    "+2.0": 51089452
  },
  "hands": {
    "total": 100000000,
    "won": 51089452,
    "lost": 41690208,
    "push": 7220340,
    "busted": 0,
    "blackjack": 0,
    "doubled": 100000000,
    "split": 0,
    "insured": 0,
    "surrender": 0
  }
}
