{
  "rounds": 100000000,
  "rules": {
    "game_type": "ahc",
    "soft17": "s17",
    "das": true,
    "bj_pays": 1.5,
    "double_down": "any_two",
    "surrender": "early_surrender",
    "play_ace_pairs": false,
    "max_splits": 4,
    "decks": 6,
    "penetration_cards": 250
  },
  "ev": -0.2992419999999887,
  "stddev": 1.886059029035995,
  "winning_distrib": {
    "-2.0": 53065605,
    "+0.0": 8830890,
    "+2.0": 38103505
  },
  "hands": {
    "total": 100000000,
    "won": 38103505,
    "lost": 53065605,
    "push": 8830890,
    "busted": 0,
    "blackjack": 0,
    "doubled": 100000000,
    "split": 0,
    "insured": 0,
    "surrender": 0
  }
}
