{
  "rounds": 100000000,
  "rules": {
    "game_type": "ahc",
    "soft17": "h17",
    "das": true,
    "double_down": "any_two",
    "surrender": "no_surrender",
    "play_ace_pairs": false,
    "max_splits": 4,
    "decks": 6,
    "penetration_cards": 46
  },
  "ev": -0.20905088000000283,
  "stddev": 0.9225242533840329,
  "winning_distrib": {
    "-1.0": 55190207,
    "+0.0": 10524674,
    "+1.0": 34285119
  },
  "hands": {
    "total": 100000000,
    "won": 34285119,
    "lost": 55190207,
    "push": 10524674,
    "busted": 19602489,
    "blackjack": 0,
    "doubled": 0,
    "split": 0,
    "insured": 0,
    "surrender": 0
  }
}
