{
  "rounds": 100000000,
  "rules": {
    "game_type": "ahc",
    "soft17": "h17",
    "das": true,
    "double_down": "any_two",
    "surrender": "no_surrender",
    "play_ace_pairs": false,
    "max_splits": 4,
    "decks": 6,
    "penetration_cards": 46
  },
  "ev": -0.3341699399999945,
  "stddev": 1.6306116575657454,
  "winning_distrib": {
    "-2.0": 31414422,
    "-1.0": 30858334,
    "+0.0": 7592152,
    "+2.0": 30135092
  },
  "hands": {
    "total": 100000000,
    "won": 30135092,
    "lost": 62272756,
    "push": 7592152,
    "busted": 0,
    "blackjack": 0,
    "doubled": 69141666,
    "split": 0,
    "insured": 0,
    "surrender": 0
  }
}
