{
  "rounds": 100000000,
  "rules": {
    "game_type": "ahc",
    "soft17": "h17",
    "das": true,
    "double_down": "any_two",
    "surrender": "no_surrender",
    "play_ace_pairs": false,
    "max_splits": 4,
    "decks": 6,
    "penetration_cards": 46
  },
  "ev": 0.22241680000000294,
  "stddev": 0.9142363345634761,
  "winning_distrib": {
    "-1.0": 33144025,
    "+0.0": 11470270,
    "+1.0": 55385705
  },
  "hands": {
    "total": 100000000,
    "won": 55385705,
    "lost": 33144025,
    "push": 11470270,
    "busted": 0,
    "blackjack": 0,
    "doubled": 0,
    "split": 0,
    "insured": 0,
    "surrender": 0
  }
}
