{
  "rounds": 100000000,
  "rules": {
    "game_type": "ahc",
    "soft17": "s17",
    "das": true,
    "double_down": "any_two",
    "surrender": "no_surrender",
    "play_ace_pairs": false,
    "max_splits": 4,
    "decks": 6,
    "penetration_cards": 46
  },
  "ev": -0.37493021000000176,
  "stddev": 0.8532070058953984,
  "winning_distrib": {
    "-1.0": 62173253,
    "+0.0": 13146515,
    "+1.0": 24680232
  },
  "hands": {
    "total": 100000000,
    "won": 24680232,
    "lost": 62173253,
    "push": 13146515,
    "busted": 0,
    "blackjack": 0,
    "doubled": 0,
    "split": 0,
    "insured": 0,
    "surrender": 0
  }
}
