{
  "rounds": 100000000,
  "rules": {
    "game_type": "enhc",
    "soft17": "h17",
    "das": true,
    "double_down": "any_two",
    "surrender": "no_surrender",
    "play_ace_pairs": false,
    "max_splits": 4,
    "decks": 6,
    "penetration_cards": 46
  },
  "ev": -1.4289112999999887,
  "stddev": 1.3823383651772603,
  "winning_distrib": {
    "-2.0": 85130868,
    "+0.0": 1183829,
    "+2.0": 13685303
  },
  "hands": {
    "total": 100000000,
    "won": 13685303,
    "lost": 85130868,
    "push": 1183829,
    "busted": 84561223,
    "blackjack": 0,
    "doubled": 100000000,
    "split": 0,
    "insured": 0,
    "surrender": 0
  }
}
