{
  "rounds": 100000000,
  "rules": {
    "game_type": "ahc",
    "soft17": "s17",
    "das": true,
    "bj_pays": 1.5,
    "double_down": "any_two",
    "surrender": "early_surrender",
    "play_ace_pairs": false,
    "max_splits": 4,
    "decks": 6,
    "penetration_cards": 250
  },
  "ev": -0.009703339999999873,
  "stddev": 0.9395062926982323,
  "winning_distrib": {
    "-1.0": 44623478,
    "+0.0": 11723378,
    "+1.0": 43653144
  },
  "hands": {
    "total": 100000000,
    "won": 43653144,
    "lost": 44623478,
    "push": 11723378,
    "busted": 0,
    "blackjack": 0,
    "doubled": 0,
    "split": 0,
    "insured": 0,
    "surrender": 0
  }
}
