{
  "rounds": 100000000,
  "rules": {
    "game_type": "enhc",
    "soft17": "h17",
    "das": true,
    "double_down": "any_two",
    "surrender": "no_surrender",
    "play_ace_pairs": false,
    "max_splits": 4,
    "decks": 6,
    "penetration_cards": 46
  },
  "ev": -0.7276610100000138,
  "stddev": 0.6723635096036196,
  "winning_distrib": {
    "-1.0": 85461212,
    "+0.0": 1843677,
    "+1.0": 12695111
  },
  "hands": {
    "total": 100000000,
    "won": 12695111,
    "lost": 85461212,
    "push": 1843677,
    "busted": 84566084,
    "blackjack": 0,
    "doubled": 0,
    "split": 0,
    "insured": 0,
    "surrender": 0
  }
}
