{
  "rounds": 100000000,
  "rules": {
    "game_type": "ahc",
    "soft17": "s17",
    "das": true,
    "bj_pays": 1.5,
    "double_down": "any_two",
    "surrender": "early_surrender",
    "play_ace_pairs": false,
    "max_splits": 4,
    "decks": 6,
    "penetration_cards": 250
  },
  "ev": -0.8515574399999934,
  "stddev": 0.5162140341422504,
  "winning_distrib": {
    "-1.0": 92159222,
    "+0.0": 837300,
    "+1.0": 7003478
  },
  "hands": {
    "total": 100000000,
    "won": 7003478,
    "lost": 92159222,
    "push": 837300,
    "busted": 92159222,
    "blackjack": 0,
    "doubled": 0,
    "split": 0,
    "insured": 0,
    "surrender": 0
  }
}
