{
  "rounds": 100000000,
  "rules": {
    "game_type": "ahc",
    "soft17": "s17",
    "das": false,
    "double_down": "any_two",
    "surrender": "no_surrender",
    "play_ace_pairs": false,
    "max_splits": 4,
    "decks": 6,
    "penetration_cards": 46
  },
  "ev": 0.1971531700000016,
  "stddev": 0.9456435726537467,
  "winning_distrib": {
    "-1.0": 36797898,
    "+0.0": 6688887,
    "+1.0": 56513215
  },
  "hands": {
    "total": 100000000,
    "won": 56513215,
    "lost": 36797898,
    "push": 6688887,
    "busted": 0,
    "blackjack": 0,
    "doubled": 0,
    "split": 0,
    "insured": 0,
    "surrender": 0
  }
}
