{
  "rounds": 100000000,
  "rules": {
    "game_type": "enhc",
    "soft17": "s17",
    "das": true,
    "double_down": "any_two",
    "surrender": "no_surrender",
    "play_ace_pairs": false,
    "max_splits": 4,
    "decks": 6,
    "penetration_cards": 46
  },
  "ev": 0.12569034000000176,
  "stddev": 1.9261197718547975,
  "winning_distrib": {
    "-2.0": 43429434,
    "+0.0": 6856615,
    "+2.0": 49713951
  },
  "hands": {
    "total": 100000000,
    "won": 49713951,
    "lost": 43429434,
    "push": 6856615,
    "busted": 0,
    "blackjack": 0,
    "doubled": 100000000,
    "split": 0,
    "insured": 0,
    "surrender": 0
  }
}
