{
  "rounds": 100000000,
  "rules": {
    "game_type": "enhc",
    "soft17": "h17",
    "das": false,
    "double_down": "any_two",
    "surrender": "no_surrender",
    "play_ace_pairs": false,
    "max_splits": 4,
    "decks": 6,
    "penetration_cards": 46
  },
  "ev": 0.24794706000000413,
  "stddev": 1.9127418675877623,
  "winning_distrib": {
    "-2.0": 40302063,
    "+0.0": 6998521,
    "+2.0": 52699416
  },
  "hands": {
    "total": 100000000,
    "won": 52699416,
    "lost": 40302063,
    "push": 6998521,
    "busted": 0,
    "blackjack": 0,
    "doubled": 100000000,
    "split": 0,
    "insured": 0,
    "surrender": 0
  }
}
