{
  "rounds": 100000000,
  "rules": {
    "game_type": "ahc",
    "soft17": "s17",
    "das": true,
    "double_down": "any_two",
    "surrender": "no_surrender",
    "play_ace_pairs": false,
    "max_splits": 4,
    "decks": 6,
    "penetration_cards": 46
  },
  "ev": 0.4763072600000108,
  "stddev": 1.8611866829287755,
  "winning_distrib": {
    "-2.0": 34228374,
    "+0.0": 7727889,
    "+2.0": 58043737
  },
  "hands": {
    "total": 100000000,
    "won": 58043737,
    "lost": 34228374,
    "push": 7727889,
    "busted": 0,
    "blackjack": 0,
    "doubled": 100000000,
    "split": 0,
    "insured": 0,
    "surrender": 0
  }
}
