{
  "rounds": 100000000,
  "rules": {
    "game_type": "ahc",
    "soft17": "s17",
    "das": true,
    "bj_pays": 1.5,
    "double_down": "any_two",
    "surrender": "early_surrender",
    "play_ace_pairs": false,
    "max_splits": 4,
    "decks": 6,
    "penetration_cards": 250
  },
  "ev": -0.6500366200000015,
  "stddev": 1.5570047645725333,
  "winning_distrib": {
    "-2.0": 40962874,
    "-1.0": 28995158,
    "+0.0": 7083346,
    "+2.0": 22958622
  },
  "hands": {
    "total": 100000000,
    "won": 22958622,
    "lost": 69958032,
    "push": 7083346,
    "busted": 0,
    "blackjack": 0,
    "doubled": 71004842,
    "split": 0,
    "insured": 0,
    "surrender": 0
  }
}
