{
  "rounds": 100000000,
  "rules": {
    "game_type": "ahc",
    "soft17": "s17",
    "das": true,
    "bj_pays": 1.5,
    "double_down": "any_two",
    "surrender": "early_surrender",
    "play_ace_pairs": false,
    "max_splits": 4,
    "decks": 6,
    "penetration_cards": 250
  },
  "ev": 0.698289310000019,
  "stddev": 0.641005252434503,
  "winning_distrib": {
    "-1.0": 10010319,
    "+0.0": 10150431,
    "+1.0": 79839250
  },
  "hands": {
    "total": 100000000,
    "won": 79839250,
    "lost": 10010319,
    "push": 10150431,
    "busted": 0,
    "blackjack": 0,
    "doubled": 0,
    "split": 0,
    "insured": 0,
    "surrender": 0
  }
}
