{
  "rounds": 100000000,
  "rules": {
    "game_type": "ahc",
    "soft17": "h17",
    "das": false,
    "double_down": "any_two",
    "surrender": "no_surrender",
    "play_ace_pairs": false,
    "max_splits": 4,
    "decks": 6,
    "penetration_cards": 46
  },
  "ev": 0.19429106000000423,
  "stddev": 1.9000226156824906,
  "winning_distrib": {
    "-2.0": 40740660,
    "+0.0": 8804127,
    "+2.0": 50455213
  },
  "hands": {
    "total": 100000000,
    "won": 50455213,
    "lost": 40740660,
    "push": 8804127,
    "busted": 0,
    "blackjack": 0,
    "doubled": 100000000,
    "split": 0,
    "insured": 0,
    "surrender": 0
  }
}
