{
  "rounds": 100000000,
  "rules": {
    "game_type": "ahc",
    "soft17": "s17",
    "das": true,
    "bj_pays": 1.5,
    "double_down": "any_two",
    "surrender": "early_surrender",
    "play_ace_pairs": false,
    "max_splits": 4,
    "decks": 6,
    "penetration_cards": 250
  },
  "ev": -0.878865520000023,
  "stddev": 1.7686876233630595,
  "winning_distrib": {
    "-2.0": 70729894,
    "+0.0": 2483488,
    "+2.0": 26786618
  },
  "hands": {
    "total": 100000000,
    "won": 26786618,
    "lost": 70729894,
    "push": 2483488,
    "busted": 0,
    "blackjack": 0,
    "doubled": 100000000,
    "split": 0,
    "insured": 0,
    "surrender": 0
  }
}
