{
  "rounds": 100000000,
  "rules": {
    "game_type": "ahc",
    "soft17": "s17",
    "das": true,
    "bj_pays": 1.5,
    "double_down": "any_two",
    "surrender": "early_surrender",
    "play_ace_pairs": false,
    "max_splits": 4,
    "decks": 6,
    "penetration_cards": 250
  },
  "ev": -0.18199333999999584,
  "stddev": 1.9339244094835586,
  "winning_distrib": {
    "-2.0": 51714648,
    "+0.0": 5670371,
    "+2.0": 42614981
  },
  "hands": {
    "total": 100000000,
    "won": 42614981,
    "lost": 51714648,
    "push": 5670371,
    "busted": 0,
    "blackjack": 0,
    "doubled": 100000000,
    "split": 0,
    "insured": 0,
    "surrender": 0
  }
}
