{
  "rounds": 100000000,
  "rules": {
    "game_type": "enhc",
    "soft17": "s17",
    "das": false,
    "double_down": "any_two",
    "surrender": "no_surrender",
    "play_ace_pairs": false,
    "max_splits": 4,
    "decks": 6,
    "penetration_cards": 46
  },
  "ev": -0.238932590000001,
  "stddev": 0.9116988624254424,
  "winning_distrib": {
    "-1.0": 56360809,
    "+0.0": 11171641,
    "+1.0": 32467550
  },
  "hands": {
    "total": 100000000,
    "won": 32467550,
    "lost": 56360809,
    "push": 11171641,
    "busted": 0,
    "blackjack": 0,
    "doubled": 0,
    "split": 0,
    "insured": 0,
    "surrender": 0
  }
}
