{
  "rounds": 100000000,
  "rules": {
    "game_type": "ahc",
    "soft17": "s17",
    "das": true,
    "bj_pays": 1.5,
    "double_down": "any_two",
    "surrender": "early_surrender",
    "play_ace_pairs": false,
    "max_splits": 4,
    "decks": 6,
    "penetration_cards": 250
  },
  "ev": -0.5326240400000161,
  "stddev": 1.808906626870365,
  "winning_distrib": {
    "-2.0": 55006522,
    "-1.0": 7351928,
    "+0.0": 5590266,
    "+2.0": 32051284
  },
  "hands": {
    "total": 100000000,
    "won": 32051284,
    "lost": 62358450,
    "push": 5590266,
    "busted": 0,
    "blackjack": 0,
    "doubled": 92648072,
    "split": 0,
    "insured": 0,
    "surrender": 0
  }
}
