{
  "rounds": 100000000,
  "rules": {
    "game_type": "enhc",
    "soft17": "s17",
    "das": false,
    "double_down": "any_two",
    "surrender": "no_surrender",
    "play_ace_pairs": false,
    "max_splits": 4,
    "decks": 6,
    "penetration_cards": 46
  },
  "ev": -0.39087075000000526,
  "stddev": 0.8763028212173543,
  "winning_distrib": {
    "-1.0": 65577866,
    "+0.0": 7931343,
    "+1.0": 26490791
  },
  "hands": {
    "total": 100000000,
    "won": 26490791,
    "lost": 65577866,
    "push": 7931343,
    "busted": 44220572,
    "blackjack": 0,
    "doubled": 0,
    "split": 0,
    "insured": 0,
    "surrender": 0
  }
}
