{
  "rounds": 100000000,
  "rules": {
    "game_type": "ahc",
    "soft17": "s17",
    "das": true,
    "bj_pays": 1.5,
    "double_down": "any_two",
    "surrender": "early_surrender",
    "play_ace_pairs": false,
    "max_splits": 4,
    "decks": 6,
    "penetration_cards": 250
  },
  "ev": 0.15551396000000725,
  "stddev": 0.9222470692555962,
  "winning_distrib": {
    "-1.0": 35960514,
    "+0.0": 12527576,
    "+1.0": 51511910
  },
  "hands": {
    "total": 100000000,
    "won": 51511910,
    "lost": 35960514,
    "push": 12527576,
    "busted": 0,
    "blackjack": 0,
    "doubled": 0,
    "split": 0,
    "insured": 0,
    "surrender": 0
  }
}
