{
  "rounds": 100000000,
  "rules": {
    "game_type": "ahc",
    "soft17": "s17",
    "das": true,
    "bj_pays": 1.5,
    "double_down": "any_two",
    "surrender": "early_surrender",
    "play_ace_pairs": false,
    "max_splits": 4,
    "decks": 6,
    "penetration_cards": 250
  },
  "ev": -0.6353198200000114,
  "stddev": 1.4929325599649965,
  "winning_distrib": {
    "-4.0": 127399,
    "-3.0": 3984786,
    "-2.0": 33382947,
    "-1.0": 19242885,
    "+0.0": 23873563,
    "+1.0": 6902671,
    "+2.0": 9615757,
    "+3.0": 2673402,
    "+4.0": 196590
  },
  "hands": {
    "total": 191999306,
    "won": 55294833,
    "lost": 120381567,
    "push": 16322906,
    "busted": 73373549,
    "blackjack": 0,
    "doubled": 14721502,
    "split": 183998612,
    "insured": 0,
    "surrender": 0
  }
}
