{
  "rounds": 100000000,
  "rules": {
    "game_type": "ahc",
    "soft17": "s17",
    "das": true,
    "bj_pays": 1.5,
    "double_down": "any_two",
    "surrender": "early_surrender",
    "play_ace_pairs": false,
    "max_splits": 4,
    "decks": 6,
    "penetration_cards": 250
  },
  "ev": -0.0899783699999998,
  "stddev": 0.9301322011325024,
  "winning_distrib": {
    "-1.0": 48161019,
    "+0.0": 12675799,
    "+1.0": 39163182
  },
  "hands": {
    "total": 100000000,
    "won": 39163182,
    "lost": 48161019,
    "push": 12675799,
    "busted": 0,
    "blackjack": 0,
    "doubled": 0,
    "split": 0,
    "insured": 0,
    "surrender": 0
  }
}
