{
  "rounds": 100000000,
  "rules": {
    "game_type": "ahc",
    "soft17": "s17",
    "das": true,
    "double_down": "any_two",
    "surrender": "no_surrender",
    "play_ace_pairs": false,
    "max_splits": 4,
    "decks": 6,
    "penetration_cards": 46
  },
  "ev": 0.4360656599999909,
  "stddev": 0.6829748639835302,
  "winning_distrib": {
    "-1.0": 11027113,
    "+0.0": 34339208,
    "+1.0": 54633679
  },
  "hands": {
    "total": 100000000,
    "won": 54633679,
    "lost": 11027113,
    "push": 34339208,
    "busted": 0,
    "blackjack": 0,
    "doubled": 0,
    "split": 0,
    "insured": 0,
    "surrender": 0
  }
}
