{
  "rounds": 100000000,
  "rules": {
    "game_type": "ahc",
    "soft17": "s17",
    "das": true,
    "bj_pays": 1.5,
    "double_down": "any_two",
    "surrender": "early_surrender",
    "play_ace_pairs": false,
    "max_splits": 4,
    "decks": 6,
    "penetration_cards": 250
  },
  "ev": -0.4998705899999971,
  "stddev": 1.7804939749840913,
  "winning_distrib": {
    "-2.0": 52055034,
    "-1.0": 8512261,
    "+0.0": 8115070,
    "+2.0": 31317635
  },
  "hands": {
    "total": 100000000,
    "won": 31317635,
    "lost": 60567295,
    "push": 8115070,
    "busted": 0,
    "blackjack": 0,
    "doubled": 91487739,
    "split": 0,
    "insured": 0,
    "surrender": 0
  }
}
