{
  "rounds": 100000000,
  "rules": {
    "game_type": "ahc",
    "soft17": "s17",
    "das": true,
    "bj_pays": 1.5,
    "double_down": "any_two",
    "surrender": "early_surrender",
    "play_ace_pairs": false,
    "max_splits": 4,
    "decks": 6,
    "penetration_cards": 250
  },
  "ev": 0.5773406800000073,
  "stddev": 1.8333538264145803,
  "winning_distrib": {
    "-2.0": 31747839,
    "+0.0": 7637288,
    "+2.0": 60614873
  },
  "hands": {
    "total": 100000000,
    "won": 60614873,
    "lost": 31747839,
    "push": 7637288,
    "busted": 0,
    "blackjack": 0,
    "doubled": 100000000,
    "split": 0,
    "insured": 0,
    "surrender": 0
  }
}
