{
  "rounds": 100000000,
  "rules": {
    "game_type": "ahc",
    "soft17": "s17",
    "das": true,
    "bj_pays": 1.5,
    "double_down": "any_two",
    "surrender": "early_surrender",
    "play_ace_pairs": false,
    "max_splits": 4,
    "decks": 6,
    "penetration_cards": 250
  },
  "ev": 0.18041092000000034,
  "stddev": 0.9233788325877048,
  "winning_distrib": {
    "-1.0": 35238282,
    "+0.0": 11482344,
    "+1.0": 53279374
  },
  "hands": {
    "total": 100000000,
    "won": 53279374,
    "lost": 35238282,
    "push": 11482344,
    "busted": 22028481,
    "blackjack": 0,
    "doubled": 0,
    "split": 0,
    "insured": 0,
    "surrender": 0
  }
}
