{
  "rounds": 100000000,
  "rules": {
    "game_type": "enhc",
    "soft17": "h17",
    "das": true,
    "double_down": "any_two",
    "surrender": "no_surrender",
    "play_ace_pairs": false,
    "max_splits": 4,
    "decks": 6,
    "penetration_cards": 46
  },
  "ev": -1.7088367999999845,
  "stddev": 1.0222135987233452,
  "winning_distrib": {
    "-2.0": 92283968,
    "+0.0": 873904,
    "+2.0": 6842128
  },
  "hands": {
    "total": 100000000,
    "won": 6842128,
    "lost": 92283968,
    "push": 873904,
    "busted": 92283968,
    "blackjack": 0,
    "doubled": 100000000,
    "split": 0,
    "insured": 0,
    "surrender": 0
  }
}
