{
  "rounds": 100000000,
  "rules": {
    "game_type": "ahc",
    "soft17": "s17",
    "das": true,
    "double_down": "any_two",
    "surrender": "no_surrender",
    "play_ace_pairs": false,
    "max_splits": 4,
    "decks": 6,
    "penetration_cards": 46
  },
  "ev": -0.5527821200000118,
  "stddev": 0.7970163700706923,
  "winning_distrib": {
    "-1.0": 74679264,
    "+0.0": 5919684,
    "+1.0": 19401052
  },
  "hands": {
    "total": 100000000,
    "won": 19401052,
    "lost": 74679264,
    "push": 5919684,
    "busted": 33581222,
    "blackjack": 0,
    "doubled": 0,
    "split": 0,
    "insured": 0,
    "surrender": 0
  }
}
