{
  "rounds": 100000000,
  "rules": {
    "game_type": "ahc",
    "soft17": "s17",
    "das": true,
    "bj_pays": 1.5,
    "double_down": "any_two",
    "surrender": "early_surrender",
    "play_ace_pairs": false,
    "max_splits": 4,
    "decks": 6,
    "penetration_cards": 250
  },
  "ev": -0.6486359599999876,
  "stddev": 0.7285972115671437,
  "winning_distrib": {
    "-1.0": 80010923,
    "+0.0": 4841750,
    "+1.0": 15147327
  },
  "hands": {
    "total": 100000000,
    "won": 15147327,
    "lost": 80010923,
    "push": 4841750,
    "busted": 60904656,
    "blackjack": 0,
    "doubled": 0,
    "split": 0,
    "insured": 0,
    "surrender": 0
  }
}
