{
  "rounds": 100000000,
  "rules": {
    "game_type": "enhc",
    "soft17": "h17",
    "das": true,
    "double_down": "any_two",
    "surrender": "no_surrender",
    "play_ace_pairs": false,
    "max_splits": 4,
    "decks": 6,
    "penetration_cards": 46
  },
  "ev": -0.29184503999999595,
  "stddev": 0.9315145094439409,
  "winning_distrib": {
    "-1.0": 62236892,
    "+0.0": 4710720,
    "+1.0": 33052388
  },
  "hands": {
    "total": 100000000,
    "won": 33052388,
    "lost": 62236892,
    "push": 4710720,
    "busted": 38583686,
    "blackjack": 0,
    "doubled": 0,
    "split": 0,
    "insured": 0,
    "surrender": 0
  }
}
