{
  "rounds": 100000000,
  "rules": {
    "game_type": "ahc",
    "soft17": "s17",
    "das": true,
    "bj_pays": 1.5,
    "double_down": "any_two",
    "surrender": "early_surrender",
    "play_ace_pairs": false,
    "max_splits": 4,
    "decks": 6,
    "penetration_cards": 250
  },
  "ev": -1.2193248199999898,
  "stddev": 1.5539041435938568,
  "winning_distrib": {
    "-2.0": 79250259,
    "+0.0": 2465723,
    "+2.0": 18284018
  },
  "hands": {
    "total": 100000000,
    "won": 18284018,
    "lost": 79250259,
    "push": 2465723,
    "busted": 77080893,
    "blackjack": 0,
    "doubled": 100000000,
    "split": 0,
    "insured": 0,
    "surrender": 0
  }
}
