{
  "rounds": 100000000,
  "rules": {
    "game_type": "ahc",
    "soft17": "s17",
    "das": true,
    "bj_pays": 1.5,
    "double_down": "any_two",
    "surrender": "early_surrender",
    "play_ace_pairs": false,
    "max_splits": 4,
    "decks": 6,
    "penetration_cards": 250
  },
  "ev": -0.8908873299999891,
  "stddev": 0.44969551617481224,
  "winning_distrib": {
    "-1.0": 94339681,
    "+0.0": 409371,
    "+1.0": 5250948
  },
  "hands": {
    "total": 100000000,
    "won": 5250948,
    "lost": 94339681,
    "push": 409371,
    "busted": 59552452,
    "blackjack": 0,
    "doubled": 0,
    "split": 0,
    "insured": 0,
    "surrender": 0
  }
}
