{
  "rounds": 100000000,
  "rules": {
    "game_type": "ahc",
    "soft17": "s17",
    "das": true,
    "bj_pays": 1.5,
    "double_down": "any_two",
    "surrender": "early_surrender",
    "play_ace_pairs": false,
    "max_splits": 4,
    "decks": 6,
    "penetration_cards": 250
  },
  "ev": -0.44446551000000784,
  "stddev": 0.850921140682908,
  "winning_distrib": {
    "-1.0": 68304094,
    "+0.0": 7838363,
    "+1.0": 23857543
  },
  "hands": {
    "total": 100000000,
    "won": 23857543,
    "lost": 68304094,
    "push": 7838363,
    "busted": 27337882,
    "blackjack": 0,
    "doubled": 0,
    "split": 0,
    "insured": 0,
    "surrender": 0
  }
}
