{
  "rounds": 100000000,
  "rules": {
    "game_type": "ahc",
    "soft17": "h17",
    "das": true,
    "double_down": "any_two",
    "surrender": "no_surrender",
    "play_ace_pairs": false,
    "max_splits": 4,
    "decks": 6,
    "penetration_cards": 46
  },
  "ev": 0.10461261999999916,
  "stddev": 0.9618724390420704,
  "winning_distrib": {
    "-1.0": 41576488,
    "+0.0": 6385762,
    "+1.0": 52037750
  },
  "hands": {
    "total": 100000000,
    "won": 52037750,
    "lost": 41576488,
    "push": 6385762,
    "busted": 0,
    "blackjack": 0,
    "doubled": 0,
    "split": 0,
    "insured": 0,
    "surrender": 0
  }
}
