{
  "rounds": 100000000,
  "rules": {
    "game_type": "ahc",
    "soft17": "s17",
    "das": true,
    "bj_pays": 1.5,
    "double_down": "any_two",
    "surrender": "early_surrender",
    "play_ace_pairs": false,
    "max_splits": 4,
    "decks": 6,
    "penetration_cards": 250
  },
  "ev": 0.4366737,
  "stddev": 2.0796831352345677,
  "winning_distrib": {
    "-8.0": 3,
    "-7.0": 320,
    "-6.0": 8790,
    "-5.0": 125371,
    "-4.0": 969692,
    "-3.0": 5320464,
    "-2.0": 22380417,
    "-1.0": 8089932,
    "+0.0": 10887513,
    "+1.0": 3890863,
    "+2.0": 35028509,
    "+3.0": 10569914,
    "+4.0": 2299924,
    "+5.0": 388705,
    "+6.0": 37798,
    "+7.0": 1757,
    "+8.0": 28
  },
  "hands": {
    "total": 217802401,
    "won": 120761961,
    "lost": 82895792,
    "push": 14144648,
    "busted": 0,
    "blackjack": 0,
    "doubled": 17568965,
    "split": 217802401,
    "insured": 0,
    "surrender": 0
  }
}
