{
  "rounds": 100000000,
  "rules": {
    "game_type": "ahc",
    "soft17": "s17",
    "das": true,
    "bj_pays": 1.5,
    "double_down": "any_two",
    "surrender": "early_surrender",
    "play_ace_pairs": false,
    "max_splits": 4,
    "decks": 6,
    "penetration_cards": 250
  },
  "ev": -0.13363405000000048,
  "stddev": 0.9210596067378811,
  "winning_distrib": {
    "-1.0": 49992145,
    "+0.0": 13379115,
    "+1.0": 36628740
  },
  "hands": {
    "total": 100000000,
    "won": 36628740,
    "lost": 49992145,
    "push": 13379115,
    "busted": 0,
    "blackjack": 0,
    "doubled": 0,
    "split": 0,
    "insured": 0,
    "surrender": 0
  }
}
