{
  "rounds": 100000000,
  "rules": {
    "game_type": "ahc",
    "soft17": "s17",
    "das": true,
    "bj_pays": 1.5,
    "double_down": "any_two",
    "surrender": "early_surrender",
    "play_ace_pairs": false,
    "max_splits": 4,
    "decks": 6,
    "penetration_cards": 250
  },
  "ev": -0.6383615000000035,
  "stddev": 0.7546511916195008,
  "winning_distrib": {
    "-1.0": 80768266,
    "+0.0": 2299618,
    "+1.0": 16932116
  },
  "hands": {
    "total": 100000000,
    "won": 16932116,
    "lost": 80768266,
    "push": 2299618,
    "busted": 78335610,
    "blackjack": 0,
    "doubled": 0,
    "split": 0,
    "insured": 0,
    "surrender": 0
  }
}
