{
  "rounds": 100000000,
  "rules": {
    "game_type": "ahc",
    "soft17": "s17",
    "das": true,
    "bj_pays": 1.5,
    "double_down": "any_two",
    "surrender": "early_surrender",
    "play_ace_pairs": false,
    "max_splits": 4,
    "decks": 6,
    "penetration_cards": 250
  },
  "ev": -0.04488380000000052,
  "stddev": 1.869656257030614,
  "winning_distrib": {
    "-2.0": 44842458,
    "+0.0": 12559274,
    "+2.0": 42598268
  },
  "hands": {
    "total": 100000000,
    "won": 42598268,
    "lost": 44842458,
    "push": 12559274,
    "busted": 0,
    "blackjack": 0,
    "doubled": 100000000,
    "split": 0,
    "insured": 0,
    "surrender": 0
  }
}
