{
  "rounds": 100000000,
  "rules": {
    "game_type": "ahc",
    "soft17": "s17",
    "das": true,
    "bj_pays": 1.5,
    "double_down": "any_two",
    "surrender": "early_surrender",
    "play_ace_pairs": false,
    "max_splits": 4,
    "decks": 6,
    "penetration_cards": 250
  },
  "ev": -0.03762146000000036,
  "stddev": 1.9125368865267363,
  "winning_distrib": {
    "-2.0": 46680695,
    "+0.0": 8519683,
    "+2.0": 44799622
  },
  "hands": {
    "total": 100000000,
    "won": 44799622,
    "lost": 46680695,
    "push": 8519683,
    "busted": 0,
    "blackjack": 0,
    "doubled": 100000000,
    "split": 0,
    "insured": 0,
    "surrender": 0
  }
}
