{
  "rounds": 100000000,
  "rules": {
    "game_type": "ahc",
    "soft17": "s17",
    "das": true,
    "bj_pays": 1.5,
    "double_down": "any_two",
    "surrender": "early_surrender",
    "play_ace_pairs": false,
    "max_splits": 4,
    "decks": 6,
    "penetration_cards": 250
  },
  "ev": -0.6871922099999913,
  "stddev": 1.6005591029803368,
  "winning_distrib": {
    "-4.0": 304707,
    "-3.0": 6342948,
    "-2.0": 37372906,
    "-1.0": 11103274,
    "+0.0": 23712456,
    "+1.0": 9887535,
    "+2.0": 6921026,
    "+3.0": 3772642,
    "+4.0": 582506
  },
  "hands": {
    "total": 200000000,
    "won": 55896336,
    "lost": 128551858,
    "push": 15551806,
    "busted": 92544385,
    "blackjack": 0,
    "doubled": 25531445,
    "split": 200000000,
    "insured": 0,
    "surrender": 0
  }
}
