{
  "rounds": 100000000,
  "rules": {
    "game_type": "ahc",
    "soft17": "s17",
    "das": true,
    "bj_pays": 1.5,
    "double_down": "any_two",
    "surrender": "early_surrender",
    "play_ace_pairs": false,
    "max_splits": 4,
    "decks": 6,
    "penetration_cards": 250
  },
  "ev": 0.11365195000000013,
  "stddev": 0.9529801956719367,
  "winning_distrib": {
    "-1.0": 40371803,
    "+0.0": 7891199,
    "+1.0": 51736998
  },
  "hands": {
    "total": 100000000,
    "won": 51736998,
    "lost": 40371803,
    "push": 7891199,
    "busted": 9391179,
    "blackjack": 0,
    "doubled": 0,
    "split": 0,
    "insured": 0,
    "surrender": 0
  }
}
