{
  "rounds": 100000000,
  "rules": {
    "game_type": "enhc",
    "soft17": "s17",
    "das": false,
    "double_down": "any_two",
    "surrender": "no_surrender",
    "play_ace_pairs": false,
    "max_splits": 4,
    "decks": 6,
    "penetration_cards": 46
  },
  "ev": 0.014826170000000052,
  "stddev": 0.9462836803187922,
  "winning_distrib": {
    "-1.0": 44042322,
    "+0.0": 10432739,
    "+1.0": 45524939
  },
  "hands": {
    "total": 100000000,
    "won": 45524939,
    "lost": 44042322,
    "push": 10432739,
    "busted": 31902683,
    "blackjack": 0,
    "doubled": 0,
    "split": 0,
    "insured": 0,
    "surrender": 0
  }
}
