{
  "rounds": 100000000,
  "rules": {
    "game_type": "enhc",
    "soft17": "s17",
    "das": false,
    "double_down": "any_two",
    "surrender": "no_surrender",
    "play_ace_pairs": false,
    "max_splits": 4,
    "decks": 6,
    "penetration_cards": 46
  },
  "ev": 0.12413570999999915,
  "stddev": 0.9492760528497926,
  "winning_distrib": {
    "-1.0": 39619949,
    "+0.0": 8346531,
    "+1.0": 52033520
  },
  "hands": {
    "total": 100000000,
    "won": 52033520,
    "lost": 39619949,
    "push": 8346531,
    "busted": 2393425,
    "blackjack": 0,
    "doubled": 0,
    "split": 0,
    "insured": 0,
    "surrender": 0
  }
}
