{
  "rounds": 100000000,
  "rules": {
    "game_type": "ahc",
    "soft17": "s17",
    "das": true,
    "bj_pays": 1.5,
    "double_down": "any_two",
    "surrender": "early_surrender",
    "play_ace_pairs": false,
    "max_splits": 4,
    "decks": 6,
    "penetration_cards": 250
  },
  "ev": -0.07994504999999938,
  "stddev": 2.0014939867609574,
  "winning_distrib": {
    "-8.0": 188,
    "-7.0": 4470,
    "-6.0": 52123,
    "-5.0": 336449,
    "-4.0": 1801053,
    "-3.0": 8110895,
    "-2.0": 20583065,
    "-1.0": 11817776,
    "+0.0": 18639679,
    "+1.0": 13012601,
    "+2.0": 14615608,
    "+3.0": 8386331,
    "+4.0": 2152578,
    "+5.0": 393982,
    "+6.0": 82069,
    "+7.0": 10435,
    "+8.0": 698
  },
  "hands": {
    "total": 219036917,
    "won": 84891527,
    "lost": 99838069,
    "push": 34307321,
    "busted": 46526396,
    "blackjack": 0,
    "doubled": 39699329,
    "split": 219036917,
    "insured": 0,
    "surrender": 0
  }
}
