{
  "rounds": 100000000,
  "rules": {
    "game_type": "enhc",
    "soft17": "s17",
    "das": false,
    "double_down": "any_two",
    "surrender": "no_surrender",
    "play_ace_pairs": false,
    "max_splits": 4,
    "decks": 6,
    "penetration_cards": 46
  },
  "ev": 0.5203485000000067,
  "stddev": 1.8560437907001852,
  "winning_distrib": {
    "-2.0": 33437051,
    "+0.0": 7108473,
    "+2.0": 59454476
  },
  "hands": {
    "total": 100000000,
    "won": 59454476,
    "lost": 33437051,
    "push": 7108473,
    "busted": 0,
    "blackjack": 0,
    "doubled": 100000000,
    "split": 0,
    "insured": 0,
    "surrender": 0
  }
}
