{
  "rounds": 100000000,
  "rules": {
    "game_type": "ahc",
    "soft17": "s17",
    "das": true,
    "bj_pays": 1.5,
    "double_down": "any_two",
    "surrender": "early_surrender",
    "play_ace_pairs": false,
    "max_splits": 4,
    "decks": 6,
    "penetration_cards": 250
  },
  "ev": -0.05721923999999952,
  "stddev": 0.9815550255631691,
  "winning_distrib": {
    "-1.0": 51197177,
    "+0.0": 3327570,
    "+1.0": 45475253
  },
  "hands": {
    "total": 100000000,
    "won": 45475253,
    "lost": 51197177,
    "push": 3327570,
    "busted": 0,
    "blackjack": 0,
    "doubled": 0,
    "split": 0,
    "insured": 0,
    "surrender": 0
  }
}
