{
  "rounds": 100000000,
  "rules": {
    "game_type": "ahc",
    "soft17": "s17",
    "das": true,
    "bj_pays": 1.5,
    "double_down": "any_two",
    "surrender": "early_surrender",
    "play_ace_pairs": false,
    "max_splits": 4,
    "decks": 6,
    "penetration_cards": 250
  },
  "ev": -0.03359375000000026,
  "stddev": 1.9125718774833538,
  "winning_distrib": {
    "-8.0": 137,
    "-7.0": 3158,
    "-6.0": 36173,
    "-5.0": 243194,
    "-4.0": 1415188,
    "-3.0": 7124662,
    "-2.0": 19138852,
    "-1.0": 11643721,
    "+0.0": 23172033,
    "+1.0": 12485613,
    "+2.0": 14350266,
    "+3.0": 8136061,
    "+4.0": 1874499,
    "+5.0": 306907,
    "+6.0": 61166,
    "+7.0": 7817,
    "+8.0": 553
  },
  "hands": {
    "total": 218197498,
    "won": 93901693,
    "lost": 104589001,
    "push": 19706804,
    "busted": 70269854,
    "blackjack": 0,
    "doubled": 37846705,
    "split": 218197498,
    "insured": 0,
    "surrender": 0
  }
}
