{
  "rounds": 100000000,
  "rules": {
    "game_type": "ahc",
    "soft17": "s17",
    "das": true,
    "bj_pays": 1.5,
    "double_down": "any_two",
    "surrender": "early_surrender",
    "play_ace_pairs": false,
    "max_splits": 4,
    "decks": 6,
    "penetration_cards": 250
  },
  "ev": 0.3417647199999977,
  "stddev": 0.8878461939131232,
  "winning_distrib": {
    "-1.0": 28165463,
    "+0.0": 9492602,
    "+1.0": 62341935
  },
  "hands": {
    "total": 100000000,
    "won": 62341935,
    "lost": 28165463,
    "push": 9492602,
    "busted": 0,
    "blackjack": 0,
    "doubled": 0,
    "split": 0,
    "insured": 0,
    "surrender": 0
  }
}
