{
  "rounds": 100000000,
  "rules": {
    "game_type": "ahc",
    "soft17": "s17",
    "das": true,
    "bj_pays": 1.5,
    "double_down": "any_two",
    "surrender": "early_surrender",
    "play_ace_pairs": false,
    "max_splits": 4,
    "decks": 6,
    "penetration_cards": 250
  },
  "ev": -0.8186418599999898,
  "stddev": 1.695292692662812,
  "winning_distrib": {
    "-2.0": 61826691,
    "-1.0": 7844674,
    "+0.0": 5511700,
    "+2.0": 24816935
  },
  "hands": {
    "total": 100000000,
    "won": 24816935,
    "lost": 69671365,
    "push": 5511700,
    "busted": 28900461,
    "blackjack": 0,
    "doubled": 92155326,
    "split": 0,
    "insured": 0,
    "surrender": 0
  }
}
