{
  "rounds": 100000000,
  "rules": {
    "game_type": "ahc",
    "soft17": "s17",
    "das": true,
    "bj_pays": 1.5,
    "double_down": "any_two",
    "surrender": "early_surrender",
    "play_ace_pairs": false,
    "max_splits": 4,
    "decks": 6,
    "penetration_cards": 250
  },
  "ev": -0.5349426699999932,
  "stddev": 0.8281189387226228,
  "winning_distrib": {
    "-1.0": 75344365,
    "+0.0": 2805537,
    "+1.0": 21850098
  },
  "hands": {
    "total": 100000000,
    "won": 21850098,
    "lost": 75344365,
    "push": 2805537,
    "busted": 71021535,
    "blackjack": 0,
    "doubled": 0,
    "split": 0,
    "insured": 0,
    "surrender": 0
  }
}
