{
  "rounds": 100000000,
  "rules": {
    "game_type": "ahc",
    "soft17": "s17",
    "das": true,
    "bj_pays": 1.5,
    "double_down": "any_two",
    "surrender": "early_surrender",
    "play_ace_pairs": false,
    "max_splits": 4,
    "decks": 6,
    "penetration_cards": 250
  },
  "ev": -0.302745209999983,
  "stddev": 1.7785645109061934,
  "winning_distrib": {
    "-4.0": 694675,
    "-3.0": 7723066,
    "-2.0": 24921561,
    "-1.0": 12677231,
    "+0.0": 23784870,
    "+1.0": 10454586,
    "+2.0": 12404152,
    "+3.0": 6428596,
    "+4.0": 911263
  },
  "hands": {
    "total": 200000000,
    "won": 74118085,
    "lost": 106232065,
    "push": 19649850,
    "busted": 60128721,
    "blackjack": 0,
    "doubled": 33336278,
    "split": 200000000,
    "insured": 0,
    "surrender": 0
  }
}
