{
  "rounds": 100000000,
  "rules": {
    "game_type": "ahc",
    "soft17": "h17",
    "das": false,
    "double_down": "any_two",
    "surrender": "no_surrender",
    "play_ace_pairs": false,
    "max_splits": 4,
    "decks": 6,
    "penetration_cards": 46
  },
  "ev": 0.008387229999999676,
  "stddev": 0.9611814363644389,
  "winning_distrib": {
    "-1.0": 45777643,
    "+0.0": 7605991,
    "+1.0": 46616366
  },
  "hands": {
    "total": 100000000,
    "won": 46616366,
    "lost": 45777643,
    "push": 7605991,
    "busted": 2649552,
    "blackjack": 0,
    "doubled": 0,
    "split": 0,
    "insured": 0,
    "surrender": 0
  }
}
