{
  "rounds": 100000000,
  "rules": {
    "game_type": "ahc",
    "soft17": "s17",
    "das": true,
    "double_down": "any_two",
    "surrender": "no_surrender",
    "play_ace_pairs": false,
    "max_splits": 4,
    "decks": 6,
    "penetration_cards": 46
  },
  "ev": -0.08113229000000007,
  "stddev": 1.7972846501936455,
  "winning_distrib": {
    "-2.0": 39595689,
    "-1.0": 7714133,
    "+0.0": 13294037,
    "+2.0": 39396141
  },
  "hands": {
    "total": 100000000,
    "won": 39396141,
    "lost": 47309822,
    "push": 13294037,
    "busted": 0,
    "blackjack": 0,
    "doubled": 92285867,
    "split": 0,
    "insured": 0,
    "surrender": 0
  }
}
