{
  "rounds": 100000000,
  "rules": {
    "game_type": "ahc",
    "soft17": "s17",
    "das": true,
    "double_down": "any_two",
    "surrender": "no_surrender",
    "play_ace_pairs": false,
    "max_splits": 4,
    "decks": 6,
    "penetration_cards": 46
  },
  "ev": -0.3157344799999965,
  "stddev": 1.9152273846256875,
  "winning_distrib": {
    "-2.0": 54990664,
    "+0.0": 5805396,
    "+2.0": 39203940
  },
  "hands": {
    "total": 100000000,
    "won": 39203940,
    "lost": 54990664,
    "push": 5805396,
    "busted": 0,
    "blackjack": 0,
    "doubled": 100000000,
    "split": 0,
    "insured": 0,
    "surrender": 0
  }
}
