{
  "rounds": 100000000,
  "rules": {
    "game_type": "enhc",
    "soft17": "s17",
    "das": false,
    "double_down": "any_two",
    "surrender": "no_surrender",
    "play_ace_pairs": false,
    "max_splits": 4,
    "decks": 6,
    "penetration_cards": 46
  },
  "ev": -0.5022273800000001,
  "stddev": 0.825154558605326,
  "winning_distrib": {
    "-1.0": 71766988,
    "+0.0": 6688762,
    "+1.0": 21544250
  },
  "hands": {
    "total": 100000000,
    "won": 21544250,
    "lost": 71766988,
    "push": 6688762,
    "busted": 42153258,
    "blackjack": 0,
    "doubled": 0,
    "split": 0,
    "insured": 0,
    "surrender": 0
  }
}
