{
  "rounds": 100000000,
  "rules": {
    "game_type": "ahc",
    "soft17": "s17",
    "das": true,
    "bj_pays": 1.5,
    "double_down": "any_two",
    "surrender": "early_surrender",
    "play_ace_pairs": false,
    "max_splits": 4,
    "decks": 6,
    "penetration_cards": 250
  },
  "ev": -0.6315943899999945,
  "stddev": 0.742863663156957,
  "winning_distrib": {
    "-1.0": 79117614,
    "+0.0": 4924211,
    "+1.0": 15958175
  },
  "hands": {
    "total": 100000000,
    "won": 15958175,
    "lost": 79117614,
    "push": 4924211,
    "busted": 40669383,
    "blackjack": 0,
    "doubled": 0,
    "split": 0,
    "insured": 0,
    "surrender": 0
  }
}
