{
  "rounds": 100000000,
  "rules": {
    "game_type": "ahc",
    "soft17": "s17",
    "das": true,
    "double_down": "any_two",
    "surrender": "no_surrender",
    "play_ace_pairs": false,
    "max_splits": 4,
    "decks": 6,
    "penetration_cards": 46
  },
  "ev": -0.3419195300000012,
  "stddev": 0.8963420067356294,
  "winning_distrib": {
    "-1.0": 63112874,
    "+0.0": 7966205,
    "+1.0": 28920921
  },
  "hands": {
    "total": 100000000,
    "won": 28920921,
    "lost": 63112874,
    "push": 7966205,
    "busted": 48505990,
    "blackjack": 0,
    "doubled": 0,
    "split": 0,
    "insured": 0,
    "surrender": 0
  }
}
