{
  "rounds": 100000000,
  "rules": {
    "game_type": "enhc",
    "soft17": "s17",
    "das": true,
    "double_down": "any_two",
    "surrender": "no_surrender",
    "play_ace_pairs": false,
    "max_splits": 4,
    "decks": 6,
    "penetration_cards": 46
  },
  "ev": 0.65987102000001,
  "stddev": 0.6694319244296221,
  "winning_distrib": {
    "-1.0": 11184892,
    "+0.0": 11643114,
    "+1.0": 77171994
  },
  "hands": {
    "total": 100000000,
    "won": 77171994,
    "lost": 11184892,
    "push": 11643114,
    "busted": 0,
    "blackjack": 0,
    "doubled": 0,
    "split": 0,
    "insured": 0,
    "surrender": 0
  }
}
