{
  "rounds": 100000000,
  "rules": {
    "game_type": "ahc",
    "soft17": "s17",
    "das": true,
    "bj_pays": 1.5,
    "double_down": "any_two",
    "surrender": "early_surrender",
    "play_ace_pairs": false,
    "max_splits": 4,
    "decks": 6,
    "penetration_cards": 250
  },
  "ev": 0.0426205300000002,
  "stddev": 0.9783967957813106,
  "winning_distrib": {
    "-1.0": 45822813,
    "+0.0": 4092321,
    "+1.0": 50084866
  },
  "hands": {
    "total": 100000000,
    "won": 50084866,
    "lost": 45822813,
    "push": 4092321,
    "busted": 0,
    "blackjack": 0,
    "doubled": 0,
    "split": 0,
    "insured": 0,
    "surrender": 0
  }
}
