{
  "rounds": 100000000,
  "rules": {
    "game_type": "enhc",
    "soft17": "s17",
    "das": true,
    "double_down": "any_two",
    "surrender": "no_surrender",
    "play_ace_pairs": false,
    "max_splits": 4,
    "decks": 6,
    "penetration_cards": 46
  },
  "ev": -0.36929024999999943,
  "stddev": 0.8957857496518001,
  "winning_distrib": {
    "-1.0": 65404882,
    "+0.0": 6119261,
    "+1.0": 28475857
  },
  "hands": {
    "total": 100000000,
    "won": 28475857,
    "lost": 65404882,
    "push": 6119261,
    "busted": 58567810,
    "blackjack": 0,
    "doubled": 0,
    "split": 0,
    "insured": 0,
    "surrender": 0
  }
}
