{
  "rounds": 100000000,
  "rules": {
    "game_type": "enhc",
    "soft17": "s17",
    "das": false,
    "double_down": "any_two",
    "surrender": "no_surrender",
    "play_ace_pairs": false,
    "max_splits": 4,
    "decks": 6,
    "penetration_cards": 46
  },
  "ev": -0.20281249999999926,
  "stddev": 1.9258778899332254,
  "winning_distrib": {
    "-2.0": 51947044,
    "+0.0": 6246537,
    "+2.0": 41806419
  },
  "hands": {
    "total": 100000000,
    "won": 41806419,
    "lost": 51947044,
    "push": 6246537,
    "busted": 0,
    "blackjack": 0,
    "doubled": 100000000,
    "split": 0,
    "insured": 0,
    "surrender": 0
  }
}
