{
  "rounds": 100000000,
  "rules": {
    "game_type": "ahc",
    "soft17": "s17",
    "das": true,
    "double_down": "any_two",
    "surrender": "no_surrender",
    "play_ace_pairs": false,
    "max_splits": 4,
    "decks": 6,
    "penetration_cards": 46
  },
  "ev": -0.5856683400000042,
  "stddev": 0.7759038094647551,
  "winning_distrib": {
    "-1.0": 76535123,
    "+0.0": 5496588,
    "+1.0": 17968289
  },
  "hands": {
    "total": 100000000,
    "won": 17968289,
    "lost": 76535123,
    "push": 5496588,
    "busted": 36094126,
    "blackjack": 0,
    "doubled": 0,
    "split": 0,
    "insured": 0,
    "surrender": 0
  }
}
