{
  "rounds": 100000000,
  "rules": {
    "game_type": "ahc",
    "soft17": "s17",
    "das": true,
    "bj_pays": 1.5,
    "double_down": "any_two",
    "surrender": "early_surrender",
    "play_ace_pairs": false,
    "max_splits": 4,
    "decks": 6,
    "penetration_cards": 250
  },
  "ev": 0.5365846700000106,
  "stddev": 2.258494829068459,
  "winning_distrib": {
    "-8.0": 48,
    "-7.0": 2345,
    "-6.0": 35595,
    "-5.0": 287516,
    "-4.0": 1559557,
    "-3.0": 7233223,
    "-2.0": 20793862,
    "-1.0": 7154405,
    "+0.0": 7129665,
    "+1.0": 5058623,
    "+2.0": 31223770,
    "+3.0": 14752456,
    "+4.0": 3771962,
    "+5.0": 840976,
    "+6.0": 142307,
    "+7.0": 13179,
    "+8.0": 511
  },
  "hands": {
    "total": 218605380,
    "won": 122499444,
    "lost": 81104479,
    "push": 15001457,
    "busted": 0,
    "blackjack": 0,
    "doubled": 32942588,
    "split": 218605380,
    "insured": 0,
    "surrender": 0
  }
}
