{
  "rounds": 100000000,
  "rules": {
    "game_type": "enhc",
    "soft17": "h17",
    "das": true,
    "double_down": "any_two",
    "surrender": "no_surrender",
    "play_ace_pairs": false,
    "max_splits": 4,
    "decks": 6,
    "penetration_cards": 46
  },
  "ev": -0.3780916300000059,
  "stddev": 0.8832234808499998,
  "winning_distrib": {
    "-1.0": 65056431,
    "+0.0": 7696301,
    "+1.0": 27247268
  },
  "hands": {
    "total": 100000000,
    "won": 27247268,
    "lost": 65056431,
    "push": 7696301,
    "busted": 31506822,
    "blackjack": 0,
    "doubled": 0,
    "split": 0,
    "insured": 0,
    "surrender": 0
  }
}
