{
  "rounds": 100000000,
  "rules": {
    "game_type": "ahc",
    "soft17": "s17",
    "das": true,
    "bj_pays": 1.5,
    "double_down": "any_two",
    "surrender": "early_surrender",
    "play_ace_pairs": false,
    "max_splits": 4,
    "decks": 6,
    "penetration_cards": 250
  },
  "ev": -0.46053170000000043,
  "stddev": 1.9356087803998308,
  "winning_distrib": {
    "-2.0": 60996677,
    "+0.0": 1033231,
    "+2.0": 37970092
  },
  "hands": {
    "total": 100000000,
    "won": 37970092,
    "lost": 60996677,
    "push": 1033231,
    "busted": 0,
    "blackjack": 0,
    "doubled": 100000000,
    "split": 0,
    "insured": 0,
    "surrender": 0
  }
}
