{
  "rounds": 100000000,
  "rules": {
    "game_type": "ahc",
    "soft17": "s17",
    "das": true,
    "double_down": "any_two",
    "surrender": "no_surrender",
    "play_ace_pairs": false,
    "max_splits": 4,
    "decks": 6,
    "penetration_cards": 46
  },
  "ev": -0.25826725000000267,
  "stddev": 0.9101832265328579,
  "winning_distrib": {
    "-1.0": 57670136,
    "+0.0": 10486453,
    "+1.0": 31843411
  },
  "hands": {
    "total": 100000000,
    "won": 31843411,
    "lost": 57670136,
    "push": 10486453,
    "busted": 21132894,
    "blackjack": 0,
    "doubled": 0,
    "split": 0,
    "insured": 0,
    "surrender": 0
  }
}
