{
  "rounds": 100000000,
  "rules": {
    "game_type": "ahc",
    "soft17": "s17",
    "das": true,
    "bj_pays": 1.5,
    "double_down": "any_two",
    "surrender": "early_surrender",
    "play_ace_pairs": false,
    "max_splits": 4,
    "decks": 6,
    "penetration_cards": 250
  },
  "ev": -1.1997871399999875,
  "stddev": 1.5353193030320036,
  "winning_distrib": {
    "-2.0": 77453360,
    "+0.0": 5082637,
    "+2.0": 17464003
  },
  "hands": {
    "total": 100000000,
    "won": 17464003,
    "lost": 77453360,
    "push": 5082637,
    "busted": 66954312,
    "blackjack": 0,
    "doubled": 100000000,
    "split": 0,
    "insured": 0,
    "surrender": 0
  }
}
