{
  "rounds": 100000000,
  "rules": {
    "game_type": "ahc",
    "soft17": "s17",
    "das": true,
    "bj_pays": 1.5,
    "double_down": "any_two",
    "surrender": "early_surrender",
    "play_ace_pairs": false,
    "max_splits": 4,
    "decks": 6,
    "penetration_cards": 250
  },
  "ev": -0.3938241800000003,
  "stddev": 1.8066088751817961,
  "winning_distrib": {
    "-2.0": 52582268,
    "+0.0": 14526673,
    "+2.0": 32891059
  },
  "hands": {
    "total": 100000000,
    "won": 32891059,
    "lost": 52582268,
    "push": 14526673,
    "busted": 0,
    "blackjack": 0,
    "doubled": 100000000,
    "split": 0,
    "insured": 0,
    "surrender": 0
  }
}
