{
  "rounds": 100000000,
  "rules": {
    "game_type": "enhc",
    "soft17": "h17",
    "das": false,
    "double_down": "any_two",
    "surrender": "no_surrender",
    "play_ace_pairs": false,
    "max_splits": 4,
    "decks": 6,
    "penetration_cards": 46
  },
  "ev": 0.7579359600000034,
  "stddev": 0.5524041849862976,
  "winning_distrib": {
    "-1.0": 6084067,
    "+0.0": 12038270,
    "+1.0": 81877663
  },
  "hands": {
    "total": 100000000,
    "won": 81877663,
    "lost": 6084067,
    "push": 12038270,
    "busted": 0,
    "blackjack": 0,
    "doubled": 0,
    "split": 0,
    "insured": 0,
    "surrender": 0
  }
}
