{
  "rounds": 100000000,
  "rules": {
    "game_type": "enhc",
    "soft17": "h17",
    "das": true,
    "double_down": "any_two",
    "surrender": "no_surrender",
    "play_ace_pairs": false,
    "max_splits": 4,
    "decks": 6,
    "penetration_cards": 46
  },
  "ev": 0.1242241700000014,
  "stddev": 0.9563234780833115,
  "winning_distrib": {
    "-1.0": 40288103,
    "+0.0": 7001377,
    "+1.0": 52710520
  },
  "hands": {
    "total": 100000000,
    "won": 52710520,
    "lost": 40288103,
    "push": 7001377,
    "busted": 0,
    "blackjack": 0,
    "doubled": 0,
    "split": 0,
    "insured": 0,
    "surrender": 0
  }
}
