{
  "rounds": 100000000,
  "rules": {
    "game_type": "ahc",
    "soft17": "s17",
    "das": true,
    "bj_pays": 1.5,
    "double_down": "any_two",
    "surrender": "early_surrender",
    "play_ace_pairs": false,
    "max_splits": 4,
    "decks": 6,
    "penetration_cards": 250
  },
  "ev": -0.17380752999999355,
  "stddev": 0.9095589924728817,
  "winning_distrib": {
    "-1.0": 51565707,
    "+0.0": 14249339,
    "+1.0": 34184954
  },
  "hands": {
    "total": 100000000,
    "won": 34184954,
    "lost": 51565707,
    "push": 14249339,
    "busted": 0,
    "blackjack": 0,
    "doubled": 0,
    "split": 0,
    "insured": 0,
    "surrender": 0
  }
}
