{
  "rounds": 100000000,
  "rules": {
    "game_type": "ahc",
    "soft17": "s17",
    "das": true,
    "bj_pays": 1.5,
    "double_down": "any_two",
    "surrender": "early_surrender",
    "play_ace_pairs": false,
    "max_splits": 4,
    "decks": 6,
    "penetration_cards": 250
  },
  "ev": 0.07495554000000103,
  "stddev": 0.9558402043017672,
  "winning_distrib": {
    "-1.0": 42214664,
    "+0.0": 8075118,
    "+1.0": 49710218
  },
  "hands": {
    "total": 100000000,
    "won": 49710218,
    "lost": 42214664,
    "push": 8075118,
    "busted": 2555796,
    "blackjack": 0,
    "doubled": 0,
    "split": 0,
    "insured": 0,
    "surrender": 0
  }
}
