{
  "rounds": 100000000,
  "rules": {
    "game_type": "ahc",
    "soft17": "h17",
    "das": true,
    "double_down": "any_two",
    "surrender": "no_surrender",
    "play_ace_pairs": false,
    "max_splits": 4,
    "decks": 6,
    "penetration_cards": 46
  },
  "ev": -1.7026783399999925,
  "stddev": 1.0382988208003905,
  "winning_distrib": {
    "-2.0": 92281683,
    "+0.0": 570551,
    "+2.0": 7147766
  },
  "hands": {
    "total": 100000000,
    "won": 7147766,
    "lost": 92281683,
    "push": 570551,
    "busted": 92281683,
    "blackjack": 0,
    "doubled": 100000000,
    "split": 0,
    "insured": 0,
    "surrender": 0
  }
}
