{
  "rounds": 100000000,
  "rules": {
    "game_type": "ahc",
    "soft17": "s17",
    "das": true,
    "bj_pays": 1.5,
    "double_down": "any_two",
    "surrender": "early_surrender",
    "play_ace_pairs": false,
    "max_splits": 4,
    "decks": 6,
    "penetration_cards": 250
  },
  "ev": -0.6232925399999939,
  "stddev": 1.8495031343003916,
  "winning_distrib": {
    "-2.0": 63196756,
    "+0.0": 4771115,
    "+2.0": 32032129
  },
  "hands": {
    "total": 100000000,
    "won": 32032129,
    "lost": 63196756,
    "push": 4771115,
    "busted": 43481825,
    "blackjack": 0,
    "doubled": 100000000,
    "split": 0,
    "insured": 0,
    "surrender": 0
  }
}
