{
  "rounds": 10000000000,
  "rules": {
    "game_type": "ahc",
    "soft17": "s17",
    "das": true,
    "bj_pays": 1.5,
    "double_down": "any_two",
    "surrender": "no_surrender",
    "play_ace_pairs": false,
    "max_splits": 4,
    "decks": 6,
    "penetration_cards": 296
  },
  "ev": -0.44766351860007436,
  "stddev": 1.186244903825711,
  "winning_distrib": {
    "-9.0": 200,
    "-7.5": 35790,
    "-6.0": 316372,
    "-4.0": 4478026,
    "-3.0": 143558635,
    "-2.5": 6639,
    "-2.0": 1628595531,
    "-1.0": 3672054754,
    "+0.0": 2393087350,
    "+1.0": 1469605603,
    "+2.0": 632642379,
    "+2.5": 25199,
    "+3.0": 53943753,
    "+4.0": 1649769
  },
  "hands": {
    "total": 10000000000,
    "won": 2647057897,
    "lost": 6641025286,
    "push": 711916817,
    "busted": 2520905775,
    "blackjack": 0,
    "doubled": 0,
    "split": 0,
    "insured": 986375,
    "surrender": 0
  }
}
