{
  "rounds": 100000000,
  "rules": {
    "game_type": "ahc",
    "soft17": "s17",
    "das": true,
    "bj_pays": 1.5,
    "double_down": "any_two",
    "surrender": "early_surrender",
    "play_ace_pairs": false,
    "max_splits": 4,
    "decks": 6,
    "penetration_cards": 250
  },
  "ev": -0.053674209999999466,
  "stddev": 0.9142942729451055,
  "winning_distrib": {
    "-1.0": 44624457,
    "+0.0": 16118507,
    "+1.0": 39257036
  },
  "hands": {
    "total": 100000000,
    "won": 39257036,
    "lost": 44624457,
    "push": 16118507,
    "busted": 23219062,
    "blackjack": 0,
    "doubled": 0,
    "split": 0,
    "insured": 0,
    "surrender": 0
  }
}
