{
  "rounds": 100000000,
  "rules": {
    "game_type": "ahc",
    "soft17": "s17",
    "das": false,
    "double_down": "any_two",
    "surrender": "no_surrender",
    "play_ace_pairs": false,
    "max_splits": 4,
    "decks": 6,
    "penetration_cards": 46
  },
  "ev": 0.17399169000000209,
  "stddev": 0.9185807369245413,
  "winning_distrib": {
    "-1.0": 35003599,
    "+0.0": 12593633,
    "+1.0": 52402768
  },
  "hands": {
    "total": 100000000,
    "won": 52402768,
    "lost": 35003599,
    "push": 12593633,
    "busted": 0,
    "blackjack": 0,
    "doubled": 0,
    "split": 0,
    "insured": 0,
    "surrender": 0
  }
}
