{
  "rounds": 100000000,
  "rules": {
    "game_type": "ahc",
    "soft17": "s17",
    "das": false,
    "double_down": "any_two",
    "surrender": "no_surrender",
    "play_ace_pairs": false,
    "max_splits": 4,
    "decks": 6,
    "penetration_cards": 46
  },
  "ev": -0.393719989999987,
  "stddev": 1.8150727402556974,
  "winning_distrib": {
    "-2.0": 50124810,
    "-1.0": 7565321,
    "+0.0": 8088398,
    "+2.0": 34221471
  },
  "hands": {
    "total": 100000000,
    "won": 34221471,
    "lost": 57690131,
    "push": 8088398,
    "busted": 0,
    "blackjack": 0,
    "doubled": 92434679,
    "split": 0,
    "insured": 0,
    "surrender": 0
  }
}
