{
  "rounds": 100000000,
  "rules": {
    "game_type": "ahc",
    "soft17": "s17",
    "das": true,
    "bj_pays": 1.5,
    "double_down": "any_two",
    "surrender": "early_surrender",
    "play_ace_pairs": false,
    "max_splits": 4,
    "decks": 6,
    "penetration_cards": 250
  },
  "ev": -0.00784789999999971,
  "stddev": 0.9702203872723288,
  "winning_distrib": {
    "-1.0": 47461854,
    "+0.0": 5861082,
    "+1.0": 46677064
  },
  "hands": {
    "total": 100000000,
    "won": 46677064,
    "lost": 47461854,
    "push": 5861082,
    "busted": 2605626,
    "blackjack": 0,
    "doubled": 0,
    "split": 0,
    "insured": 0,
    "surrender": 0
  }
}
