{
  "rounds": 100000000,
  "rules": {
    "game_type": "enhc",
    "soft17": "s17",
    "das": true,
    "double_down": "any_two",
    "surrender": "no_surrender",
    "play_ace_pairs": false,
    "max_splits": 4,
    "decks": 6,
    "penetration_cards": 46
  },
  "ev": -0.39932394000000043,
  "stddev": 1.7105592653290522,
  "winning_distrib": {
    "-4.0": 468548,
    "-3.0": 6765330,
    "-2.0": 28722236,
    "-1.0": 11085573,
    "+0.0": 25659557,
    "+1.0": 11177832,
    "+2.0": 9665626,
    "+3.0": 5562443,
    "+4.0": 892855
  },
  "hands": {
    "total": 200000000,
    "won": 69334667,
    "lost": 114294016,
    "push": 16371317,
    "busted": 81290876,
    "blackjack": 0,
    "doubled": 30865532,
    "split": 200000000,
    "insured": 0,
    "surrender": 0
  }
}
