{
  "rounds": 100000000,
  "rules": {
    "game_type": "ahc",
    "soft17": "s17",
    "das": true,
    "bj_pays": 1.5,
    "double_down": "any_two",
    "surrender": "early_surrender",
    "play_ace_pairs": false,
    "max_splits": 4,
    "decks": 6,
    "penetration_cards": 250
  },
  "ev": -0.38535937000000164,
  "stddev": 0.8514035430993249,
  "winning_distrib": {
    "-1.0": 62937460,
    "+0.0": 12661017,
    "+1.0": 24401523
  },
  "hands": {
    "total": 100000000,
    "won": 24401523,
    "lost": 62937460,
    "push": 12661017,
    "busted": 0,
    "blackjack": 0,
    "doubled": 0,
    "split": 0,
    "insured": 0,
    "surrender": 0
  }
}
