{
  "rounds": 100000000,
  "rules": {
    "game_type": "ahc",
    "soft17": "s17",
    "das": true,
    "bj_pays": 1.5,
    "double_down": "any_two",
    "surrender": "early_surrender",
    "play_ace_pairs": false,
    "max_splits": 4,
    "decks": 6,
    "penetration_cards": 250
  },
  "ev": -0.840869880000019,
  "stddev": 1.7629716832636324,
  "winning_distrib": {
    "-2.0": 68710888,
    "+0.0": 4621718,
    "+2.0": 26667394
  },
  "hands": {
    "total": 100000000,
    "won": 26667394,
    "lost": 68710888,
    "push": 4621718,
    "busted": 54896223,
    "blackjack": 0,
    "doubled": 100000000,
    "split": 0,
    "insured": 0,
    "surrender": 0
  }
}
