{
  "rounds": 100000000,
  "rules": {
    "game_type": "enhc",
    "soft17": "h17",
    "das": true,
    "double_down": "any_two",
    "surrender": "no_surrender",
    "play_ace_pairs": false,
    "max_splits": 4,
    "decks": 6,
    "penetration_cards": 46
  },
  "ev": 0.14742280999999754,
  "stddev": 2.7072198208460936,
  "winning_distrib": {
    "-8.0": 2940,
    "-7.0": 34910,
    "-6.0": 231324,
    "-5.0": 947141,
    "-4.0": 4382102,
    "-3.0": 15022444,
    "-2.0": 21295375,
    "-1.0": 5442385,
    "+0.0": 3579904,
    "+1.0": 4915024,
    "+2.0": 17484127,
    "+3.0": 17552370,
    "+4.0": 7013821,
    "+5.0": 1517384,
    "+6.0": 481303,
    "+7.0": 87283,
    "+8.0": 10163
  },
  "hands": {
    "total": 216715907,
    "won": 101357150,
    "lost": 101776638,
    "push": 13582119,
    "busted": 0,
    "blackjack": 0,
    "doubled": 72091383,
    "split": 216715907,
    "insured": 0,
    "surrender": 0
  }
}
