{
  "rounds": 100000000,
  "rules": {
    "game_type": "ahc",
    "soft17": "s17",
    "das": true,
    "bj_pays": 1.5,
    "double_down": "any_two",
    "surrender": "early_surrender",
    "play_ace_pairs": false,
    "max_splits": 4,
    "decks": 6,
    "penetration_cards": 250
  },
  "ev": -1.300049270000016,
  "stddev": 1.3868855197192775,
  "winning_distrib": {
    "-2.0": 74669621,
    "-1.0": 8003613,
    "+0.0": 3657802,
    "+2.0": 13668964
  },
  "hands": {
    "total": 100000000,
    "won": 13668964,
    "lost": 82673234,
    "push": 3657802,
    "busted": 71363139,
    "blackjack": 0,
    "doubled": 91996387,
    "split": 0,
    "insured": 0,
    "surrender": 0
  }
}
