{
  "rounds": 100000000,
  "rules": {
    "game_type": "ahc",
    "soft17": "s17",
    "das": true,
    "bj_pays": 1.5,
    "double_down": "any_two",
    "surrender": "early_surrender",
    "play_ace_pairs": false,
    "max_splits": 4,
    "decks": 6,
    "penetration_cards": 250
  },
  "ev": 0.8246778700000011,
  "stddev": 1.4876654136141323,
  "winning_distrib": {
    "-2.0": 13246072,
    "-1.0": 7240799,
    "+0.0": 19761588,
    "+1.0": 3302352,
    "+2.0": 56449189
  },
  "hands": {
    "total": 200000000,
    "won": 134685784,
    "lost": 52217997,
    "push": 13096219,
    "busted": 0,
    "blackjack": 0,
    "doubled": 0,
    "split": 200000000,
    "insured": 0,
    "surrender": 0
  }
}
