{
  "rounds": 100000000,
  "rules": {
    "game_type": "ahc",
    "soft17": "s17",
    "das": true,
    "bj_pays": 1.5,
    "double_down": "any_two",
    "surrender": "early_surrender",
    "play_ace_pairs": false,
    "max_splits": 4,
    "decks": 6,
    "penetration_cards": 250
  },
  "ev": 0.2920746299999908,
  "stddev": 2.700260056628717,
  "winning_distrib": {
    "-8.0": 2564,
    "-7.0": 33013,
    "-6.0": 224923,
    "-5.0": 936201,
    "-4.0": 4005043,
    "-3.0": 13719362,
    "-2.0": 20641978,
    "-1.0": 5338318,
    "+0.0": 3441638,
    "+1.0": 4537944,
    "+2.0": 19262561,
    "+3.0": 18322085,
    "+4.0": 7172839,
    "+5.0": 1717217,
    "+6.0": 537062,
    "+7.0": 97009,
    "+8.0": 10243
  },
  "hands": {
    "total": 218608118,
    "won": 108007271,
    "lost": 96913375,
    "push": 13687472,
    "busted": 0,
    "blackjack": 0,
    "doubled": 68778964,
    "split": 218608118,
    "insured": 0,
    "surrender": 0
  }
}
