{
  "rounds": 100000000,
  "rules": {
    "game_type": "ahc",
    "soft17": "s17",
    "das": true,
    "bj_pays": 1.5,
    "double_down": "any_two",
    "surrender": "early_surrender",
    "play_ace_pairs": false,
    "max_splits": 4,
    "decks": 6,
    "penetration_cards": 250
  },
  "ev": -0.26705035999999205,
  "stddev": 0.9051691628735475,
  "winning_distrib": {
    "-1.0": 57884873,
    "+0.0": 10935290,
    "+1.0": 31179837
  },
  "hands": {
    "total": 100000000,
    "won": 31179837,
    "lost": 57884873,
    "push": 10935290,
    "busted": 0,
    "blackjack": 0,
    "doubled": 0,
    "split": 0,
    "insured": 0,
    "surrender": 0
  }
}
