{
  "rounds": 100000000,
  "rules": {
    "game_type": "ahc",
    "soft17": "s17",
    "das": true,
    "bj_pays": 1.5,
    "double_down": "any_two",
    "surrender": "early_surrender",
    "play_ace_pairs": false,
    "max_splits": 4,
    "decks": 6,
    "penetration_cards": 250
  },
  "ev": 0.0012880299999999934,
  "stddev": 0.9149776824330546,
  "winning_distrib": {
    "-1.0": 41794889,
    "+0.0": 16281419,
    "+1.0": 41923692
  },
  "hands": {
    "total": 100000000,
    "won": 41923692,
    "lost": 41794889,
    "push": 16281419,
    "busted": 0,
    "blackjack": 0,
    "doubled": 0,
    "split": 0,
    "insured": 0,
    "surrender": 0
  }
}
