{
  "rounds": 100000000,
  "rules": {
    "game_type": "ahc",
    "soft17": "s17",
    "das": true,
    "bj_pays": 1.5,
    "double_down": "any_two",
    "surrender": "early_surrender",
    "play_ace_pairs": false,
    "max_splits": 4,
    "decks": 6,
    "penetration_cards": 250
  },
  "ev": -0.15845878999999627,
  "stddev": 2.2836522270307262,
  "winning_distrib": {
    "-8.0": 151,
    "-7.0": 4482,
    "-6.0": 58179,
    "-5.0": 428038,
    "-4.0": 2280133,
    "-3.0": 10894109,
    "-2.0": 29298579,
    "-1.0": 7320145,
    "+0.0": 9264413,
    "+1.0": 5737028,
    "+2.0": 20028810,
    "+3.0": 11042753,
    "+4.0": 2886837,
    "+5.0": 625932,
    "+6.0": 117243,
    "+7.0": 12588,
    "+8.0": 580
  },
  "hands": {
    "total": 217805044,
    "won": 92433552,
    "lost": 115474554,
    "push": 9896938,
    "busted": 8249958,
    "blackjack": 0,
    "doubled": 36977055,
    "split": 217805044,
    "insured": 0,
    "surrender": 0
  }
}
