{
  "rounds": 100000000,
  "rules": {
    "game_type": "ahc",
    "soft17": "s17",
    "das": true,
    "bj_pays": 1.5,
    "double_down": "any_two",
    "surrender": "early_surrender",
    "play_ace_pairs": false,
    "max_splits": 4,
    "decks": 6,
    "penetration_cards": 250
  },
  "ev": 0.6371512699999966,
  "stddev": 0.6852755751034811,
  "winning_distrib": {
    "-1.0": 11920654,
    "+0.0": 12443565,
    "+1.0": 75635781
  },
  "hands": {
    "total": 100000000,
    "won": 75635781,
    "lost": 11920654,
    "push": 12443565,
    "busted": 0,
    "blackjack": 0,
    "doubled": 0,
    "split": 0,
    "insured": 0,
    "surrender": 0
  }
}
