{
  "rounds": 100000000,
  "rules": {
    "game_type": "ahc",
    "soft17": "h17",
    "das": true,
    "double_down": "any_two",
    "surrender": "no_surrender",
    "play_ace_pairs": false,
    "max_splits": 4,
    "decks": 6,
    "penetration_cards": 46
  },
  "ev": -0.6202385600000283,
  "stddev": 1.8488606877945173,
  "winning_distrib": {
    "-2.0": 63043235,
    "+0.0": 4925458,
    "+2.0": 32031307
  },
  "hands": {
    "total": 100000000,
    "won": 32031307,
    "lost": 63043235,
    "push": 4925458,
    "busted": 38602993,
    "blackjack": 0,
    "doubled": 100000000,
    "split": 0,
    "insured": 0,
    "surrender": 0
  }
}
