{
  "rounds": 100000000,
  "rules": {
    "game_type": "ahc",
    "soft17": "s17",
    "das": true,
    "bj_pays": 1.5,
    "double_down": "any_two",
    "surrender": "early_surrender",
    "play_ace_pairs": false,
    "max_splits": 4,
    "decks": 6,
    "penetration_cards": 250
  },
  "ev": 0.05247220999999972,
  "stddev": 0.9612362802232746,
  "winning_distrib": {
    "-1.0": 43712815,
    "+0.0": 7327149,
    "+1.0": 48960036
  },
  "hands": {
    "total": 100000000,
    "won": 48960036,
    "lost": 43712815,
    "push": 7327149,
    "busted": 2500960,
    "blackjack": 0,
    "doubled": 0,
    "split": 0,
    "insured": 0,
    "surrender": 0
  }
}
