{
  "rounds": 100000000,
  "rules": {
    "game_type": "ahc",
    "soft17": "h17",
    "das": true,
    "double_down": "any_two",
    "surrender": "no_surrender",
    "play_ace_pairs": false,
    "max_splits": 4,
    "decks": 6,
    "penetration_cards": 46
  },
  "ev": 0.14770968999999923,
  "stddev": 2.70648362099806,
  "winning_distrib": {
    "-8.0": 2960,
    "-7.0": 34715,
    "-6.0": 230693,
    "-5.0": 944111,
    "-4.0": 4377351,
    "-3.0": 15017414,
    "-2.0": 21301120,
    "-1.0": 5445084,
    "+0.0": 3576340,
    "+1.0": 4915729,
    "+2.0": 17496202,
    "+3.0": 17559770,
    "+4.0": 7011874,
    "+5.0": 1510995,
    "+6.0": 478172,
    "+7.0": 87369,
    "+8.0": 10101
  },
  "hands": {
    "total": 216656736,
    "won": 101341331,
    "lost": 101733786,
    "push": 13581619,
    "busted": 0,
    "blackjack": 0,
    "doubled": 72082849,
    "split": 216656736,
    "insured": 0,
    "surrender": 0
  }
}
