{
  "rounds": 100000000,
  "rules": {
    "game_type": "ahc",
    "soft17": "s17",
    "das": false,
    "double_down": "any_two",
    "surrender": "no_surrender",
    "play_ace_pairs": false,
    "max_splits": 4,
    "decks": 6,
    "penetration_cards": 46
  },
  "ev": -0.3719355199999985,
  "stddev": 0.8911864097395495,
  "winning_distrib": {
    "-1.0": 65224238,
    "+0.0": 6745076,
    "+1.0": 28030686
  },
  "hands": {
    "total": 100000000,
    "won": 28030686,
    "lost": 65224238,
    "push": 6745076,
    "busted": 55379344,
    "blackjack": 0,
    "doubled": 0,
    "split": 0,
    "insured": 0,
    "surrender": 0
  }
}
