{
  "rounds": 100000000,
  "rules": {
    "game_type": "ahc",
    "soft17": "h17",
    "das": true,
    "double_down": "any_two",
    "surrender": "no_surrender",
    "play_ace_pairs": false,
    "max_splits": 4,
    "decks": 6,
    "penetration_cards": 46
  },
  "ev": -1.2290772200000255,
  "stddev": 1.5439183822708866,
  "winning_distrib": {
    "-2.0": 79405865,
    "+0.0": 2642131,
    "+2.0": 17952004
  },
  "hands": {
    "total": 100000000,
    "won": 17952004,
    "lost": 79405865,
    "push": 2642131,
    "busted": 76839426,
    "blackjack": 0,
    "doubled": 100000000,
    "split": 0,
    "insured": 0,
    "surrender": 0
  }
}
