{
  "rounds": 100000000,
  "rules": {
    "game_type": "ahc",
    "soft17": "s17",
    "das": true,
    "bj_pays": 1.5,
    "double_down": "any_two",
    "surrender": "early_surrender",
    "play_ace_pairs": false,
    "max_splits": 4,
    "decks": 6,
    "penetration_cards": 250
  },
  "ev": -0.07318751999999758,
  "stddev": 1.9488728088044631,
  "winning_distrib": {
    "-2.0": 49372958,
    "+0.0": 4913460,
    "+2.0": 45713582
  },
  "hands": {
    "total": 100000000,
    "won": 45713582,
    "lost": 49372958,
    "push": 4913460,
    "busted": 0,
    "blackjack": 0,
    "doubled": 100000000,
    "split": 0,
    "insured": 0,
    "surrender": 0
  }
}
