{
  "rounds": 100000000,
  "rules": {
    "game_type": "ahc",
    "soft17": "s17",
    "das": true,
    "bj_pays": 1.5,
    "double_down": "any_two",
    "surrender": "early_surrender",
    "play_ace_pairs": false,
    "max_splits": 4,
    "decks": 6,
    "penetration_cards": 250
  },
  "ev": -0.42288045999999685,
  "stddev": 0.834033011041107,
  "winning_distrib": {
    "-1.0": 64865970,
    "+0.0": 12556106,
    "+1.0": 22577924
  },
  "hands": {
    "total": 100000000,
    "won": 22577924,
    "lost": 64865970,
    "push": 12556106,
    "busted": 0,
    "blackjack": 0,
    "doubled": 0,
    "split": 0,
    "insured": 0,
    "surrender": 0
  }
}
