{
  "rounds": 100000000,
  "rules": {
    "game_type": "ahc",
    "soft17": "s17",
    "das": true,
    "bj_pays": 1.5,
    "double_down": "any_two",
    "surrender": "early_surrender",
    "play_ace_pairs": false,
    "max_splits": 4,
    "decks": 6,
    "penetration_cards": 250
  },
  "ev": -0.19881000999999957,
  "stddev": 0.9291494489892241,
  "winning_distrib": {
    "-1.0": 55082706,
    "+0.0": 9715589,
    "+1.0": 35201705
  },
  "hands": {
    "total": 100000000,
    "won": 35201705,
    "lost": 55082706,
    "push": 9715589,
    "busted": 37430345,
    "blackjack": 0,
    "doubled": 0,
    "split": 0,
    "insured": 0,
    "surrender": 0
  }
}
