{
  "rounds": 100000000,
  "rules": {
    "game_type": "ahc",
    "soft17": "s17",
    "das": true,
    "bj_pays": 1.5,
    "double_down": "any_two",
    "surrender": "early_surrender",
    "play_ace_pairs": false,
    "max_splits": 4,
    "decks": 6,
    "penetration_cards": 250
  },
  "ev": 0.21585427999999449,
  "stddev": 0.9405870393816278,
  "winning_distrib": {
    "-1.0": 35772138,
    "+0.0": 6870296,
    "+1.0": 57357566
  },
  "hands": {
    "total": 100000000,
    "won": 57357566,
    "lost": 35772138,
    "push": 6870296,
    "busted": 0,
    "blackjack": 0,
    "doubled": 0,
    "split": 0,
    "insured": 0,
    "surrender": 0
  }
}
