{
  "rounds": 100000000,
  "rules": {
    "game_type": "ahc",
    "soft17": "s17",
    "das": true,
    "bj_pays": 1.5,
    "double_down": "any_two",
    "surrender": "early_surrender",
    "play_ace_pairs": false,
    "max_splits": 4,
    "decks": 6,
    "penetration_cards": 250
  },
  "ev": 0.6442649399999957,
  "stddev": 2.0196723070531792,
  "winning_distrib": {
    "-8.0": 4,
    "-7.0": 156,
    "-6.0": 5995,
    "-5.0": 99364,
    "-4.0": 814113,
    "-3.0": 4327154,
    "-2.0": 19135273,
    "-1.0": 7530159,
    "+0.0": 11268704,
    "+1.0": 4279948,
    "+2.0": 38375836,
    "+3.0": 11179159,
    "+4.0": 2530923,
    "+5.0": 414673,
    "+6.0": 36929,
    "+7.0": 1581,
    "+8.0": 29
  },
  "hands": {
    "total": 219036582,
    "won": 131445010,
    "lost": 73612749,
    "push": 13978823,
    "busted": 0,
    "blackjack": 0,
    "doubled": 15883689,
    "split": 219036582,
    "insured": 0,
    "surrender": 0
  }
}
