{
  "rounds": 100000000,
  "rules": {
    "game_type": "enhc",
    "soft17": "s17",
    "das": false,
    "double_down": "any_two",
    "surrender": "no_surrender",
    "play_ace_pairs": false,
    "max_splits": 4,
    "decks": 6,
    "penetration_cards": 46
  },
  "ev": -0.9692787100000033,
  "stddev": 1.339624988676572,
  "winning_distrib": {
    "-2.0": 55700698,
    "-1.0": 8458824,
    "+0.0": 22515962,
    "+1.0": 3716683,
    "+2.0": 9607833
  },
  "hands": {
    "total": 200000000,
    "won": 44619933,
    "lost": 141547804,
    "push": 13832263,
    "busted": 80286017,
    "blackjack": 0,
    "doubled": 0,
    "split": 200000000,
    "insured": 0,
    "surrender": 0
  }
}
