{
  "rounds": 100000000,
  "rules": {
    "game_type": "ahc",
    "soft17": "s17",
    "das": true,
    "bj_pays": 1.5,
    "double_down": "any_two",
    "surrender": "early_surrender",
    "play_ace_pairs": false,
    "max_splits": 4,
    "decks": 6,
    "penetration_cards": 250
  },
  "ev": -0.9950177900000089,
  "stddev": 1.4149577335046417,
  "winning_distrib": {
    "-2.0": 52120928,
    "-1.0": 27084237,
    "+0.0": 4882678,
    "+2.0": 15912157
  },
  "hands": {
    "total": 100000000,
    "won": 15912157,
    "lost": 79205165,
    "push": 4882678,
    "busted": 44089590,
    "blackjack": 0,
    "doubled": 72915763,
    "split": 0,
    "insured": 0,
    "surrender": 0
  }
}
