{
  "rounds": 100000000,
  "rules": {
    "game_type": "ahc",
    "soft17": "s17",
    "das": true,
    "bj_pays": 1.5,
    "double_down": "any_two",
    "surrender": "early_surrender",
    "play_ace_pairs": false,
    "max_splits": 4,
    "decks": 6,
    "penetration_cards": 250
  },
  "ev": -0.060387670000000226,
  "stddev": 0.9584243467784868,
  "winning_distrib": {
    "-1.0": 49130578,
    "+0.0": 7777611,
    "+1.0": 43091811
  },
  "hands": {
    "total": 100000000,
    "won": 43091811,
    "lost": 49130578,
    "push": 7777611,
    "busted": 2634085,
    "blackjack": 0,
    "doubled": 0,
    "split": 0,
    "insured": 0,
    "surrender": 0
  }
}
