{
  "rounds": 100000000,
  "rules": {
    "game_type": "ahc",
    "soft17": "s17",
    "das": true,
    "bj_pays": 1.5,
    "double_down": "any_two",
    "surrender": "early_surrender",
    "play_ace_pairs": false,
    "max_splits": 4,
    "decks": 6,
    "penetration_cards": 250
  },
  "ev": -0.0029082400000000523,
  "stddev": 1.9472822651221502,
  "winning_distrib": {
    "-2.0": 47471664,
    "+0.0": 5202084,
    "+2.0": 47326252
  },
  "hands": {
    "total": 100000000,
    "won": 47326252,
    "lost": 47471664,
    "push": 5202084,
    "busted": 0,
    "blackjack": 0,
    "doubled": 100000000,
    "split": 0,
    "insured": 0,
    "surrender": 0
  }
}
