{
  "rounds": 100000000,
  "rules": {
    "game_type": "ahc",
    "soft17": "h17",
    "das": true,
    "double_down": "any_two",
    "surrender": "no_surrender",
    "play_ace_pairs": false,
    "max_splits": 4,
    "decks": 6,
    "penetration_cards": 46
  },
  "ev": 0.7736492000000216,
  "stddev": 0.5681191587747768,
  "winning_distrib": {
    "-1.0": 7382163,
    "+0.0": 7870754,
    "+1.0": 84747083
  },
  "hands": {
    "total": 100000000,
    "won": 84747083,
    "lost": 7382163,
    "push": 7870754,
    "busted": 0,
    "blackjack": 0,
    "doubled": 0,
    "split": 0,
    "insured": 0,
    "surrender": 0
  }
}
