{
  "rounds": 100000000,
  "rules": {
    "game_type": "ahc",
    "soft17": "s17",
    "das": true,
    "bj_pays": 1.5,
    "double_down": "any_two",
    "surrender": "early_surrender",
    "play_ace_pairs": false,
    "max_splits": 4,
    "decks": 6,
    "penetration_cards": 250
  },
  "ev": 0.1590233500000033,
  "stddev": 2.6956294435287402,
  "winning_distrib": {
    "-8.0": 2691,
    "-7.0": 34358,
    "-6.0": 235764,
    "-5.0": 981722,
    "-4.0": 4221858,
    "-3.0": 14442809,
    "-2.0": 21666632,
    "-1.0": 5638073,
    "+0.0": 3631459,
    "+1.0": 4735581,
    "+2.0": 18239210,
    "+3.0": 17161652,
    "+4.0": 6783867,
    "+5.0": 1616647,
    "+6.0": 506403,
    "+7.0": 91511,
    "+8.0": 9763
  },
  "hands": {
    "total": 218608483,
    "won": 102308096,
    "lost": 101786202,
    "push": 14514185,
    "busted": 0,
    "blackjack": 0,
    "doubled": 68778609,
    "split": 218608483,
    "insured": 0,
    "surrender": 0
  }
}
