{
  "rounds": 100000000,
  "rules": {
    "game_type": "ahc",
    "soft17": "s17",
    "das": true,
    "bj_pays": 1.5,
    "double_down": "any_two",
    "surrender": "early_surrender",
    "play_ace_pairs": false,
    "max_splits": 4,
    "decks": 6,
    "penetration_cards": 250
  },
  "ev": -0.29982160999999186,
  "stddev": 0.8955133947610374,
  "winning_distrib": {
    "-1.0": 59582942,
    "+0.0": 10816277,
    "+1.0": 29600781
  },
  "hands": {
    "total": 100000000,
    "won": 29600781,
    "lost": 59582942,
    "push": 10816277,
    "busted": 0,
    "blackjack": 0,
    "doubled": 0,
    "split": 0,
    "insured": 0,
    "surrender": 0
  }
}
