{
  "rounds": 100000000,
  "rules": {
    "game_type": "ahc",
    "soft17": "s17",
    "das": true,
    "bj_pays": 1.5,
    "double_down": "any_two",
    "surrender": "early_surrender",
    "play_ace_pairs": false,
    "max_splits": 4,
    "decks": 6,
    "penetration_cards": 250
  },
  "ev": -0.35079579999999894,
  "stddev": 0.8954653397652826,
  "winning_distrib": {
    "-1.0": 63785583,
    "+0.0": 7508414,
    "+1.0": 28706003
  },
  "hands": {
    "total": 100000000,
    "won": 28706003,
    "lost": 63785583,
    "push": 7508414,
    "busted": 20606730,
    "blackjack": 0,
    "doubled": 0,
    "split": 0,
    "insured": 0,
    "surrender": 0
  }
}
