{
  "rounds": 100000000,
  "rules": {
    "game_type": "ahc",
    "soft17": "h17",
    "das": false,
    "double_down": "any_two",
    "surrender": "no_surrender",
    "play_ace_pairs": false,
    "max_splits": 4,
    "decks": 6,
    "penetration_cards": 46
  },
  "ev": -0.05312669000000047,
  "stddev": 0.9165024785615159,
  "winning_distrib": {
    "-1.0": 44796296,
    "+0.0": 15720077,
    "+1.0": 39483627
  },
  "hands": {
    "total": 100000000,
    "won": 39483627,
    "lost": 44796296,
    "push": 15720077,
    "busted": 19562337,
    "blackjack": 0,
    "doubled": 0,
    "split": 0,
    "insured": 0,
    "surrender": 0
  }
}
