{
  "rounds": 100000000,
  "rules": {
    "game_type": "ahc",
    "soft17": "s17",
    "das": true,
    "bj_pays": 1.5,
    "double_down": "any_two",
    "surrender": "early_surrender",
    "play_ace_pairs": false,
    "max_splits": 4,
    "decks": 6,
    "penetration_cards": 250
  },
  "ev": 0.12134319999999797,
  "stddev": 2.6980268976804593,
  "winning_distrib": {
    "-8.0": 2929,
    "-7.0": 35436,
    "-6.0": 240157,
    "-5.0": 990534,
    "-4.0": 4336418,
    "-3.0": 14794903,
    "-2.0": 21754996,
    "-1.0": 5696728,
    "+0.0": 3701546,
    "+1.0": 4873878,
    "+2.0": 17679273,
    "+3.0": 16949190,
    "+4.0": 6772411,
    "+5.0": 1573230,
    "+6.0": 497905,
    "+7.0": 90429,
    "+8.0": 10037
  },
  "hands": {
    "total": 218179574,
    "won": 100521151,
    "lost": 103067277,
    "push": 14591146,
    "busted": 0,
    "blackjack": 0,
    "doubled": 70006104,
    "split": 218179574,
    "insured": 0,
    "surrender": 0
  }
}
