{
  "rounds": 100000000,
  "rules": {
    "game_type": "ahc",
    "soft17": "s17",
    "das": false,
    "double_down": "any_two",
    "surrender": "no_surrender",
    "play_ace_pairs": false,
    "max_splits": 4,
    "decks": 6,
    "penetration_cards": 46
  },
  "ev": 0.11607391999999976,
  "stddev": 0.9342317345411262,
  "winning_distrib": {
    "-1.0": 38509408,
    "+0.0": 11373792,
    "+1.0": 50116800
  },
  "hands": {
    "total": 100000000,
    "won": 50116800,
    "lost": 38509408,
    "push": 11373792,
    "busted": 21265508,
    "blackjack": 0,
    "doubled": 0,
    "split": 0,
    "insured": 0,
    "surrender": 0
  }
}
