{
  "rounds": 100000000,
  "rules": {
    "game_type": "ahc",
    "soft17": "s17",
    "das": true,
    "bj_pays": 1.5,
    "double_down": "any_two",
    "surrender": "early_surrender",
    "play_ace_pairs": false,
    "max_splits": 4,
    "decks": 6,
    "penetration_cards": 250
  },
  "ev": -0.27664190000001504,
  "stddev": 0.9222419572268954,
  "winning_distrib": {
    "-1.0": 60185143,
    "+0.0": 7293904,
    "+1.0": 32520953
  },
  "hands": {
    "total": 100000000,
    "won": 32520953,
    "lost": 60185143,
    "push": 7293904,
    "busted": 49967851,
    "blackjack": 0,
    "doubled": 0,
    "split": 0,
    "insured": 0,
    "surrender": 0
  }
}
