{
  "rounds": 100000000,
  "rules": {
    "game_type": "ahc",
    "soft17": "s17",
    "das": false,
    "double_down": "any_two",
    "surrender": "no_surrender",
    "play_ace_pairs": false,
    "max_splits": 4,
    "decks": 6,
    "penetration_cards": 46
  },
  "ev": -0.4733036099999973,
  "stddev": 0.8415723081490969,
  "winning_distrib": {
    "-1.0": 70278193,
    "+0.0": 6773975,
    "+1.0": 22947832
  },
  "hands": {
    "total": 100000000,
    "won": 22947832,
    "lost": 70278193,
    "push": 6773975,
    "busted": 48174938,
    "blackjack": 0,
    "doubled": 0,
    "split": 0,
    "insured": 0,
    "surrender": 0
  }
}
