{
  "rounds": 100000000,
  "rules": {
    "game_type": "ahc",
    "soft17": "h17",
    "das": false,
    "double_down": "any_two",
    "surrender": "no_surrender",
    "play_ace_pairs": false,
    "max_splits": 4,
    "decks": 6,
    "penetration_cards": 46
  },
  "ev": 0.5195551799999925,
  "stddev": 1.8562008968293164,
  "winning_distrib": {
    "-2.0": 33453862,
    "+0.0": 7114517,
    "+2.0": 59431621
  },
  "hands": {
    "total": 100000000,
    "won": 59431621,
    "lost": 33453862,
    "push": 7114517,
    "busted": 0,
    "blackjack": 0,
    "doubled": 100000000,
    "split": 0,
    "insured": 0,
    "surrender": 0
  }
}
