{
  "rounds": 100000000,
  "rules": {
    "game_type": "enhc",
    "soft17": "h17",
    "das": false,
    "double_down": "any_two",
    "surrender": "no_surrender",
    "play_ace_pairs": false,
    "max_splits": 4,
    "decks": 6,
    "penetration_cards": 46
  },
  "ev": 0.5734563199999918,
  "stddev": 1.838516478809351,
  "winning_distrib": {
    "-2.0": 32026029,
    "+0.0": 7275126,
    "+2.0": 60698845
  },
  "hands": {
    "total": 100000000,
    "won": 60698845,
    "lost": 32026029,
    "push": 7275126,
    "busted": 0,
    "blackjack": 0,
    "doubled": 100000000,
    "split": 0,
    "insured": 0,
    "surrender": 0
  }
}
