{
  "rounds": 100000000,
  "rules": {
    "game_type": "ahc",
    "soft17": "s17",
    "das": false,
    "double_down": "any_two",
    "surrender": "no_surrender",
    "play_ace_pairs": false,
    "max_splits": 4,
    "decks": 6,
    "penetration_cards": 46
  },
  "ev": -0.30733499000001535,
  "stddev": 0.9003955475394301,
  "winning_distrib": {
    "-1.0": 60625096,
    "+0.0": 9483307,
    "+1.0": 29891597
  },
  "hands": {
    "total": 100000000,
    "won": 29891597,
    "lost": 60625096,
    "push": 9483307,
    "busted": 22579209,
    "blackjack": 0,
    "doubled": 0,
    "split": 0,
    "insured": 0,
    "surrender": 0
  }
}
