{
  "rounds": 100000000,
  "rules": {
    "game_type": "ahc",
    "soft17": "s17",
    "das": true,
    "bj_pays": 1.5,
    "double_down": "any_two",
    "surrender": "early_surrender",
    "play_ace_pairs": false,
    "max_splits": 4,
    "decks": 6,
    "penetration_cards": 250
  },
  "ev": -0.6976382599999925,
  "stddev": 1.8224638189544171,
  "winning_distrib": {
    "-2.0": 65041875,
    "+0.0": 4798163,
    "+2.0": 30159962
  },
  "hands": {
    "total": 100000000,
    "won": 30159962,
    "lost": 65041875,
    "push": 4798163,
    "busted": 52552500,
    "blackjack": 0,
    "doubled": 100000000,
    "split": 0,
    "insured": 0,
    "surrender": 0
  }
}
