{
  "rounds": 100000000,
  "rules": {
    "game_type": "ahc",
    "soft17": "h17",
    "das": false,
    "double_down": "any_two",
    "surrender": "no_surrender",
    "play_ace_pairs": false,
    "max_splits": 4,
    "decks": 6,
    "penetration_cards": 46
  },
  "ev": -1.1787554399999876,
  "stddev": 1.5903718678231211,
  "winning_distrib": {
    "-2.0": 78453224,
    "+0.0": 2031324,
    "+2.0": 19515452
  },
  "hands": {
    "total": 100000000,
    "won": 19515452,
    "lost": 78453224,
    "push": 2031324,
    "busted": 76842925,
    "blackjack": 0,
    "doubled": 100000000,
    "split": 0,
    "insured": 0,
    "surrender": 0
  }
}
