{
  "rounds": 100000000,
  "rules": {
    "game_type": "ahc",
    "soft17": "s17",
    "das": true,
    "bj_pays": 1.5,
    "double_down": "any_two",
    "surrender": "early_surrender",
    "play_ace_pairs": false,
    "max_splits": 4,
    "decks": 6,
    "penetration_cards": 250
  },
  "ev": -1.2269951999999944,
  "stddev": 1.248417091665436,
  "winning_distrib": {
    "-2.0": 57760399,
    "-1.0": 29907364,
    "+0.0": 967916,
    "+2.0": 11364321
  },
  "hands": {
    "total": 100000000,
    "won": 11364321,
    "lost": 87667763,
    "push": 967916,
    "busted": 0,
    "blackjack": 0,
    "doubled": 70092636,
    "split": 0,
    "insured": 0,
    "surrender": 0
  }
}
