{
  "rounds": 100000000,
  "rules": {
    "game_type": "enhc",
    "soft17": "s17",
    "das": false,
    "double_down": "any_two",
    "surrender": "no_surrender",
    "play_ace_pairs": false,
    "max_splits": 4,
    "decks": 6,
    "penetration_cards": 46
  },
  "ev": 0.357755470000001,
  "stddev": 1.517228709425487,
  "winning_distrib": {
    "-2.0": 19012213,
    "-1.0": 8033248,
    "+0.0": 29662253,
    "+1.0": 4751351,
    "+2.0": 38540935
  },
  "hands": {
    "total": 200000000,
    "won": 110438316,
    "lost": 74662769,
    "push": 14898915,
    "busted": 0,
    "blackjack": 0,
    "doubled": 0,
    "split": 200000000,
    "insured": 0,
    "surrender": 0
  }
}
