{
  "rounds": 100000000,
  "rules": {
    "game_type": "ahc",
    "soft17": "h17",
    "das": true,
    "double_down": "any_two",
    "surrender": "no_surrender",
    "play_ace_pairs": false,
    "max_splits": 4,
    "decks": 6,
    "penetration_cards": 46
  },
  "ev": -0.45142922000000896,
  "stddev": 1.8864428681825722,
  "winning_distrib": {
    "-2.0": 58316418,
    "+0.0": 5938625,
    "+2.0": 35744957
  },
  "hands": {
    "total": 100000000,
    "won": 35744957,
    "lost": 58316418,
    "push": 5938625,
    "busted": 0,
    "blackjack": 0,
    "doubled": 100000000,
    "split": 0,
    "insured": 0,
    "surrender": 0
  }
}
