{
  "rounds": 100000000,
  "rules": {
    "game_type": "enhc",
    "soft17": "s17",
    "das": true,
    "double_down": "any_two",
    "surrender": "no_surrender",
    "play_ace_pairs": false,
    "max_splits": 4,
    "decks": 6,
    "penetration_cards": 46
  },
  "ev": 0.1449566900000021,
  "stddev": 0.9209164003888344,
  "winning_distrib": {
    "-1.0": 36207138,
    "+0.0": 13090055,
    "+1.0": 50702807
  },
  "hands": {
    "total": 100000000,
    "won": 50702807,
    "lost": 36207138,
    "push": 13090055,
    "busted": 0,
    "blackjack": 0,
    "doubled": 0,
    "split": 0,
    "insured": 0,
    "surrender": 0
  }
}
