{
  "rounds": 100000000,
  "rules": {
    "game_type": "ahc",
    "soft17": "s17",
    "das": false,
    "double_down": "any_two",
    "surrender": "no_surrender",
    "play_ace_pairs": false,
    "max_splits": 4,
    "decks": 6,
    "penetration_cards": 46
  },
  "ev": -0.14871659999999623,
  "stddev": 0.9297626264423782,
  "winning_distrib": {
    "-1.0": 51764588,
    "+0.0": 11342484,
    "+1.0": 36892928
  },
  "hands": {
    "total": 100000000,
    "won": 36892928,
    "lost": 51764588,
    "push": 11342484,
    "busted": 22806218,
    "blackjack": 0,
    "doubled": 0,
    "split": 0,
    "insured": 0,
    "surrender": 0
  }
}
