{
  "rounds": 100000000,
  "rules": {
    "game_type": "ahc",
    "soft17": "s17",
    "das": true,
    "bj_pays": 1.5,
    "double_down": "any_two",
    "surrender": "early_surrender",
    "play_ace_pairs": false,
    "max_splits": 4,
    "decks": 6,
    "penetration_cards": 250
  },
  "ev": 0.076700869999998,
  "stddev": 0.9731140303226196,
  "winning_distrib": {
    "-1.0": 43806653,
    "+0.0": 4716607,
    "+1.0": 51476740
  },
  "hands": {
    "total": 100000000,
    "won": 51476740,
    "lost": 43806653,
    "push": 4716607,
    "busted": 0,
    "blackjack": 0,
    "doubled": 0,
    "split": 0,
    "insured": 0,
    "surrender": 0
  }
}
