{
  "rounds": 100000000,
  "rules": {
    "game_type": "ahc",
    "soft17": "s17",
    "das": true,
    "bj_pays": 1.5,
    "double_down": "any_two",
    "surrender": "early_surrender",
    "play_ace_pairs": false,
    "max_splits": 4,
    "decks": 6,
    "penetration_cards": 250
  },
  "ev": 0.7809177199999845,
  "stddev": 1.7566723386701846,
  "winning_distrib": {
    "-2.0": 26673684,
    "+0.0": 7606746,
    "+2.0": 65719570
  },
  "hands": {
    "total": 100000000,
    "won": 65719570,
    "lost": 26673684,
    "push": 7606746,
    "busted": 0,
    "blackjack": 0,
    "doubled": 100000000,
    "split": 0,
    "insured": 0,
    "surrender": 0
  }
}
