{
  "rounds": 100000000,
  "rules": {
    "game_type": "ahc",
    "soft17": "h17",
    "das": true,
    "double_down": "any_two",
    "surrender": "no_surrender",
    "play_ace_pairs": false,
    "max_splits": 4,
    "decks": 6,
    "penetration_cards": 46
  },
  "ev": 0.04019956999999966,
  "stddev": 0.9638690750627202,
  "winning_distrib": {
    "-1.0": 44523001,
    "+0.0": 6934041,
    "+1.0": 48542958
  },
  "hands": {
    "total": 100000000,
    "won": 48542958,
    "lost": 44523001,
    "push": 6934041,
    "busted": 0,
    "blackjack": 0,
    "doubled": 0,
    "split": 0,
    "insured": 0,
    "surrender": 0
  }
}
