{
  "rounds": 100000000,
  "rules": {
    "game_type": "ahc",
    "soft17": "s17",
    "das": true,
    "bj_pays": 1.5,
    "double_down": "any_two",
    "surrender": "early_surrender",
    "play_ace_pairs": false,
    "max_splits": 4,
    "decks": 6,
    "penetration_cards": 250
  },
  "ev": -0.31941611999999214,
  "stddev": 0.9224834474362716,
  "winning_distrib": {
    "-1.0": 63620924,
    "+0.0": 4699764,
    "+1.0": 31679312
  },
  "hands": {
    "total": 100000000,
    "won": 31679312,
    "lost": 63620924,
    "push": 4699764,
    "busted": 40814385,
    "blackjack": 0,
    "doubled": 0,
    "split": 0,
    "insured": 0,
    "surrender": 0
  }
}
