{
  "rounds": 100000000,
  "rules": {
    "game_type": "ahc",
    "soft17": "s17",
    "das": true,
    "bj_pays": 1.5,
    "double_down": "any_two",
    "surrender": "early_surrender",
    "play_ace_pairs": false,
    "max_splits": 4,
    "decks": 6,
    "penetration_cards": 250
  },
  "ev": -0.1649749100000016,
  "stddev": 0.9291432062408721,
  "winning_distrib": {
    "-1.0": 52774936,
    "+0.0": 10947619,
    "+1.0": 36277445
  },
  "hands": {
    "total": 100000000,
    "won": 36277445,
    "lost": 52774936,
    "push": 10947619,
    "busted": 20411023,
    "blackjack": 0,
    "doubled": 0,
    "split": 0,
    "insured": 0,
    "surrender": 0
  }
}
