{
  "rounds": 100000000,
  "rules": {
    "game_type": "enhc",
    "soft17": "h17",
    "das": true,
    "bj_pays": 1.5,
    "double_down": "any_two",
    "surrender": "no_surrender",
    "play_ace_pairs": false,
    "max_splits": 4,
    "decks": 6,
    "penetration_cards": 250
  },
  "ev": -0.4723635799999941,
  "stddev": 1.933382964047523,
  "winning_distrib": {
    "-2.0": 61322802,
    "+0.0": 972575,
    "+2.0": 37704623
  },
  "hands": {
    "total": 100000000,
    "won": 37704623,
    "lost": 61322802,
    "push": 972575,
    "busted": 0,
    "blackjack": 0,
    "doubled": 100000000,
    "split": 0,
    "insured": 0,
    "surrender": 0
  }
}
