{
  "rounds": 100000000,
  "rules": {
    "game_type": "ahc",
    "soft17": "h17",
    "das": true,
    "double_down": "any_two",
    "surrender": "no_surrender",
    "play_ace_pairs": false,
    "max_splits": 4,
    "decks": 6,
    "penetration_cards": 46
  },
  "ev": -0.21069353000000085,
  "stddev": 0.915216616322249,
  "winning_distrib": {
    "-1.0": 54635337,
    "+0.0": 11798679,
    "+1.0": 33565984
  },
  "hands": {
    "total": 100000000,
    "won": 33565984,
    "lost": 54635337,
    "push": 11798679,
    "busted": 26246115,
    "blackjack": 0,
    "doubled": 0,
    "split": 0,
    "insured": 0,
    "surrender": 0
  }
}
