{
  "rounds": 100000000,
  "rules": {
    "game_type": "ahc",
    "soft17": "s17",
    "das": true,
    "bj_pays": 1.5,
    "double_down": "any_two",
    "surrender": "early_surrender",
    "play_ace_pairs": false,
    "max_splits": 4,
    "decks": 6,
    "penetration_cards": 250
  },
  "ev": -0.3761546000000002,
  "stddev": 1.9151844176418509,
  "winning_distrib": {
    "-2.0": 57021660,
    "+0.0": 4764410,
    "+2.0": 38213930
  },
  "hands": {
    "total": 100000000,
    "won": 38213930,
    "lost": 57021660,
    "push": 4764410,
    "busted": 0,
    "blackjack": 0,
    "doubled": 100000000,
    "split": 0,
    "insured": 0,
    "surrender": 0
  }
}
