{
  "rounds": 100000000,
  "rules": {
    "game_type": "ahc",
    "soft17": "h17",
    "das": true,
    "double_down": "any_two",
    "surrender": "no_surrender",
    "play_ace_pairs": false,
    "max_splits": 4,
    "decks": 6,
    "penetration_cards": 46
  },
  "ev": -0.5841561999999879,
  "stddev": 1.8628751887081794,
  "winning_distrib": {
    "-2.0": 62248185,
    "+0.0": 4711440,
    "+2.0": 33040375
  },
  "hands": {
    "total": 100000000,
    "won": 33040375,
    "lost": 62248185,
    "push": 4711440,
    "busted": 38597714,
    "blackjack": 0,
    "doubled": 100000000,
    "split": 0,
    "insured": 0,
    "surrender": 0
  }
}
