{
  "rounds": 100000000,
  "rules": {
    "game_type": "ahc",
    "soft17": "s17",
    "das": true,
    "bj_pays": 1.5,
    "double_down": "any_two",
    "surrender": "early_surrender",
    "play_ace_pairs": false,
    "max_splits": 4,
    "decks": 6,
    "penetration_cards": 250
  },
  "ev": -0.13815194999999736,
  "stddev": 0.93125610730002,
  "winning_distrib": {
    "-1.0": 51223792,
    "+0.0": 11367611,
    "+1.0": 37408597
  },
  "hands": {
    "total": 100000000,
    "won": 37408597,
    "lost": 51223792,
    "push": 11367611,
    "busted": 22954949,
    "blackjack": 0,
    "doubled": 0,
    "split": 0,
    "insured": 0,
    "surrender": 0
  }
}
