{
  "rounds": 100000000,
  "rules": {
    "game_type": "ahc",
    "soft17": "h17",
    "das": false,
    "double_down": "any_two",
    "surrender": "no_surrender",
    "play_ace_pairs": false,
    "max_splits": 4,
    "decks": 6,
    "penetration_cards": 46
  },
  "ev": 0.19702690000000153,
  "stddev": 1.9467790215060314,
  "winning_distrib": {
    "-2.0": 42933929,
    "+0.0": 4280797,
    "+2.0": 52785274
  },
  "hands": {
    "total": 100000000,
    "won": 52785274,
    "lost": 42933929,
    "push": 4280797,
    "busted": 0,
    "blackjack": 0,
    "doubled": 100000000,
    "split": 0,
    "insured": 0,
    "surrender": 0
  }
}
