{
  "rounds": 100000000,
  "rules": {
    "game_type": "enhc",
    "soft17": "s17",
    "das": false,
    "double_down": "any_two",
    "surrender": "no_surrender",
    "play_ace_pairs": false,
    "max_splits": 4,
    "decks": 6,
    "penetration_cards": 46
  },
  "ev": -0.7152792200000174,
  "stddev": 1.7876015521898085,
  "winning_distrib": {
    "-2.0": 64221276,
    "+0.0": 7321409,
    "+2.0": 28457315
  },
  "hands": {
    "total": 100000000,
    "won": 28457315,
    "lost": 64221276,
    "push": 7321409,
    "busted": 0,
    "blackjack": 0,
    "doubled": 100000000,
    "split": 0,
    "insured": 0,
    "surrender": 0
  }
}
