{
  "rounds": 100000000,
  "rules": {
    "game_type": "ahc",
    "soft17": "s17",
    "das": true,
    "bj_pays": 1.5,
    "double_down": "any_two",
    "surrender": "early_surrender",
    "play_ace_pairs": false,
    "max_splits": 4,
    "decks": 6,
    "penetration_cards": 250
  },
  "ev": -0.14843983999999477,
  "stddev": 1.6471435034724717,
  "winning_distrib": {
    "-2.0": 24852938,
    "-1.0": 34792024,
    "+0.0": 5528080,
    "+2.0": 34826958
  },
  "hands": {
    "total": 100000000,
    "won": 34826958,
    "lost": 59644962,
    "push": 5528080,
    "busted": 0,
    "blackjack": 0,
    "doubled": 65207976,
    "split": 0,
    "insured": 0,
    "surrender": 0
  }
}
