{
  "rounds": 100000000,
  "rules": {
    "game_type": "enhc",
    "soft17": "s17",
    "das": false,
    "double_down": "any_two",
    "surrender": "no_surrender",
    "play_ace_pairs": false,
    "max_splits": 4,
    "decks": 6,
    "penetration_cards": 46
  },
  "ev": -0.37212721000000565,
  "stddev": 0.8911150304637965,
  "winning_distrib": {
    "-1.0": 65234593,
    "+0.0": 6743535,
    "+1.0": 28021872
  },
  "hands": {
    "total": 100000000,
    "won": 28021872,
    "lost": 65234593,
    "push": 6743535,
    "busted": 55384014,
    "blackjack": 0,
    "doubled": 0,
    "split": 0,
    "insured": 0,
    "surrender": 0
  }
}
