{
  "rounds": 100000000,
  "rules": {
    "game_type": "ahc",
    "soft17": "h17",
    "das": false,
    "double_down": "any_two",
    "surrender": "no_surrender",
    "play_ace_pairs": false,
    "max_splits": 4,
    "decks": 6,
    "penetration_cards": 46
  },
  "ev": -0.05958125999999959,
  "stddev": 0.9084546007972601,
  "winning_distrib": {
    "-1.0": 44421047,
    "+0.0": 17116032,
    "+1.0": 38462921
  },
  "hands": {
    "total": 100000000,
    "won": 38462921,
    "lost": 44421047,
    "push": 17116032,
    "busted": 24439667,
    "blackjack": 0,
    "doubled": 0,
    "split": 0,
    "insured": 0,
    "surrender": 0
  }
}
