{
  "rounds": 100000000,
  "rules": {
    "game_type": "enhc",
    "soft17": "s17",
    "das": true,
    "double_down": "any_two",
    "surrender": "no_surrender",
    "play_ace_pairs": false,
    "max_splits": 4,
    "decks": 6,
    "penetration_cards": 46
  },
  "ev": 0.13741551000000152,
  "stddev": 2.7162630066678406,
  "winning_distrib": {
    "-8.0": 3107,
    "-7.0": 35785,
    "-6.0": 233624,
    "-5.0": 958578,
    "-4.0": 4497596,
    "-3.0": 15474775,
    "-2.0": 21034246,
    "-1.0": 4796597,
    "+0.0": 3984723,
    "+1.0": 5340838,
    "+2.0": 16628912,
    "+3.0": 17959701,
    "+4.0": 6932871,
    "+5.0": 1538800,
    "+6.0": 480937,
    "+7.0": 88817,
    "+8.0": 10093
  },
  "hands": {
    "total": 216733981,
    "won": 104631783,
    "lost": 104737037,
    "push": 7365161,
    "busted": 0,
    "blackjack": 0,
    "doubled": 72096633,
    "split": 216733981,
    "insured": 0,
    "surrender": 0
  }
}
