{
  "rounds": 100000000,
  "rules": {
    "game_type": "ahc",
    "soft17": "s17",
    "das": true,
    "double_down": "any_two",
    "surrender": "no_surrender",
    "play_ace_pairs": false,
    "max_splits": 4,
    "decks": 6,
    "penetration_cards": 46
  },
  "ev": -1.2287886099999976,
  "stddev": 1.2507059117062387,
  "winning_distrib": {
    "-2.0": 57574383,
    "-1.0": 30860443,
    "+2.0": 11565174
  },
  "hands": {
    "total": 100000000,
    "won": 11565174,
    "lost": 88434826,
    "push": 0,
    "busted": 0,
    "blackjack": 0,
    "doubled": 69139557,
    "split": 0,
    "insured": 0,
    "surrender": 0
  }
}
