{
  "rounds": 100000000,
  "rules": {
    "game_type": "ahc",
    "soft17": "s17",
    "das": true,
    "bj_pays": 1.5,
    "double_down": "any_two",
    "surrender": "early_surrender",
    "play_ace_pairs": false,
    "max_splits": 4,
    "decks": 6,
    "penetration_cards": 250
  },
  "ev": -0.5501079400000117,
  "stddev": 1.8775074459504224,
  "winning_distrib": {
    "-2.0": 61598360,
    "+0.0": 4308677,
    "+2.0": 34092963
  },
  "hands": {
    "total": 100000000,
    "won": 34092963,
    "lost": 61598360,
    "push": 4308677,
    "busted": 40811511,
    "blackjack": 0,
    "doubled": 100000000,
    "split": 0,
    "insured": 0,
    "surrender": 0
  }
}
