{
  "rounds": 100000000,
  "rules": {
    "game_type": "enhc",
    "soft17": "h17",
    "das": true,
    "bj_pays": 1.5,
    "double_down": "any_two",
    "surrender": "no_surrender",
    "play_ace_pairs": false,
    "max_splits": 4,
    "decks": 6,
    "penetration_cards": 250
  },
  "ev": -1.088035750000005,
  "stddev": 1.2733257607287807,
  "winning_distrib": {
    "-2.0": 59496573,
    "-1.0": 8278133,
    "+0.0": 21650539,
    "+1.0": 2681806,
    "+2.0": 7892949
  },
  "hands": {
    "total": 200000000,
    "won": 39431852,
    "lost": 148235427,
    "push": 12332721,
    "busted": 88085058,
    "blackjack": 0,
    "doubled": 0,
    "split": 200000000,
    "insured": 0,
    "surrender": 0
  }
}
