{
  "rounds": 100000000,
  "rules": {
    "game_type": "ahc",
    "soft17": "s17",
    "das": false,
    "double_down": "any_two",
    "surrender": "no_surrender",
    "play_ace_pairs": false,
    "max_splits": 4,
    "decks": 6,
    "penetration_cards": 46
  },
  "ev": -0.9121544000000023,
  "stddev": 1.7267928133909654,
  "winning_distrib": {
    "-2.0": 70476848,
    "+0.0": 4654024,
    "+2.0": 24869128
  },
  "hands": {
    "total": 100000000,
    "won": 24869128,
    "lost": 70476848,
    "push": 4654024,
    "busted": 61511934,
    "blackjack": 0,
    "doubled": 100000000,
    "split": 0,
    "insured": 0,
    "surrender": 0
  }
}
