{
  "rounds": 100000000,
  "rules": {
    "game_type": "ahc",
    "soft17": "s17",
    "das": true,
    "double_down": "any_two",
    "surrender": "no_surrender",
    "play_ace_pairs": false,
    "max_splits": 4,
    "decks": 6,
    "penetration_cards": 46
  },
  "ev": -0.3781558199999968,
  "stddev": 0.8521337119616106,
  "winning_distrib": {
    "-1.0": 62364475,
    "+0.0": 13086632,
    "+1.0": 24548893
  },
  "hands": {
    "total": 100000000,
    "won": 24548893,
    "lost": 62364475,
    "push": 13086632,
    "busted": 0,
    "blackjack": 0,
    "doubled": 0,
    "split": 0,
    "insured": 0,
    "surrender": 0
  }
}
