{
  "rounds": 100000000,
  "rules": {
    "game_type": "enhc",
    "soft17": "h17",
    "das": true,
    "double_down": "any_two",
    "surrender": "no_surrender",
    "play_ace_pairs": false,
    "max_splits": 4,
    "decks": 6,
    "penetration_cards": 46
  },
  "ev": 0.04457452999999848,
  "stddev": 0.9675354518758091,
  "winning_distrib": {
    "-1.0": 44676860,
    "+0.0": 6188827,
    "+1.0": 49134313
  },
  "hands": {
    "total": 100000000,
    "won": 49134313,
    "lost": 44676860,
    "push": 6188827,
    "busted": 3213729,
    "blackjack": 0,
    "doubled": 0,
    "split": 0,
    "insured": 0,
    "surrender": 0
  }
}
