{
  "rounds": 100000000,
  "rules": {
    "game_type": "ahc",
    "soft17": "s17",
    "das": true,
    "bj_pays": 1.5,
    "double_down": "any_two",
    "surrender": "early_surrender",
    "play_ace_pairs": false,
    "max_splits": 4,
    "decks": 6,
    "penetration_cards": 250
  },
  "ev": -0.4023449499999912,
  "stddev": 0.8428872749745889,
  "winning_distrib": {
    "-1.0": 63734268,
    "+0.0": 12765959,
    "+1.0": 23499773
  },
  "hands": {
    "total": 100000000,
    "won": 23499773,
    "lost": 63734268,
    "push": 12765959,
    "busted": 0,
    "blackjack": 0,
    "doubled": 0,
    "split": 0,
    "insured": 0,
    "surrender": 0
  }
}
