{
  "rounds": 100000000,
  "rules": {
    "game_type": "enhc",
    "soft17": "s17",
    "das": false,
    "double_down": "any_two",
    "surrender": "no_surrender",
    "play_ace_pairs": false,
    "max_splits": 4,
    "decks": 6,
    "penetration_cards": 46
  },
  "ev": -0.05367972000000106,
  "stddev": 0.9164644106891461,
  "winning_distrib": {
    "-1.0": 44823412,
    "+0.0": 15721148,
    "+1.0": 39455440
  },
  "hands": {
    "total": 100000000,
    "won": 39455440,
    "lost": 44823412,
    "push": 15721148,
    "busted": 21256236,
    "blackjack": 0,
    "doubled": 0,
    "split": 0,
    "insured": 0,
    "surrender": 0
  }
}
