{
  "rounds": 100000000,
  "rules": {
    "game_type": "ahc",
    "soft17": "s17",
    "das": true,
    "bj_pays": 1.5,
    "double_down": "any_two",
    "surrender": "early_surrender",
    "play_ace_pairs": false,
    "max_splits": 4,
    "decks": 6,
    "penetration_cards": 250
  },
  "ev": -0.2018201600000063,
  "stddev": 2.3311318875943803,
  "winning_distrib": {
    "-8.0": 102,
    "-7.0": 3365,
    "-6.0": 49156,
    "-5.0": 400575,
    "-4.0": 2263457,
    "-3.0": 11260627,
    "-2.0": 33518876,
    "-1.0": 5509628,
    "+0.0": 5359401,
    "+1.0": 4925297,
    "+2.0": 21927405,
    "+3.0": 11215948,
    "+4.0": 2861869,
    "+5.0": 589268,
    "+6.0": 104156,
    "+7.0": 10408,
    "+8.0": 462
  },
  "hands": {
    "total": 216820647,
    "won": 90889307,
    "lost": 118815662,
    "push": 7115678,
    "busted": 1482809,
    "blackjack": 0,
    "doubled": 34828376,
    "split": 216820647,
    "insured": 0,
    "surrender": 0
  }
}
