{
  "rounds": 10000000000,
  "rules": {
    "game_type": "ahc",
    "soft17": "s17",
    "das": true,
    "bj_pays": 1.5,
    "double_down": "any_two",
    "surrender": "no_surrender",
    "play_ace_pairs": false,
    "max_splits": 4,
    "decks": 6,
    "penetration_cards": 296
  },
  "ev": 0.7096695662004234,
  "stddev": 1.01765709692116,
  "winning_distrib": {
    "-6.0": 238,
    "-5.0": 31197,
    "-4.0": 1580522,
    "-3.0": 31598179,
    "-2.0": 268346132,
    "-1.0": 561962733,
    "+0.0": 3163618173,
    "+1.0": 3888946178,
    "+2.0": 1855316683,
    "+3.0": 217568910,
    "+4.0": 10818377,
    "+5.0": 211166,
    "+6.0": 1499,
    "+7.0": 13
  },
  "hands": {
    "total": 10000000000,
    "won": 7718893176,
    "lost": 1116411777,
    "push": 1164695047,
    "busted": 0,
    "blackjack": 0,
    "doubled": 0,
    "split": 0,
    "insured": 0,
    "surrender": 0
  }
}
