{
  "rounds": 100000000,
  "rules": {
    "game_type": "ahc",
    "soft17": "h17",
    "das": true,
    "double_down": "any_two",
    "surrender": "no_surrender",
    "play_ace_pairs": false,
    "max_splits": 4,
    "decks": 6,
    "penetration_cards": 46
  },
  "ev": 0.12689710000000384,
  "stddev": 1.9510550182087998,
  "winning_distrib": {
    "-2.0": 44611554,
    "+0.0": 4432037,
    "+2.0": 50956409
  },
  "hands": {
    "total": 100000000,
    "won": 50956409,
    "lost": 44611554,
    "push": 4432037,
    "busted": 0,
    "blackjack": 0,
    "doubled": 100000000,
    "split": 0,
    "insured": 0,
    "surrender": 0
  }
}
