{
  "rounds": 100000000,
  "rules": {
    "game_type": "enhc",
    "soft17": "s17",
    "das": false,
    "double_down": "any_two",
    "surrender": "no_surrender",
    "play_ace_pairs": false,
    "max_splits": 4,
    "decks": 6,
    "penetration_cards": 46
  },
  "ev": 0.1618395400000021,
  "stddev": 0.962573203739891,
  "winning_distrib": {
    "-1.0": 39544983,
    "+0.0": 4726080,
    "+1.0": 55728937
  },
  "hands": {
    "total": 100000000,
    "won": 55728937,
    "lost": 39544983,
    "push": 4726080,
    "busted": 0,
    "blackjack": 0,
    "doubled": 0,
    "split": 0,
    "insured": 0,
    "surrender": 0
  }
}
