{
  "rounds": 100000000,
  "rules": {
    "game_type": "ahc",
    "soft17": "s17",
    "das": true,
    "bj_pays": 1.5,
    "double_down": "any_two",
    "surrender": "early_surrender",
    "play_ace_pairs": false,
    "max_splits": 4,
    "decks": 6,
    "penetration_cards": 250
  },
  "ev": -0.27002140999999763,
  "stddev": 0.9163829748195821,
  "winning_distrib": {
    "-1.0": 59134536,
    "+0.0": 8733069,
    "+1.0": 32132395
  },
  "hands": {
    "total": 100000000,
    "won": 32132395,
    "lost": 59134536,
    "push": 8733069,
    "busted": 46129505,
    "blackjack": 0,
    "doubled": 0,
    "split": 0,
    "insured": 0,
    "surrender": 0
  }
}
