{
  "rounds": 100000000,
  "rules": {
    "game_type": "enhc",
    "soft17": "s17",
    "das": true,
    "double_down": "any_two",
    "surrender": "no_surrender",
    "play_ace_pairs": false,
    "max_splits": 4,
    "decks": 6,
    "penetration_cards": 46
  },
  "ev": 0.4225057600000063,
  "stddev": 0.8366010099000822,
  "winning_distrib": {
    "-1.0": 22795330,
    "+0.0": 12158764,
    "+1.0": 65045906
  },
  "hands": {
    "total": 100000000,
    "won": 65045906,
    "lost": 22795330,
    "push": 12158764,
    "busted": 0,
    "blackjack": 0,
    "doubled": 0,
    "split": 0,
    "insured": 0,
    "surrender": 0
  }
}
