{
  "rounds": 100000000,
  "rules": {
    "game_type": "ahc",
    "soft17": "s17",
    "das": true,
    "bj_pays": 1.5,
    "double_down": "any_two",
    "surrender": "early_surrender",
    "play_ace_pairs": false,
    "max_splits": 4,
    "decks": 6,
    "penetration_cards": 250
  },
  "ev": -0.5889565399999773,
  "stddev": 0.776005463906714,
  "winning_distrib": {
    "-1.0": 76900541,
    "+0.0": 5094572,
    "+1.0": 18004887
  },
  "hands": {
    "total": 100000000,
    "won": 18004887,
    "lost": 76900541,
    "push": 5094572,
    "busted": 33780689,
    "blackjack": 0,
    "doubled": 0,
    "split": 0,
    "insured": 0,
    "surrender": 0
  }
}
