{
  "rounds": 100000000,
  "rules": {
    "game_type": "ahc",
    "soft17": "s17",
    "das": true,
    "double_down": "any_two",
    "surrender": "no_surrender",
    "play_ace_pairs": false,
    "max_splits": 4,
    "decks": 6,
    "penetration_cards": 46
  },
  "ev": -0.6378051099999987,
  "stddev": 0.680011467757748,
  "winning_distrib": {
    "-1.0": 75350803,
    "+0.0": 13078905,
    "+1.0": 11570292
  },
  "hands": {
    "total": 100000000,
    "won": 11570292,
    "lost": 75350803,
    "push": 13078905,
    "busted": 0,
    "blackjack": 0,
    "doubled": 0,
    "split": 0,
    "insured": 0,
    "surrender": 0
  }
}
