{
  "rounds": 100000000,
  "rules": {
    "game_type": "ahc",
    "soft17": "s17",
    "das": true,
    "bj_pays": 1.5,
    "double_down": "any_two",
    "surrender": "early_surrender",
    "play_ace_pairs": false,
    "max_splits": 4,
    "decks": 6,
    "penetration_cards": 250
  },
  "ev": 0.7834678800000067,
  "stddev": 1.5039977671620506,
  "winning_distrib": {
    "-2.0": 14004328,
    "-1.0": 7385947,
    "+0.0": 20087568,
    "+1.0": 3302923,
    "+2.0": 55219234
  },
  "hands": {
    "total": 200000000,
    "won": 132572776,
    "lost": 54225988,
    "push": 13201236,
    "busted": 0,
    "blackjack": 0,
    "doubled": 0,
    "split": 200000000,
    "insured": 0,
    "surrender": 0
  }
}
