{
  "rounds": 100000000,
  "rules": {
    "game_type": "ahc",
    "soft17": "s17",
    "das": true,
    "bj_pays": 1.5,
    "double_down": "any_two",
    "surrender": "early_surrender",
    "play_ace_pairs": false,
    "max_splits": 4,
    "decks": 6,
    "penetration_cards": 250
  },
  "ev": 0.009168229999999984,
  "stddev": 0.9650072035332419,
  "winning_distrib": {
    "-1.0": 46107736,
    "+0.0": 6867705,
    "+1.0": 47024559
  },
  "hands": {
    "total": 100000000,
    "won": 47024559,
    "lost": 46107736,
    "push": 6867705,
    "busted": 0,
    "blackjack": 0,
    "doubled": 0,
    "split": 0,
    "insured": 0,
    "surrender": 0
  }
}
