{
  "rounds": 100000000,
  "rules": {
    "game_type": "ahc",
    "soft17": "s17",
    "das": true,
    "bj_pays": 1.5,
    "double_down": "any_two",
    "surrender": "early_surrender",
    "play_ace_pairs": false,
    "max_splits": 4,
    "decks": 6,
    "penetration_cards": 250
  },
  "ev": -0.5231390899999965,
  "stddev": 0.8311004929737767,
  "winning_distrib": {
    "-1.0": 74377081,
    "+0.0": 3559747,
    "+1.0": 22063172
  },
  "hands": {
    "total": 100000000,
    "won": 22063172,
    "lost": 74377081,
    "push": 3559747,
    "busted": 69223637,
    "blackjack": 0,
    "doubled": 0,
    "split": 0,
    "insured": 0,
    "surrender": 0
  }
}
