{
  "rounds": 100000000,
  "rules": {
    "game_type": "enhc",
    "soft17": "h17",
    "das": true,
    "double_down": "any_two",
    "surrender": "no_surrender",
    "play_ace_pairs": false,
    "max_splits": 4,
    "decks": 6,
    "penetration_cards": 46
  },
  "ev": 0.2508351899999967,
  "stddev": 2.042093077986203,
  "winning_distrib": {
    "-8.0": 2,
    "-7.0": 362,
    "-6.0": 9242,
    "-5.0": 126665,
    "-4.0": 983111,
    "-3.0": 5670959,
    "-2.0": 23708320,
    "-1.0": 9017885,
    "+0.0": 13449788,
    "+1.0": 4838764,
    "+2.0": 30824443,
    "+3.0": 9184254,
    "+4.0": 1850246,
    "+5.0": 304039,
    "+6.0": 30368,
    "+7.0": 1523,
    "+8.0": 29
  },
  "hands": {
    "total": 216717786,
    "won": 110600805,
    "lost": 90160303,
    "push": 15956678,
    "busted": 5587799,
    "blackjack": 0,
    "doubled": 18031458,
    "split": 216717786,
    "insured": 0,
    "surrender": 0
  }
}
