{
  "rounds": 100000000,
  "rules": {
    "game_type": "ahc",
    "soft17": "s17",
    "das": true,
    "bj_pays": 1.5,
    "double_down": "any_two",
    "surrender": "early_surrender",
    "play_ace_pairs": false,
    "max_splits": 4,
    "decks": 6,
    "penetration_cards": 250
  },
  "ev": -0.2894529600000043,
  "stddev": 0.9017145845987737,
  "winning_distrib": {
    "-1.0": 59316258,
    "+0.0": 10312780,
    "+1.0": 30370962
  },
  "hands": {
    "total": 100000000,
    "won": 30370962,
    "lost": 59316258,
    "push": 10312780,
    "busted": 21797978,
    "blackjack": 0,
    "doubled": 0,
    "split": 0,
    "insured": 0,
    "surrender": 0
  }
}
