{
  "rounds": 100000000,
  "rules": {
    "game_type": "ahc",
    "soft17": "s17",
    "das": true,
    "bj_pays": 1.5,
    "double_down": "any_two",
    "surrender": "early_surrender",
    "play_ace_pairs": false,
    "max_splits": 4,
    "decks": 6,
    "penetration_cards": 250
  },
  "ev": 0.2500809600000022,
  "stddev": 1.907971307396719,
  "winning_distrib": {
    "-2.0": 40034163,
    "+0.0": 7427626,
    "+2.0": 52538211
  },
  "hands": {
    "total": 100000000,
    "won": 52538211,
    "lost": 40034163,
    "push": 7427626,
    "busted": 0,
    "blackjack": 0,
    "doubled": 100000000,
    "split": 0,
    "insured": 0,
    "surrender": 0
  }
}
