{
  "rounds": 100000000,
  "rules": {
    "game_type": "enhc",
    "soft17": "s17",
    "das": true,
    "double_down": "any_two",
    "surrender": "no_surrender",
    "play_ace_pairs": false,
    "max_splits": 4,
    "decks": 6,
    "penetration_cards": 46
  },
  "ev": 0.17651979000000023,
  "stddev": 0.9455742290690181,
  "winning_distrib": {
    "-1.0": 37437503,
    "+0.0": 7473015,
    "+1.0": 55089482
  },
  "hands": {
    "total": 100000000,
    "won": 55089482,
    "lost": 37437503,
    "push": 7473015,
    "busted": 0,
    "blackjack": 0,
    "doubled": 0,
    "split": 0,
    "insured": 0,
    "surrender": 0
  }
}
