{
  "rounds": 100000000,
  "rules": {
    "game_type": "ahc",
    "soft17": "s17",
    "das": true,
    "bj_pays": 1.5,
    "double_down": "any_two",
    "surrender": "early_surrender",
    "play_ace_pairs": false,
    "max_splits": 4,
    "decks": 6,
    "penetration_cards": 250
  },
  "ev": 0.03481254000000031,
  "stddev": 0.9612473543780022,
  "winning_distrib": {
    "-1.0": 44519792,
    "+0.0": 7479162,
    "+1.0": 48001046
  },
  "hands": {
    "total": 100000000,
    "won": 48001046,
    "lost": 44519792,
    "push": 7479162,
    "busted": 2611450,
    "blackjack": 0,
    "doubled": 0,
    "split": 0,
    "insured": 0,
    "surrender": 0
  }
}
