{
  "rounds": 100000000,
  "rules": {
    "game_type": "ahc",
    "soft17": "s17",
    "das": true,
    "bj_pays": 1.5,
    "double_down": "any_two",
    "surrender": "early_surrender",
    "play_ace_pairs": false,
    "max_splits": 4,
    "decks": 6,
    "penetration_cards": 250
  },
  "ev": 0.5905522800000075,
  "stddev": 1.8356605454939758,
  "winning_distrib": {
    "-2.0": 31716213,
    "+0.0": 7039960,
    "+2.0": 61243827
  },
  "hands": {
    "total": 100000000,
    "won": 61243827,
    "lost": 31716213,
    "push": 7039960,
    "busted": 0,
    "blackjack": 0,
    "doubled": 100000000,
    "split": 0,
    "insured": 0,
    "surrender": 0
  }
}
