{
  "rounds": 100000000,
  "rules": {
    "game_type": "enhc",
    "soft17": "h17",
    "das": false,
    "double_down": "any_two",
    "surrender": "no_surrender",
    "play_ace_pairs": false,
    "max_splits": 4,
    "decks": 6,
    "penetration_cards": 46
  },
  "ev": -0.00796775999999992,
  "stddev": 0.9405736460519111,
  "winning_distrib": {
    "-1.0": 44635501,
    "+0.0": 11525774,
    "+1.0": 43838725
  },
  "hands": {
    "total": 100000000,
    "won": 43838725,
    "lost": 44635501,
    "push": 11525774,
    "busted": 0,
    "blackjack": 0,
    "doubled": 0,
    "split": 0,
    "insured": 0,
    "surrender": 0
  }
}
