{
  "rounds": 100000000,
  "rules": {
    "game_type": "ahc",
    "soft17": "s17",
    "das": false,
    "double_down": "any_two",
    "surrender": "no_surrender",
    "play_ace_pairs": false,
    "max_splits": 4,
    "decks": 6,
    "penetration_cards": 46
  },
  "ev": -0.4212275399999955,
  "stddev": 0.8380014716980027,
  "winning_distrib": {
    "-1.0": 65045332,
    "+0.0": 12032090,
    "+1.0": 22922578
  },
  "hands": {
    "total": 100000000,
    "won": 22922578,
    "lost": 65045332,
    "push": 12032090,
    "busted": 0,
    "blackjack": 0,
    "doubled": 0,
    "split": 0,
    "insured": 0,
    "surrender": 0
  }
}
