{
  "rounds": 100000000,
  "rules": {
    "game_type": "ahc",
    "soft17": "s17",
    "das": true,
    "bj_pays": 1.5,
    "double_down": "any_two",
    "surrender": "early_surrender",
    "play_ace_pairs": false,
    "max_splits": 4,
    "decks": 6,
    "penetration_cards": 250
  },
  "ev": -0.36179405000000114,
  "stddev": 0.9108225204070066,
  "winning_distrib": {
    "-1.0": 66114332,
    "+0.0": 3950741,
    "+1.0": 29934927
  },
  "hands": {
    "total": 100000000,
    "won": 29934927,
    "lost": 66114332,
    "push": 3950741,
    "busted": 50001136,
    "blackjack": 0,
    "doubled": 0,
    "split": 0,
    "insured": 0,
    "surrender": 0
  }
}
