{
  "rounds": 100000000,
  "rules": {
    "game_type": "ahc",
    "soft17": "s17",
    "das": true,
    "double_down": "any_two",
    "surrender": "no_surrender",
    "play_ace_pairs": false,
    "max_splits": 4,
    "decks": 6,
    "penetration_cards": 46
  },
  "ev": -0.5184924500000163,
  "stddev": 1.8001962231101731,
  "winning_distrib": {
    "-8.0": 9,
    "-7.0": 401,
    "-6.0": 11344,
    "-5.0": 158947,
    "-4.0": 1242463,
    "-3.0": 7116151,
    "-2.0": 30573101,
    "-1.0": 17919048,
    "+0.0": 15085812,
    "+1.0": 7711804,
    "+2.0": 14877095,
    "+3.0": 4418587,
    "+4.0": 761561,
    "+5.0": 110836,
    "+6.0": 12099,
    "+7.0": 721,
    "+8.0": 21
  },
  "hands": {
    "total": 207647036,
    "won": 66831954,
    "lost": 120189600,
    "push": 20625482,
    "busted": 39458575,
    "blackjack": 0,
    "doubled": 16621089,
    "split": 199935519,
    "insured": 0,
    "surrender": 0
  }
}
