{
  "rounds": 100000000,
  "rules": {
    "game_type": "enhc",
    "soft17": "s17",
    "das": false,
    "double_down": "any_two",
    "surrender": "no_surrender",
    "play_ace_pairs": false,
    "max_splits": 4,
    "decks": 6,
    "penetration_cards": 46
  },
  "ev": 0.4053977300000064,
  "stddev": 1.8756035203874353,
  "winning_distrib": {
    "-4.0": 424996,
    "-3.0": 2638637,
    "-2.0": 23986667,
    "-1.0": 8093169,
    "+0.0": 13873442,
    "+1.0": 3164918,
    "+2.0": 41444221,
    "+3.0": 5326989,
    "+4.0": 1046961
  },
  "hands": {
    "total": 216706823,
    "won": 121720118,
    "lost": 81180345,
    "push": 13806360,
    "busted": 0,
    "blackjack": 0,
    "doubled": 0,
    "split": 216706823,
    "insured": 0,
    "surrender": 0
  }
}
