{
  "rounds": 100000000,
  "rules": {
    "game_type": "ahc",
    "soft17": "s17",
    "das": true,
    "bj_pays": 1.5,
    "double_down": "any_two",
    "surrender": "early_surrender",
    "play_ace_pairs": false,
    "max_splits": 4,
    "decks": 6,
    "penetration_cards": 250
  },
  "ev": -1.4539448599999902,
  "stddev": 1.3475562185818781,
  "winning_distrib": {
    "-2.0": 85471914,
    "+0.0": 1753415,
    "+2.0": 12774671
  },
  "hands": {
    "total": 100000000,
    "won": 12774671,
    "lost": 85471914,
    "push": 1753415,
    "busted": 84617578,
    "blackjack": 0,
    "doubled": 100000000,
    "split": 0,
    "insured": 0,
    "surrender": 0
  }
}
