{
  "rounds": 100000000,
  "rules": {
    "game_type": "ahc",
    "soft17": "h17",
    "das": false,
    "double_down": "any_two",
    "surrender": "no_surrender",
    "play_ace_pairs": false,
    "max_splits": 4,
    "decks": 6,
    "penetration_cards": 46
  },
  "ev": 0.39406765999998944,
  "stddev": 1.883666179243035,
  "winning_distrib": {
    "-2.0": 36441903,
    "+0.0": 7412811,
    "+2.0": 56145286
  },
  "hands": {
    "total": 100000000,
    "won": 56145286,
    "lost": 36441903,
    "push": 7412811,
    "busted": 0,
    "blackjack": 0,
    "doubled": 100000000,
    "split": 0,
    "insured": 0,
    "surrender": 0
  }
}
