{
  "rounds": 100000000,
  "rules": {
    "game_type": "ahc",
    "soft17": "s17",
    "das": true,
    "bj_pays": 1.5,
    "double_down": "any_two",
    "surrender": "early_surrender",
    "play_ace_pairs": false,
    "max_splits": 4,
    "decks": 6,
    "penetration_cards": 250
  },
  "ev": -1.2193068999999979,
  "stddev": 1.540543964755654,
  "winning_distrib": {
    "-2.0": 78732485,
    "+0.0": 3500375,
    "+2.0": 17767140
  },
  "hands": {
    "total": 100000000,
    "won": 17767140,
    "lost": 78732485,
    "push": 3500375,
    "busted": 77083047,
    "blackjack": 0,
    "doubled": 100000000,
    "split": 0,
    "insured": 0,
    "surrender": 0
  }
}
