{
  "rounds": 100000000,
  "rules": {
    "game_type": "ahc",
    "soft17": "s17",
    "das": false,
    "double_down": "any_two",
    "surrender": "no_surrender",
    "play_ace_pairs": false,
    "max_splits": 4,
    "decks": 6,
    "penetration_cards": 46
  },
  "ev": 0.19858282999999807,
  "stddev": 0.9277241175241316,
  "winning_distrib": {
    "-1.0": 35076217,
    "+0.0": 9989283,
    "+1.0": 54934500
  },
  "hands": {
    "total": 100000000,
    "won": 54934500,
    "lost": 35076217,
    "push": 9989283,
    "busted": 21271037,
    "blackjack": 0,
    "doubled": 0,
    "split": 0,
    "insured": 0,
    "surrender": 0
  }
}
