{
  "rounds": 100000000,
  "rules": {
    "game_type": "enhc",
    "soft17": "s17",
    "das": true,
    "double_down": "any_two",
    "surrender": "no_surrender",
    "play_ace_pairs": false,
    "max_splits": 4,
    "decks": 6,
    "penetration_cards": 46
  },
  "ev": -0.4352783300000019,
  "stddev": 0.861152723300716,
  "winning_distrib": {
    "-1.0": 68316478,
    "+0.0": 6894877,
    "+1.0": 24788645
  },
  "hands": {
    "total": 100000000,
    "won": 24788645,
    "lost": 68316478,
    "push": 6894877,
    "busted": 55564213,
    "blackjack": 0,
    "doubled": 0,
    "split": 0,
    "insured": 0,
    "surrender": 0
  }
}
