{
  "rounds": 100000000,
  "rules": {
    "game_type": "enhc",
    "soft17": "h17",
    "das": false,
    "double_down": "any_two",
    "surrender": "no_surrender",
    "play_ace_pairs": false,
    "max_splits": 4,
    "decks": 6,
    "penetration_cards": 46
  },
  "ev": -0.5508597499999952,
  "stddev": 0.7952362744203425,
  "winning_distrib": {
    "-1.0": 74335347,
    "+0.0": 6415281,
    "+1.0": 19249372
  },
  "hands": {
    "total": 100000000,
    "won": 19249372,
    "lost": 74335347,
    "push": 6415281,
    "busted": 27951509,
    "blackjack": 0,
    "doubled": 0,
    "split": 0,
    "insured": 0,
    "surrender": 0
  }
}
