{
  "rounds": 100000000,
  "rules": {
    "game_type": "ahc",
    "soft17": "s17",
    "das": true,
    "double_down": "any_two",
    "surrender": "no_surrender",
    "play_ace_pairs": false,
    "max_splits": 4,
    "decks": 6,
    "penetration_cards": 46
  },
  "ev": 0.1165475799999963,
  "stddev": 0.9340513852677715,
  "winning_distrib": {
    "-1.0": 38474387,
    "+0.0": 11396468,
    "+1.0": 50129145
  },
  "hands": {
    "total": 100000000,
    "won": 50129145,
    "lost": 38474387,
    "push": 11396468,
    "busted": 21202290,
    "blackjack": 0,
    "doubled": 0,
    "split": 0,
    "insured": 0,
    "surrender": 0
  }
}
