{
  "rounds": 100000000,
  "rules": {
    "game_type": "ahc",
    "soft17": "s17",
    "das": true,
    "bj_pays": 1.5,
    "double_down": "any_two",
    "surrender": "early_surrender",
    "play_ace_pairs": false,
    "max_splits": 4,
    "decks": 6,
    "penetration_cards": 250
  },
  "ev": -0.11279838000000063,
  "stddev": 1.9354019641736095,
  "winning_distrib": {
    "-2.0": 49801262,
    "+0.0": 6037395,
    "+2.0": 44161343
  },
  "hands": {
    "total": 100000000,
    "won": 44161343,
    "lost": 49801262,
    "push": 6037395,
    "busted": 0,
    "blackjack": 0,
    "doubled": 100000000,
    "split": 0,
    "insured": 0,
    "surrender": 0
  }
}
