{
  "rounds": 100000000,
  "rules": {
    "game_type": "enhc",
    "soft17": "h17",
    "das": true,
    "double_down": "any_two",
    "surrender": "no_surrender",
    "play_ace_pairs": false,
    "max_splits": 4,
    "decks": 6,
    "penetration_cards": 46
  },
  "ev": -0.6144215599999885,
  "stddev": 1.8576325635375908,
  "winning_distrib": {
    "-2.0": 63214446,
    "+0.0": 4292186,
    "+2.0": 32493368
  },
  "hands": {
    "total": 100000000,
    "won": 32493368,
    "lost": 63214446,
    "push": 4292186,
    "busted": 46212756,
    "blackjack": 0,
    "doubled": 100000000,
    "split": 0,
    "insured": 0,
    "surrender": 0
  }
}
