{
  "rounds": 100000000,
  "rules": {
    "game_type": "enhc",
    "soft17": "s17",
    "das": true,
    "double_down": "any_two",
    "surrender": "no_surrender",
    "play_ace_pairs": false,
    "max_splits": 4,
    "decks": 6,
    "penetration_cards": 46
  },
  "ev": -0.37303104000000337,
  "stddev": 0.8755597700114836,
  "winning_distrib": {
    "-1.0": 63939405,
    "+0.0": 9424294,
    "+1.0": 26636301
  },
  "hands": {
    "total": 100000000,
    "won": 26636301,
    "lost": 63939405,
    "push": 9424294,
    "busted": 27945014,
    "blackjack": 0,
    "doubled": 0,
    "split": 0,
    "insured": 0,
    "surrender": 0
  }
}
