{
  "rounds": 100000000,
  "rules": {
    "game_type": "ahc",
    "soft17": "s17",
    "das": true,
    "bj_pays": 1.5,
    "double_down": "any_two",
    "surrender": "early_surrender",
    "play_ace_pairs": false,
    "max_splits": 4,
    "decks": 6,
    "penetration_cards": 250
  },
  "ev": -0.13042563000000199,
  "stddev": 2.291309747183953,
  "winning_distrib": {
    "-8.0": 121,
    "-7.0": 3929,
    "-6.0": 55265,
    "-5.0": 419636,
    "-4.0": 2251157,
    "-3.0": 10630423,
    "-2.0": 29298007,
    "-1.0": 8208389,
    "+0.0": 7155245,
    "+1.0": 6036739,
    "+2.0": 21282067,
    "+3.0": 11007105,
    "+4.0": 2904328,
    "+5.0": 621469,
    "+6.0": 114237,
    "+7.0": 11353,
    "+8.0": 530
  },
  "hands": {
    "total": 217423770,
    "won": 89527777,
    "lost": 110152532,
    "push": 17743461,
    "busted": 6048383,
    "blackjack": 0,
    "doubled": 36151526,
    "split": 217423770,
    "insured": 0,
    "surrender": 0
  }
}
