{
  "rounds": 100000000,
  "rules": {
    "game_type": "ahc",
    "soft17": "s17",
    "das": true,
    "bj_pays": 1.5,
    "double_down": "any_two",
    "surrender": "early_surrender",
    "play_ace_pairs": false,
    "max_splits": 4,
    "decks": 6,
    "penetration_cards": 250
  },
  "ev": -0.16074201000000216,
  "stddev": 0.944250382651352,
  "winning_distrib": {
    "-1.0": 53909439,
    "+0.0": 8255323,
    "+1.0": 37835238
  },
  "hands": {
    "total": 100000000,
    "won": 37835238,
    "lost": 53909439,
    "push": 8255323,
    "busted": 44758607,
    "blackjack": 0,
    "doubled": 0,
    "split": 0,
    "insured": 0,
    "surrender": 0
  }
}
