{
  "rounds": 100000000,
  "rules": {
    "game_type": "ahc",
    "soft17": "s17",
    "das": true,
    "bj_pays": 1.5,
    "double_down": "any_two",
    "surrender": "early_surrender",
    "play_ace_pairs": false,
    "max_splits": 4,
    "decks": 6,
    "penetration_cards": 250
  },
  "ev": -0.5657109300000175,
  "stddev": 0.7903483282230893,
  "winning_distrib": {
    "-1.0": 75519513,
    "+0.0": 5532067,
    "+1.0": 18948420
  },
  "hands": {
    "total": 100000000,
    "won": 18948420,
    "lost": 75519513,
    "push": 5532067,
    "busted": 56747384,
    "blackjack": 0,
    "doubled": 0,
    "split": 0,
    "insured": 0,
    "surrender": 0
  }
}
