{
  "rounds": 100000000,
  "rules": {
    "game_type": "ahc",
    "soft17": "s17",
    "das": true,
    "bj_pays": 1.5,
    "double_down": "any_two",
    "surrender": "early_surrender",
    "play_ace_pairs": false,
    "max_splits": 4,
    "decks": 6,
    "penetration_cards": 250
  },
  "ev": -0.5347308800000055,
  "stddev": 0.8103179947036813,
  "winning_distrib": {
    "-1.0": 73864162,
    "+0.0": 5744764,
    "+1.0": 20391074
  },
  "hands": {
    "total": 100000000,
    "won": 20391074,
    "lost": 73864162,
    "push": 5744764,
    "busted": 56628776,
    "blackjack": 0,
    "doubled": 0,
    "split": 0,
    "insured": 0,
    "surrender": 0
  }
}
