{
  "rounds": 100000000,
  "rules": {
    "game_type": "ahc",
    "soft17": "s17",
    "das": true,
    "bj_pays": 1.5,
    "double_down": "any_two",
    "surrender": "early_surrender",
    "play_ace_pairs": false,
    "max_splits": 4,
    "decks": 6,
    "penetration_cards": 250
  },
  "ev": 0.26494163999999787,
  "stddev": 2.7181196333634374,
  "winning_distrib": {
    "-8.0": 3156,
    "-7.0": 33813,
    "-6.0": 221809,
    "-5.0": 893482,
    "-4.0": 4342750,
    "-3.0": 14787710,
    "-2.0": 19488678,
    "-1.0": 4922465,
    "+0.0": 4220648,
    "+1.0": 5394741,
    "+2.0": 16947849,
    "+3.0": 19034421,
    "+4.0": 7482127,
    "+5.0": 1609977,
    "+6.0": 509744,
    "+7.0": 95281,
    "+8.0": 11349
  },
  "hands": {
    "total": 216197225,
    "won": 109120969,
    "lost": 99426764,
    "push": 7649492,
    "busted": 0,
    "blackjack": 0,
    "doubled": 74401908,
    "split": 216197225,
    "insured": 0,
    "surrender": 0
  }
}
