{
  "rounds": 100000000,
  "rules": {
    "game_type": "ahc",
    "soft17": "h17",
    "das": false,
    "double_down": "any_two",
    "surrender": "no_surrender",
    "play_ace_pairs": false,
    "max_splits": 4,
    "decks": 6,
    "penetration_cards": 46
  },
  "ev": -0.44946804999999335,
  "stddev": 0.8541086753594138,
  "winning_distrib": {
    "-1.0": 69049560,
    "+0.0": 6847685,
    "+1.0": 24102755
  },
  "hands": {
    "total": 100000000,
    "won": 24102755,
    "lost": 69049560,
    "push": 6847685,
    "busted": 26957360,
    "blackjack": 0,
    "doubled": 0,
    "split": 0,
    "insured": 0,
    "surrender": 0
  }
}
