{
  "rounds": 100000000,
  "rules": {
    "game_type": "enhc",
    "soft17": "s17",
    "das": true,
    "double_down": "any_two",
    "surrender": "no_surrender",
    "play_ace_pairs": false,
    "max_splits": 4,
    "decks": 6,
    "penetration_cards": 46
  },
  "ev": 0.4134098200000002,
  "stddev": 1.8771109706042954,
  "winning_distrib": {
    "-2.0": 35845420,
    "+0.0": 7638669,
    "+2.0": 56515911
  },
  "hands": {
    "total": 100000000,
    "won": 56515911,
    "lost": 35845420,
    "push": 7638669,
    "busted": 0,
    "blackjack": 0,
    "doubled": 100000000,
    "split": 0,
    "insured": 0,
    "surrender": 0
  }
}
