{
  "rounds": 100000000,
  "rules": {
    "game_type": "ahc",
    "soft17": "s17",
    "das": true,
    "double_down": "any_two",
    "surrender": "no_surrender",
    "play_ace_pairs": false,
    "max_splits": 4,
    "decks": 6,
    "penetration_cards": 46
  },
  "ev": -0.6654674300000047,
  "stddev": 0.7162467834058931,
  "winning_distrib": {
    "-1.0": 81066189,
    "+0.0": 4414365,
    "+1.0": 14519446
  },
  "hands": {
    "total": 100000000,
    "won": 14519446,
    "lost": 81066189,
    "push": 4414365,
    "busted": 42546166,
    "blackjack": 0,
    "doubled": 0,
    "split": 0,
    "insured": 0,
    "surrender": 0
  }
}
