{
  "rounds": 100000000,
  "rules": {
    "game_type": "ahc",
    "soft17": "h17",
    "das": true,
    "double_down": "any_two",
    "surrender": "no_surrender",
    "play_ace_pairs": false,
    "max_splits": 4,
    "decks": 6,
    "penetration_cards": 46
  },
  "ev": 0.23857174000000458,
  "stddev": 1.903653204003352,
  "winning_distrib": {
    "-2.0": 40045856,
    "+0.0": 7979701,
    "+2.0": 51974443
  },
  "hands": {
    "total": 100000000,
    "won": 51974443,
    "lost": 40045856,
    "push": 7979701,
    "busted": 0,
    "blackjack": 0,
    "doubled": 100000000,
    "split": 0,
    "insured": 0,
    "surrender": 0
  }
}
