{
  "rounds": 100000000,
  "rules": {
    "game_type": "enhc",
    "soft17": "s17",
    "das": true,
    "double_down": "any_two",
    "surrender": "no_surrender",
    "play_ace_pairs": false,
    "max_splits": 4,
    "decks": 6,
    "penetration_cards": 46
  },
  "ev": -0.20307517000000444,
  "stddev": 2.337565691049483,
  "winning_distrib": {
    "-8.0": 114,
    "-7.0": 3731,
    "-6.0": 52799,
    "-5.0": 415929,
    "-4.0": 2318383,
    "-3.0": 11481326,
    "-2.0": 33074272,
    "-1.0": 5601249,
    "+0.0": 5505851,
    "+1.0": 5024925,
    "+2.0": 21520328,
    "+3.0": 11348498,
    "+4.0": 2923804,
    "+5.0": 607920,
    "+6.0": 109264,
    "+7.0": 11077,
    "+8.0": 530
  },
  "hands": {
    "total": 216732427,
    "won": 90744460,
    "lost": 118741858,
    "push": 7246109,
    "busted": 1530278,
    "blackjack": 0,
    "doubled": 36054568,
    "split": 216732427,
    "insured": 0,
    "surrender": 0
  }
}
