{
  "rounds": 100000000,
  "rules": {
    "game_type": "ahc",
    "soft17": "s17",
    "das": true,
    "bj_pays": 1.5,
    "double_down": "any_two",
    "surrender": "early_surrender",
    "play_ace_pairs": false,
    "max_splits": 4,
    "decks": 6,
    "penetration_cards": 250
  },
  "ev": -0.05090226000000005,
  "stddev": 0.9076089621441811,
  "winning_distrib": {
    "-1.0": 43862366,
    "+0.0": 17365494,
    "+1.0": 38772140
  },
  "hands": {
    "total": 100000000,
    "won": 38772140,
    "lost": 43862366,
    "push": 17365494,
    "busted": 22544544,
    "blackjack": 0,
    "doubled": 0,
    "split": 0,
    "insured": 0,
    "surrender": 0
  }
}
