{
  "rounds": 100000000,
  "rules": {
    "game_type": "ahc",
    "soft17": "s17",
    "das": true,
    "double_down": "any_two",
    "surrender": "no_surrender",
    "play_ace_pairs": false,
    "max_splits": 4,
    "decks": 6,
    "penetration_cards": 46
  },
  "ev": -0.052350390000001544,
  "stddev": 0.9100534132394715,
  "winning_distrib": {
    "-1.0": 44164408,
    "+0.0": 16906223,
    "+1.0": 38929369
  },
  "hands": {
    "total": 100000000,
    "won": 38929369,
    "lost": 44164408,
    "push": 16906223,
    "busted": 22894909,
    "blackjack": 0,
    "doubled": 0,
    "split": 0,
    "insured": 0,
    "surrender": 0
  }
}
