{
  "rounds": 100000000,
  "rules": {
    "game_type": "enhc",
    "soft17": "s17",
    "das": false,
    "double_down": "any_two",
    "surrender": "no_surrender",
    "play_ace_pairs": false,
    "max_splits": 4,
    "decks": 6,
    "penetration_cards": 46
  },
  "ev": 0.17402232999999986,
  "stddev": 0.9185274667086899,
  "winning_distrib": {
    "-1.0": 34997707,
    "+0.0": 12602353,
    "+1.0": 52399940
  },
  "hands": {
    "total": 100000000,
    "won": 52399940,
    "lost": 34997707,
    "push": 12602353,
    "busted": 0,
    "blackjack": 0,
    "doubled": 0,
    "split": 0,
    "insured": 0,
    "surrender": 0
  }
}
