{
  "rounds": 100000000,
  "rules": {
    "game_type": "ahc",
    "soft17": "s17",
    "das": false,
    "double_down": "any_two",
    "surrender": "no_surrender",
    "play_ace_pairs": false,
    "max_splits": 4,
    "decks": 6,
    "penetration_cards": 46
  },
  "ev": -0.18326741999999396,
  "stddev": 1.9341333175805797,
  "winning_distrib": {
    "-2.0": 51762418,
    "+0.0": 5638535,
    "+2.0": 42599047
  },
  "hands": {
    "total": 100000000,
    "won": 42599047,
    "lost": 51762418,
    "push": 5638535,
    "busted": 0,
    "blackjack": 0,
    "doubled": 100000000,
    "split": 0,
    "insured": 0,
    "surrender": 0
  }
}
