{
  "rounds": 100000000,
  "rules": {
    "game_type": "enhc",
    "soft17": "h17",
    "das": true,
    "bj_pays": 1.5,
    "double_down": "any_two",
    "surrender": "no_surrender",
    "play_ace_pairs": false,
    "max_splits": 4,
    "decks": 6,
    "penetration_cards": 250
  },
  "ev": 0.26158143999999894,
  "stddev": 2.7135260241758914,
  "winning_distrib": {
    "-8.0": 3079,
    "-7.0": 34473,
    "-6.0": 222794,
    "-5.0": 907440,
    "-4.0": 4296706,
    "-3.0": 14694860,
    "-2.0": 19709369,
    "-1.0": 4920278,
    "+0.0": 4169817,
    "+1.0": 5037634,
    "+2.0": 17564451,
    "+3.0": 18964520,
    "+4.0": 7246246,
    "+5.0": 1620888,
    "+6.0": 503810,
    "+7.0": 92989,
    "+8.0": 10646
  },
  "hands": {
    "total": 216725882,
    "won": 109755058,
    "lost": 99429140,
    "push": 7541684,
    "busted": 0,
    "blackjack": 0,
    "doubled": 72088819,
    "split": 216725882,
    "insured": 0,
    "surrender": 0
  }
}
