{
  "rounds": 100000000,
  "rules": {
    "game_type": "ahc",
    "soft17": "s17",
    "das": true,
    "bj_pays": 1.5,
    "double_down": "any_two",
    "surrender": "early_surrender",
    "play_ace_pairs": false,
    "max_splits": 4,
    "decks": 6,
    "penetration_cards": 250
  },
  "ev": -0.3116722999999946,
  "stddev": 0.9188326974238822,
  "winning_distrib": {
    "-1.0": 62653272,
    "+0.0": 5860686,
    "+1.0": 31486042
  },
  "hands": {
    "total": 100000000,
    "won": 31486042,
    "lost": 62653272,
    "push": 5860686,
    "busted": 57041605,
    "blackjack": 0,
    "doubled": 0,
    "split": 0,
    "insured": 0,
    "surrender": 0
  }
}
