{
  "rounds": 100000000,
  "rules": {
    "game_type": "ahc",
    "soft17": "s17",
    "das": true,
    "bj_pays": 1.5,
    "double_down": "any_two",
    "surrender": "early_surrender",
    "play_ace_pairs": false,
    "max_splits": 4,
    "decks": 6,
    "penetration_cards": 250
  },
  "ev": 0.024201129999999682,
  "stddev": 0.9645336720975337,
  "winning_distrib": {
    "-1.0": 45335488,
    "+0.0": 6908911,
    "+1.0": 47755601
  },
  "hands": {
    "total": 100000000,
    "won": 47755601,
    "lost": 45335488,
    "push": 6908911,
    "busted": 0,
    "blackjack": 0,
    "doubled": 0,
    "split": 0,
    "insured": 0,
    "surrender": 0
  }
}
