{
  "rounds": 100000000,
  "rules": {
    "game_type": "ahc",
    "soft17": "s17",
    "das": true,
    "bj_pays": 1.5,
    "double_down": "any_two",
    "surrender": "early_surrender",
    "play_ace_pairs": false,
    "max_splits": 4,
    "decks": 6,
    "penetration_cards": 250
  },
  "ev": -1.4662002600000177,
  "stddev": 1.334519409894567,
  "winning_distrib": {
    "-2.0": 85788572,
    "+0.0": 1732869,
    "+2.0": 12478559
  },
  "hands": {
    "total": 100000000,
    "won": 12478559,
    "lost": 85788572,
    "push": 1732869,
    "busted": 84999734,
    "blackjack": 0,
    "doubled": 100000000,
    "split": 0,
    "insured": 0,
    "surrender": 0
  }
}
