{
  "rounds": 100000000,
  "rules": {
    "game_type": "ahc",
    "soft17": "h17",
    "das": false,
    "double_down": "any_two",
    "surrender": "no_surrender",
    "play_ace_pairs": false,
    "max_splits": 4,
    "decks": 6,
    "penetration_cards": 46
  },
  "ev": 0.669135360000003,
  "stddev": 0.6624604700555385,
  "winning_distrib": {
    "-1.0": 10873032,
    "+0.0": 11340400,
    "+1.0": 77786568
  },
  "hands": {
    "total": 100000000,
    "won": 77786568,
    "lost": 10873032,
    "push": 11340400,
    "busted": 0,
    "blackjack": 0,
    "doubled": 0,
    "split": 0,
    "insured": 0,
    "surrender": 0
  }
}
