{
  "rounds": 100000000,
  "rules": {
    "game_type": "enhc",
    "soft17": "s17",
    "das": false,
    "double_down": "any_two",
    "surrender": "no_surrender",
    "play_ace_pairs": false,
    "max_splits": 4,
    "decks": 6,
    "penetration_cards": 46
  },
  "ev": 0.07300588999999792,
  "stddev": 0.967192276323539,
  "winning_distrib": {
    "-1.0": 43389243,
    "+0.0": 5920925,
    "+1.0": 50689832
  },
  "hands": {
    "total": 100000000,
    "won": 50689832,
    "lost": 43389243,
    "push": 5920925,
    "busted": 3213521,
    "blackjack": 0,
    "doubled": 0,
    "split": 0,
    "insured": 0,
    "surrender": 0
  }
}
