{
  "rounds": 100000000,
  "rules": {
    "game_type": "ahc",
    "soft17": "s17",
    "das": true,
    "bj_pays": 1.5,
    "double_down": "any_two",
    "surrender": "early_surrender",
    "play_ace_pairs": false,
    "max_splits": 4,
    "decks": 6,
    "penetration_cards": 250
  },
  "ev": -0.4786128200000061,
  "stddev": 0.8124017079817168,
  "winning_distrib": {
    "-1.0": 68383979,
    "+0.0": 11093324,
    "+1.0": 20522697
  },
  "hands": {
    "total": 100000000,
    "won": 20522697,
    "lost": 68383979,
    "push": 11093324,
    "busted": 0,
    "blackjack": 0,
    "doubled": 0,
    "split": 0,
    "insured": 0,
    "surrender": 0
  }
}
