{
  "rounds": 100000000,
  "rules": {
    "game_type": "enhc",
    "soft17": "s17",
    "das": false,
    "double_down": "any_two",
    "surrender": "no_surrender",
    "play_ace_pairs": false,
    "max_splits": 4,
    "decks": 6,
    "penetration_cards": 46
  },
  "ev": 0.2580971899999932,
  "stddev": 0.9126523208996006,
  "winning_distrib": {
    "-1.0": 32072561,
    "+0.0": 10045159,
    "+1.0": 57882280
  },
  "hands": {
    "total": 100000000,
    "won": 57882280,
    "lost": 32072561,
    "push": 10045159,
    "busted": 21210404,
    "blackjack": 0,
    "doubled": 0,
    "split": 0,
    "insured": 0,
    "surrender": 0
  }
}
