{
  "rounds": 100000000,
  "rules": {
    "game_type": "ahc",
    "soft17": "s17",
    "das": true,
    "bj_pays": 1.5,
    "double_down": "any_two",
    "surrender": "early_surrender",
    "play_ace_pairs": false,
    "max_splits": 4,
    "decks": 6,
    "penetration_cards": 250
  },
  "ev": -0.05370665999999878,
  "stddev": 0.923209782874297,
  "winning_distrib": {
    "-1.0": 45445368,
    "+0.0": 14479930,
    "+1.0": 40074702
  },
  "hands": {
    "total": 100000000,
    "won": 40074702,
    "lost": 45445368,
    "push": 14479930,
    "busted": 20426514,
    "blackjack": 0,
    "doubled": 0,
    "split": 0,
    "insured": 0,
    "surrender": 0
  }
}
