{
  "rounds": 100000000,
  "rules": {
    "game_type": "enhc",
    "soft17": "s17",
    "das": false,
    "double_down": "any_two",
    "surrender": "no_surrender",
    "play_ace_pairs": false,
    "max_splits": 4,
    "decks": 6,
    "penetration_cards": 46
  },
  "ev": 0.14461256999999925,
  "stddev": 0.9209423234271213,
  "winning_distrib": {
    "-1.0": 36221749,
    "+0.0": 13095245,
    "+1.0": 50683006
  },
  "hands": {
    "total": 100000000,
    "won": 50683006,
    "lost": 36221749,
    "push": 13095245,
    "busted": 0,
    "blackjack": 0,
    "doubled": 0,
    "split": 0,
    "insured": 0,
    "surrender": 0
  }
}
