{
  "rounds": 100000000,
  "rules": {
    "game_type": "ahc",
    "soft17": "s17",
    "das": true,
    "bj_pays": 1.5,
    "double_down": "any_two",
    "surrender": "early_surrender",
    "play_ace_pairs": false,
    "max_splits": 4,
    "decks": 6,
    "penetration_cards": 250
  },
  "ev": -0.3239844500000056,
  "stddev": 0.921360827606249,
  "winning_distrib": {
    "-1.0": 63892807,
    "+0.0": 4612831,
    "+1.0": 31494362
  },
  "hands": {
    "total": 100000000,
    "won": 31494362,
    "lost": 63892807,
    "push": 4612831,
    "busted": 41663001,
    "blackjack": 0,
    "doubled": 0,
    "split": 0,
    "insured": 0,
    "surrender": 0
  }
}
