{
  "rounds": 100000000,
  "rules": {
    "game_type": "ahc",
    "soft17": "s17",
    "das": true,
    "bj_pays": 1.5,
    "double_down": "any_two",
    "surrender": "early_surrender",
    "play_ace_pairs": false,
    "max_splits": 4,
    "decks": 6,
    "penetration_cards": 250
  },
  "ev": 0.7360837400000233,
  "stddev": 1.783948250239413,
  "winning_distrib": {
    "-2.0": 28151539,
    "+0.0": 6892735,
    "+2.0": 64955726
  },
  "hands": {
    "total": 100000000,
    "won": 64955726,
    "lost": 28151539,
    "push": 6892735,
    "busted": 0,
    "blackjack": 0,
    "doubled": 100000000,
    "split": 0,
    "insured": 0,
    "surrender": 0
  }
}
