{
  "rounds": 100000000,
  "rules": {
    "game_type": "ahc",
    "soft17": "s17",
    "das": true,
    "bj_pays": 1.5,
    "double_down": "any_two",
    "surrender": "early_surrender",
    "play_ace_pairs": false,
    "max_splits": 4,
    "decks": 6,
    "penetration_cards": 250
  },
  "ev": -1.4551251799999765,
  "stddev": 1.3510542138579942,
  "winning_distrib": {
    "-2.0": 85662339,
    "+0.0": 1431581,
    "+2.0": 12906080
  },
  "hands": {
    "total": 100000000,
    "won": 12906080,
    "lost": 85662339,
    "push": 1431581,
    "busted": 84898878,
    "blackjack": 0,
    "doubled": 100000000,
    "split": 0,
    "insured": 0,
    "surrender": 0
  }
}
