{
  "rounds": 100000000,
  "rules": {
    "game_type": "ahc",
    "soft17": "s17",
    "das": true,
    "bj_pays": 1.5,
    "double_down": "any_two",
    "surrender": "early_surrender",
    "play_ace_pairs": false,
    "max_splits": 4,
    "decks": 6,
    "penetration_cards": 250
  },
  "ev": 0.17571409000000518,
  "stddev": 0.9457257306002784,
  "winning_distrib": {
    "-1.0": 37477925,
    "+0.0": 7472741,
    "+1.0": 55049334
  },
  "hands": {
    "total": 100000000,
    "won": 55049334,
    "lost": 37477925,
    "push": 7472741,
    "busted": 0,
    "blackjack": 0,
    "doubled": 0,
    "split": 0,
    "insured": 0,
    "surrender": 0
  }
}
