{
  "rounds": 100000000,
  "rules": {
    "game_type": "ahc",
    "soft17": "s17",
    "das": true,
    "bj_pays": 1.5,
    "double_down": "any_two",
    "surrender": "early_surrender",
    "play_ace_pairs": false,
    "max_splits": 4,
    "decks": 6,
    "penetration_cards": 250
  },
  "ev": -0.10032437999999991,
  "stddev": 1.9166279909028416,
  "winning_distrib": {
    "-2.0": 48552207,
    "+0.0": 7911805,
    "+2.0": 43535988
  },
  "hands": {
    "total": 100000000,
    "won": 43535988,
    "lost": 48552207,
    "push": 7911805,
    "busted": 0,
    "blackjack": 0,
    "doubled": 100000000,
    "split": 0,
    "insured": 0,
    "surrender": 0
  }
}
