{
  "rounds": 100000000,
  "rules": {
    "game_type": "ahc",
    "soft17": "s17",
    "das": true,
    "bj_pays": 1.5,
    "double_down": "any_two",
    "surrender": "early_surrender",
    "play_ace_pairs": false,
    "max_splits": 4,
    "decks": 6,
    "penetration_cards": 250
  },
  "ev": -0.12374594000000134,
  "stddev": 0.9289965505661729,
  "winning_distrib": {
    "-1.0": 50104679,
    "+0.0": 12165236,
    "+1.0": 37730085
  },
  "hands": {
    "total": 100000000,
    "won": 37730085,
    "lost": 50104679,
    "push": 12165236,
    "busted": 0,
    "blackjack": 0,
    "doubled": 0,
    "split": 0,
    "insured": 0,
    "surrender": 0
  }
}
