{
  "rounds": 100000000,
  "rules": {
    "game_type": "enhc",
    "soft17": "s17",
    "das": true,
    "double_down": "any_two",
    "surrender": "no_surrender",
    "play_ace_pairs": false,
    "max_splits": 4,
    "decks": 6,
    "penetration_cards": 46
  },
  "ev": -1.4848030200000122,
  "stddev": 1.3035194700465749,
  "winning_distrib": {
    "-2.0": 85917613,
    "+0.0": 2404925,
    "+2.0": 11677462
  },
  "hands": {
    "total": 100000000,
    "won": 11677462,
    "lost": 85917613,
    "push": 2404925,
    "busted": 76979680,
    "blackjack": 0,
    "doubled": 100000000,
    "split": 0,
    "insured": 0,
    "surrender": 0
  }
}
