{
  "rounds": 100000000,
  "rules": {
    "game_type": "ahc",
    "soft17": "s17",
    "das": true,
    "bj_pays": 1.5,
    "double_down": "any_two",
    "surrender": "early_surrender",
    "play_ace_pairs": false,
    "max_splits": 4,
    "decks": 6,
    "penetration_cards": 250
  },
  "ev": -0.40054522999999354,
  "stddev": 0.8918751239263586,
  "winning_distrib": {
    "-1.0": 67821147,
    "+0.0": 4412229,
    "+1.0": 27766624
  },
  "hands": {
    "total": 100000000,
    "won": 27766624,
    "lost": 67821147,
    "push": 4412229,
    "busted": 50005002,
    "blackjack": 0,
    "doubled": 0,
    "split": 0,
    "insured": 0,
    "surrender": 0
  }
}
