{
  "rounds": 100000000,
  "rules": {
    "game_type": "ahc",
    "soft17": "s17",
    "das": false,
    "double_down": "any_two",
    "surrender": "no_surrender",
    "play_ace_pairs": false,
    "max_splits": 4,
    "decks": 6,
    "penetration_cards": 46
  },
  "ev": 0.6391793500000014,
  "stddev": 0.6837084855463967,
  "winning_distrib": {
    "-1.0": 11841409,
    "+0.0": 12399247,
    "+1.0": 75759344
  },
  "hands": {
    "total": 100000000,
    "won": 75759344,
    "lost": 11841409,
    "push": 12399247,
    "busted": 0,
    "blackjack": 0,
    "doubled": 0,
    "split": 0,
    "insured": 0,
    "surrender": 0
  }
}
