{
  "rounds": 100000000,
  "rules": {
    "game_type": "ahc",
    "soft17": "h17",
    "das": true,
    "double_down": "any_two",
    "surrender": "no_surrender",
    "play_ace_pairs": false,
    "max_splits": 4,
    "decks": 6,
    "penetration_cards": 46
  },
  "ev": -0.30770623999999014,
  "stddev": 0.9003267506694126,
  "winning_distrib": {
    "-1.0": 60648881,
    "+0.0": 9472862,
    "+1.0": 29878257
  },
  "hands": {
    "total": 100000000,
    "won": 29878257,
    "lost": 60648881,
    "push": 9472862,
    "busted": 22589671,
    "blackjack": 0,
    "doubled": 0,
    "split": 0,
    "insured": 0,
    "surrender": 0
  }
}
