{
  "rounds": 100000000,
  "rules": {
    "game_type": "ahc",
    "soft17": "h17",
    "das": true,
    "double_down": "any_two",
    "surrender": "no_surrender",
    "play_ace_pairs": false,
    "max_splits": 4,
    "decks": 6,
    "penetration_cards": 46
  },
  "ev": -0.6636143100000084,
  "stddev": 0.7084093185310714,
  "winning_distrib": {
    "-1.0": 80292101,
    "+0.0": 5777229,
    "+1.0": 13930670
  },
  "hands": {
    "total": 100000000,
    "won": 13930670,
    "lost": 80292101,
    "push": 5777229,
    "busted": 0,
    "blackjack": 0,
    "doubled": 0,
    "split": 0,
    "insured": 0,
    "surrender": 0
  }
}
