{
  "rounds": 100000000,
  "rules": {
    "game_type": "ahc",
    "soft17": "s17",
    "das": true,
    "bj_pays": 1.5,
    "double_down": "any_two",
    "surrender": "early_surrender",
    "play_ace_pairs": false,
    "max_splits": 4,
    "decks": 6,
    "penetration_cards": 250
  },
  "ev": 0.04694930999999965,
  "stddev": 0.9390351969486546,
  "winning_distrib": {
    "-1.0": 41852101,
    "+0.0": 11600867,
    "+1.0": 46547032
  },
  "hands": {
    "total": 100000000,
    "won": 46547032,
    "lost": 41852101,
    "push": 11600867,
    "busted": 25329672,
    "blackjack": 0,
    "doubled": 0,
    "split": 0,
    "insured": 0,
    "surrender": 0
  }
}
