{
  "rounds": 100000000,
  "rules": {
    "game_type": "ahc",
    "soft17": "h17",
    "das": true,
    "double_down": "any_two",
    "surrender": "no_surrender",
    "play_ace_pairs": false,
    "max_splits": 4,
    "decks": 6,
    "penetration_cards": 46
  },
  "ev": -0.46968786999999157,
  "stddev": 0.8457653941419405,
  "winning_distrib": {
    "-1.0": 70280683,
    "+0.0": 6407421,
    "+1.0": 23311896
  },
  "hands": {
    "total": 100000000,
    "won": 23311896,
    "lost": 70280683,
    "push": 6407421,
    "busted": 58435412,
    "blackjack": 0,
    "doubled": 0,
    "split": 0,
    "insured": 0,
    "surrender": 0
  }
}
