{
  "rounds": 100000000,
  "rules": {
    "game_type": "ahc",
    "soft17": "h17",
    "das": false,
    "double_down": "any_two",
    "surrender": "no_surrender",
    "play_ace_pairs": false,
    "max_splits": 4,
    "decks": 6,
    "penetration_cards": 46
  },
  "ev": -0.20553009999999441,
  "stddev": 0.9270065623216489,
  "winning_distrib": {
    "-1.0": 55355694,
    "+0.0": 9841622,
    "+1.0": 34802684
  },
  "hands": {
    "total": 100000000,
    "won": 34802684,
    "lost": 55355694,
    "push": 9841622,
    "busted": 31440039,
    "blackjack": 0,
    "doubled": 0,
    "split": 0,
    "insured": 0,
    "surrender": 0
  }
}
