{
  "rounds": 100000000,
  "rules": {
    "game_type": "ahc",
    "soft17": "s17",
    "das": false,
    "double_down": "any_two",
    "surrender": "no_surrender",
    "play_ace_pairs": false,
    "max_splits": 4,
    "decks": 6,
    "penetration_cards": 46
  },
  "ev": -0.3657471400000005,
  "stddev": 0.903781565285578,
  "winning_distrib": {
    "-1.0": 65816961,
    "+0.0": 4940792,
    "+1.0": 29242247
  },
  "hands": {
    "total": 100000000,
    "won": 29242247,
    "lost": 65816961,
    "push": 4940792,
    "busted": 46309882,
    "blackjack": 0,
    "doubled": 0,
    "split": 0,
    "insured": 0,
    "surrender": 0
  }
}
