{
  "rounds": 100000000,
  "rules": {
    "game_type": "enhc",
    "soft17": "s17",
    "das": true,
    "double_down": "any_two",
    "surrender": "no_surrender",
    "play_ace_pairs": false,
    "max_splits": 4,
    "decks": 6,
    "penetration_cards": 46
  },
  "ev": -0.36218929999998944,
  "stddev": 0.9050365402327237,
  "winning_distrib": {
    "-1.0": 65623076,
    "+0.0": 4972778,
    "+1.0": 29404146
  },
  "hands": {
    "total": 100000000,
    "won": 29404146,
    "lost": 65623076,
    "push": 4972778,
    "busted": 46209721,
    "blackjack": 0,
    "doubled": 0,
    "split": 0,
    "insured": 0,
    "surrender": 0
  }
}
