{
  "rounds": 100000000,
  "rules": {
    "game_type": "ahc",
    "soft17": "s17",
    "das": false,
    "double_down": "any_two",
    "surrender": "no_surrender",
    "play_ace_pairs": false,
    "max_splits": 4,
    "decks": 6,
    "penetration_cards": 46
  },
  "ev": -0.7952950400000268,
  "stddev": 1.7839424181222685,
  "winning_distrib": {
    "-2.0": 67569185,
    "+0.0": 4626382,
    "+2.0": 27804433
  },
  "hands": {
    "total": 100000000,
    "won": 27804433,
    "lost": 67569185,
    "push": 4626382,
    "busted": 53943982,
    "blackjack": 0,
    "doubled": 100000000,
    "split": 0,
    "insured": 0,
    "surrender": 0
  }
}
