{
  "rounds": 100000000,
  "rules": {
    "game_type": "ahc",
    "soft17": "s17",
    "das": true,
    "bj_pays": 1.5,
    "double_down": "any_two",
    "surrender": "early_surrender",
    "play_ace_pairs": false,
    "max_splits": 4,
    "decks": 6,
    "penetration_cards": 250
  },
  "ev": -0.2218779600000022,
  "stddev": 0.9516475187392459,
  "winning_distrib": {
    "-1.0": 58837039,
    "+0.0": 4513718,
    "+1.0": 36649243
  },
  "hands": {
    "total": 100000000,
    "won": 36649243,
    "lost": 58837039,
    "push": 4513718,
    "busted": 34787011,
    "blackjack": 0,
    "doubled": 0,
    "split": 0,
    "insured": 0,
    "surrender": 0
  }
}
