{
  "rounds": 100000000,
  "rules": {
    "game_type": "ahc",
    "soft17": "h17",
    "das": false,
    "double_down": "any_two",
    "surrender": "no_surrender",
    "play_ace_pairs": false,
    "max_splits": 4,
    "decks": 6,
    "penetration_cards": 46
  },
  "ev": 0.7913505499999942,
  "stddev": 0.5515883066719158,
  "winning_distrib": {
    "-1.0": 6956740,
    "+0.0": 6951465,
    "+1.0": 86091795
  },
  "hands": {
    "total": 100000000,
    "won": 86091795,
    "lost": 6956740,
    "push": 6951465,
    "busted": 0,
    "blackjack": 0,
    "doubled": 0,
    "split": 0,
    "insured": 0,
    "surrender": 0
  }
}
