{
  "rounds": 100000000,
  "rules": {
    "game_type": "ahc",
    "soft17": "s17",
    "das": true,
    "bj_pays": 1.5,
    "double_down": "any_two",
    "surrender": "early_surrender",
    "play_ace_pairs": false,
    "max_splits": 4,
    "decks": 6,
    "penetration_cards": 250
  },
  "ev": 0.1740715200000034,
  "stddev": 0.9241845023944392,
  "winning_distrib": {
    "-1.0": 35517318,
    "+0.0": 11558212,
    "+1.0": 52924470
  },
  "hands": {
    "total": 100000000,
    "won": 52924470,
    "lost": 35517318,
    "push": 11558212,
    "busted": 20543794,
    "blackjack": 0,
    "doubled": 0,
    "split": 0,
    "insured": 0,
    "surrender": 0
  }
}
