{
  "rounds": 100000000,
  "rules": {
    "game_type": "ahc",
    "soft17": "s17",
    "das": true,
    "bj_pays": 1.5,
    "double_down": "any_two",
    "surrender": "early_surrender",
    "play_ace_pairs": false,
    "max_splits": 4,
    "decks": 6,
    "penetration_cards": 250
  },
  "ev": -0.4787452900000091,
  "stddev": 0.8356165174799847,
  "winning_distrib": {
    "-1.0": 70309865,
    "+0.0": 7254799,
    "+1.0": 22435336
  },
  "hands": {
    "total": 100000000,
    "won": 22435336,
    "lost": 70309865,
    "push": 7254799,
    "busted": 45561720,
    "blackjack": 0,
    "doubled": 0,
    "split": 0,
    "insured": 0,
    "surrender": 0
  }
}
