{
  "rounds": 100000000,
  "rules": {
    "game_type": "ahc",
    "soft17": "s17",
    "das": true,
    "double_down": "any_two",
    "surrender": "no_surrender",
    "play_ace_pairs": false,
    "max_splits": 4,
    "decks": 6,
    "penetration_cards": 46
  },
  "ev": -0.8837072799999999,
  "stddev": 1.4551811380204618,
  "winning_distrib": {
    "-2.0": 46751632,
    "-1.0": 30859156,
    "+0.0": 4393366,
    "+2.0": 17995846
  },
  "hands": {
    "total": 100000000,
    "won": 17995846,
    "lost": 77610788,
    "push": 4393366,
    "busted": 21421341,
    "blackjack": 0,
    "doubled": 69140844,
    "split": 0,
    "insured": 0,
    "surrender": 0
  }
}
