{
  "rounds": 100000000,
  "rules": {
    "game_type": "ahc",
    "soft17": "s17",
    "das": true,
    "bj_pays": 1.5,
    "double_down": "any_two",
    "surrender": "early_surrender",
    "play_ace_pairs": false,
    "max_splits": 4,
    "decks": 6,
    "penetration_cards": 250
  },
  "ev": -1.472909940000021,
  "stddev": 1.3250000325303486,
  "winning_distrib": {
    "-2.0": 85886358,
    "+0.0": 1872781,
    "+2.0": 12240861
  },
  "hands": {
    "total": 100000000,
    "won": 12240861,
    "lost": 85886358,
    "push": 1872781,
    "busted": 84895720,
    "blackjack": 0,
    "doubled": 100000000,
    "split": 0,
    "insured": 0,
    "surrender": 0
  }
}
