{
  "rounds": 100000000,
  "rules": {
    "game_type": "enhc",
    "soft17": "s17",
    "das": true,
    "double_down": "any_two",
    "surrender": "no_surrender",
    "play_ace_pairs": false,
    "max_splits": 4,
    "decks": 6,
    "penetration_cards": 46
  },
  "ev": 0.14945217000000005,
  "stddev": 0.9203113534842692,
  "winning_distrib": {
    "-1.0": 35992838,
    "+0.0": 13069107,
    "+1.0": 50938055
  },
  "hands": {
    "total": 100000000,
    "won": 50938055,
    "lost": 35992838,
    "push": 13069107,
    "busted": 0,
    "blackjack": 0,
    "doubled": 0,
    "split": 0,
    "insured": 0,
    "surrender": 0
  }
}
