{
  "rounds": 100000000,
  "rules": {
    "game_type": "ahc",
    "soft17": "h17",
    "das": true,
    "double_down": "any_two",
    "surrender": "no_surrender",
    "play_ace_pairs": false,
    "max_splits": 4,
    "decks": 6,
    "penetration_cards": 46
  },
  "ev": 0.05552047999999973,
  "stddev": 1.9205779112513515,
  "winning_distrib": {
    "-2.0": 44758263,
    "+0.0": 7707450,
    "+2.0": 47534287
  },
  "hands": {
    "total": 100000000,
    "won": 47534287,
    "lost": 44758263,
    "push": 7707450,
    "busted": 0,
    "blackjack": 0,
    "doubled": 100000000,
    "split": 0,
    "insured": 0,
    "surrender": 0
  }
}
