{
  "rounds": 100000000,
  "rules": {
    "game_type": "ahc",
    "soft17": "s17",
    "das": true,
    "bj_pays": 1.5,
    "double_down": "any_two",
    "surrender": "early_surrender",
    "play_ace_pairs": false,
    "max_splits": 4,
    "decks": 6,
    "penetration_cards": 250
  },
  "ev": -0.1409658100000028,
  "stddev": 0.9720793999774064,
  "winning_distrib": {
    "-1.0": 55288776,
    "+0.0": 3519029,
    "+1.0": 41192195
  },
  "hands": {
    "total": 100000000,
    "won": 41192195,
    "lost": 55288776,
    "push": 3519029,
    "busted": 3327555,
    "blackjack": 0,
    "doubled": 0,
    "split": 0,
    "insured": 0,
    "surrender": 0
  }
}
