{
  "rounds": 100000000,
  "rules": {
    "game_type": "ahc",
    "soft17": "h17",
    "das": true,
    "double_down": "any_two",
    "surrender": "no_surrender",
    "play_ace_pairs": false,
    "max_splits": 4,
    "decks": 6,
    "penetration_cards": 46
  },
  "ev": 0.008250770000000048,
  "stddev": 0.9611978381339792,
  "winning_distrib": {
    "-1.0": 45785929,
    "+0.0": 7603065,
    "+1.0": 46611006
  },
  "hands": {
    "total": 100000000,
    "won": 46611006,
    "lost": 45785929,
    "push": 7603065,
    "busted": 2652553,
    "blackjack": 0,
    "doubled": 0,
    "split": 0,
    "insured": 0,
    "surrender": 0
  }
}
