{
  "rounds": 100000000,
  "rules": {
    "game_type": "ahc",
    "soft17": "s17",
    "das": true,
    "bj_pays": 1.5,
    "double_down": "any_two",
    "surrender": "early_surrender",
    "play_ace_pairs": false,
    "max_splits": 4,
    "decks": 6,
    "penetration_cards": 250
  },
  "ev": -0.09070344999999783,
  "stddev": 0.9752492930882898,
  "winning_distrib": {
    "-1.0": 52502087,
    "+0.0": 4066171,
    "+1.0": 43431742
  },
  "hands": {
    "total": 100000000,
    "won": 43431742,
    "lost": 52502087,
    "push": 4066171,
    "busted": 3806847,
    "blackjack": 0,
    "doubled": 0,
    "split": 0,
    "insured": 0,
    "surrender": 0
  }
}
