{
  "rounds": 100000000,
  "rules": {
    "game_type": "ahc",
    "soft17": "s17",
    "das": true,
    "bj_pays": 1.5,
    "double_down": "any_two",
    "surrender": "early_surrender",
    "play_ace_pairs": false,
    "max_splits": 4,
    "decks": 6,
    "penetration_cards": 250
  },
  "ev": -0.2092643200000009,
  "stddev": 0.9143790421569399,
  "winning_distrib": {
    "-1.0": 54457245,
    "+0.0": 12011942,
    "+1.0": 33530813
  },
  "hands": {
    "total": 100000000,
    "won": 33530813,
    "lost": 54457245,
    "push": 12011942,
    "busted": 0,
    "blackjack": 0,
    "doubled": 0,
    "split": 0,
    "insured": 0,
    "surrender": 0
  }
}
