{
  "rounds": 100000000,
  "rules": {
    "game_type": "ahc",
    "soft17": "s17",
    "das": true,
    "bj_pays": 1.5,
    "double_down": "any_two",
    "surrender": "early_surrender",
    "play_ace_pairs": false,
    "max_splits": 4,
    "decks": 6,
    "penetration_cards": 250
  },
  "ev": -1.1815567799999733,
  "stddev": 1.5883693401930374,
  "winning_distrib": {
    "-2.0": 78526339,
    "+0.0": 2025161,
    "+2.0": 19448500
  },
  "hands": {
    "total": 100000000,
    "won": 19448500,
    "lost": 78526339,
    "push": 2025161,
    "busted": 76919776,
    "blackjack": 0,
    "doubled": 100000000,
    "split": 0,
    "insured": 0,
    "surrender": 0
  }
}
