{
  "rounds": 100000000,
  "rules": {
    "game_type": "ahc",
    "soft17": "s17",
    "das": true,
    "bj_pays": 1.5,
    "double_down": "any_two",
    "surrender": "early_surrender",
    "play_ace_pairs": false,
    "max_splits": 4,
    "decks": 6,
    "penetration_cards": 250
  },
  "ev": -0.744180319999997,
  "stddev": 0.6541035205555887,
  "winning_distrib": {
    "-1.0": 86291804,
    "+0.0": 1834424,
    "+1.0": 11873772
  },
  "hands": {
    "total": 100000000,
    "won": 11873772,
    "lost": 86291804,
    "push": 1834424,
    "busted": 85217198,
    "blackjack": 0,
    "doubled": 0,
    "split": 0,
    "insured": 0,
    "surrender": 0
  }
}
