{
  "rounds": 100000000,
  "rules": {
    "game_type": "ahc",
    "soft17": "s17",
    "das": false,
    "double_down": "any_two",
    "surrender": "no_surrender",
    "play_ace_pairs": false,
    "max_splits": 4,
    "decks": 6,
    "penetration_cards": 46
  },
  "ev": 0.47759809000000597,
  "stddev": 1.5719556988473786,
  "winning_distrib": {
    "-2.0": 18826676,
    "-1.0": 9097747,
    "+0.0": 23064221,
    "+1.0": 3511804,
    "+2.0": 45499552
  },
  "hands": {
    "total": 200000000,
    "won": 116150243,
    "lost": 68390434,
    "push": 15459323,
    "busted": 0,
    "blackjack": 0,
    "doubled": 0,
    "split": 200000000,
    "insured": 0,
    "surrender": 0
  }
}
