{
  "rounds": 100000000,
  "rules": {
    "game_type": "ahc",
    "soft17": "s17",
    "das": true,
    "double_down": "any_two",
    "surrender": "no_surrender",
    "play_ace_pairs": false,
    "max_splits": 4,
    "decks": 6,
    "penetration_cards": 46
  },
  "ev": 0.1847947899999984,
  "stddev": 0.9399475008870932,
  "winning_distrib": {
    "-1.0": 36642781,
    "+0.0": 8234959,
    "+1.0": 55122260
  },
  "hands": {
    "total": 100000000,
    "won": 55122260,
    "lost": 36642781,
    "push": 8234959,
    "busted": 2356581,
    "blackjack": 0,
    "doubled": 0,
    "split": 0,
    "insured": 0,
    "surrender": 0
  }
}
