{
  "rounds": 100000000,
  "rules": {
    "game_type": "ahc",
    "soft17": "s17",
    "das": true,
    "bj_pays": 1.5,
    "double_down": "any_two",
    "surrender": "early_surrender",
    "play_ace_pairs": false,
    "max_splits": 4,
    "decks": 6,
    "penetration_cards": 250
  },
  "ev": -0.4148426500000015,
  "stddev": 0.8845282095924842,
  "winning_distrib": {
    "-1.0": 68466361,
    "+0.0": 4551543,
    "+1.0": 26982096
  },
  "hands": {
    "total": 100000000,
    "won": 26982096,
    "lost": 68466361,
    "push": 4551543,
    "busted": 60409470,
    "blackjack": 0,
    "doubled": 0,
    "split": 0,
    "insured": 0,
    "surrender": 0
  }
}
