{
  "rounds": 100000000,
  "rules": {
    "game_type": "enhc",
    "soft17": "s17",
    "das": false,
    "double_down": "any_two",
    "surrender": "no_surrender",
    "play_ace_pairs": false,
    "max_splits": 4,
    "decks": 6,
    "penetration_cards": 46
  },
  "ev": -1.0895941599999932,
  "stddev": 1.6105040305541443,
  "winning_distrib": {
    "-2.0": 74501587,
    "+0.0": 5476534,
    "+2.0": 20021879
  },
  "hands": {
    "total": 100000000,
    "won": 20021879,
    "lost": 74501587,
    "push": 5476534,
    "busted": 53878275,
    "blackjack": 0,
    "doubled": 100000000,
    "split": 0,
    "insured": 0,
    "surrender": 0
  }
}
