{
  "rounds": 100000000,
  "rules": {
    "game_type": "ahc",
    "soft17": "s17",
    "das": true,
    "bj_pays": 1.5,
    "double_down": "any_two",
    "surrender": "early_surrender",
    "play_ace_pairs": false,
    "max_splits": 4,
    "decks": 6,
    "penetration_cards": 250
  },
  "ev": -1.0641123199999796,
  "stddev": 1.6321377751473638,
  "winning_distrib": {
    "-2.0": 74055417,
    "+0.0": 5094782,
    "+2.0": 20849801
  },
  "hands": {
    "total": 100000000,
    "won": 20849801,
    "lost": 74055417,
    "push": 5094782,
    "busted": 65957491,
    "blackjack": 0,
    "doubled": 100000000,
    "split": 0,
    "insured": 0,
    "surrender": 0
  }
}
