{
  "rounds": 100000000,
  "rules": {
    "game_type": "ahc",
    "soft17": "s17",
    "das": true,
    "double_down": "any_two",
    "surrender": "no_surrender",
    "play_ace_pairs": false,
    "max_splits": 4,
    "decks": 6,
    "penetration_cards": 46
  },
  "ev": 0.2558708200000028,
  "stddev": 0.9133566290418749,
  "winning_distrib": {
    "-1.0": 32190969,
    "+0.0": 10030980,
    "+1.0": 57778051
  },
  "hands": {
    "total": 100000000,
    "won": 57778051,
    "lost": 32190969,
    "push": 10030980,
    "busted": 21319455,
    "blackjack": 0,
    "doubled": 0,
    "split": 0,
    "insured": 0,
    "surrender": 0
  }
}
