{
  "rounds": 100000000,
  "rules": {
    "game_type": "enhc",
    "soft17": "s17",
    "das": false,
    "double_down": "any_two",
    "surrender": "no_surrender",
    "play_ace_pairs": false,
    "max_splits": 4,
    "decks": 6,
    "penetration_cards": 46
  },
  "ev": -1.2333133599999984,
  "stddev": 1.539702990759047,
  "winning_distrib": {
    "-2.0": 79479673,
    "+0.0": 2706322,
    "+2.0": 17814005
  },
  "hands": {
    "total": 100000000,
    "won": 17814005,
    "lost": 79479673,
    "push": 2706322,
    "busted": 76858020,
    "blackjack": 0,
    "doubled": 100000000,
    "split": 0,
    "insured": 0,
    "surrender": 0
  }
}
