{
  "rounds": 100000000,
  "rules": {
    "game_type": "ahc",
    "soft17": "h17",
    "das": true,
    "double_down": "any_two",
    "surrender": "no_surrender",
    "play_ace_pairs": false,
    "max_splits": 4,
    "decks": 6,
    "penetration_cards": 46
  },
  "ev": -0.08065775999999872,
  "stddev": 0.9765652744638099,
  "winning_distrib": {
    "-1.0": 52042158,
    "+0.0": 3981460,
    "+1.0": 43976382
  },
  "hands": {
    "total": 100000000,
    "won": 43976382,
    "lost": 52042158,
    "push": 3981460,
    "busted": 3848235,
    "blackjack": 0,
    "doubled": 0,
    "split": 0,
    "insured": 0,
    "surrender": 0
  }
}
