{
  "rounds": 100000000,
  "rules": {
    "game_type": "ahc",
    "soft17": "s17",
    "das": true,
    "bj_pays": 1.5,
    "double_down": "any_two",
    "surrender": "early_surrender",
    "play_ace_pairs": false,
    "max_splits": 4,
    "decks": 6,
    "penetration_cards": 250
  },
  "ev": -0.2201552200000094,
  "stddev": 0.9135505609721282,
  "winning_distrib": {
    "-1.0": 55159908,
    "+0.0": 11695706,
    "+1.0": 33144386
  },
  "hands": {
    "total": 100000000,
    "won": 33144386,
    "lost": 55159908,
    "push": 11695706,
    "busted": 0,
    "blackjack": 0,
    "doubled": 0,
    "split": 0,
    "insured": 0,
    "surrender": 0
  }
}
