{
  "rounds": 100000000,
  "rules": {
    "game_type": "ahc",
    "soft17": "h17",
    "das": true,
    "double_down": "any_two",
    "surrender": "no_surrender",
    "play_ace_pairs": false,
    "max_splits": 4,
    "decks": 6,
    "penetration_cards": 46
  },
  "ev": -0.1323926899999983,
  "stddev": 2.272889723962615,
  "winning_distrib": {
    "-8.0": 109,
    "-7.0": 3678,
    "-6.0": 50017,
    "-5.0": 378574,
    "-4.0": 2111985,
    "-3.0": 10564205,
    "-2.0": 29567692,
    "-1.0": 7152331,
    "+0.0": 9120527,
    "+1.0": 5643590,
    "+2.0": 20781382,
    "+3.0": 11128102,
    "+4.0": 2800305,
    "+5.0": 580291,
    "+6.0": 105762,
    "+7.0": 10916,
    "+8.0": 534
  },
  "hands": {
    "total": 216692984,
    "won": 93125493,
    "lost": 113952475,
    "push": 9615016,
    "busted": 8260761,
    "blackjack": 0,
    "doubled": 36038620,
    "split": 216692984,
    "insured": 0,
    "surrender": 0
  }
}
