{
  "rounds": 100000000,
  "rules": {
    "game_type": "ahc",
    "soft17": "h17",
    "das": true,
    "double_down": "any_two",
    "surrender": "no_surrender",
    "play_ace_pairs": false,
    "max_splits": 4,
    "decks": 6,
    "penetration_cards": 46
  },
  "ev": -1.0590054199999914,
  "stddev": 1.6524281732395416,
  "winning_distrib": {
    "-2.0": 74625277,
    "+0.0": 3699717,
    "+2.0": 21675006
  },
  "hands": {
    "total": 100000000,
    "won": 21675006,
    "lost": 74625277,
    "push": 3699717,
    "busted": 69231543,
    "blackjack": 0,
    "doubled": 100000000,
    "split": 0,
    "insured": 0,
    "surrender": 0
  }
}
