{
  "rounds": 100000000,
  "rules": {
    "game_type": "ahc",
    "soft17": "s17",
    "das": true,
    "bj_pays": 1.5,
    "double_down": "any_two",
    "surrender": "early_surrender",
    "play_ace_pairs": false,
    "max_splits": 4,
    "decks": 6,
    "penetration_cards": 250
  },
  "ev": 0.11728206000000028,
  "stddev": 0.950937656970742,
  "winning_distrib": {
    "-1.0": 40037772,
    "+0.0": 8196250,
    "+1.0": 51765978
  },
  "hands": {
    "total": 100000000,
    "won": 51765978,
    "lost": 40037772,
    "push": 8196250,
    "busted": 2265403,
    "blackjack": 0,
    "doubled": 0,
    "split": 0,
    "insured": 0,
    "surrender": 0
  }
}
