{
  "rounds": 100000000,
  "rules": {
    "game_type": "enhc",
    "soft17": "s17",
    "das": true,
    "double_down": "any_two",
    "surrender": "no_surrender",
    "play_ace_pairs": false,
    "max_splits": 4,
    "decks": 6,
    "penetration_cards": 46
  },
  "ev": -0.07312532000000041,
  "stddev": 1.9486850144516956,
  "winning_distrib": {
    "-2.0": 49362140,
    "+0.0": 4931986,
    "+2.0": 45705874
  },
  "hands": {
    "total": 100000000,
    "won": 45705874,
    "lost": 49362140,
    "push": 4931986,
    "busted": 0,
    "blackjack": 0,
    "doubled": 100000000,
    "split": 0,
    "insured": 0,
    "surrender": 0
  }
}
