{
  "rounds": 100000000,
  "rules": {
    "game_type": "enhc",
    "soft17": "s17",
    "das": true,
    "double_down": "any_two",
    "surrender": "no_surrender",
    "play_ace_pairs": false,
    "max_splits": 4,
    "decks": 6,
    "penetration_cards": 46
  },
  "ev": 0.15150956999999957,
  "stddev": 0.946684999965964,
  "winning_distrib": {
    "-1.0": 38382903,
    "+0.0": 8083237,
    "+1.0": 53533860
  },
  "hands": {
    "total": 100000000,
    "won": 53533860,
    "lost": 38382903,
    "push": 8083237,
    "busted": 2358072,
    "blackjack": 0,
    "doubled": 0,
    "split": 0,
    "insured": 0,
    "surrender": 0
  }
}
