{
  "rounds": 100000000,
  "rules": {
    "game_type": "ahc",
    "soft17": "s17",
    "das": true,
    "bj_pays": 1.5,
    "double_down": "any_two",
    "surrender": "early_surrender",
    "play_ace_pairs": false,
    "max_splits": 4,
    "decks": 6,
    "penetration_cards": 250
  },
  "ev": -1.053594480000039,
  "stddev": 1.6896332561423284,
  "winning_distrib": {
    "-2.0": 75901385,
    "+0.0": 876954,
    "+2.0": 23221661
  },
  "hands": {
    "total": 100000000,
    "won": 23221661,
    "lost": 75901385,
    "push": 876954,
    "busted": 0,
    "blackjack": 0,
    "doubled": 100000000,
    "split": 0,
    "insured": 0,
    "surrender": 0
  }
}
