{
  "rounds": 100000000,
  "rules": {
    "game_type": "ahc",
    "soft17": "s17",
    "das": true,
    "bj_pays": 1.5,
    "double_down": "any_two",
    "surrender": "early_surrender",
    "play_ace_pairs": false,
    "max_splits": 4,
    "decks": 6,
    "penetration_cards": 250
  },
  "ev": -0.8179444400000131,
  "stddev": 1.7628730085148885,
  "winning_distrib": {
    "-2.0": 67658040,
    "+0.0": 5581142,
    "+2.0": 26760818
  },
  "hands": {
    "total": 100000000,
    "won": 26760818,
    "lost": 67658040,
    "push": 5581142,
    "busted": 61274129,
    "blackjack": 0,
    "doubled": 100000000,
    "split": 0,
    "insured": 0,
    "surrender": 0
  }
}
