{
  "rounds": 100000000,
  "rules": {
    "game_type": "ahc",
    "soft17": "s17",
    "das": true,
    "double_down": "any_two",
    "surrender": "no_surrender",
    "play_ace_pairs": false,
    "max_splits": 4,
    "decks": 6,
    "penetration_cards": 46
  },
  "ev": 0.13709598999999587,
  "stddev": 2.7154531690424855,
  "winning_distrib": {
    "-8.0": 3095,
    "-7.0": 35325,
    "-6.0": 232781,
    "-5.0": 954313,
    "-4.0": 4488880,
    "-3.0": 15485410,
    "-2.0": 21039685,
    "-1.0": 4802211,
    "+0.0": 3980242,
    "+1.0": 5350030,
    "+2.0": 16629090,
    "+3.0": 17957579,
    "+4.0": 6931071,
    "+5.0": 1532730,
    "+6.0": 478842,
    "+7.0": 88445,
    "+8.0": 10271
  },
  "hands": {
    "total": 216683621,
    "won": 104586856,
    "lost": 104727888,
    "push": 7368877,
    "busted": 0,
    "blackjack": 0,
    "doubled": 72083179,
    "split": 216683621,
    "insured": 0,
    "surrender": 0
  }
}
