{
  "rounds": 100000000,
  "rules": {
    "game_type": "ahc",
    "soft17": "s17",
    "das": true,
    "bj_pays": 1.5,
    "double_down": "any_two",
    "surrender": "early_surrender",
    "play_ace_pairs": false,
    "max_splits": 4,
    "decks": 6,
    "penetration_cards": 250
  },
  "ev": -0.1601071200000045,
  "stddev": 1.9416516649042446,
  "winning_distrib": {
    "-2.0": 51448246,
    "+0.0": 5108864,
    "+2.0": 43442890
  },
  "hands": {
    "total": 100000000,
    "won": 43442890,
    "lost": 51448246,
    "push": 5108864,
    "busted": 0,
    "blackjack": 0,
    "doubled": 100000000,
    "split": 0,
    "insured": 0,
    "surrender": 0
  }
}
