{
  "rounds": 100000000,
  "rules": {
    "game_type": "ahc",
    "soft17": "s17",
    "das": true,
    "bj_pays": 1.5,
    "double_down": "any_two",
    "surrender": "early_surrender",
    "play_ace_pairs": false,
    "max_splits": 4,
    "decks": 6,
    "penetration_cards": 250
  },
  "ev": -0.3805445800000025,
  "stddev": 0.884406337864202,
  "winning_distrib": {
    "-1.0": 65376666,
    "+0.0": 7301126,
    "+1.0": 27322208
  },
  "hands": {
    "total": 100000000,
    "won": 27322208,
    "lost": 65376666,
    "push": 7301126,
    "busted": 52298282,
    "blackjack": 0,
    "doubled": 0,
    "split": 0,
    "insured": 0,
    "surrender": 0
  }
}
