{
  "rounds": 100000000,
  "rules": {
    "game_type": "ahc",
    "soft17": "s17",
    "das": true,
    "bj_pays": 1.5,
    "double_down": "any_two",
    "surrender": "early_surrender",
    "play_ace_pairs": false,
    "max_splits": 4,
    "decks": 6,
    "penetration_cards": 250
  },
  "ev": -0.4586943699999939,
  "stddev": 0.8221190374204388,
  "winning_distrib": {
    "-1.0": 67248730,
    "+0.0": 11371977,
    "+1.0": 21379293
  },
  "hands": {
    "total": 100000000,
    "won": 21379293,
    "lost": 67248730,
    "push": 11371977,
    "busted": 0,
    "blackjack": 0,
    "doubled": 0,
    "split": 0,
    "insured": 0,
    "surrender": 0
  }
}
