{
  "rounds": 100000000,
  "rules": {
    "game_type": "ahc",
    "soft17": "s17",
    "das": true,
    "bj_pays": 1.5,
    "double_down": "any_two",
    "surrender": "early_surrender",
    "play_ace_pairs": false,
    "max_splits": 4,
    "decks": 6,
    "penetration_cards": 250
  },
  "ev": -0.04552117999999952,
  "stddev": 0.9606488803927562,
  "winning_distrib": {
    "-1.0": 48521981,
    "+0.0": 7508156,
    "+1.0": 43969863
  },
  "hands": {
    "total": 100000000,
    "won": 43969863,
    "lost": 48521981,
    "push": 7508156,
    "busted": 2590459,
    "blackjack": 0,
    "doubled": 0,
    "split": 0,
    "insured": 0,
    "surrender": 0
  }
}
