{
  "rounds": 100000000,
  "rules": {
    "game_type": "ahc",
    "soft17": "h17",
    "das": true,
    "double_down": "any_two",
    "surrender": "no_surrender",
    "play_ace_pairs": false,
    "max_splits": 4,
    "decks": 6,
    "penetration_cards": 46
  },
  "ev": 0.3634832599999907,
  "stddev": 1.884943859967697,
  "winning_distrib": {
    "-2.0": 36977086,
    "+0.0": 7871665,
    "+2.0": 55151249
  },
  "hands": {
    "total": 100000000,
    "won": 55151249,
    "lost": 36977086,
    "push": 7871665,
    "busted": 0,
    "blackjack": 0,
    "doubled": 100000000,
    "split": 0,
    "insured": 0,
    "surrender": 0
  }
}
