{
  "rounds": 100000000,
  "rules": {
    "game_type": "ahc",
    "soft17": "s17",
    "das": true,
    "bj_pays": 1.5,
    "double_down": "any_two",
    "surrender": "early_surrender",
    "play_ace_pairs": false,
    "max_splits": 4,
    "decks": 6,
    "penetration_cards": 250
  },
  "ev": 0.291994819999991,
  "stddev": 0.9030547786531347,
  "winning_distrib": {
    "-1.0": 30438704,
    "+0.0": 9923110,
    "+1.0": 59638186
  },
  "hands": {
    "total": 100000000,
    "won": 59638186,
    "lost": 30438704,
    "push": 9923110,
    "busted": 21263110,
    "blackjack": 0,
    "doubled": 0,
    "split": 0,
    "insured": 0,
    "surrender": 0
  }
}
