{
  "rounds": 100000000,
  "rules": {
    "game_type": "ahc",
    "soft17": "s17",
    "das": true,
    "bj_pays": 1.5,
    "double_down": "any_two",
    "surrender": "early_surrender",
    "play_ace_pairs": false,
    "max_splits": 4,
    "decks": 6,
    "penetration_cards": 250
  },
  "ev": -0.6097999999999985,
  "stddev": 1.8595125368165275,
  "winning_distrib": {
    "-2.0": 63115536,
    "+0.0": 4258928,
    "+2.0": 32625536
  },
  "hands": {
    "total": 100000000,
    "won": 32625536,
    "lost": 63115536,
    "push": 4258928,
    "busted": 42547077,
    "blackjack": 0,
    "doubled": 100000000,
    "split": 0,
    "insured": 0,
    "surrender": 0
  }
}
