{
  "rounds": 100000000,
  "rules": {
    "game_type": "ahc",
    "soft17": "s17",
    "das": true,
    "bj_pays": 1.5,
    "double_down": "any_two",
    "surrender": "early_surrender",
    "play_ace_pairs": false,
    "max_splits": 4,
    "decks": 6,
    "penetration_cards": 250
  },
  "ev": 0.3793040100000038,
  "stddev": 1.5098846448637984,
  "winning_distrib": {
    "-2.0": 18430044,
    "-1.0": 7976677,
    "+0.0": 29775261,
    "+1.0": 4868870,
    "+2.0": 38949148
  },
  "hands": {
    "total": 200000000,
    "won": 111469105,
    "lost": 73538704,
    "push": 14992191,
    "busted": 0,
    "blackjack": 0,
    "doubled": 0,
    "split": 200000000,
    "insured": 0,
    "surrender": 0
  }
}
