{
  "rounds": 100000000,
  "rules": {
    "game_type": "ahc",
    "soft17": "s17",
    "das": true,
    "bj_pays": 1.5,
    "double_down": "any_two",
    "surrender": "early_surrender",
    "play_ace_pairs": false,
    "max_splits": 4,
    "decks": 6,
    "penetration_cards": 250
  },
  "ev": -0.9530650900000038,
  "stddev": 1.4112015179053001,
  "winning_distrib": {
    "-2.0": 48537247,
    "-1.0": 30765773,
    "+0.0": 4430101,
    "+2.0": 16266879
  },
  "hands": {
    "total": 100000000,
    "won": 16266879,
    "lost": 79303020,
    "push": 4430101,
    "busted": 32000366,
    "blackjack": 0,
    "doubled": 69234227,
    "split": 0,
    "insured": 0,
    "surrender": 0
  }
}
