{
  "rounds": 100000000,
  "rules": {
    "game_type": "enhc",
    "soft17": "h17",
    "das": true,
    "double_down": "any_two",
    "surrender": "no_surrender",
    "play_ace_pairs": false,
    "max_splits": 4,
    "decks": 6,
    "penetration_cards": 46
  },
  "ev": 0.29224122999999064,
  "stddev": 0.90300627995729,
  "winning_distrib": {
    "-1.0": 30429202,
    "+0.0": 9917473,
    "+1.0": 59653325
  },
  "hands": {
    "total": 100000000,
    "won": 59653325,
    "lost": 30429202,
    "push": 9917473,
    "busted": 21291686,
    "blackjack": 0,
    "doubled": 0,
    "split": 0,
    "insured": 0,
    "surrender": 0
  }
}
