{
  "rounds": 100000000,
  "rules": {
    "game_type": "ahc",
    "soft17": "s17",
    "das": true,
    "bj_pays": 1.5,
    "double_down": "any_two",
    "surrender": "early_surrender",
    "play_ace_pairs": false,
    "max_splits": 4,
    "decks": 6,
    "penetration_cards": 250
  },
  "ev": 0.4281892000000096,
  "stddev": 1.8741317040504568,
  "winning_distrib": {
    "-2.0": 35491715,
    "+0.0": 7607110,
    "+2.0": 56901175
  },
  "hands": {
    "total": 100000000,
    "won": 56901175,
    "lost": 35491715,
    "push": 7607110,
    "busted": 0,
    "blackjack": 0,
    "doubled": 100000000,
    "split": 0,
    "insured": 0,
    "surrender": 0
  }
}
