{
  "rounds": 100000000,
  "rules": {
    "game_type": "ahc",
    "soft17": "h17",
    "das": false,
    "double_down": "any_two",
    "surrender": "no_surrender",
    "play_ace_pairs": false,
    "max_splits": 4,
    "decks": 6,
    "penetration_cards": 46
  },
  "ev": -0.15800546999999535,
  "stddev": 0.9391720024950267,
  "winning_distrib": {
    "-1.0": 53250762,
    "+0.0": 9299023,
    "+1.0": 37450215
  },
  "hands": {
    "total": 100000000,
    "won": 37450215,
    "lost": 53250762,
    "push": 9299023,
    "busted": 39698041,
    "blackjack": 0,
    "doubled": 0,
    "split": 0,
    "insured": 0,
    "surrender": 0
  }
}
