{
  "rounds": 100000000,
  "rules": {
    "game_type": "ahc",
    "soft17": "s17",
    "das": true,
    "bj_pays": 1.5,
    "double_down": "any_two",
    "surrender": "early_surrender",
    "play_ace_pairs": false,
    "max_splits": 4,
    "decks": 6,
    "penetration_cards": 250
  },
  "ev": -0.6268751100000219,
  "stddev": 0.7613694190465802,
  "winning_distrib": {
    "-1.0": 79976545,
    "+0.0": 2734421,
    "+1.0": 17289034
  },
  "hands": {
    "total": 100000000,
    "won": 17289034,
    "lost": 79976545,
    "push": 2734421,
    "busted": 77259351,
    "blackjack": 0,
    "doubled": 0,
    "split": 0,
    "insured": 0,
    "surrender": 0
  }
}
