{
  "rounds": 100000000,
  "rules": {
    "game_type": "enhc",
    "soft17": "h17",
    "das": true,
    "double_down": "any_two",
    "surrender": "no_surrender",
    "play_ace_pairs": false,
    "max_splits": 4,
    "decks": 6,
    "penetration_cards": 46
  },
  "ev": 0.0534431999999995,
  "stddev": 0.9426865509066812,
  "winning_distrib": {
    "-1.0": 41903545,
    "+0.0": 10848590,
    "+1.0": 47247865
  },
  "hands": {
    "total": 100000000,
    "won": 47247865,
    "lost": 41903545,
    "push": 10848590,
    "busted": 29342163,
    "blackjack": 0,
    "doubled": 0,
    "split": 0,
    "insured": 0,
    "surrender": 0
  }
}
