{
  "rounds": 100000000,
  "rules": {
    "game_type": "ahc",
    "soft17": "s17",
    "das": true,
    "bj_pays": 1.5,
    "double_down": "any_two",
    "surrender": "early_surrender",
    "play_ace_pairs": false,
    "max_splits": 4,
    "decks": 6,
    "penetration_cards": 250
  },
  "ev": 0.19648082999999902,
  "stddev": 2.692854891366617,
  "winning_distrib": {
    "-8.0": 2635,
    "-7.0": 33604,
    "-6.0": 231244,
    "-5.0": 972974,
    "-4.0": 4108495,
    "-3.0": 14103260,
    "-2.0": 21578713,
    "-1.0": 5565118,
    "+0.0": 3554538,
    "+1.0": 4580588,
    "+2.0": 18829411,
    "+3.0": 17371212,
    "+4.0": 6797157,
    "+5.0": 1655876,
    "+6.0": 513617,
    "+7.0": 92191,
    "+8.0": 9367
  },
  "hands": {
    "total": 219040301,
    "won": 104128871,
    "lost": 100504346,
    "push": 14407084,
    "busted": 0,
    "blackjack": 0,
    "doubled": 67484682,
    "split": 219040301,
    "insured": 0,
    "surrender": 0
  }
}
