{
  "rounds": 100000000,
  "rules": {
    "game_type": "ahc",
    "soft17": "s17",
    "das": true,
    "bj_pays": 1.5,
    "double_down": "any_two",
    "surrender": "early_surrender",
    "play_ace_pairs": false,
    "max_splits": 4,
    "decks": 6,
    "penetration_cards": 250
  },
  "ev": 0.07097115999999987,
  "stddev": 0.9860063104110182,
  "winning_distrib": {
    "-1.0": 45313709,
    "+0.0": 2275466,
    "+1.0": 52410825
  },
  "hands": {
    "total": 100000000,
    "won": 52410825,
    "lost": 45313709,
    "push": 2275466,
    "busted": 0,
    "blackjack": 0,
    "doubled": 0,
    "split": 0,
    "insured": 0,
    "surrender": 0
  }
}
