{
  "rounds": 100000000,
  "rules": {
    "game_type": "ahc",
    "soft17": "s17",
    "das": true,
    "bj_pays": 1.5,
    "double_down": "any_two",
    "surrender": "early_surrender",
    "play_ace_pairs": false,
    "max_splits": 4,
    "decks": 6,
    "penetration_cards": 250
  },
  "ev": -0.3073071399999901,
  "stddev": 0.9076819762140751,
  "winning_distrib": {
    "-1.0": 61281569,
    "+0.0": 8167576,
    "+1.0": 30550855
  },
  "hands": {
    "total": 100000000,
    "won": 30550855,
    "lost": 61281569,
    "push": 8167576,
    "busted": 19856611,
    "blackjack": 0,
    "doubled": 0,
    "split": 0,
    "insured": 0,
    "surrender": 0
  }
}
