{
  "rounds": 100000000,
  "rules": {
    "game_type": "ahc",
    "soft17": "s17",
    "das": true,
    "bj_pays": 1.5,
    "double_down": "any_two",
    "surrender": "early_surrender",
    "play_ace_pairs": false,
    "max_splits": 4,
    "decks": 6,
    "penetration_cards": 250
  },
  "ev": -0.610746599999993,
  "stddev": 0.7581525284112649,
  "winning_distrib": {
    "-1.0": 77927663,
    "+0.0": 5219334,
    "+1.0": 16853003
  },
  "hands": {
    "total": 100000000,
    "won": 16853003,
    "lost": 77927663,
    "push": 5219334,
    "busted": 58455761,
    "blackjack": 0,
    "doubled": 0,
    "split": 0,
    "insured": 0,
    "surrender": 0
  }
}
