{
  "rounds": 100000000,
  "rules": {
    "game_type": "ahc",
    "soft17": "s17",
    "das": true,
    "bj_pays": 1.5,
    "double_down": "any_two",
    "surrender": "early_surrender",
    "play_ace_pairs": false,
    "max_splits": 4,
    "decks": 6,
    "penetration_cards": 250
  },
  "ev": 0.07838349999999815,
  "stddev": 2.7594547365510125,
  "winning_distrib": {
    "-8.0": 3877,
    "-7.0": 44086,
    "-6.0": 284091,
    "-5.0": 1126375,
    "-4.0": 4810178,
    "-3.0": 15980267,
    "-2.0": 21969142,
    "-1.0": 4071533,
    "+0.0": 3366834,
    "+1.0": 5682862,
    "+2.0": 15663936,
    "+3.0": 17484593,
    "+4.0": 7132955,
    "+5.0": 1699741,
    "+6.0": 558903,
    "+7.0": 107753,
    "+8.0": 12874
  },
  "hands": {
    "total": 218607014,
    "won": 102862020,
    "lost": 109517882,
    "push": 6227112,
    "busted": 0,
    "blackjack": 0,
    "doubled": 73873419,
    "split": 218607014,
    "insured": 0,
    "surrender": 0
  }
}
