{
  "rounds": 100000000,
  "rules": {
    "game_type": "ahc",
    "soft17": "s17",
    "das": true,
    "bj_pays": 1.5,
    "double_down": "any_two",
    "surrender": "early_surrender",
    "play_ace_pairs": false,
    "max_splits": 4,
    "decks": 6,
    "penetration_cards": 250
  },
  "ev": -0.8721225299999936,
  "stddev": 0.486605225037968,
  "winning_distrib": {
    "-1.0": 93475244,
    "+0.0": 261765,
    "+1.0": 6262991
  },
  "hands": {
    "total": 100000000,
    "won": 6262991,
    "lost": 93475244,
    "push": 261765,
    "busted": 86476614,
    "blackjack": 0,
    "doubled": 0,
    "split": 0,
    "insured": 0,
    "surrender": 0
  }
}
