{
  "rounds": 100000000,
  "rules": {
    "game_type": "ahc",
    "soft17": "s17",
    "das": true,
    "double_down": "any_two",
    "surrender": "no_surrender",
    "play_ace_pairs": false,
    "max_splits": 4,
    "decks": 6,
    "penetration_cards": 46
  },
  "ev": 0.6408187499999878,
  "stddev": 0.6821698207206134,
  "winning_distrib": {
    "-1.0": 11759279,
    "+0.0": 12399567,
    "+1.0": 75841154
  },
  "hands": {
    "total": 100000000,
    "won": 75841154,
    "lost": 11759279,
    "push": 12399567,
    "busted": 0,
    "blackjack": 0,
    "doubled": 0,
    "split": 0,
    "insured": 0,
    "surrender": 0
  }
}
