{
  "rounds": 100000000,
  "rules": {
    "game_type": "enhc",
    "soft17": "s17",
    "das": false,
    "double_down": "any_two",
    "surrender": "no_surrender",
    "play_ace_pairs": false,
    "max_splits": 4,
    "decks": 6,
    "penetration_cards": 46
  },
  "ev": -0.3142441399999906,
  "stddev": 0.8983172872350763,
  "winning_distrib": {
    "-1.0": 60998373,
    "+0.0": 9427668,
    "+1.0": 29573959
  },
  "hands": {
    "total": 100000000,
    "won": 29573959,
    "lost": 60998373,
    "push": 9427668,
    "busted": 21342260,
    "blackjack": 0,
    "doubled": 0,
    "split": 0,
    "insured": 0,
    "surrender": 0
  }
}
