{
  "rounds": 100000000,
  "rules": {
    "game_type": "ahc",
    "soft17": "s17",
    "das": false,
    "double_down": "any_two",
    "surrender": "no_surrender",
    "play_ace_pairs": false,
    "max_splits": 4,
    "decks": 6,
    "penetration_cards": 46
  },
  "ev": 0.08961389999999844,
  "stddev": 1.8731566522888283,
  "winning_distrib": {
    "-2.0": 38822958,
    "-1.0": 7722734,
    "+0.0": 6289288,
    "+2.0": 47165020
  },
  "hands": {
    "total": 100000000,
    "won": 47165020,
    "lost": 46545692,
    "push": 6289288,
    "busted": 0,
    "blackjack": 0,
    "doubled": 92277266,
    "split": 0,
    "insured": 0,
    "surrender": 0
  }
}
