{
  "rounds": 100000000,
  "rules": {
    "game_type": "ahc",
    "soft17": "s17",
    "das": true,
    "bj_pays": 1.5,
    "double_down": "any_two",
    "surrender": "early_surrender",
    "play_ace_pairs": false,
    "max_splits": 4,
    "decks": 6,
    "penetration_cards": 250
  },
  "ev": -0.5918779899999927,
  "stddev": 0.7934659294824478,
  "winning_distrib": {
    "-1.0": 78589286,
    "+0.0": 2009227,
    "+1.0": 19401487
  },
  "hands": {
    "total": 100000000,
    "won": 19401487,
    "lost": 78589286,
    "push": 2009227,
    "busted": 76998331,
    "blackjack": 0,
    "doubled": 0,
    "split": 0,
    "insured": 0,
    "surrender": 0
  }
}
