{
  "rounds": 100000000,
  "rules": {
    "game_type": "ahc",
    "soft17": "s17",
    "das": true,
    "bj_pays": 1.5,
    "double_down": "any_two",
    "surrender": "early_surrender",
    "play_ace_pairs": false,
    "max_splits": 4,
    "decks": 6,
    "penetration_cards": 250
  },
  "ev": 0.04362022999999974,
  "stddev": 0.912171965067601,
  "winning_distrib": {
    "-1.0": 39517009,
    "+0.0": 16603959,
    "+1.0": 43879032
  },
  "hands": {
    "total": 100000000,
    "won": 43879032,
    "lost": 39517009,
    "push": 16603959,
    "busted": 0,
    "blackjack": 0,
    "doubled": 0,
    "split": 0,
    "insured": 0,
    "surrender": 0
  }
}
