{
  "rounds": 100000000,
  "rules": {
    "game_type": "enhc",
    "soft17": "h17",
    "das": true,
    "bj_pays": 1.5,
    "double_down": "any_two",
    "surrender": "no_surrender",
    "play_ace_pairs": false,
    "max_splits": 4,
    "decks": 6,
    "penetration_cards": 250
  },
  "ev": -0.04912469000000001,
  "stddev": 2.465368563848623,
  "winning_distrib": {
    "-8.0": 857,
    "-7.0": 14645,
    "-6.0": 124657,
    "-5.0": 653364,
    "-4.0": 3191544,
    "-3.0": 13310242,
    "-2.0": 24934416,
    "-1.0": 6449556,
    "+0.0": 7594348,
    "+1.0": 6198960,
    "+2.0": 17755489,
    "+3.0": 14123431,
    "+4.0": 4414163,
    "+5.0": 957069,
    "+6.0": 238856,
    "+7.0": 35634,
    "+8.0": 2769
  },
  "hands": {
    "total": 216699284,
    "won": 96495132,
    "lost": 111079819,
    "push": 9124333,
    "busted": 7816479,
    "blackjack": 0,
    "doubled": 54057529,
    "split": 216699284,
    "insured": 0,
    "surrender": 0
  }
}
