{
  "rounds": 100000000,
  "rules": {
    "game_type": "ahc",
    "soft17": "h17",
    "das": false,
    "double_down": "any_two",
    "surrender": "no_surrender",
    "play_ace_pairs": false,
    "max_splits": 4,
    "decks": 6,
    "penetration_cards": 46
  },
  "ev": 0.04946199999999943,
  "stddev": 0.9705528321403936,
  "winning_distrib": {
    "-1.0": 44747864,
    "+0.0": 5558072,
    "+1.0": 49694064
  },
  "hands": {
    "total": 100000000,
    "won": 49694064,
    "lost": 44747864,
    "push": 5558072,
    "busted": 2983898,
    "blackjack": 0,
    "doubled": 0,
    "split": 0,
    "insured": 0,
    "surrender": 0
  }
}
