{
  "rounds": 100000000,
  "rules": {
    "game_type": "ahc",
    "soft17": "s17",
    "das": true,
    "bj_pays": 1.5,
    "double_down": "any_two",
    "surrender": "early_surrender",
    "play_ace_pairs": false,
    "max_splits": 4,
    "decks": 6,
    "penetration_cards": 250
  },
  "ev": 0.2612523499999968,
  "stddev": 0.9063104588569448,
  "winning_distrib": {
    "-1.0": 31419954,
    "+0.0": 11034857,
    "+1.0": 57545189
  },
  "hands": {
    "total": 100000000,
    "won": 57545189,
    "lost": 31419954,
    "push": 11034857,
    "busted": 0,
    "blackjack": 0,
    "doubled": 0,
    "split": 0,
    "insured": 0,
    "surrender": 0
  }
}
