{
  "rounds": 100000000,
  "rules": {
    "game_type": "ahc",
    "soft17": "h17",
    "das": true,
    "double_down": "any_two",
    "surrender": "no_surrender",
    "play_ace_pairs": false,
    "max_splits": 4,
    "decks": 6,
    "penetration_cards": 46
  },
  "ev": -0.7006005999999965,
  "stddev": 1.8217114459941088,
  "winning_distrib": {
    "-2.0": 65133437,
    "+0.0": 4763156,
    "+2.0": 30103407
  },
  "hands": {
    "total": 100000000,
    "won": 30103407,
    "lost": 65133437,
    "push": 4763156,
    "busted": 46220286,
    "blackjack": 0,
    "doubled": 100000000,
    "split": 0,
    "insured": 0,
    "surrender": 0
  }
}
