{
  "rounds": 100000000,
  "rules": {
    "game_type": "ahc",
    "soft17": "s17",
    "das": true,
    "bj_pays": 1.5,
    "double_down": "any_two",
    "surrender": "early_surrender",
    "play_ace_pairs": false,
    "max_splits": 4,
    "decks": 6,
    "penetration_cards": 250
  },
  "ev": -0.4017741000000014,
  "stddev": 1.9080586911769954,
  "winning_distrib": {
    "-2.0": 57570732,
    "+0.0": 4947241,
    "+2.0": 37482027
  },
  "hands": {
    "total": 100000000,
    "won": 37482027,
    "lost": 57570732,
    "push": 4947241,
    "busted": 29005836,
    "blackjack": 0,
    "doubled": 100000000,
    "split": 0,
    "insured": 0,
    "surrender": 0
  }
}
