{
  "rounds": 100000000,
  "rules": {
    "game_type": "ahc",
    "soft17": "h17",
    "das": true,
    "double_down": "any_two",
    "surrender": "no_surrender",
    "play_ace_pairs": false,
    "max_splits": 4,
    "decks": 6,
    "penetration_cards": 46
  },
  "ev": 0.09691945000000105,
  "stddev": 0.9371802809463877,
  "winning_distrib": {
    "-1.0": 39539040,
    "+0.0": 11229975,
    "+1.0": 49230985
  },
  "hands": {
    "total": 100000000,
    "won": 49230985,
    "lost": 39539040,
    "push": 11229975,
    "busted": 26678832,
    "blackjack": 0,
    "doubled": 0,
    "split": 0,
    "insured": 0,
    "surrender": 0
  }
}
