{
  "rounds": 100000000,
  "rules": {
    "game_type": "enhc",
    "soft17": "s17",
    "das": true,
    "double_down": "any_two",
    "surrender": "no_surrender",
    "play_ace_pairs": false,
    "max_splits": 4,
    "decks": 6,
    "penetration_cards": 46
  },
  "ev": 0.011789240000000279,
  "stddev": 1.9429168205483005,
  "winning_distrib": {
    "-2.0": 46893578,
    "+0.0": 5623382,
    "+2.0": 47483040
  },
  "hands": {
    "total": 100000000,
    "won": 47483040,
    "lost": 46893578,
    "push": 5623382,
    "busted": 0,
    "blackjack": 0,
    "doubled": 100000000,
    "split": 0,
    "insured": 0,
    "surrender": 0
  }
}
