{
  "rounds": 100000000,
  "rules": {
    "game_type": "ahc",
    "soft17": "s17",
    "das": true,
    "bj_pays": 1.5,
    "double_down": "any_two",
    "surrender": "early_surrender",
    "play_ace_pairs": false,
    "max_splits": 4,
    "decks": 6,
    "penetration_cards": 250
  },
  "ev": -1.2308954400000132,
  "stddev": 1.5428342877932724,
  "winning_distrib": {
    "-2.0": 79465401,
    "+0.0": 2613970,
    "+2.0": 17920629
  },
  "hands": {
    "total": 100000000,
    "won": 17920629,
    "lost": 79465401,
    "push": 2613970,
    "busted": 76928163,
    "blackjack": 0,
    "doubled": 100000000,
    "split": 0,
    "insured": 0,
    "surrender": 0
  }
}
