{
  "rounds": 100000000,
  "rules": {
    "game_type": "ahc",
    "soft17": "s17",
    "das": true,
    "bj_pays": 1.5,
    "double_down": "any_two",
    "surrender": "early_surrender",
    "play_ace_pairs": false,
    "max_splits": 4,
    "decks": 6,
    "penetration_cards": 250
  },
  "ev": 0.2973657600000103,
  "stddev": 0.9164657294076506,
  "winning_distrib": {
    "-1.0": 31548503,
    "+0.0": 7166418,
    "+1.0": 61285079
  },
  "hands": {
    "total": 100000000,
    "won": 61285079,
    "lost": 31548503,
    "push": 7166418,
    "busted": 0,
    "blackjack": 0,
    "doubled": 0,
    "split": 0,
    "insured": 0,
    "surrender": 0
  }
}
