{
  "rounds": 100000000,
  "rules": {
    "game_type": "ahc",
    "soft17": "s17",
    "das": true,
    "bj_pays": 1.5,
    "double_down": "any_two",
    "surrender": "early_surrender",
    "play_ace_pairs": false,
    "max_splits": 4,
    "decks": 6,
    "penetration_cards": 250
  },
  "ev": -0.3341389400000047,
  "stddev": 1.9197861874780204,
  "winning_distrib": {
    "-2.0": 55818821,
    "+0.0": 5069305,
    "+2.0": 39111874
  },
  "hands": {
    "total": 100000000,
    "won": 39111874,
    "lost": 55818821,
    "push": 5069305,
    "busted": 27084795,
    "blackjack": 0,
    "doubled": 100000000,
    "split": 0,
    "insured": 0,
    "surrender": 0
  }
}
