{
  "rounds": 100000000,
  "rules": {
    "game_type": "ahc",
    "soft17": "s17",
    "das": true,
    "bj_pays": 1.5,
    "double_down": "any_two",
    "surrender": "early_surrender",
    "play_ace_pairs": false,
    "max_splits": 4,
    "decks": 6,
    "penetration_cards": 250
  },
  "ev": 0.11255352000000161,
  "stddev": 1.8682937510040665,
  "winning_distrib": {
    "-2.0": 37976903,
    "-1.0": 7997684,
    "+0.0": 6421992,
    "+2.0": 47603421
  },
  "hands": {
    "total": 100000000,
    "won": 47603421,
    "lost": 45974587,
    "push": 6421992,
    "busted": 0,
    "blackjack": 0,
    "doubled": 92002316,
    "split": 0,
    "insured": 0,
    "surrender": 0
  }
}
