{
  "rounds": 100000000,
  "rules": {
    "game_type": "ahc",
    "soft17": "s17",
    "das": true,
    "bj_pays": 1.5,
    "double_down": "any_two",
    "surrender": "early_surrender",
    "play_ace_pairs": false,
    "max_splits": 4,
    "decks": 6,
    "penetration_cards": 250
  },
  "ev": -0.9609305800000073,
  "stddev": 1.7038041464471054,
  "winning_distrib": {
    "-2.0": 71852466,
    "+0.0": 4341597,
    "+2.0": 23805937
  },
  "hands": {
    "total": 100000000,
    "won": 23805937,
    "lost": 71852466,
    "push": 4341597,
    "busted": 63200713,
    "blackjack": 0,
    "doubled": 100000000,
    "split": 0,
    "insured": 0,
    "surrender": 0
  }
}
