{
  "rounds": 100000000,
  "rules": {
    "game_type": "ahc",
    "soft17": "s17",
    "das": true,
    "bj_pays": 1.5,
    "double_down": "any_two",
    "surrender": "early_surrender",
    "play_ace_pairs": false,
    "max_splits": 4,
    "decks": 6,
    "penetration_cards": 250
  },
  "ev": 0.1960412999999929,
  "stddev": 2.511746792927781,
  "winning_distrib": {
    "-8.0": 580,
    "-7.0": 10261,
    "-6.0": 92515,
    "-5.0": 518763,
    "-4.0": 2728143,
    "-3.0": 12253373,
    "-2.0": 25028664,
    "-1.0": 5062770,
    "+0.0": 4258379,
    "+1.0": 5440089,
    "+2.0": 21648850,
    "+3.0": 16597120,
    "+4.0": 5038171,
    "+5.0": 1034314,
    "+6.0": 249893,
    "+7.0": 35390,
    "+8.0": 2725
  },
  "hands": {
    "total": 214890416,
    "won": 106169256,
    "lost": 101612386,
    "push": 7108774,
    "busted": 0,
    "blackjack": 0,
    "doubled": 53641211,
    "split": 214890416,
    "insured": 0,
    "surrender": 0
  }
}
