{
  "rounds": 100000000,
  "rules": {
    "game_type": "ahc",
    "soft17": "s17",
    "das": true,
    "bj_pays": 1.5,
    "double_down": "any_two",
    "surrender": "early_surrender",
    "play_ace_pairs": false,
    "max_splits": 4,
    "decks": 6,
    "penetration_cards": 250
  },
  "ev": -0.7236734400000117,
  "stddev": 1.821612402631618,
  "winning_distrib": {
    "-2.0": 66116523,
    "+0.0": 3950626,
    "+2.0": 29932851
  },
  "hands": {
    "total": 100000000,
    "won": 29932851,
    "lost": 66116523,
    "push": 3950626,
    "busted": 50002986,
    "blackjack": 0,
    "doubled": 100000000,
    "split": 0,
    "insured": 0,
    "surrender": 0
  }
}
