{
  "rounds": 100000000,
  "rules": {
    "game_type": "ahc",
    "soft17": "s17",
    "das": true,
    "bj_pays": 1.5,
    "double_down": "any_two",
    "surrender": "early_surrender",
    "play_ace_pairs": false,
    "max_splits": 4,
    "decks": 6,
    "penetration_cards": 250
  },
  "ev": 0.24649181999999892,
  "stddev": 0.9153783977417566,
  "winning_distrib": {
    "-1.0": 32609200,
    "+0.0": 10132418,
    "+1.0": 57258382
  },
  "hands": {
    "total": 100000000,
    "won": 57258382,
    "lost": 32609200,
    "push": 10132418,
    "busted": 21379825,
    "blackjack": 0,
    "doubled": 0,
    "split": 0,
    "insured": 0,
    "surrender": 0
  }
}
