{
  "rounds": 100000000,
  "rules": {
    "game_type": "enhc",
    "soft17": "h17",
    "das": true,
    "double_down": "any_two",
    "surrender": "no_surrender",
    "play_ace_pairs": false,
    "max_splits": 4,
    "decks": 6,
    "penetration_cards": 46
  },
  "ev": -0.4190916699999986,
  "stddev": 0.8543410732462733,
  "winning_distrib": {
    "-1.0": 66231408,
    "+0.0": 9446351,
    "+1.0": 24322241
  },
  "hands": {
    "total": 100000000,
    "won": 24322241,
    "lost": 66231408,
    "push": 9446351,
    "busted": 21310922,
    "blackjack": 0,
    "doubled": 0,
    "split": 0,
    "insured": 0,
    "surrender": 0
  }
}
