{
  "rounds": 100000000,
  "rules": {
    "game_type": "ahc",
    "soft17": "h17",
    "das": false,
    "double_down": "any_two",
    "surrender": "no_surrender",
    "play_ace_pairs": false,
    "max_splits": 4,
    "decks": 6,
    "penetration_cards": 46
  },
  "ev": 0.19856216000000082,
  "stddev": 0.9277558715650843,
  "winning_distrib": {
    "-1.0": 35079786,
    "+0.0": 9984212,
    "+1.0": 54936002
  },
  "hands": {
    "total": 100000000,
    "won": 54936002,
    "lost": 35079786,
    "push": 9984212,
    "busted": 21276844,
    "blackjack": 0,
    "doubled": 0,
    "split": 0,
    "insured": 0,
    "surrender": 0
  }
}
