{
  "rounds": 100000000,
  "rules": {
    "game_type": "ahc",
    "soft17": "s17",
    "das": true,
    "bj_pays": 1.5,
    "double_down": "any_two",
    "surrender": "early_surrender",
    "play_ace_pairs": false,
    "max_splits": 4,
    "decks": 6,
    "penetration_cards": 250
  },
  "ev": 0.1630867600000017,
  "stddev": 0.9242267023055805,
  "winning_distrib": {
    "-1.0": 35885276,
    "+0.0": 11920772,
    "+1.0": 52193952
  },
  "hands": {
    "total": 100000000,
    "won": 52193952,
    "lost": 35885276,
    "push": 11920772,
    "busted": 0,
    "blackjack": 0,
    "doubled": 0,
    "split": 0,
    "insured": 0,
    "surrender": 0
  }
}
