{
  "rounds": 100000000,
  "rules": {
    "game_type": "ahc",
    "soft17": "s17",
    "das": true,
    "bj_pays": 1.5,
    "double_down": "any_two",
    "surrender": "early_surrender",
    "play_ace_pairs": false,
    "max_splits": 4,
    "decks": 6,
    "penetration_cards": 250
  },
  "ev": -0.43306126999999955,
  "stddev": 0.8490077111747106,
  "winning_distrib": {
    "-1.0": 67070871,
    "+0.0": 9164385,
    "+1.0": 23764744
  },
  "hands": {
    "total": 100000000,
    "won": 23764744,
    "lost": 67070871,
    "push": 9164385,
    "busted": 15838932,
    "blackjack": 0,
    "doubled": 0,
    "split": 0,
    "insured": 0,
    "surrender": 0
  }
}
