{
  "rounds": 100000000,
  "rules": {
    "game_type": "ahc",
    "soft17": "s17",
    "das": true,
    "bj_pays": 1.5,
    "double_down": "any_two",
    "surrender": "early_surrender",
    "play_ace_pairs": false,
    "max_splits": 4,
    "decks": 6,
    "penetration_cards": 250
  },
  "ev": -0.7808694300000131,
  "stddev": 1.5022381388643493,
  "winning_distrib": {
    "-2.0": 43107892,
    "-1.0": 32652799,
    "+0.0": 3848489,
    "+2.0": 20390820
  },
  "hands": {
    "total": 100000000,
    "won": 20390820,
    "lost": 75760691,
    "push": 3848489,
    "busted": 0,
    "blackjack": 0,
    "doubled": 67347201,
    "split": 0,
    "insured": 0,
    "surrender": 0
  }
}
