{
  "rounds": 100000000,
  "rules": {
    "game_type": "ahc",
    "soft17": "s17",
    "das": true,
    "bj_pays": 1.5,
    "double_down": "any_two",
    "surrender": "early_surrender",
    "play_ace_pairs": false,
    "max_splits": 4,
    "decks": 6,
    "penetration_cards": 250
  },
  "ev": 0.43670234999999336,
  "stddev": 0.834709970272249,
  "winning_distrib": {
    "-1.0": 22537366,
    "+0.0": 11255033,
    "+1.0": 66207601
  },
  "hands": {
    "total": 100000000,
    "won": 66207601,
    "lost": 22537366,
    "push": 11255033,
    "busted": 0,
    "blackjack": 0,
    "doubled": 0,
    "split": 0,
    "insured": 0,
    "surrender": 0
  }
}
