{
  "rounds": 100000000,
  "rules": {
    "game_type": "enhc",
    "soft17": "s17",
    "das": true,
    "double_down": "any_two",
    "surrender": "no_surrender",
    "play_ace_pairs": false,
    "max_splits": 4,
    "decks": 6,
    "penetration_cards": 46
  },
  "ev": 0.13175488000000524,
  "stddev": 1.9504267352653293,
  "winning_distrib": {
    "-2.0": 44475175,
    "+0.0": 4461906,
    "+2.0": 51062919
  },
  "hands": {
    "total": 100000000,
    "won": 51062919,
    "lost": 44475175,
    "push": 4461906,
    "busted": 0,
    "blackjack": 0,
    "doubled": 100000000,
    "split": 0,
    "insured": 0,
    "surrender": 0
  }
}
