{
  "rounds": 100000000,
  "rules": {
    "game_type": "ahc",
    "soft17": "s17",
    "das": true,
    "bj_pays": 1.5,
    "double_down": "any_two",
    "surrender": "early_surrender",
    "play_ace_pairs": false,
    "max_splits": 4,
    "decks": 6,
    "penetration_cards": 250
  },
  "ev": -0.763513760000005,
  "stddev": 0.6276087174582456,
  "winning_distrib": {
    "-1.0": 87017986,
    "+0.0": 2315404,
    "+1.0": 10666610
  },
  "hands": {
    "total": 100000000,
    "won": 10666610,
    "lost": 87017986,
    "push": 2315404,
    "busted": 52530719,
    "blackjack": 0,
    "doubled": 0,
    "split": 0,
    "insured": 0,
    "surrender": 0
  }
}
