{
  "rounds": 100000000,
  "rules": {
    "game_type": "ahc",
    "soft17": "s17",
    "das": false,
    "double_down": "any_two",
    "surrender": "no_surrender",
    "play_ace_pairs": false,
    "max_splits": 4,
    "decks": 6,
    "penetration_cards": 46
  },
  "ev": 0.11931203999999918,
  "stddev": 0.9599451058919789,
  "winning_distrib": {
    "-1.0": 40820896,
    "+0.0": 6427004,
    "+1.0": 52752100
  },
  "hands": {
    "total": 100000000,
    "won": 52752100,
    "lost": 40820896,
    "push": 6427004,
    "busted": 0,
    "blackjack": 0,
    "doubled": 0,
    "split": 0,
    "insured": 0,
    "surrender": 0
  }
}
