{
  "rounds": 100000000,
  "rules": {
    "game_type": "ahc",
    "soft17": "s17",
    "das": true,
    "bj_pays": 1.5,
    "double_down": "any_two",
    "surrender": "early_surrender",
    "play_ace_pairs": false,
    "max_splits": 4,
    "decks": 6,
    "penetration_cards": 250
  },
  "ev": -0.732663010000028,
  "stddev": 0.6709111180171038,
  "winning_distrib": {
    "-1.0": 85978991,
    "+0.0": 1308319,
    "+1.0": 12712690
  },
  "hands": {
    "total": 100000000,
    "won": 12712690,
    "lost": 85978991,
    "push": 1308319,
    "busted": 85213510,
    "blackjack": 0,
    "doubled": 0,
    "split": 0,
    "insured": 0,
    "surrender": 0
  }
}
