{
  "rounds": 100000000,
  "rules": {
    "game_type": "ahc",
    "soft17": "s17",
    "das": true,
    "bj_pays": 1.5,
    "double_down": "any_two",
    "surrender": "early_surrender",
    "play_ace_pairs": false,
    "max_splits": 4,
    "decks": 6,
    "penetration_cards": 250
  },
  "ev": -0.10303967000000054,
  "stddev": 0.9385132632064237,
  "winning_distrib": {
    "-1.0": 49723199,
    "+0.0": 10857569,
    "+1.0": 39419232
  },
  "hands": {
    "total": 100000000,
    "won": 39419232,
    "lost": 49723199,
    "push": 10857569,
    "busted": 25518835,
    "blackjack": 0,
    "doubled": 0,
    "split": 0,
    "insured": 0,
    "surrender": 0
  }
}
