{
  "rounds": 100000000,
  "rules": {
    "game_type": "ahc",
    "soft17": "s17",
    "das": true,
    "double_down": "any_two",
    "surrender": "no_surrender",
    "play_ace_pairs": false,
    "max_splits": 4,
    "decks": 6,
    "penetration_cards": 46
  },
  "ev": -0.45024714000000426,
  "stddev": 1.8104969444052612,
  "winning_distrib": {
    "-2.0": 54763949,
    "+0.0": 12984459,
    "+2.0": 32251592
  },
  "hands": {
    "total": 100000000,
    "won": 32251592,
    "lost": 54763949,
    "push": 12984459,
    "busted": 0,
    "blackjack": 0,
    "doubled": 100000000,
    "split": 0,
    "insured": 0,
    "surrender": 0
  }
}
