{
  "rounds": 100000000,
  "rules": {
    "game_type": "ahc",
    "soft17": "s17",
    "das": true,
    "bj_pays": 1.5,
    "double_down": "any_two",
    "surrender": "early_surrender",
    "play_ace_pairs": false,
    "max_splits": 4,
    "decks": 6,
    "penetration_cards": 250
  },
  "ev": 0.216082040000001,
  "stddev": 1.9089712277641027,
  "winning_distrib": {
    "-2.0": 40733731,
    "+0.0": 7728436,
    "+2.0": 51537833
  },
  "hands": {
    "total": 100000000,
    "won": 51537833,
    "lost": 40733731,
    "push": 7728436,
    "busted": 0,
    "blackjack": 0,
    "doubled": 100000000,
    "split": 0,
    "insured": 0,
    "surrender": 0
  }
}
