{
  "rounds": 100000000,
  "rules": {
    "game_type": "ahc",
    "soft17": "s17",
    "das": true,
    "bj_pays": 1.5,
    "double_down": "any_two",
    "surrender": "early_surrender",
    "play_ace_pairs": false,
    "max_splits": 4,
    "decks": 6,
    "penetration_cards": 250
  },
  "ev": -1.260419159999984,
  "stddev": 1.5193300774316696,
  "winning_distrib": {
    "-2.0": 80223233,
    "+0.0": 2574492,
    "+2.0": 17202275
  },
  "hands": {
    "total": 100000000,
    "won": 17202275,
    "lost": 80223233,
    "push": 2574492,
    "busted": 77594993,
    "blackjack": 0,
    "doubled": 100000000,
    "split": 0,
    "insured": 0,
    "surrender": 0
  }
}
