{
  "rounds": 100000000,
  "rules": {
    "game_type": "ahc",
    "soft17": "s17",
    "das": true,
    "bj_pays": 1.5,
    "double_down": "any_two",
    "surrender": "early_surrender",
    "play_ace_pairs": false,
    "max_splits": 4,
    "decks": 6,
    "penetration_cards": 250
  },
  "ev": -0.7843945000000058,
  "stddev": 1.795282880384093,
  "winning_distrib": {
    "-2.0": 67588804,
    "+0.0": 4042117,
    "+2.0": 28369079
  },
  "hands": {
    "total": 100000000,
    "won": 28369079,
    "lost": 67588804,
    "push": 4042117,
    "busted": 51068220,
    "blackjack": 0,
    "doubled": 100000000,
    "split": 0,
    "insured": 0,
    "surrender": 0
  }
}
