{
  "rounds": 100000000,
  "rules": {
    "game_type": "ahc",
    "soft17": "s17",
    "das": true,
    "bj_pays": 1.5,
    "double_down": "any_two",
    "surrender": "early_surrender",
    "play_ace_pairs": false,
    "max_splits": 4,
    "decks": 6,
    "penetration_cards": 250
  },
  "ev": -0.13847149999999944,
  "stddev": 0.918457648519192,
  "winning_distrib": {
    "-1.0": 50060515,
    "+0.0": 13726120,
    "+1.0": 36213365
  },
  "hands": {
    "total": 100000000,
    "won": 36213365,
    "lost": 50060515,
    "push": 13726120,
    "busted": 0,
    "blackjack": 0,
    "doubled": 0,
    "split": 0,
    "insured": 0,
    "surrender": 0
  }
}
