{
  "rounds": 100000000,
  "rules": {
    "game_type": "ahc",
    "soft17": "s17",
    "das": true,
    "double_down": "any_two",
    "surrender": "no_surrender",
    "play_ace_pairs": false,
    "max_splits": 4,
    "decks": 6,
    "penetration_cards": 46
  },
  "ev": 0.6497448699999954,
  "stddev": 0.6760948886655831,
  "winning_distrib": {
    "-1.0": 11476391,
    "+0.0": 12072731,
    "+1.0": 76450878
  },
  "hands": {
    "total": 100000000,
    "won": 76450878,
    "lost": 11476391,
    "push": 12072731,
    "busted": 0,
    "blackjack": 0,
    "doubled": 0,
    "split": 0,
    "insured": 0,
    "surrender": 0
  }
}
