{
  "rounds": 100000000,
  "rules": {
    "game_type": "ahc",
    "soft17": "s17",
    "das": true,
    "bj_pays": 1.5,
    "double_down": "any_two",
    "surrender": "early_surrender",
    "play_ace_pairs": false,
    "max_splits": 4,
    "decks": 6,
    "penetration_cards": 250
  },
  "ev": -0.353333660000001,
  "stddev": 0.8902446139328043,
  "winning_distrib": {
    "-1.0": 63535690,
    "+0.0": 8261986,
    "+1.0": 28202324
  },
  "hands": {
    "total": 100000000,
    "won": 28202324,
    "lost": 63535690,
    "push": 8261986,
    "busted": 39811939,
    "blackjack": 0,
    "doubled": 0,
    "split": 0,
    "insured": 0,
    "surrender": 0
  }
}
