{
  "rounds": 100000000,
  "rules": {
    "game_type": "ahc",
    "soft17": "s17",
    "das": true,
    "bj_pays": 1.5,
    "double_down": "any_two",
    "surrender": "early_surrender",
    "play_ace_pairs": false,
    "max_splits": 4,
    "decks": 6,
    "penetration_cards": 250
  },
  "ev": -0.04736793000000131,
  "stddev": 0.9589477871100748,
  "winning_distrib": {
    "-1.0": 48459625,
    "+0.0": 7817543,
    "+1.0": 43722832
  },
  "hands": {
    "total": 100000000,
    "won": 43722832,
    "lost": 48459625,
    "push": 7817543,
    "busted": 2672617,
    "blackjack": 0,
    "doubled": 0,
    "split": 0,
    "insured": 0,
    "surrender": 0
  }
}
