{
  "rounds": 100000000,
  "rules": {
    "game_type": "ahc",
    "soft17": "s17",
    "das": true,
    "bj_pays": 1.5,
    "double_down": "any_two",
    "surrender": "early_surrender",
    "play_ace_pairs": false,
    "max_splits": 4,
    "decks": 6,
    "penetration_cards": 250
  },
  "ev": -0.26693883999999823,
  "stddev": 1.6866869668520534,
  "winning_distrib": {
    "-2.0": 32597670,
    "-1.0": 28074444,
    "+0.0": 6039936,
    "+2.0": 33287950
  },
  "hands": {
    "total": 100000000,
    "won": 33287950,
    "lost": 60672114,
    "push": 6039936,
    "busted": 0,
    "blackjack": 0,
    "doubled": 71925556,
    "split": 0,
    "insured": 0,
    "surrender": 0
  }
}
