{
  "rounds": 100000000,
  "rules": {
    "game_type": "ahc",
    "soft17": "s17",
    "das": true,
    "double_down": "any_two",
    "surrender": "no_surrender",
    "play_ace_pairs": false,
    "max_splits": 4,
    "decks": 6,
    "penetration_cards": 46
  },
  "ev": 0.36817268000000514,
  "stddev": 1.6199277712117985,
  "winning_distrib": {
    "-2.0": 22240640,
    "-1.0": 9436835,
    "+0.0": 21005607,
    "+1.0": 3898453,
    "+2.0": 43418465
  },
  "hands": {
    "total": 200000000,
    "won": 110171440,
    "lost": 73354172,
    "push": 16474388,
    "busted": 4594657,
    "blackjack": 0,
    "doubled": 0,
    "split": 200000000,
    "insured": 0,
    "surrender": 0
  }
}
