{
  "rounds": 100000000,
  "rules": {
    "game_type": "ahc",
    "soft17": "h17",
    "das": true,
    "double_down": "any_two",
    "surrender": "no_surrender",
    "play_ace_pairs": false,
    "max_splits": 4,
    "decks": 6,
    "penetration_cards": 46
  },
  "ev": -1.2296678800000134,
  "stddev": 1.5240950784399645,
  "winning_distrib": {
    "-2.0": 78678558,
    "+0.0": 4126278,
    "+2.0": 17195164
  },
  "hands": {
    "total": 100000000,
    "won": 17195164,
    "lost": 78678558,
    "push": 4126278,
    "busted": 76833270,
    "blackjack": 0,
    "doubled": 100000000,
    "split": 0,
    "insured": 0,
    "surrender": 0
  }
}
