{
  "rounds": 100000000,
  "rules": {
    "game_type": "ahc",
    "soft17": "h17",
    "das": true,
    "double_down": "any_two",
    "surrender": "no_surrender",
    "play_ace_pairs": false,
    "max_splits": 4,
    "decks": 6,
    "penetration_cards": 46
  },
  "ev": -0.1529324299999993,
  "stddev": 0.9451183369223088,
  "winning_distrib": {
    "-1.0": 53478471,
    "+0.0": 8336301,
    "+1.0": 38185228
  },
  "hands": {
    "total": 100000000,
    "won": 38185228,
    "lost": 53478471,
    "push": 8336301,
    "busted": 44113255,
    "blackjack": 0,
    "doubled": 0,
    "split": 0,
    "insured": 0,
    "surrender": 0
  }
}
