{
  "rounds": 100000000,
  "rules": {
    "game_type": "ahc",
    "soft17": "h17",
    "das": false,
    "double_down": "any_two",
    "surrender": "no_surrender",
    "play_ace_pairs": false,
    "max_splits": 4,
    "decks": 6,
    "penetration_cards": 46
  },
  "ev": -0.20878492999999787,
  "stddev": 0.9225811354653121,
  "winning_distrib": {
    "-1.0": 55176601,
    "+0.0": 10525291,
    "+1.0": 34298108
  },
  "hands": {
    "total": 100000000,
    "won": 34298108,
    "lost": 55176601,
    "push": 10525291,
    "busted": 19594038,
    "blackjack": 0,
    "doubled": 0,
    "split": 0,
    "insured": 0,
    "surrender": 0
  }
}
