{
  "rounds": 100000000,
  "rules": {
    "game_type": "enhc",
    "soft17": "s17",
    "das": false,
    "double_down": "any_two",
    "surrender": "no_surrender",
    "play_ace_pairs": false,
    "max_splits": 4,
    "decks": 6,
    "penetration_cards": 46
  },
  "ev": 0.28227600000001063,
  "stddev": 1.9038632661173092,
  "winning_distrib": {
    "-2.0": 39247788,
    "+0.0": 7390624,
    "+2.0": 53361588
  },
  "hands": {
    "total": 100000000,
    "won": 53361588,
    "lost": 39247788,
    "push": 7390624,
    "busted": 0,
    "blackjack": 0,
    "doubled": 100000000,
    "split": 0,
    "insured": 0,
    "surrender": 0
  }
}
