{
  "rounds": 100000000,
  "rules": {
    "game_type": "ahc",
    "soft17": "s17",
    "das": true,
    "bj_pays": 1.5,
    "double_down": "any_two",
    "surrender": "early_surrender",
    "play_ace_pairs": false,
    "max_splits": 4,
    "decks": 6,
    "penetration_cards": 250
  },
  "ev": -0.18841407999999768,
  "stddev": 0.9254264114568471,
  "winning_distrib": {
    "-1.0": 54016399,
    "+0.0": 10808610,
    "+1.0": 35174991
  },
  "hands": {
    "total": 100000000,
    "won": 35174991,
    "lost": 54016399,
    "push": 10808610,
    "busted": 18995930,
    "blackjack": 0,
    "doubled": 0,
    "split": 0,
    "insured": 0,
    "surrender": 0
  }
}
