{
  "rounds": 100000000,
  "rules": {
    "game_type": "ahc",
    "soft17": "s17",
    "das": false,
    "double_down": "any_two",
    "surrender": "no_surrender",
    "play_ace_pairs": false,
    "max_splits": 4,
    "decks": 6,
    "penetration_cards": 46
  },
  "ev": 0.13141221999999828,
  "stddev": 1.9504926009802808,
  "winning_distrib": {
    "-2.0": 44485826,
    "+0.0": 4457737,
    "+2.0": 51056437
  },
  "hands": {
    "total": 100000000,
    "won": 51056437,
    "lost": 44485826,
    "push": 4457737,
    "busted": 0,
    "blackjack": 0,
    "doubled": 100000000,
    "split": 0,
    "insured": 0,
    "surrender": 0
  }
}
