{
  "rounds": 100000000,
  "rules": {
    "game_type": "ahc",
    "soft17": "s17",
    "das": true,
    "bj_pays": 1.5,
    "double_down": "any_two",
    "surrender": "early_surrender",
    "play_ace_pairs": false,
    "max_splits": 4,
    "decks": 6,
    "penetration_cards": 250
  },
  "ev": 0.18771471999999753,
  "stddev": 1.8974214766090962,
  "winning_distrib": {
    "-2.0": 40750195,
    "+0.0": 9113874,
    "+2.0": 50135931
  },
  "hands": {
    "total": 100000000,
    "won": 50135931,
    "lost": 40750195,
    "push": 9113874,
    "busted": 0,
    "blackjack": 0,
    "doubled": 100000000,
    "split": 0,
    "insured": 0,
    "surrender": 0
  }
}
