{
  "rounds": 100000000,
  "rules": {
    "game_type": "ahc",
    "soft17": "s17",
    "das": true,
    "bj_pays": 1.5,
    "double_down": "any_two",
    "surrender": "early_surrender",
    "play_ace_pairs": false,
    "max_splits": 4,
    "decks": 6,
    "penetration_cards": 250
  },
  "ev": -0.40945860999999656,
  "stddev": 0.8684036413086583,
  "winning_distrib": {
    "-1.0": 66561992,
    "+0.0": 7821877,
    "+1.0": 25616131
  },
  "hands": {
    "total": 100000000,
    "won": 25616131,
    "lost": 66561992,
    "push": 7821877,
    "busted": 41435313,
    "blackjack": 0,
    "doubled": 0,
    "split": 0,
    "insured": 0,
    "surrender": 0
  }
}
