{
  "rounds": 100000000,
  "rules": {
    "game_type": "ahc",
    "soft17": "h17",
    "das": false,
    "double_down": "any_two",
    "surrender": "no_surrender",
    "play_ace_pairs": false,
    "max_splits": 4,
    "decks": 6,
    "penetration_cards": 46
  },
  "ev": -1.0708244699999847,
  "stddev": 1.55000284144071,
  "winning_distrib": {
    "-2.0": 68240885,
    "-1.0": 7718399,
    "+0.0": 5481855,
    "+2.0": 18558861
  },
  "hands": {
    "total": 100000000,
    "won": 18558861,
    "lost": 75959284,
    "push": 5481855,
    "busted": 56637092,
    "blackjack": 0,
    "doubled": 92281601,
    "split": 0,
    "insured": 0,
    "surrender": 0
  }
}
