{
  "rounds": 100000000,
  "rules": {
    "game_type": "enhc",
    "soft17": "h17",
    "das": true,
    "double_down": "any_two",
    "surrender": "no_surrender",
    "play_ace_pairs": false,
    "max_splits": 4,
    "decks": 6,
    "penetration_cards": 46
  },
  "ev": -0.07200421999999998,
  "stddev": 0.9384940069653557,
  "winning_distrib": {
    "-1.0": 47897991,
    "+0.0": 11404440,
    "+1.0": 40697569
  },
  "hands": {
    "total": 100000000,
    "won": 40697569,
    "lost": 47897991,
    "push": 11404440,
    "busted": 21195441,
    "blackjack": 0,
    "doubled": 0,
    "split": 0,
    "insured": 0,
    "surrender": 0
  }
}
