{
  "rounds": 100000000,
  "rules": {
    "game_type": "ahc",
    "soft17": "s17",
    "das": true,
    "bj_pays": 1.5,
    "double_down": "any_two",
    "surrender": "early_surrender",
    "play_ace_pairs": false,
    "max_splits": 4,
    "decks": 6,
    "penetration_cards": 250
  },
  "ev": 0.3208718199999996,
  "stddev": 1.9862275636444022,
  "winning_distrib": {
    "-8.0": 72,
    "-7.0": 2426,
    "-6.0": 30662,
    "-5.0": 218583,
    "-4.0": 1292553,
    "-3.0": 6156919,
    "-2.0": 16299295,
    "-1.0": 10462511,
    "+0.0": 17817159,
    "+1.0": 12067928,
    "+2.0": 22323573,
    "+3.0": 10524795,
    "+4.0": 2313094,
    "+5.0": 409629,
    "+6.0": 72330,
    "+7.0": 8031,
    "+8.0": 440
  },
  "hands": {
    "total": 217414900,
    "won": 107937813,
    "lost": 83674166,
    "push": 25802921,
    "busted": 39107176,
    "blackjack": 0,
    "doubled": 36144828,
    "split": 217414900,
    "insured": 0,
    "surrender": 0
  }
}
