{
  "rounds": 100000000,
  "rules": {
    "game_type": "ahc",
    "soft17": "s17",
    "das": true,
    "bj_pays": 1.5,
    "double_down": "any_two",
    "surrender": "early_surrender",
    "play_ace_pairs": false,
    "max_splits": 4,
    "decks": 6,
    "penetration_cards": 250
  },
  "ev": -0.7142883599999947,
  "stddev": 1.7893999918375083,
  "winning_distrib": {
    "-2.0": 64259211,
    "+0.0": 7195996,
    "+2.0": 28544793
  },
  "hands": {
    "total": 100000000,
    "won": 28544793,
    "lost": 64259211,
    "push": 7195996,
    "busted": 0,
    "blackjack": 0,
    "doubled": 100000000,
    "split": 0,
    "insured": 0,
    "surrender": 0
  }
}
