{
  "rounds": 100000000,
  "rules": {
    "game_type": "ahc",
    "soft17": "s17",
    "das": false,
    "double_down": "any_two",
    "surrender": "no_surrender",
    "play_ace_pairs": false,
    "max_splits": 4,
    "decks": 6,
    "penetration_cards": 46
  },
  "ev": -1.0126008099999932,
  "stddev": 1.5886148982130002,
  "winning_distrib": {
    "-2.0": 66783120,
    "-1.0": 7720323,
    "+0.0": 5483316,
    "+2.0": 20013241
  },
  "hands": {
    "total": 100000000,
    "won": 20013241,
    "lost": 74503443,
    "push": 5483316,
    "busted": 49703942,
    "blackjack": 0,
    "doubled": 92279677,
    "split": 0,
    "insured": 0,
    "surrender": 0
  }
}
