{
  "rounds": 100000000,
  "rules": {
    "game_type": "enhc",
    "soft17": "h17",
    "das": true,
    "double_down": "any_two",
    "surrender": "no_surrender",
    "play_ace_pairs": false,
    "max_splits": 4,
    "decks": 6,
    "penetration_cards": 46
  },
  "ev": -0.6299741400000181,
  "stddev": 1.8396607776366678,
  "winning_distrib": {
    "-2.0": 63014593,
    "+0.0": 5469521,
    "+2.0": 31515886
  },
  "hands": {
    "total": 100000000,
    "won": 31515886,
    "lost": 63014593,
    "push": 5469521,
    "busted": 0,
    "blackjack": 0,
    "doubled": 100000000,
    "split": 0,
    "insured": 0,
    "surrender": 0
  }
}
