{
  "rounds": 100000000,
  "rules": {
    "game_type": "ahc",
    "soft17": "s17",
    "das": true,
    "bj_pays": 1.5,
    "double_down": "any_two",
    "surrender": "early_surrender",
    "play_ace_pairs": false,
    "max_splits": 4,
    "decks": 6,
    "penetration_cards": 250
  },
  "ev": 0.3717638199999929,
  "stddev": 1.8919489786814399,
  "winning_distrib": {
    "-2.0": 37176895,
    "+0.0": 7058019,
    "+2.0": 55765086
  },
  "hands": {
    "total": 100000000,
    "won": 55765086,
    "lost": 37176895,
    "push": 7058019,
    "busted": 0,
    "blackjack": 0,
    "doubled": 100000000,
    "split": 0,
    "insured": 0,
    "surrender": 0
  }
}
