{
  "rounds": 100000000,
  "rules": {
    "game_type": "enhc",
    "soft17": "s17",
    "das": false,
    "double_down": "any_two",
    "surrender": "no_surrender",
    "play_ace_pairs": false,
    "max_splits": 4,
    "decks": 6,
    "penetration_cards": 46
  },
  "ev": -0.04031184000000019,
  "stddev": 1.861352392805331,
  "winning_distrib": {
    "-2.0": 42567319,
    "-1.0": 4915351,
    "+0.0": 9209696,
    "+1.0": 596463,
    "+2.0": 42711171
  },
  "hands": {
    "total": 200000000,
    "won": 95083162,
    "lost": 99114346,
    "push": 5802492,
    "busted": 0,
    "blackjack": 0,
    "doubled": 0,
    "split": 200000000,
    "insured": 0,
    "surrender": 0
  }
}
