{
  "rounds": 100000000,
  "rules": {
    "game_type": "ahc",
    "soft17": "s17",
    "das": true,
    "bj_pays": 1.5,
    "double_down": "any_two",
    "surrender": "early_surrender",
    "play_ace_pairs": false,
    "max_splits": 4,
    "decks": 6,
    "penetration_cards": 250
  },
  "ev": 0.19301132000000298,
  "stddev": 0.929249126438612,
  "winning_distrib": {
    "-1.0": 35387299,
    "+0.0": 9924270,
    "+1.0": 54688431
  },
  "hands": {
    "total": 100000000,
    "won": 54688431,
    "lost": 35387299,
    "push": 9924270,
    "busted": 20506435,
    "blackjack": 0,
    "doubled": 0,
    "split": 0,
    "insured": 0,
    "surrender": 0
  }
}
