{
  "rounds": 100000000,
  "rules": {
    "game_type": "ahc",
    "soft17": "h17",
    "das": true,
    "double_down": "any_two",
    "surrender": "no_surrender",
    "play_ace_pairs": false,
    "max_splits": 4,
    "decks": 6,
    "penetration_cards": 46
  },
  "ev": 0.36397563999999044,
  "stddev": 1.8848531001150521,
  "winning_distrib": {
    "-2.0": 36964977,
    "+0.0": 7871264,
    "+2.0": 55163759
  },
  "hands": {
    "total": 100000000,
    "won": 55163759,
    "lost": 36964977,
    "push": 7871264,
    "busted": 0,
    "blackjack": 0,
    "doubled": 100000000,
    "split": 0,
    "insured": 0,
    "surrender": 0
  }
}
