{
  "rounds": 100000000,
  "rules": {
    "game_type": "enhc",
    "soft17": "s17",
    "das": true,
    "double_down": "any_two",
    "surrender": "no_surrender",
    "play_ace_pairs": false,
    "max_splits": 4,
    "decks": 6,
    "penetration_cards": 46
  },
  "ev": -0.7244468999999986,
  "stddev": 1.8101160962340448,
  "winning_distrib": {
    "-2.0": 65627967,
    "+0.0": 4966411,
    "+2.0": 29405622
  },
  "hands": {
    "total": 100000000,
    "won": 29405622,
    "lost": 65627967,
    "push": 4966411,
    "busted": 46205879,
    "blackjack": 0,
    "doubled": 100000000,
    "split": 0,
    "insured": 0,
    "surrender": 0
  }
}
