{
  "rounds": 100000000,
  "rules": {
    "game_type": "ahc",
    "soft17": "s17",
    "das": true,
    "bj_pays": 1.5,
    "double_down": "any_two",
    "surrender": "early_surrender",
    "play_ace_pairs": false,
    "max_splits": 4,
    "decks": 6,
    "penetration_cards": 250
  },
  "ev": 0.06914644999999847,
  "stddev": 0.9424254492181675,
  "winning_distrib": {
    "-1.0": 41190025,
    "+0.0": 10705305,
    "+1.0": 48104670
  },
  "hands": {
    "total": 100000000,
    "won": 48104670,
    "lost": 41190025,
    "push": 10705305,
    "busted": 28481670,
    "blackjack": 0,
    "doubled": 0,
    "split": 0,
    "insured": 0,
    "surrender": 0
  }
}
