{
  "rounds": 100000000,
  "rules": {
    "game_type": "ahc",
    "soft17": "s17",
    "das": true,
    "bj_pays": 1.5,
    "double_down": "any_two",
    "surrender": "early_surrender",
    "play_ace_pairs": false,
    "max_splits": 4,
    "decks": 6,
    "penetration_cards": 250
  },
  "ev": -0.2883829999999954,
  "stddev": 1.8377441930486618,
  "winning_distrib": {
    "-2.0": 47708816,
    "-1.0": 7350972,
    "+0.0": 7975060,
    "+2.0": 36965152
  },
  "hands": {
    "total": 100000000,
    "won": 36965152,
    "lost": 55059788,
    "push": 7975060,
    "busted": 0,
    "blackjack": 0,
    "doubled": 92649028,
    "split": 0,
    "insured": 0,
    "surrender": 0
  }
}
