{
  "rounds": 100000000,
  "rules": {
    "game_type": "ahc",
    "soft17": "s17",
    "das": true,
    "bj_pays": 1.5,
    "double_down": "any_two",
    "surrender": "early_surrender",
    "play_ace_pairs": false,
    "max_splits": 4,
    "decks": 6,
    "penetration_cards": 250
  },
  "ev": -0.49564080999999605,
  "stddev": 0.8328323627229169,
  "winning_distrib": {
    "-1.0": 71745518,
    "+0.0": 6073045,
    "+1.0": 22181437
  },
  "hands": {
    "total": 100000000,
    "won": 22181437,
    "lost": 71745518,
    "push": 6073045,
    "busted": 28987427,
    "blackjack": 0,
    "doubled": 0,
    "split": 0,
    "insured": 0,
    "surrender": 0
  }
}
