{
  "rounds": 100000000,
  "rules": {
    "game_type": "ahc",
    "soft17": "h17",
    "das": true,
    "double_down": "any_two",
    "surrender": "no_surrender",
    "play_ace_pairs": false,
    "max_splits": 4,
    "decks": 6,
    "penetration_cards": 46
  },
  "ev": 0.0216033799999999,
  "stddev": 0.9705935418047721,
  "winning_distrib": {
    "-1.0": 46045757,
    "+0.0": 5748148,
    "+1.0": 48206095
  },
  "hands": {
    "total": 100000000,
    "won": 48206095,
    "lost": 46045757,
    "push": 5748148,
    "busted": 2985623,
    "blackjack": 0,
    "doubled": 0,
    "split": 0,
    "insured": 0,
    "surrender": 0
  }
}
