{
  "rounds": 100000000,
  "rules": {
    "game_type": "ahc",
    "soft17": "s17",
    "das": false,
    "double_down": "any_two",
    "surrender": "no_surrender",
    "play_ace_pairs": false,
    "max_splits": 4,
    "decks": 6,
    "penetration_cards": 46
  },
  "ev": -0.07178678999999867,
  "stddev": 0.9833541968443259,
  "winning_distrib": {
    "-1.0": 52196280,
    "+0.0": 2786119,
    "+1.0": 45017601
  },
  "hands": {
    "total": 100000000,
    "won": 45017601,
    "lost": 52196280,
    "push": 2786119,
    "busted": 0,
    "blackjack": 0,
    "doubled": 0,
    "split": 0,
    "insured": 0,
    "surrender": 0
  }
}
