{
  "rounds": 100000000,
  "rules": {
    "game_type": "ahc",
    "soft17": "h17",
    "das": true,
    "double_down": "any_two",
    "surrender": "no_surrender",
    "play_ace_pairs": false,
    "max_splits": 4,
    "decks": 6,
    "penetration_cards": 46
  },
  "ev": 0.1818300400000064,
  "stddev": 0.9405454191052411,
  "winning_distrib": {
    "-1.0": 36792890,
    "+0.0": 8231216,
    "+1.0": 54975894
  },
  "hands": {
    "total": 100000000,
    "won": 54975894,
    "lost": 36792890,
    "push": 8231216,
    "busted": 2354547,
    "blackjack": 0,
    "doubled": 0,
    "split": 0,
    "insured": 0,
    "surrender": 0
  }
}
