{
  "rounds": 100000000,
  "rules": {
    "game_type": "ahc",
    "soft17": "s17",
    "das": true,
    "bj_pays": 1.5,
    "double_down": "any_two",
    "surrender": "early_surrender",
    "play_ace_pairs": false,
    "max_splits": 4,
    "decks": 6,
    "penetration_cards": 250
  },
  "ev": 0.09705457000000003,
  "stddev": 0.9587452579460494,
  "winning_distrib": {
    "-1.0": 41577874,
    "+0.0": 7138795,
    "+1.0": 51283331
  },
  "hands": {
    "total": 100000000,
    "won": 51283331,
    "lost": 41577874,
    "push": 7138795,
    "busted": 0,
    "blackjack": 0,
    "doubled": 0,
    "split": 0,
    "insured": 0,
    "surrender": 0
  }
}
