{
  "rounds": 100000000,
  "rules": {
    "game_type": "ahc",
    "soft17": "h17",
    "das": true,
    "double_down": "any_two",
    "surrender": "no_surrender",
    "play_ace_pairs": false,
    "max_splits": 4,
    "decks": 6,
    "penetration_cards": 46
  },
  "ev": 0.2819283799999977,
  "stddev": 0.9229510155305826,
  "winning_distrib": {
    "-1.0": 32469690,
    "+0.0": 6867782,
    "+1.0": 60662528
  },
  "hands": {
    "total": 100000000,
    "won": 60662528,
    "lost": 32469690,
    "push": 6867782,
    "busted": 0,
    "blackjack": 0,
    "doubled": 0,
    "split": 0,
    "insured": 0,
    "surrender": 0
  }
}
