{
  "rounds": 100000000,
  "rules": {
    "game_type": "ahc",
    "soft17": "h17",
    "das": true,
    "double_down": "any_two",
    "surrender": "no_surrender",
    "play_ace_pairs": false,
    "max_splits": 4,
    "decks": 6,
    "penetration_cards": 46
  },
  "ev": -0.35273287000000647,
  "stddev": 0.9099680877382378,
  "winning_distrib": {
    "-1.0": 65259763,
    "+0.0": 4753761,
    "+1.0": 29986476
  },
  "hands": {
    "total": 100000000,
    "won": 29986476,
    "lost": 65259763,
    "push": 4753761,
    "busted": 46306498,
    "blackjack": 0,
    "doubled": 0,
    "split": 0,
    "insured": 0,
    "surrender": 0
  }
}
