{
  "rounds": 100000000,
  "rules": {
    "game_type": "ahc",
    "soft17": "s17",
    "das": true,
    "bj_pays": 1.5,
    "double_down": "any_two",
    "surrender": "early_surrender",
    "play_ace_pairs": false,
    "max_splits": 4,
    "decks": 6,
    "penetration_cards": 250
  },
  "ev": 0.48272980000000043,
  "stddev": 1.8715500247706491,
  "winning_distrib": {
    "-2.0": 34628349,
    "+0.0": 6606812,
    "+2.0": 58764839
  },
  "hands": {
    "total": 100000000,
    "won": 58764839,
    "lost": 34628349,
    "push": 6606812,
    "busted": 0,
    "blackjack": 0,
    "doubled": 100000000,
    "split": 0,
    "insured": 0,
    "surrender": 0
  }
}
