{
  "rounds": 100000000,
  "rules": {
    "game_type": "ahc",
    "soft17": "s17",
    "das": true,
    "bj_pays": 1.5,
    "double_down": "any_two",
    "surrender": "early_surrender",
    "play_ace_pairs": false,
    "max_splits": 4,
    "decks": 6,
    "penetration_cards": 250
  },
  "ev": -0.06705482000000232,
  "stddev": 0.7775568899834424,
  "winning_distrib": {
    "-1.0": 33807294,
    "+0.0": 39090894,
    "+1.0": 27101812
  },
  "hands": {
    "total": 100000000,
    "won": 27101812,
    "lost": 33807294,
    "push": 39090894,
    "busted": 0,
    "blackjack": 0,
    "doubled": 0,
    "split": 0,
    "insured": 0,
    "surrender": 0
  }
}
