{
  "rounds": 100000000,
  "rules": {
    "game_type": "enhc",
    "soft17": "h17",
    "das": false,
    "double_down": "any_two",
    "surrender": "no_surrender",
    "play_ace_pairs": false,
    "max_splits": 4,
    "decks": 6,
    "penetration_cards": 46
  },
  "ev": -0.20531604000000223,
  "stddev": 0.9270389486492607,
  "winning_distrib": {
    "-1.0": 55343596,
    "+0.0": 9844412,
    "+1.0": 34811992
  },
  "hands": {
    "total": 100000000,
    "won": 34811992,
    "lost": 55343596,
    "push": 9844412,
    "busted": 34006671,
    "blackjack": 0,
    "doubled": 0,
    "split": 0,
    "insured": 0,
    "surrender": 0
  }
}
