{
  "rounds": 100000000,
  "rules": {
    "game_type": "ahc",
    "soft17": "s17",
    "das": true,
    "bj_pays": 1.5,
    "double_down": "any_two",
    "surrender": "early_surrender",
    "play_ace_pairs": false,
    "max_splits": 4,
    "decks": 6,
    "penetration_cards": 250
  },
  "ev": -0.20834696000000139,
  "stddev": 1.9320648595705732,
  "winning_distrib": {
    "-2.0": 52412212,
    "+0.0": 5592924,
    "+2.0": 41994864
  },
  "hands": {
    "total": 100000000,
    "won": 41994864,
    "lost": 52412212,
    "push": 5592924,
    "busted": 0,
    "blackjack": 0,
    "doubled": 100000000,
    "split": 0,
    "insured": 0,
    "surrender": 0
  }
}
