{
  "rounds": 100000000,
  "rules": {
    "game_type": "ahc",
    "soft17": "s17",
    "das": true,
    "bj_pays": 1.5,
    "double_down": "any_two",
    "surrender": "early_surrender",
    "play_ace_pairs": false,
    "max_splits": 4,
    "decks": 6,
    "penetration_cards": 250
  },
  "ev": 0.1594049599999983,
  "stddev": 0.9442461372139177,
  "winning_distrib": {
    "-1.0": 37880287,
    "+0.0": 8298930,
    "+1.0": 53820783
  },
  "hands": {
    "total": 100000000,
    "won": 53820783,
    "lost": 37880287,
    "push": 8298930,
    "busted": 28925850,
    "blackjack": 0,
    "doubled": 0,
    "split": 0,
    "insured": 0,
    "surrender": 0
  }
}
