{
  "rounds": 100000000,
  "rules": {
    "game_type": "ahc",
    "soft17": "s17",
    "das": false,
    "double_down": "any_two",
    "surrender": "no_surrender",
    "play_ace_pairs": false,
    "max_splits": 4,
    "decks": 6,
    "penetration_cards": 46
  },
  "ev": 0.06220775999999904,
  "stddev": 1.951966862602331,
  "winning_distrib": {
    "-2.0": 46120361,
    "+0.0": 4648890,
    "+2.0": 49230749
  },
  "hands": {
    "total": 100000000,
    "won": 49230749,
    "lost": 46120361,
    "push": 4648890,
    "busted": 0,
    "blackjack": 0,
    "doubled": 100000000,
    "split": 0,
    "insured": 0,
    "surrender": 0
  }
}
