{
  "rounds": 100000000,
  "rules": {
    "game_type": "ahc",
    "soft17": "s17",
    "das": false,
    "double_down": "any_two",
    "surrender": "no_surrender",
    "play_ace_pairs": false,
    "max_splits": 4,
    "decks": 6,
    "penetration_cards": 46
  },
  "ev": -0.05318744999999831,
  "stddev": 0.9164886434441015,
  "winning_distrib": {
    "-1.0": 44798389,
    "+0.0": 15721967,
    "+1.0": 39479644
  },
  "hands": {
    "total": 100000000,
    "won": 39479644,
    "lost": 44798389,
    "push": 15721967,
    "busted": 19570505,
    "blackjack": 0,
    "doubled": 0,
    "split": 0,
    "insured": 0,
    "surrender": 0
  }
}
