{
  "rounds": 100000000,
  "rules": {
    "game_type": "ahc",
    "soft17": "s17",
    "das": true,
    "bj_pays": 1.5,
    "double_down": "any_two",
    "surrender": "early_surrender",
    "play_ace_pairs": false,
    "max_splits": 4,
    "decks": 6,
    "penetration_cards": 250
  },
  "ev": -0.05067312000000036,
  "stddev": 1.8827662335928859,
  "winning_distrib": {
    "-8.0": 99,
    "-7.0": 2491,
    "-6.0": 29508,
    "-5.0": 209491,
    "-4.0": 1281016,
    "-3.0": 6828046,
    "-2.0": 19709643,
    "-1.0": 11616096,
    "+0.0": 23807162,
    "+1.0": 12537626,
    "+2.0": 14107890,
    "+3.0": 7810158,
    "+4.0": 1733686,
    "+5.0": 269303,
    "+6.0": 51086,
    "+7.0": 6243,
    "+8.0": 456
  },
  "hands": {
    "total": 217428861,
    "won": 92602878,
    "lost": 105412832,
    "push": 19413151,
    "busted": 73097557,
    "blackjack": 0,
    "doubled": 36139283,
    "split": 217428861,
    "insured": 0,
    "surrender": 0
  }
}
