{
  "rounds": 100000000,
  "rules": {
    "game_type": "ahc",
    "soft17": "s17",
    "das": false,
    "double_down": "any_two",
    "surrender": "no_surrender",
    "play_ace_pairs": false,
    "max_splits": 4,
    "decks": 6,
    "penetration_cards": 46
  },
  "ev": 0.014863370000000075,
  "stddev": 0.9462814164859966,
  "winning_distrib": {
    "-1.0": 44040303,
    "+0.0": 10433057,
    "+1.0": 45526640
  },
  "hands": {
    "total": 100000000,
    "won": 45526640,
    "lost": 44040303,
    "push": 10433057,
    "busted": 31897473,
    "blackjack": 0,
    "doubled": 0,
    "split": 0,
    "insured": 0,
    "surrender": 0
  }
}
