{
  "rounds": 100000000,
  "rules": {
    "game_type": "ahc",
    "soft17": "s17",
    "das": true,
    "bj_pays": 1.5,
    "double_down": "any_two",
    "surrender": "early_surrender",
    "play_ace_pairs": false,
    "max_splits": 4,
    "decks": 6,
    "penetration_cards": 250
  },
  "ev": 0.35604808000000054,
  "stddev": 1.8923072162142653,
  "winning_distrib": {
    "-2.0": 37443758,
    "+0.0": 7310080,
    "+2.0": 55246162
  },
  "hands": {
    "total": 100000000,
    "won": 55246162,
    "lost": 37443758,
    "push": 7310080,
    "busted": 0,
    "blackjack": 0,
    "doubled": 100000000,
    "split": 0,
    "insured": 0,
    "surrender": 0
  }
}
