{
  "rounds": 100000000,
  "rules": {
    "game_type": "ahc",
    "soft17": "s17",
    "das": true,
    "bj_pays": 1.5,
    "double_down": "any_two",
    "surrender": "early_surrender",
    "play_ace_pairs": false,
    "max_splits": 4,
    "decks": 6,
    "penetration_cards": 250
  },
  "ev": -0.002494779999999911,
  "stddev": 0.9411217375716422,
  "winning_distrib": {
    "-1.0": 44410556,
    "+0.0": 11428366,
    "+1.0": 44161078
  },
  "hands": {
    "total": 100000000,
    "won": 44161078,
    "lost": 44410556,
    "push": 11428366,
    "busted": 0,
    "blackjack": 0,
    "doubled": 0,
    "split": 0,
    "insured": 0,
    "surrender": 0
  }
}
