{
  "rounds": 100000000,
  "rules": {
    "game_type": "ahc",
    "soft17": "s17",
    "das": true,
    "bj_pays": 1.5,
    "double_down": "any_two",
    "surrender": "early_surrender",
    "play_ace_pairs": false,
    "max_splits": 4,
    "decks": 6,
    "penetration_cards": 250
  },
  "ev": 0.24631655000000005,
  "stddev": 0.9154632573603566,
  "winning_distrib": {
    "-1.0": 32621413,
    "+0.0": 10125519,
    "+1.0": 57253068
  },
  "hands": {
    "total": 100000000,
    "won": 57253068,
    "lost": 32621413,
    "push": 10125519,
    "busted": 21390850,
    "blackjack": 0,
    "doubled": 0,
    "split": 0,
    "insured": 0,
    "surrender": 0
  }
}
