{
  "rounds": 100000000,
  "rules": {
    "game_type": "enhc",
    "soft17": "s17",
    "das": true,
    "double_down": "any_two",
    "surrender": "no_surrender",
    "play_ace_pairs": false,
    "max_splits": 4,
    "decks": 6,
    "penetration_cards": 46
  },
  "ev": 0.39408671000000073,
  "stddev": 1.4271494019089066,
  "winning_distrib": {
    "-2.0": 15430200,
    "-1.0": 8403649,
    "+0.0": 32697833,
    "+1.0": 8263916,
    "+2.0": 35204402
  },
  "hands": {
    "total": 200000000,
    "won": 109730267,
    "lost": 70321596,
    "push": 19948137,
    "busted": 42576563,
    "blackjack": 0,
    "doubled": 0,
    "split": 200000000,
    "insured": 0,
    "surrender": 0
  }
}
