{
  "rounds": 100000000,
  "rules": {
    "game_type": "enhc",
    "soft17": "s17",
    "das": true,
    "double_down": "any_two",
    "surrender": "no_surrender",
    "play_ace_pairs": false,
    "max_splits": 4,
    "decks": 6,
    "penetration_cards": 46
  },
  "ev": 0.49520666999999224,
  "stddev": 0.8051097629947884,
  "winning_distrib": {
    "-1.0": 19911235,
    "+0.0": 10656863,
    "+1.0": 69431902
  },
  "hands": {
    "total": 100000000,
    "won": 69431902,
    "lost": 19911235,
    "push": 10656863,
    "busted": 0,
    "blackjack": 0,
    "doubled": 0,
    "split": 0,
    "insured": 0,
    "surrender": 0
  }
}
