{
  "rounds": 100000000,
  "rules": {
    "game_type": "ahc",
    "soft17": "s17",
    "das": true,
    "bj_pays": 1.5,
    "double_down": "any_two",
    "surrender": "early_surrender",
    "play_ace_pairs": false,
    "max_splits": 4,
    "decks": 6,
    "penetration_cards": 250
  },
  "ev": -1.0009693799999868,
  "stddev": 1.6610747026832091,
  "winning_distrib": {
    "-2.0": 72038095,
    "+0.0": 5972279,
    "+2.0": 21989626
  },
  "hands": {
    "total": 100000000,
    "won": 21989626,
    "lost": 72038095,
    "push": 5972279,
    "busted": 61270478,
    "blackjack": 0,
    "doubled": 100000000,
    "split": 0,
    "insured": 0,
    "surrender": 0
  }
}
