{
  "rounds": 100000000,
  "rules": {
    "game_type": "enhc",
    "soft17": "s17",
    "das": true,
    "double_down": "any_two",
    "surrender": "no_surrender",
    "play_ace_pairs": false,
    "max_splits": 4,
    "decks": 6,
    "penetration_cards": 46
  },
  "ev": -0.6692251000000085,
  "stddev": 1.8355668114299237,
  "winning_distrib": {
    "-2.0": 64445224,
    "+0.0": 4570807,
    "+2.0": 30983969
  },
  "hands": {
    "total": 100000000,
    "won": 30983969,
    "lost": 64445224,
    "push": 4570807,
    "busted": 46212946,
    "blackjack": 0,
    "doubled": 100000000,
    "split": 0,
    "insured": 0,
    "surrender": 0
  }
}
