{
  "rounds": 100000000,
  "rules": {
    "game_type": "ahc",
    "soft17": "s17",
    "das": false,
    "double_down": "any_two",
    "surrender": "no_surrender",
    "play_ace_pairs": false,
    "max_splits": 4,
    "decks": 6,
    "penetration_cards": 46
  },
  "ev": 0.17572205999999657,
  "stddev": 0.9187661650663207,
  "winning_distrib": {
    "-1.0": 34964372,
    "+0.0": 12499050,
    "+1.0": 52536578
  },
  "hands": {
    "total": 100000000,
    "won": 52536578,
    "lost": 34964372,
    "push": 12499050,
    "busted": 0,
    "blackjack": 0,
    "doubled": 0,
    "split": 0,
    "insured": 0,
    "surrender": 0
  }
}
