{
  "rounds": 100000000,
  "rules": {
    "game_type": "ahc",
    "soft17": "s17",
    "das": true,
    "bj_pays": 1.5,
    "double_down": "any_two",
    "surrender": "early_surrender",
    "play_ace_pairs": false,
    "max_splits": 4,
    "decks": 6,
    "penetration_cards": 250
  },
  "ev": -0.5994232600000046,
  "stddev": 1.8609707547414698,
  "winning_distrib": {
    "-2.0": 62767086,
    "+0.0": 4436991,
    "+2.0": 32795923
  },
  "hands": {
    "total": 100000000,
    "won": 32795923,
    "lost": 62767086,
    "push": 4436991,
    "busted": 46161763,
    "blackjack": 0,
    "doubled": 100000000,
    "split": 0,
    "insured": 0,
    "surrender": 0
  }
}
