{
  "rounds": 100000000,
  "rules": {
    "game_type": "ahc",
    "soft17": "s17",
    "das": true,
    "bj_pays": 1.5,
    "double_down": "any_two",
    "surrender": "early_surrender",
    "play_ace_pairs": false,
    "max_splits": 4,
    "decks": 6,
    "penetration_cards": 250
  },
  "ev": -0.0695706800000008,
  "stddev": 0.9354160086476716,
  "winning_distrib": {
    "-1.0": 47470693,
    "+0.0": 12015682,
    "+1.0": 40513625
  },
  "hands": {
    "total": 100000000,
    "won": 40513625,
    "lost": 47470693,
    "push": 12015682,
    "busted": 0,
    "blackjack": 0,
    "doubled": 0,
    "split": 0,
    "insured": 0,
    "surrender": 0
  }
}
