{
  "rounds": 100000000,
  "rules": {
    "game_type": "ahc",
    "soft17": "s17",
    "das": true,
    "bj_pays": 1.5,
    "double_down": "any_two",
    "surrender": "early_surrender",
    "play_ace_pairs": false,
    "max_splits": 4,
    "decks": 6,
    "penetration_cards": 250
  },
  "ev": 0.32929209999999975,
  "stddev": 1.8925781539202085,
  "winning_distrib": {
    "-2.0": 37896264,
    "+0.0": 7742867,
    "+2.0": 54360869
  },
  "hands": {
    "total": 100000000,
    "won": 54360869,
    "lost": 37896264,
    "push": 7742867,
    "busted": 0,
    "blackjack": 0,
    "doubled": 100000000,
    "split": 0,
    "insured": 0,
    "surrender": 0
  }
}
