{
  "rounds": 100000000,
  "rules": {
    "game_type": "ahc",
    "soft17": "s17",
    "das": true,
    "double_down": "any_two",
    "surrender": "no_surrender",
    "play_ace_pairs": false,
    "max_splits": 4,
    "decks": 6,
    "penetration_cards": 46
  },
  "ev": -0.2570239900000001,
  "stddev": 0.9431082904200394,
  "winning_distrib": {
    "-1.0": 60626928,
    "+0.0": 4448543,
    "+1.0": 34924529
  },
  "hands": {
    "total": 100000000,
    "won": 34924529,
    "lost": 60626928,
    "push": 4448543,
    "busted": 38616267,
    "blackjack": 0,
    "doubled": 0,
    "split": 0,
    "insured": 0,
    "surrender": 0
  }
}
