{
  "rounds": 100000000,
  "rules": {
    "game_type": "ahc",
    "soft17": "s17",
    "das": true,
    "bj_pays": 1.5,
    "double_down": "any_two",
    "surrender": "early_surrender",
    "play_ace_pairs": false,
    "max_splits": 4,
    "decks": 6,
    "penetration_cards": 250
  },
  "ev": 0.2067835100000051,
  "stddev": 2.7168553152137283,
  "winning_distrib": {
    "-8.0": 3160,
    "-7.0": 36041,
    "-6.0": 233166,
    "-5.0": 938513,
    "-4.0": 4438127,
    "-3.0": 15027209,
    "-2.0": 19970247,
    "-1.0": 5043501,
    "+0.0": 4320484,
    "+1.0": 5344897,
    "+2.0": 16773967,
    "+3.0": 18451830,
    "+4.0": 7206448,
    "+5.0": 1600512,
    "+6.0": 505404,
    "+7.0": 95440,
    "+8.0": 11054
  },
  "hands": {
    "total": 216823327,
    "won": 107294915,
    "lost": 101750437,
    "push": 7777975,
    "busted": 0,
    "blackjack": 0,
    "doubled": 73325343,
    "split": 216823327,
    "insured": 0,
    "surrender": 0
  }
}
