{
  "rounds": 100000000,
  "rules": {
    "game_type": "ahc",
    "soft17": "s17",
    "das": true,
    "bj_pays": 1.5,
    "double_down": "any_two",
    "surrender": "early_surrender",
    "play_ace_pairs": false,
    "max_splits": 4,
    "decks": 6,
    "penetration_cards": 250
  },
  "ev": -1.430330640000022,
  "stddev": 1.3829086880201191,
  "winning_distrib": {
    "-2.0": 85236793,
    "+0.0": 1042946,
    "+2.0": 13720261
  },
  "hands": {
    "total": 100000000,
    "won": 13720261,
    "lost": 85236793,
    "push": 1042946,
    "busted": 84700999,
    "blackjack": 0,
    "doubled": 100000000,
    "split": 0,
    "insured": 0,
    "surrender": 0
  }
}
