{
  "rounds": 100000000,
  "rules": {
    "game_type": "ahc",
    "soft17": "h17",
    "das": false,
    "double_down": "any_two",
    "surrender": "no_surrender",
    "play_ace_pairs": false,
    "max_splits": 4,
    "decks": 6,
    "penetration_cards": 46
  },
  "ev": -0.44037330000000313,
  "stddev": 0.873712930132566,
  "winning_distrib": {
    "-1.0": 69883811,
    "+0.0": 4269708,
    "+1.0": 25846481
  },
  "hands": {
    "total": 100000000,
    "won": 25846481,
    "lost": 69883811,
    "push": 4269708,
    "busted": 61381089,
    "blackjack": 0,
    "doubled": 0,
    "split": 0,
    "insured": 0,
    "surrender": 0
  }
}
