{
  "rounds": 100000000,
  "rules": {
    "game_type": "ahc",
    "soft17": "s17",
    "das": true,
    "bj_pays": 1.5,
    "double_down": "any_two",
    "surrender": "early_surrender",
    "play_ace_pairs": false,
    "max_splits": 4,
    "decks": 6,
    "penetration_cards": 250
  },
  "ev": -1.4585143400000338,
  "stddev": 1.347932245397962,
  "winning_distrib": {
    "-2.0": 85765176,
    "+0.0": 1395365,
    "+2.0": 12839459
  },
  "hands": {
    "total": 100000000,
    "won": 12839459,
    "lost": 85765176,
    "push": 1395365,
    "busted": 85000120,
    "blackjack": 0,
    "doubled": 100000000,
    "split": 0,
    "insured": 0,
    "surrender": 0
  }
}
