{
  "rounds": 100000000,
  "rules": {
    "game_type": "ahc",
    "soft17": "s17",
    "das": true,
    "bj_pays": 1.5,
    "double_down": "any_two",
    "surrender": "early_surrender",
    "play_ace_pairs": false,
    "max_splits": 4,
    "decks": 6,
    "penetration_cards": 250
  },
  "ev": -0.3640625899999999,
  "stddev": 0.8788524382888794,
  "winning_distrib": {
    "-1.0": 63449288,
    "+0.0": 9507683,
    "+1.0": 27043029
  },
  "hands": {
    "total": 100000000,
    "won": 27043029,
    "lost": 63449288,
    "push": 9507683,
    "busted": 15323198,
    "blackjack": 0,
    "doubled": 0,
    "split": 0,
    "insured": 0,
    "surrender": 0
  }
}
