{
  "rounds": 100000000,
  "rules": {
    "game_type": "ahc",
    "soft17": "s17",
    "das": true,
    "bj_pays": 1.5,
    "double_down": "any_two",
    "surrender": "early_surrender",
    "play_ace_pairs": false,
    "max_splits": 4,
    "decks": 6,
    "penetration_cards": 250
  },
  "ev": -1.150615519999967,
  "stddev": 1.5416866312266797,
  "winning_distrib": {
    "-2.0": 71763299,
    "-1.0": 8696028,
    "+0.0": 960136,
    "+2.0": 18580537
  },
  "hands": {
    "total": 100000000,
    "won": 18580537,
    "lost": 80459327,
    "push": 960136,
    "busted": 0,
    "blackjack": 0,
    "doubled": 91303972,
    "split": 0,
    "insured": 0,
    "surrender": 0
  }
}
