{
  "rounds": 100000000,
  "rules": {
    "game_type": "ahc",
    "soft17": "s17",
    "das": false,
    "double_down": "any_two",
    "surrender": "no_surrender",
    "play_ace_pairs": false,
    "max_splits": 4,
    "decks": 6,
    "penetration_cards": 46
  },
  "ev": -0.04159080000000042,
  "stddev": 0.9362418886809437,
  "winning_distrib": {
    "-1.0": 45993473,
    "+0.0": 12172134,
    "+1.0": 41834393
  },
  "hands": {
    "total": 100000000,
    "won": 41834393,
    "lost": 45993473,
    "push": 12172134,
    "busted": 0,
    "blackjack": 0,
    "doubled": 0,
    "split": 0,
    "insured": 0,
    "surrender": 0
  }
}
