{
  "rounds": 100000000,
  "rules": {
    "game_type": "ahc",
    "soft17": "s17",
    "das": true,
    "bj_pays": 1.5,
    "double_down": "any_two",
    "surrender": "early_surrender",
    "play_ace_pairs": false,
    "max_splits": 4,
    "decks": 6,
    "penetration_cards": 250
  },
  "ev": 0.01968487000000024,
  "stddev": 0.9773732784589856,
  "winning_distrib": {
    "-1.0": 46798057,
    "+0.0": 4435399,
    "+1.0": 48766544
  },
  "hands": {
    "total": 100000000,
    "won": 48766544,
    "lost": 46798057,
    "push": 4435399,
    "busted": 3142115,
    "blackjack": 0,
    "doubled": 0,
    "split": 0,
    "insured": 0,
    "surrender": 0
  }
}
