{
  "rounds": 100000000,
  "rules": {
    "game_type": "ahc",
    "soft17": "s17",
    "das": true,
    "bj_pays": 1.5,
    "double_down": "any_two",
    "surrender": "early_surrender",
    "play_ace_pairs": false,
    "max_splits": 4,
    "decks": 6,
    "penetration_cards": 250
  },
  "ev": 0.2707176599999994,
  "stddev": 1.9049749669886415,
  "winning_distrib": {
    "-2.0": 39509779,
    "+0.0": 7444559,
    "+2.0": 53045662
  },
  "hands": {
    "total": 100000000,
    "won": 53045662,
    "lost": 39509779,
    "push": 7444559,
    "busted": 0,
    "blackjack": 0,
    "doubled": 100000000,
    "split": 0,
    "insured": 0,
    "surrender": 0
  }
}
