{
  "rounds": 100000000,
  "rules": {
    "game_type": "ahc",
    "soft17": "s17",
    "das": true,
    "bj_pays": 1.5,
    "double_down": "any_two",
    "surrender": "early_surrender",
    "play_ace_pairs": false,
    "max_splits": 4,
    "decks": 6,
    "penetration_cards": 250
  },
  "ev": -0.6505226600000005,
  "stddev": 0.7283142001436838,
  "winning_distrib": {
    "-1.0": 80207198,
    "+0.0": 4637870,
    "+1.0": 15154932
  },
  "hands": {
    "total": 100000000,
    "won": 15154932,
    "lost": 80207198,
    "push": 4637870,
    "busted": 43339664,
    "blackjack": 0,
    "doubled": 0,
    "split": 0,
    "insured": 0,
    "surrender": 0
  }
}
