{
  "rounds": 100000000,
  "rules": {
    "game_type": "ahc",
    "soft17": "s17",
    "das": true,
    "double_down": "any_two",
    "surrender": "no_surrender",
    "play_ace_pairs": false,
    "max_splits": 4,
    "decks": 6,
    "penetration_cards": 46
  },
  "ev": 0.4950773599999996,
  "stddev": 0.8051722387777888,
  "winning_distrib": {
    "-1.0": 19916328,
    "+0.0": 10659608,
    "+1.0": 69424064
  },
  "hands": {
    "total": 100000000,
    "won": 69424064,
    "lost": 19916328,
    "push": 10659608,
    "busted": 0,
    "blackjack": 0,
    "doubled": 0,
    "split": 0,
    "insured": 0,
    "surrender": 0
  }
}
