{
  "rounds": 100000000,
  "rules": {
    "game_type": "ahc",
    "soft17": "s17",
    "das": true,
    "bj_pays": 1.5,
    "double_down": "any_two",
    "surrender": "early_surrender",
    "play_ace_pairs": false,
    "max_splits": 4,
    "decks": 6,
    "penetration_cards": 250
  },
  "ev": -0.5176248000000123,
  "stddev": 0.8355390555840105,
  "winning_distrib": {
    "-1.0": 74184287,
    "+0.0": 3393906,
    "+1.0": 22421807
  },
  "hands": {
    "total": 100000000,
    "won": 22421807,
    "lost": 74184287,
    "push": 3393906,
    "busted": 66946395,
    "blackjack": 0,
    "doubled": 0,
    "split": 0,
    "insured": 0,
    "surrender": 0
  }
}
