{
  "rounds": 100000000,
  "rules": {
    "game_type": "enhc",
    "soft17": "h17",
    "das": false,
    "double_down": "any_two",
    "surrender": "no_surrender",
    "play_ace_pairs": false,
    "max_splits": 4,
    "decks": 6,
    "penetration_cards": 46
  },
  "ev": -0.2394846200000019,
  "stddev": 0.9212749889532993,
  "winning_distrib": {
    "-1.0": 57279255,
    "+0.0": 9389952,
    "+1.0": 33330793
  },
  "hands": {
    "total": 100000000,
    "won": 33330793,
    "lost": 57279255,
    "push": 9389952,
    "busted": 39975473,
    "blackjack": 0,
    "doubled": 0,
    "split": 0,
    "insured": 0,
    "surrender": 0
  }
}
