{
  "rounds": 100000000,
  "rules": {
    "game_type": "ahc",
    "soft17": "s17",
    "das": true,
    "bj_pays": 1.5,
    "double_down": "any_two",
    "surrender": "early_surrender",
    "play_ace_pairs": false,
    "max_splits": 4,
    "decks": 6,
    "penetration_cards": 250
  },
  "ev": -0.04013497999999925,
  "stddev": 1.8646474353479063,
  "winning_distrib": {
    "-2.0": 44484885,
    "+0.0": 13036979,
    "+2.0": 42478136
  },
  "hands": {
    "total": 100000000,
    "won": 42478136,
    "lost": 44484885,
    "push": 13036979,
    "busted": 0,
    "blackjack": 0,
    "doubled": 100000000,
    "split": 0,
    "insured": 0,
    "surrender": 0
  }
}
