{
  "rounds": 100000000,
  "rules": {
    "game_type": "ahc",
    "soft17": "s17",
    "das": true,
    "bj_pays": 1.5,
    "double_down": "any_two",
    "surrender": "early_surrender",
    "play_ace_pairs": false,
    "max_splits": 4,
    "decks": 6,
    "penetration_cards": 250
  },
  "ev": -1.0677097000000202,
  "stddev": 1.6475198280048533,
  "winning_distrib": {
    "-2.0": 74871812,
    "+0.0": 3641861,
    "+2.0": 21486327
  },
  "hands": {
    "total": 100000000,
    "won": 21486327,
    "lost": 74871812,
    "push": 3641861,
    "busted": 66950756,
    "blackjack": 0,
    "doubled": 100000000,
    "split": 0,
    "insured": 0,
    "surrender": 0
  }
}
