{
  "rounds": 100000000,
  "rules": {
    "game_type": "ahc",
    "soft17": "s17",
    "das": true,
    "bj_pays": 1.5,
    "double_down": "any_two",
    "surrender": "early_surrender",
    "play_ace_pairs": false,
    "max_splits": 4,
    "decks": 6,
    "penetration_cards": 250
  },
  "ev": 0.474396370000007,
  "stddev": 0.8143959852327483,
  "winning_distrib": {
    "-1.0": 20694818,
    "+0.0": 11170727,
    "+1.0": 68134455
  },
  "hands": {
    "total": 100000000,
    "won": 68134455,
    "lost": 20694818,
    "push": 11170727,
    "busted": 0,
    "blackjack": 0,
    "doubled": 0,
    "split": 0,
    "insured": 0,
    "surrender": 0
  }
}
