{
  "rounds": 100000000,
  "rules": {
    "game_type": "ahc",
    "soft17": "s17",
    "das": true,
    "bj_pays": 1.5,
    "double_down": "any_two",
    "surrender": "early_surrender",
    "play_ace_pairs": false,
    "max_splits": 4,
    "decks": 6,
    "penetration_cards": 250
  },
  "ev": 0.5139699299999876,
  "stddev": 1.638862156471542,
  "winning_distrib": {
    "-2.0": 21259209,
    "-1.0": 8422364,
    "+0.0": 17583876,
    "+1.0": 3131327,
    "+2.0": 49603224
  },
  "hands": {
    "total": 200000000,
    "won": 118582869,
    "lost": 67185876,
    "push": 14231255,
    "busted": 0,
    "blackjack": 0,
    "doubled": 0,
    "split": 200000000,
    "insured": 0,
    "surrender": 0
  }
}
