{
  "rounds": 100000000,
  "rules": {
    "game_type": "ahc",
    "soft17": "s17",
    "das": true,
    "bj_pays": 1.5,
    "double_down": "any_two",
    "surrender": "early_surrender",
    "play_ace_pairs": false,
    "max_splits": 4,
    "decks": 6,
    "penetration_cards": 250
  },
  "ev": 0.22665520999999844,
  "stddev": 0.9279357275105292,
  "winning_distrib": {
    "-1.0": 34289104,
    "+0.0": 8756271,
    "+1.0": 56954625
  },
  "hands": {
    "total": 100000000,
    "won": 56954625,
    "lost": 34289104,
    "push": 8756271,
    "busted": 2230107,
    "blackjack": 0,
    "doubled": 0,
    "split": 0,
    "insured": 0,
    "surrender": 0
  }
}
