{
  "rounds": 100000000,
  "rules": {
    "game_type": "ahc",
    "soft17": "s17",
    "das": true,
    "bj_pays": 1.5,
    "double_down": "any_two",
    "surrender": "early_surrender",
    "play_ace_pairs": false,
    "max_splits": 4,
    "decks": 6,
    "penetration_cards": 250
  },
  "ev": -0.5644019400000151,
  "stddev": 1.8576484825264512,
  "winning_distrib": {
    "-2.0": 61227641,
    "+0.0": 5764815,
    "+2.0": 33007544
  },
  "hands": {
    "total": 100000000,
    "won": 33007544,
    "lost": 61227641,
    "push": 5764815,
    "busted": 37742981,
    "blackjack": 0,
    "doubled": 100000000,
    "split": 0,
    "insured": 0,
    "surrender": 0
  }
}
