{
  "rounds": 100000000,
  "rules": {
    "game_type": "ahc",
    "soft17": "s17",
    "das": true,
    "bj_pays": 1.5,
    "double_down": "any_two",
    "surrender": "early_surrender",
    "play_ace_pairs": false,
    "max_splits": 4,
    "decks": 6,
    "penetration_cards": 250
  },
  "ev": 0.28853822000000184,
  "stddev": 1.875258321076094,
  "winning_distrib": {
    "-2.0": 37784645,
    "+0.0": 10003799,
    "+2.0": 52211556
  },
  "hands": {
    "total": 100000000,
    "won": 52211556,
    "lost": 37784645,
    "push": 10003799,
    "busted": 0,
    "blackjack": 0,
    "doubled": 100000000,
    "split": 0,
    "insured": 0,
    "surrender": 0
  }
}
