{
  "rounds": 100000000,
  "rules": {
    "game_type": "ahc",
    "soft17": "s17",
    "das": true,
    "bj_pays": 1.5,
    "double_down": "any_two",
    "surrender": "early_surrender",
    "play_ace_pairs": false,
    "max_splits": 4,
    "decks": 6,
    "penetration_cards": 250
  },
  "ev": 0.2808458800000131,
  "stddev": 0.9199011904271034,
  "winning_distrib": {
    "-1.0": 32212336,
    "+0.0": 7490740,
    "+1.0": 60296924
  },
  "hands": {
    "total": 100000000,
    "won": 60296924,
    "lost": 32212336,
    "push": 7490740,
    "busted": 0,
    "blackjack": 0,
    "doubled": 0,
    "split": 0,
    "insured": 0,
    "surrender": 0
  }
}
