{
  "rounds": 100000000,
  "rules": {
    "game_type": "ahc",
    "soft17": "s17",
    "das": true,
    "bj_pays": 1.5,
    "double_down": "any_two",
    "surrender": "early_surrender",
    "play_ace_pairs": false,
    "max_splits": 4,
    "decks": 6,
    "penetration_cards": 250
  },
  "ev": -0.805924859999978,
  "stddev": 1.7881597221750256,
  "winning_distrib": {
    "-2.0": 68235997,
    "+0.0": 3824249,
    "+2.0": 27939754
  },
  "hands": {
    "total": 100000000,
    "won": 27939754,
    "lost": 68235997,
    "push": 3824249,
    "busted": 57148594,
    "blackjack": 0,
    "doubled": 100000000,
    "split": 0,
    "insured": 0,
    "surrender": 0
  }
}
