{
  "rounds": 100000000,
  "rules": {
    "game_type": "ahc",
    "soft17": "s17",
    "das": true,
    "bj_pays": 1.5,
    "double_down": "any_two",
    "surrender": "early_surrender",
    "play_ace_pairs": false,
    "max_splits": 4,
    "decks": 6,
    "penetration_cards": 250
  },
  "ev": -0.0009396999999999912,
  "stddev": 0.9605002374749766,
  "winning_distrib": {
    "-1.0": 46175064,
    "+0.0": 7743842,
    "+1.0": 46081094
  },
  "hands": {
    "total": 100000000,
    "won": 46081094,
    "lost": 46175064,
    "push": 7743842,
    "busted": 2561642,
    "blackjack": 0,
    "doubled": 0,
    "split": 0,
    "insured": 0,
    "surrender": 0
  }
}
