{
  "rounds": 100000000,
  "rules": {
    "game_type": "enhc",
    "soft17": "s17",
    "das": false,
    "double_down": "any_two",
    "surrender": "no_surrender",
    "play_ace_pairs": false,
    "max_splits": 4,
    "decks": 6,
    "penetration_cards": 46
  },
  "ev": -0.6376220200000167,
  "stddev": 0.6801752305380576,
  "winning_distrib": {
    "-1.0": 75341110,
    "+0.0": 13079982,
    "+1.0": 11578908
  },
  "hands": {
    "total": 100000000,
    "won": 11578908,
    "lost": 75341110,
    "push": 13079982,
    "busted": 0,
    "blackjack": 0,
    "doubled": 0,
    "split": 0,
    "insured": 0,
    "surrender": 0
  }
}
