{
  "rounds": 100000000,
  "rules": {
    "game_type": "enhc",
    "soft17": "s17",
    "das": false,
    "double_down": "any_two",
    "surrender": "no_surrender",
    "play_ace_pairs": false,
    "max_splits": 4,
    "decks": 6,
    "penetration_cards": 46
  },
  "ev": 0.286701360000006,
  "stddev": 0.9193136345260634,
  "winning_distrib": {
    "-1.0": 32031693,
    "+0.0": 7266478,
    "+1.0": 60701829
  },
  "hands": {
    "total": 100000000,
    "won": 60701829,
    "lost": 32031693,
    "push": 7266478,
    "busted": 0,
    "blackjack": 0,
    "doubled": 0,
    "split": 0,
    "insured": 0,
    "surrender": 0
  }
}
