{
  "rounds": 100000000,
  "rules": {
    "game_type": "enhc",
    "soft17": "s17",
    "das": false,
    "double_down": "any_two",
    "surrender": "no_surrender",
    "play_ace_pairs": false,
    "max_splits": 4,
    "decks": 6,
    "penetration_cards": 46
  },
  "ev": -0.21905480999999122,
  "stddev": 0.9179562672819844,
  "winning_distrib": {
    "-1.0": 55484176,
    "+0.0": 10937129,
    "+1.0": 33578695
  },
  "hands": {
    "total": 100000000,
    "won": 33578695,
    "lost": 55484176,
    "push": 10937129,
    "busted": 22862672,
    "blackjack": 0,
    "doubled": 0,
    "split": 0,
    "insured": 0,
    "surrender": 0
  }
}
