{
  "rounds": 100000000,
  "rules": {
    "game_type": "ahc",
    "soft17": "h17",
    "das": false,
    "double_down": "any_two",
    "surrender": "no_surrender",
    "play_ace_pairs": false,
    "max_splits": 4,
    "decks": 6,
    "penetration_cards": 46
  },
  "ev": -0.21571504000000122,
  "stddev": 0.936544174232555,
  "winning_distrib": {
    "-1.0": 56968150,
    "+0.0": 7635204,
    "+1.0": 35396646
  },
  "hands": {
    "total": 100000000,
    "won": 35396646,
    "lost": 56968150,
    "push": 7635204,
    "busted": 48474229,
    "blackjack": 0,
    "doubled": 0,
    "split": 0,
    "insured": 0,
    "surrender": 0
  }
}
