{
  "rounds": 100000000,
  "rules": {
    "game_type": "ahc",
    "soft17": "s17",
    "das": true,
    "bj_pays": 1.5,
    "double_down": "any_two",
    "surrender": "early_surrender",
    "play_ace_pairs": false,
    "max_splits": 4,
    "decks": 6,
    "penetration_cards": 250
  },
  "ev": -0.07275729999999903,
  "stddev": 1.7347468188154196,
  "winning_distrib": {
    "-8.0": 10,
    "-7.0": 291,
    "-6.0": 7013,
    "-5.0": 95136,
    "-4.0": 766086,
    "-3.0": 4699136,
    "-2.0": 20217262,
    "-1.0": 15825191,
    "+0.0": 23456414,
    "+1.0": 10544641,
    "+2.0": 18242954,
    "+3.0": 5112992,
    "+4.0": 884229,
    "+5.0": 133590,
    "+6.0": 14186,
    "+7.0": 847,
    "+8.0": 22
  },
  "hands": {
    "total": 217805086,
    "won": 85246576,
    "lost": 94760027,
    "push": 37798483,
    "busted": 49876392,
    "blackjack": 0,
    "doubled": 17555764,
    "split": 217805086,
    "insured": 0,
    "surrender": 0
  }
}
