{
  "rounds": 100000000,
  "rules": {
    "game_type": "ahc",
    "soft17": "s17",
    "das": false,
    "double_down": "any_two",
    "surrender": "no_surrender",
    "play_ace_pairs": false,
    "max_splits": 4,
    "decks": 6,
    "penetration_cards": 46
  },
  "ev": -1.2704072999999845,
  "stddev": 1.415299202337573,
  "winning_distrib": {
    "-2.0": 74079543,
    "-1.0": 7715256,
    "+0.0": 3788395,
    "+2.0": 14416806
  },
  "hands": {
    "total": 100000000,
    "won": 14416806,
    "lost": 81794799,
    "push": 3788395,
    "busted": 70892505,
    "blackjack": 0,
    "doubled": 92284744,
    "split": 0,
    "insured": 0,
    "surrender": 0
  }
}
