{
  "rounds": 100000000,
  "rules": {
    "game_type": "enhc",
    "soft17": "s17",
    "das": true,
    "double_down": "any_two",
    "surrender": "no_surrender",
    "play_ace_pairs": false,
    "max_splits": 4,
    "decks": 6,
    "penetration_cards": 46
  },
  "ev": -0.39948315999999606,
  "stddev": 0.8770732880261469,
  "winning_distrib": {
    "-1.0": 66416375,
    "+0.0": 7115566,
    "+1.0": 26468059
  },
  "hands": {
    "total": 100000000,
    "won": 26468059,
    "lost": 66416375,
    "push": 7115566,
    "busted": 36384671,
    "blackjack": 0,
    "doubled": 0,
    "split": 0,
    "insured": 0,
    "surrender": 0
  }
}
