{
  "rounds": 100000000,
  "rules": {
    "game_type": "ahc",
    "soft17": "h17",
    "das": true,
    "double_down": "any_two",
    "surrender": "no_surrender",
    "play_ace_pairs": false,
    "max_splits": 4,
    "decks": 6,
    "penetration_cards": 46
  },
  "ev": 0.11560955999999976,
  "stddev": 1.913802243248501,
  "winning_distrib": {
    "-2.0": 43059818,
    "+0.0": 8099886,
    "+2.0": 48840296
  },
  "hands": {
    "total": 100000000,
    "won": 48840296,
    "lost": 43059818,
    "push": 8099886,
    "busted": 0,
    "blackjack": 0,
    "doubled": 100000000,
    "split": 0,
    "insured": 0,
    "surrender": 0
  }
}
