{
  "rounds": 100000000,
  "rules": {
    "game_type": "ahc",
    "soft17": "h17",
    "das": false,
    "double_down": "any_two",
    "surrender": "no_surrender",
    "play_ace_pairs": false,
    "max_splits": 4,
    "decks": 6,
    "penetration_cards": 46
  },
  "ev": -0.4695842899999963,
  "stddev": 0.8458157197281378,
  "winning_distrib": {
    "-1.0": 70274896,
    "+0.0": 6408637,
    "+1.0": 23316467
  },
  "hands": {
    "total": 100000000,
    "won": 23316467,
    "lost": 70274896,
    "push": 6408637,
    "busted": 58435059,
    "blackjack": 0,
    "doubled": 0,
    "split": 0,
    "insured": 0,
    "surrender": 0
  }
}
