{
  "rounds": 100000000,
  "rules": {
    "game_type": "ahc",
    "soft17": "s17",
    "das": false,
    "double_down": "any_two",
    "surrender": "no_surrender",
    "play_ace_pairs": false,
    "max_splits": 4,
    "decks": 6,
    "penetration_cards": 46
  },
  "ev": -0.58937487999999,
  "stddev": 0.7951928301665484,
  "winning_distrib": {
    "-1.0": 78453463,
    "+0.0": 2030562,
    "+1.0": 19515975
  },
  "hands": {
    "total": 100000000,
    "won": 19515975,
    "lost": 78453463,
    "push": 2030562,
    "busted": 76842365,
    "blackjack": 0,
    "doubled": 0,
    "split": 0,
    "insured": 0,
    "surrender": 0
  }
}
