{
  "rounds": 100000000,
  "rules": {
    "game_type": "enhc",
    "soft17": "h17",
    "das": true,
    "double_down": "any_two",
    "surrender": "no_surrender",
    "play_ace_pairs": false,
    "max_splits": 4,
    "decks": 6,
    "penetration_cards": 46
  },
  "ev": -0.3835501700000083,
  "stddev": 0.8508108628430779,
  "winning_distrib": {
    "-1.0": 62727001,
    "+0.0": 12901015,
    "+1.0": 24371984
  },
  "hands": {
    "total": 100000000,
    "won": 24371984,
    "lost": 62727001,
    "push": 12901015,
    "busted": 0,
    "blackjack": 0,
    "doubled": 0,
    "split": 0,
    "insured": 0,
    "surrender": 0
  }
}
