{
  "rounds": 100000000,
  "rules": {
    "game_type": "ahc",
    "soft17": "s17",
    "das": true,
    "bj_pays": 1.5,
    "double_down": "any_two",
    "surrender": "early_surrender",
    "play_ace_pairs": false,
    "max_splits": 4,
    "decks": 6,
    "penetration_cards": 250
  },
  "ev": -1.7582411599999936,
  "stddev": 0.9444799374271052,
  "winning_distrib": {
    "-2.0": 93749208,
    "+0.0": 413642,
    "+2.0": 5837150
  },
  "hands": {
    "total": 100000000,
    "won": 5837150,
    "lost": 93749208,
    "push": 413642,
    "busted": 93749208,
    "blackjack": 0,
    "doubled": 100000000,
    "split": 0,
    "insured": 0,
    "surrender": 0
  }
}
