{
  "rounds": 100000000,
  "rules": {
    "game_type": "enhc",
    "soft17": "s17",
    "das": false,
    "double_down": "any_two",
    "surrender": "no_surrender",
    "play_ace_pairs": false,
    "max_splits": 4,
    "decks": 6,
    "penetration_cards": 46
  },
  "ev": 0.47761567999999216,
  "stddev": 1.5720021205233754,
  "winning_distrib": {
    "-2.0": 18827530,
    "-1.0": 9100030,
    "+0.0": 23057747,
    "+1.0": 3512728,
    "+2.0": 45501965
  },
  "hands": {
    "total": 200000000,
    "won": 116150792,
    "lost": 68389224,
    "push": 15459984,
    "busted": 0,
    "blackjack": 0,
    "doubled": 0,
    "split": 200000000,
    "insured": 0,
    "surrender": 0
  }
}
