{
  "rounds": 100000000,
  "rules": {
    "game_type": "enhc",
    "soft17": "h17",
    "das": true,
    "double_down": "any_two",
    "surrender": "no_surrender",
    "play_ace_pairs": false,
    "max_splits": 4,
    "decks": 6,
    "penetration_cards": 46
  },
  "ev": -0.1804700400000015,
  "stddev": 1.9339948195550323,
  "winning_distrib": {
    "-2.0": 51673068,
    "+0.0": 5677366,
    "+2.0": 42649566
  },
  "hands": {
    "total": 100000000,
    "won": 42649566,
    "lost": 51673068,
    "push": 5677366,
    "busted": 0,
    "blackjack": 0,
    "doubled": 100000000,
    "split": 0,
    "insured": 0,
    "surrender": 0
  }
}
