{
  "rounds": 100000000,
  "rules": {
    "game_type": "ahc",
    "soft17": "s17",
    "das": true,
    "bj_pays": 1.5,
    "double_down": "any_two",
    "surrender": "early_surrender",
    "play_ace_pairs": false,
    "max_splits": 4,
    "decks": 6,
    "penetration_cards": 250
  },
  "ev": -1.0080270199999772,
  "stddev": 1.6880828165247554,
  "winning_distrib": {
    "-2.0": 73522451,
    "+0.0": 3356449,
    "+2.0": 23121100
  },
  "hands": {
    "total": 100000000,
    "won": 23121100,
    "lost": 73522451,
    "push": 3356449,
    "busted": 68882922,
    "blackjack": 0,
    "doubled": 100000000,
    "split": 0,
    "insured": 0,
    "surrender": 0
  }
}
