{
  "rounds": 100000000,
  "rules": {
    "game_type": "enhc",
    "soft17": "s17",
    "das": false,
    "double_down": "any_two",
    "surrender": "no_surrender",
    "play_ace_pairs": false,
    "max_splits": 4,
    "decks": 6,
    "penetration_cards": 46
  },
  "ev": -0.693780989999995,
  "stddev": 0.6960376661929377,
  "winning_distrib": {
    "-1.0": 82979074,
    "+0.0": 3419951,
    "+1.0": 13600975
  },
  "hands": {
    "total": 100000000,
    "won": 13600975,
    "lost": 82979074,
    "push": 3419951,
    "busted": 69229612,
    "blackjack": 0,
    "doubled": 0,
    "split": 0,
    "insured": 0,
    "surrender": 0
  }
}
