{
  "rounds": 100000000,
  "rules": {
    "game_type": "enhc",
    "soft17": "s17",
    "das": true,
    "double_down": "any_two",
    "surrender": "no_surrender",
    "play_ace_pairs": false,
    "max_splits": 4,
    "decks": 6,
    "penetration_cards": 46
  },
  "ev": 0.2574239000000054,
  "stddev": 0.9288645672737688,
  "winning_distrib": {
    "-1.0": 33581627,
    "+0.0": 7094356,
    "+1.0": 59324017
  },
  "hands": {
    "total": 100000000,
    "won": 59324017,
    "lost": 33581627,
    "push": 7094356,
    "busted": 0,
    "blackjack": 0,
    "doubled": 0,
    "split": 0,
    "insured": 0,
    "surrender": 0
  }
}
