{
  "rounds": 100000000,
  "rules": {
    "game_type": "ahc",
    "soft17": "s17",
    "das": true,
    "bj_pays": 1.5,
    "double_down": "any_two",
    "surrender": "early_surrender",
    "play_ace_pairs": false,
    "max_splits": 4,
    "decks": 6,
    "penetration_cards": 250
  },
  "ev": 0.00803912000000021,
  "stddev": 1.8881845217568276,
  "winning_distrib": {
    "-8.0": 85,
    "-7.0": 2445,
    "-6.0": 28844,
    "-5.0": 203564,
    "-4.0": 1251356,
    "-3.0": 6618302,
    "-2.0": 18768085,
    "-1.0": 11619491,
    "+0.0": 23606647,
    "+1.0": 12593569,
    "+2.0": 15036803,
    "+3.0": 8135633,
    "+4.0": 1789234,
    "+5.0": 285317,
    "+6.0": 53806,
    "+7.0": 6401,
    "+8.0": 418
  },
  "hands": {
    "total": 217431365,
    "won": 95259193,
    "lost": 102144402,
    "push": 20027770,
    "busted": 69129700,
    "blackjack": 0,
    "doubled": 36150213,
    "split": 217431365,
    "insured": 0,
    "surrender": 0
  }
}
