{
  "rounds": 100000000,
  "rules": {
    "game_type": "ahc",
    "soft17": "s17",
    "das": true,
    "bj_pays": 1.5,
    "double_down": "any_two",
    "surrender": "early_surrender",
    "play_ace_pairs": false,
    "max_splits": 4,
    "decks": 6,
    "penetration_cards": 250
  },
  "ev": 0.10010940999999988,
  "stddev": 2.529728372775357,
  "winning_distrib": {
    "-8.0": 854,
    "-7.0": 14914,
    "-6.0": 125740,
    "-5.0": 650976,
    "-4.0": 3150714,
    "-3.0": 13031581,
    "-2.0": 24409048,
    "-1.0": 5800741,
    "+0.0": 5195138,
    "+1.0": 5316148,
    "+2.0": 20062389,
    "+3.0": 15793083,
    "+4.0": 4991974,
    "+5.0": 1128727,
    "+6.0": 282821,
    "+7.0": 41921,
    "+8.0": 3231
  },
  "hands": {
    "total": 216824573,
    "won": 103294376,
    "lost": 105301674,
    "push": 8228523,
    "busted": 0,
    "blackjack": 0,
    "doubled": 55004387,
    "split": 216824573,
    "insured": 0,
    "surrender": 0
  }
}
