{
  "rounds": 100000000,
  "rules": {
    "game_type": "ahc",
    "soft17": "s17",
    "das": true,
    "bj_pays": 1.5,
    "double_down": "any_two",
    "surrender": "early_surrender",
    "play_ace_pairs": false,
    "max_splits": 4,
    "decks": 6,
    "penetration_cards": 250
  },
  "ev": -0.5505022999999882,
  "stddev": 1.8706453251987212,
  "winning_distrib": {
    "-2.0": 61292141,
    "+0.0": 4940833,
    "+2.0": 33767026
  },
  "hands": {
    "total": 100000000,
    "won": 33767026,
    "lost": 61292141,
    "push": 4940833,
    "busted": 43751510,
    "blackjack": 0,
    "doubled": 100000000,
    "split": 0,
    "insured": 0,
    "surrender": 0
  }
}
