{
  "rounds": 100000000,
  "rules": {
    "game_type": "ahc",
    "soft17": "s17",
    "das": true,
    "bj_pays": 1.5,
    "double_down": "any_two",
    "surrender": "early_surrender",
    "play_ace_pairs": false,
    "max_splits": 4,
    "decks": 6,
    "penetration_cards": 250
  },
  "ev": 0.16550980999999723,
  "stddev": 0.9342754527025198,
  "winning_distrib": {
    "-1.0": 36737715,
    "+0.0": 9973589,
    "+1.0": 53288696
  },
  "hands": {
    "total": 100000000,
    "won": 53288696,
    "lost": 36737715,
    "push": 9973589,
    "busted": 21115934,
    "blackjack": 0,
    "doubled": 0,
    "split": 0,
    "insured": 0,
    "surrender": 0
  }
}
