{
  "rounds": 100000000,
  "rules": {
    "game_type": "ahc",
    "soft17": "s17",
    "das": true,
    "bj_pays": 1.5,
    "double_down": "any_two",
    "surrender": "early_surrender",
    "play_ace_pairs": false,
    "max_splits": 4,
    "decks": 6,
    "penetration_cards": 250
  },
  "ev": -0.935516340000007,
  "stddev": 1.7042005183181985,
  "winning_distrib": {
    "-2.0": 70631536,
    "+0.0": 5512745,
    "+2.0": 23855719
  },
  "hands": {
    "total": 100000000,
    "won": 23855719,
    "lost": 70631536,
    "push": 5512745,
    "busted": 65002335,
    "blackjack": 0,
    "doubled": 100000000,
    "split": 0,
    "insured": 0,
    "surrender": 0
  }
}
