{
  "rounds": 100000000,
  "rules": {
    "game_type": "ahc",
    "soft17": "s17",
    "das": false,
    "double_down": "any_two",
    "surrender": "no_surrender",
    "play_ace_pairs": false,
    "max_splits": 4,
    "decks": 6,
    "penetration_cards": 46
  },
  "ev": 0.3895415400000075,
  "stddev": 1.883967904213819,
  "winning_distrib": {
    "-2.0": 36524932,
    "+0.0": 7473059,
    "+2.0": 56002009
  },
  "hands": {
    "total": 100000000,
    "won": 56002009,
    "lost": 36524932,
    "push": 7473059,
    "busted": 0,
    "blackjack": 0,
    "doubled": 100000000,
    "split": 0,
    "insured": 0,
    "surrender": 0
  }
}
