{
  "rounds": 100000000,
  "rules": {
    "game_type": "ahc",
    "soft17": "s17",
    "das": true,
    "bj_pays": 1.5,
    "double_down": "any_two",
    "surrender": "early_surrender",
    "play_ace_pairs": false,
    "max_splits": 4,
    "decks": 6,
    "penetration_cards": 250
  },
  "ev": -1.4337294200000086,
  "stddev": 0.940441406505878,
  "winning_distrib": {
    "-2.0": 59548754,
    "-1.0": 34785620,
    "+0.0": 410533,
    "+2.0": 5255093
  },
  "hands": {
    "total": 100000000,
    "won": 5255093,
    "lost": 94334374,
    "push": 410533,
    "busted": 59548754,
    "blackjack": 0,
    "doubled": 65214380,
    "split": 0,
    "insured": 0,
    "surrender": 0
  }
}
