{
  "rounds": 100000000,
  "rules": {
    "game_type": "ahc",
    "soft17": "s17",
    "das": true,
    "bj_pays": 1.5,
    "double_down": "any_two",
    "surrender": "early_surrender",
    "play_ace_pairs": false,
    "max_splits": 4,
    "decks": 6,
    "penetration_cards": 250
  },
  "ev": -0.25261377000000707,
  "stddev": 0.9428117638719296,
  "winning_distrib": {
    "-1.0": 60266075,
    "+0.0": 4729227,
    "+1.0": 35004698
  },
  "hands": {
    "total": 100000000,
    "won": 35004698,
    "lost": 60266075,
    "push": 4729227,
    "busted": 34781954,
    "blackjack": 0,
    "doubled": 0,
    "split": 0,
    "insured": 0,
    "surrender": 0
  }
}
