{
  "rounds": 100000000,
  "rules": {
    "game_type": "ahc",
    "soft17": "s17",
    "das": true,
    "bj_pays": 1.5,
    "double_down": "any_two",
    "surrender": "early_surrender",
    "play_ace_pairs": false,
    "max_splits": 4,
    "decks": 6,
    "penetration_cards": 250
  },
  "ev": -0.36464045000000583,
  "stddev": 0.9066397522962232,
  "winning_distrib": {
    "-1.0": 65979937,
    "+0.0": 4504171,
    "+1.0": 29515892
  },
  "hands": {
    "total": 100000000,
    "won": 29515892,
    "lost": 65979937,
    "push": 4504171,
    "busted": 48000926,
    "blackjack": 0,
    "doubled": 0,
    "split": 0,
    "insured": 0,
    "surrender": 0
  }
}
