{
  "rounds": 100000000,
  "rules": {
    "game_type": "ahc",
    "soft17": "h17",
    "das": true,
    "double_down": "any_two",
    "surrender": "no_surrender",
    "play_ace_pairs": false,
    "max_splits": 4,
    "decks": 6,
    "penetration_cards": 46
  },
  "ev": 0.1573082000000003,
  "stddev": 0.9355417355549447,
  "winning_distrib": {
    "-1.0": 37133800,
    "+0.0": 10001580,
    "+1.0": 52864620
  },
  "hands": {
    "total": 100000000,
    "won": 52864620,
    "lost": 37133800,
    "push": 10001580,
    "busted": 21256848,
    "blackjack": 0,
    "doubled": 0,
    "split": 0,
    "insured": 0,
    "surrender": 0
  }
}
