{
  "rounds": 100000000,
  "rules": {
    "game_type": "ahc",
    "soft17": "h17",
    "das": false,
    "double_down": "any_two",
    "surrender": "no_surrender",
    "play_ace_pairs": false,
    "max_splits": 4,
    "decks": 6,
    "penetration_cards": 46
  },
  "ev": 0.03186351000000063,
  "stddev": 0.9548311137826937,
  "winning_distrib": {
    "-1.0": 44042711,
    "+0.0": 8728227,
    "+1.0": 47229062
  },
  "hands": {
    "total": 100000000,
    "won": 47229062,
    "lost": 44042711,
    "push": 8728227,
    "busted": 19654934,
    "blackjack": 0,
    "doubled": 0,
    "split": 0,
    "insured": 0,
    "surrender": 0
  }
}
