{
  "rounds": 100000000,
  "rules": {
    "game_type": "ahc",
    "soft17": "s17",
    "das": true,
    "double_down": "any_two",
    "surrender": "no_surrender",
    "play_ace_pairs": false,
    "max_splits": 4,
    "decks": 6,
    "penetration_cards": 46
  },
  "ev": -0.6148442099999915,
  "stddev": 0.7620493115518578,
  "winning_distrib": {
    "-1.0": 78679838,
    "+0.0": 4124745,
    "+1.0": 17195417
  },
  "hands": {
    "total": 100000000,
    "won": 17195417,
    "lost": 78679838,
    "push": 4124745,
    "busted": 76838361,
    "blackjack": 0,
    "doubled": 0,
    "split": 0,
    "insured": 0,
    "surrender": 0
  }
}
