{
  "rounds": 100000000,
  "rules": {
    "game_type": "ahc",
    "soft17": "h17",
    "das": false,
    "double_down": "any_two",
    "surrender": "no_surrender",
    "play_ace_pairs": false,
    "max_splits": 4,
    "decks": 6,
    "penetration_cards": 46
  },
  "ev": -0.2417346900000019,
  "stddev": 0.9127221910204886,
  "winning_distrib": {
    "-1.0": 56661607,
    "+0.0": 10850255,
    "+1.0": 32488138
  },
  "hands": {
    "total": 100000000,
    "won": 32488138,
    "lost": 56661607,
    "push": 10850255,
    "busted": 0,
    "blackjack": 0,
    "doubled": 0,
    "split": 0,
    "insured": 0,
    "surrender": 0
  }
}
