{
  "rounds": 10000000000,
  "rules": {
    "game_type": "ahc",
    "soft17": "s17",
    "das": true,
    "bj_pays": 1.5,
    "double_down": "any_two",
    "surrender": "no_surrender",
    "play_ace_pairs": false,
    "max_splits": 4,
    "decks": 6,
    "penetration_cards": 296
  },
  "ev": -0.41542897609985663,
  "stddev": 1.163465042620842,
  "winning_distrib": {
    "-9.0": 120,
    "-7.5": 22010,
    "-6.0": 208357,
    "-4.0": 3258512,
    "-3.0": 117632042,
    "-2.5": 6223,
    "-2.0": 1501820872,
    "-1.0": 3696898400,
    "+0.0": 2478204141,
    "+1.0": 1539804404,
    "+2.0": 613896565,
    "+2.5": 17133,
    "+3.0": 46952839,
    "+4.0": 1278382
  },
  "hands": {
    "total": 10000000000,
    "won": 2656310259,
    "lost": 6400555018,
    "push": 943134723,
    "busted": 1474122564,
    "blackjack": 0,
    "doubled": 0,
    "split": 0,
    "insured": 701600,
    "surrender": 0
  }
}
