{
  "rounds": 100000000,
  "rules": {
    "game_type": "ahc",
    "soft17": "s17",
    "das": true,
    "bj_pays": 1.5,
    "double_down": "any_two",
    "surrender": "early_surrender",
    "play_ace_pairs": false,
    "max_splits": 4,
    "decks": 6,
    "penetration_cards": 250
  },
  "ev": -0.7614930600000188,
  "stddev": 1.7967393110450378,
  "winning_distrib": {
    "-2.0": 66639124,
    "+0.0": 4796405,
    "+2.0": 28564471
  },
  "hands": {
    "total": 100000000,
    "won": 28564471,
    "lost": 66639124,
    "push": 4796405,
    "busted": 51067301,
    "blackjack": 0,
    "doubled": 100000000,
    "split": 0,
    "insured": 0,
    "surrender": 0
  }
}
