{
  "rounds": 100000000,
  "rules": {
    "game_type": "ahc",
    "soft17": "s17",
    "das": true,
    "bj_pays": 1.5,
    "double_down": "any_two",
    "surrender": "early_surrender",
    "play_ace_pairs": false,
    "max_splits": 4,
    "decks": 6,
    "penetration_cards": 250
  },
  "ev": -0.25681824999999436,
  "stddev": 0.9170520622499017,
  "winning_distrib": {
    "-1.0": 58187917,
    "+0.0": 9305991,
    "+1.0": 32506092
  },
  "hands": {
    "total": 100000000,
    "won": 32506092,
    "lost": 58187917,
    "push": 9305991,
    "busted": 34649653,
    "blackjack": 0,
    "doubled": 0,
    "split": 0,
    "insured": 0,
    "surrender": 0
  }
}
