{
  "rounds": 100000000,
  "rules": {
    "game_type": "ahc",
    "soft17": "h17",
    "das": false,
    "double_down": "any_two",
    "surrender": "no_surrender",
    "play_ace_pairs": false,
    "max_splits": 4,
    "decks": 6,
    "penetration_cards": 46
  },
  "ev": -0.005683859999999987,
  "stddev": 1.9518710233602896,
  "winning_distrib": {
    "-2.0": 47765006,
    "+0.0": 4754181,
    "+2.0": 47480813
  },
  "hands": {
    "total": 100000000,
    "won": 47480813,
    "lost": 47765006,
    "push": 4754181,
    "busted": 0,
    "blackjack": 0,
    "doubled": 100000000,
    "split": 0,
    "insured": 0,
    "surrender": 0
  }
}
