{
  "rounds": 100000000,
  "rules": {
    "game_type": "enhc",
    "soft17": "s17",
    "das": true,
    "double_down": "any_two",
    "surrender": "no_surrender",
    "play_ace_pairs": false,
    "max_splits": 4,
    "decks": 6,
    "penetration_cards": 46
  },
  "ev": -0.7218852899999947,
  "stddev": 0.6807774252398564,
  "winning_distrib": {
    "-1.0": 85323078,
    "+0.0": 1542373,
    "+1.0": 13134549
  },
  "hands": {
    "total": 100000000,
    "won": 13134549,
    "lost": 85323078,
    "push": 1542373,
    "busted": 84570278,
    "blackjack": 0,
    "doubled": 0,
    "split": 0,
    "insured": 0,
    "surrender": 0
  }
}
