{
  "rounds": 100000000,
  "rules": {
    "game_type": "ahc",
    "soft17": "s17",
    "das": true,
    "bj_pays": 1.5,
    "double_down": "any_two",
    "surrender": "early_surrender",
    "play_ace_pairs": false,
    "max_splits": 4,
    "decks": 6,
    "penetration_cards": 250
  },
  "ev": 0.21880452999999908,
  "stddev": 0.940187351803362,
  "winning_distrib": {
    "-1.0": 35651157,
    "+0.0": 6817233,
    "+1.0": 57531610
  },
  "hands": {
    "total": 100000000,
    "won": 57531610,
    "lost": 35651157,
    "push": 6817233,
    "busted": 0,
    "blackjack": 0,
    "doubled": 0,
    "split": 0,
    "insured": 0,
    "surrender": 0
  }
}
