{
  "rounds": 100000000,
  "rules": {
    "game_type": "enhc",
    "soft17": "s17",
    "das": false,
    "double_down": "any_two",
    "surrender": "no_surrender",
    "play_ace_pairs": false,
    "max_splits": 4,
    "decks": 6,
    "penetration_cards": 46
  },
  "ev": -0.020719400000000495,
  "stddev": 0.9851814331225869,
  "winning_distrib": {
    "-1.0": 49586557,
    "+0.0": 2898826,
    "+1.0": 47514617
  },
  "hands": {
    "total": 100000000,
    "won": 47514617,
    "lost": 49586557,
    "push": 2898826,
    "busted": 0,
    "blackjack": 0,
    "doubled": 0,
    "split": 0,
    "insured": 0,
    "surrender": 0
  }
}
