{
  "rounds": 100000000,
  "rules": {
    "game_type": "ahc",
    "soft17": "s17",
    "das": true,
    "bj_pays": 1.5,
    "double_down": "any_two",
    "surrender": "early_surrender",
    "play_ace_pairs": false,
    "max_splits": 4,
    "decks": 6,
    "penetration_cards": 250
  },
  "ev": -0.0009218800000000087,
  "stddev": 0.9560642338660332,
  "winning_distrib": {
    "-1.0": 45749077,
    "+0.0": 8594034,
    "+1.0": 45656889
  },
  "hands": {
    "total": 100000000,
    "won": 45656889,
    "lost": 45749077,
    "push": 8594034,
    "busted": 2374553,
    "blackjack": 0,
    "doubled": 0,
    "split": 0,
    "insured": 0,
    "surrender": 0
  }
}
