{
  "rounds": 100000000,
  "rules": {
    "game_type": "ahc",
    "soft17": "s17",
    "das": true,
    "bj_pays": 1.5,
    "double_down": "any_two",
    "surrender": "early_surrender",
    "play_ace_pairs": false,
    "max_splits": 4,
    "decks": 6,
    "penetration_cards": 250
  },
  "ev": -0.13021465000000593,
  "stddev": 0.9379216831497001,
  "winning_distrib": {
    "-1.0": 51343379,
    "+0.0": 10334707,
    "+1.0": 38321914
  },
  "hands": {
    "total": 100000000,
    "won": 38321914,
    "lost": 51343379,
    "push": 10334707,
    "busted": 28769019,
    "blackjack": 0,
    "doubled": 0,
    "split": 0,
    "insured": 0,
    "surrender": 0
  }
}
