{
  "rounds": 100000000,
  "rules": {
    "game_type": "ahc",
    "soft17": "s17",
    "das": true,
    "bj_pays": 1.5,
    "double_down": "any_two",
    "surrender": "early_surrender",
    "play_ace_pairs": false,
    "max_splits": 4,
    "decks": 6,
    "penetration_cards": 250
  },
  "ev": -0.22294205999999586,
  "stddev": 0.95117912452406,
  "winning_distrib": {
    "-1.0": 58869347,
    "+0.0": 4555512,
    "+1.0": 36575141
  },
  "hands": {
    "total": 100000000,
    "won": 36575141,
    "lost": 58869347,
    "push": 4555512,
    "busted": 34038671,
    "blackjack": 0,
    "doubled": 0,
    "split": 0,
    "insured": 0,
    "surrender": 0
  }
}
