{
  "rounds": 100000000,
  "rules": {
    "game_type": "ahc",
    "soft17": "s17",
    "das": true,
    "bj_pays": 1.5,
    "double_down": "any_two",
    "surrender": "early_surrender",
    "play_ace_pairs": false,
    "max_splits": 4,
    "decks": 6,
    "penetration_cards": 250
  },
  "ev": 0.1839717999999978,
  "stddev": 0.9473842756665066,
  "winning_distrib": {
    "-1.0": 37370539,
    "+0.0": 6861742,
    "+1.0": 55767719
  },
  "hands": {
    "total": 100000000,
    "won": 55767719,
    "lost": 37370539,
    "push": 6861742,
    "busted": 0,
    "blackjack": 0,
    "doubled": 0,
    "split": 0,
    "insured": 0,
    "surrender": 0
  }
}
