{
  "rounds": 100000000,
  "rules": {
    "game_type": "ahc",
    "soft17": "s17",
    "das": true,
    "bj_pays": 1.5,
    "double_down": "any_two",
    "surrender": "early_surrender",
    "play_ace_pairs": false,
    "max_splits": 4,
    "decks": 6,
    "penetration_cards": 250
  },
  "ev": 0.016945029999999788,
  "stddev": 0.9401576808159721,
  "winning_distrib": {
    "-1.0": 43361928,
    "+0.0": 11581641,
    "+1.0": 45056431
  },
  "hands": {
    "total": 100000000,
    "won": 45056431,
    "lost": 43361928,
    "push": 11581641,
    "busted": 28241196,
    "blackjack": 0,
    "doubled": 0,
    "split": 0,
    "insured": 0,
    "surrender": 0
  }
}
