{
  "rounds": 100000000,
  "rules": {
    "game_type": "ahc",
    "soft17": "s17",
    "das": true,
    "bj_pays": 1.5,
    "double_down": "any_two",
    "surrender": "early_surrender",
    "play_ace_pairs": false,
    "max_splits": 4,
    "decks": 6,
    "penetration_cards": 250
  },
  "ev": 0.5484096100000049,
  "stddev": 1.5643134385827095,
  "winning_distrib": {
    "-2.0": 17745647,
    "-1.0": 8846725,
    "+0.0": 22115982,
    "+1.0": 3404312,
    "+2.0": 47887334
  },
  "hands": {
    "total": 200000000,
    "won": 119866945,
    "lost": 65025984,
    "push": 15107071,
    "busted": 0,
    "blackjack": 0,
    "doubled": 0,
    "split": 200000000,
    "insured": 0,
    "surrender": 0
  }
}
