{
  "rounds": 100000000,
  "rules": {
    "game_type": "ahc",
    "soft17": "s17",
    "das": true,
    "double_down": "any_two",
    "surrender": "no_surrender",
    "play_ace_pairs": false,
    "max_splits": 4,
    "decks": 6,
    "penetration_cards": 46
  },
  "ev": -0.15222984000000003,
  "stddev": 0.9451525510449114,
  "winning_distrib": {
    "-1.0": 53435855,
    "+0.0": 8351274,
    "+1.0": 38212871
  },
  "hands": {
    "total": 100000000,
    "won": 38212871,
    "lost": 53435855,
    "push": 8351274,
    "busted": 44043143,
    "blackjack": 0,
    "doubled": 0,
    "split": 0,
    "insured": 0,
    "surrender": 0
  }
}
