{
  "rounds": 100000000,
  "rules": {
    "game_type": "ahc",
    "soft17": "s17",
    "das": true,
    "bj_pays": 1.5,
    "double_down": "any_two",
    "surrender": "early_surrender",
    "play_ace_pairs": false,
    "max_splits": 4,
    "decks": 6,
    "penetration_cards": 250
  },
  "ev": -0.4974719699999978,
  "stddev": 0.8264839598534709,
  "winning_distrib": {
    "-1.0": 71401303,
    "+0.0": 6944591,
    "+1.0": 21654106
  },
  "hands": {
    "total": 100000000,
    "won": 21654106,
    "lost": 71401303,
    "push": 6944591,
    "busted": 32284389,
    "blackjack": 0,
    "doubled": 0,
    "split": 0,
    "insured": 0,
    "surrender": 0
  }
}
