{
  "rounds": 100000000,
  "rules": {
    "game_type": "ahc",
    "soft17": "h17",
    "das": false,
    "double_down": "any_two",
    "surrender": "no_surrender",
    "play_ace_pairs": false,
    "max_splits": 4,
    "decks": 6,
    "penetration_cards": 46
  },
  "ev": -0.7422505399999917,
  "stddev": 1.7925050538284157,
  "winning_distrib": {
    "-2.0": 65606391,
    "+0.0": 5899745,
    "+2.0": 28493864
  },
  "hands": {
    "total": 100000000,
    "won": 28493864,
    "lost": 65606391,
    "push": 5899745,
    "busted": 30890374,
    "blackjack": 0,
    "doubled": 100000000,
    "split": 0,
    "insured": 0,
    "surrender": 0
  }
}
