{
  "rounds": 100000000,
  "rules": {
    "game_type": "ahc",
    "soft17": "s17",
    "das": true,
    "bj_pays": 1.5,
    "double_down": "any_two",
    "surrender": "early_surrender",
    "play_ace_pairs": false,
    "max_splits": 4,
    "decks": 6,
    "penetration_cards": 250
  },
  "ev": -1.764241740000015,
  "stddev": 0.9267669024251586,
  "winning_distrib": {
    "-2.0": 93749116,
    "+0.0": 713855,
    "+2.0": 5537029
  },
  "hands": {
    "total": 100000000,
    "won": 5537029,
    "lost": 93749116,
    "push": 713855,
    "busted": 93749116,
    "blackjack": 0,
    "doubled": 100000000,
    "split": 0,
    "insured": 0,
    "surrender": 0
  }
}
