{
  "rounds": 100000000,
  "rules": {
    "game_type": "ahc",
    "soft17": "s17",
    "das": true,
    "bj_pays": 1.5,
    "double_down": "any_two",
    "surrender": "early_surrender",
    "play_ace_pairs": false,
    "max_splits": 4,
    "decks": 6,
    "penetration_cards": 250
  },
  "ev": 0.21770381999999974,
  "stddev": 1.9463094729869133,
  "winning_distrib": {
    "-2.0": 42501348,
    "+0.0": 4112113,
    "+2.0": 53386539
  },
  "hands": {
    "total": 100000000,
    "won": 53386539,
    "lost": 42501348,
    "push": 4112113,
    "busted": 0,
    "blackjack": 0,
    "doubled": 100000000,
    "split": 0,
    "insured": 0,
    "surrender": 0
  }
}
