{
  "rounds": 100000000,
  "rules": {
    "game_type": "ahc",
    "soft17": "s17",
    "das": true,
    "bj_pays": 1.5,
    "double_down": "any_two",
    "surrender": "early_surrender",
    "play_ace_pairs": false,
    "max_splits": 4,
    "decks": 6,
    "penetration_cards": 250
  },
  "ev": -0.4504028899999981,
  "stddev": 0.8594913112224631,
  "winning_distrib": {
    "-1.0": 69599548,
    "+0.0": 5841193,
    "+1.0": 24559259
  },
  "hands": {
    "total": 100000000,
    "won": 24559259,
    "lost": 69599548,
    "push": 5841193,
    "busted": 61270072,
    "blackjack": 0,
    "doubled": 0,
    "split": 0,
    "insured": 0,
    "surrender": 0
  }
}
