{
  "rounds": 100000000,
  "rules": {
    "game_type": "enhc",
    "soft17": "s17",
    "das": true,
    "double_down": "any_two",
    "surrender": "no_surrender",
    "play_ace_pairs": false,
    "max_splits": 4,
    "decks": 6,
    "penetration_cards": 46
  },
  "ev": 0.3529252400000023,
  "stddev": 1.891210630981598,
  "winning_distrib": {
    "-2.0": 37442292,
    "+0.0": 7469154,
    "+2.0": 55088554
  },
  "hands": {
    "total": 100000000,
    "won": 55088554,
    "lost": 37442292,
    "push": 7469154,
    "busted": 0,
    "blackjack": 0,
    "doubled": 100000000,
    "split": 0,
    "insured": 0,
    "surrender": 0
  }
}
