{
  "rounds": 100000000,
  "rules": {
    "game_type": "enhc",
    "soft17": "s17",
    "das": true,
    "double_down": "any_two",
    "surrender": "no_surrender",
    "play_ace_pairs": false,
    "max_splits": 4,
    "decks": 6,
    "penetration_cards": 46
  },
  "ev": -0.20880496000000484,
  "stddev": 0.9225850731455836,
  "winning_distrib": {
    "-1.0": 55178384,
    "+0.0": 10523728,
    "+1.0": 34297888
  },
  "hands": {
    "total": 100000000,
    "won": 34297888,
    "lost": 55178384,
    "push": 10523728,
    "busted": 21206063,
    "blackjack": 0,
    "doubled": 0,
    "split": 0,
    "insured": 0,
    "surrender": 0
  }
}
