{
  "rounds": 100000000,
  "rules": {
    "game_type": "enhc",
    "soft17": "s17",
    "das": false,
    "double_down": "any_two",
    "surrender": "no_surrender",
    "play_ace_pairs": false,
    "max_splits": 4,
    "decks": 6,
    "penetration_cards": 46
  },
  "ev": -1.3875742199999612,
  "stddev": 1.392067470839652,
  "winning_distrib": {
    "-2.0": 82979531,
    "+0.0": 3419649,
    "+2.0": 13600820
  },
  "hands": {
    "total": 100000000,
    "won": 13600820,
    "lost": 82979531,
    "push": 3419649,
    "busted": 69227385,
    "blackjack": 0,
    "doubled": 100000000,
    "split": 0,
    "insured": 0,
    "surrender": 0
  }
}
