{
  "rounds": 100000000,
  "rules": {
    "game_type": "enhc",
    "soft17": "s17",
    "das": true,
    "double_down": "any_two",
    "surrender": "no_surrender",
    "play_ace_pairs": false,
    "max_splits": 4,
    "decks": 6,
    "penetration_cards": 46
  },
  "ev": -0.7249690500000023,
  "stddev": 0.6762917795713733,
  "winning_distrib": {
    "-1.0": 85395987,
    "+0.0": 1704931,
    "+1.0": 12899082
  },
  "hands": {
    "total": 100000000,
    "won": 12899082,
    "lost": 85395987,
    "push": 1704931,
    "busted": 84561683,
    "blackjack": 0,
    "doubled": 0,
    "split": 0,
    "insured": 0,
    "surrender": 0
  }
}
