{
  "rounds": 100000000,
  "rules": {
    "game_type": "ahc",
    "soft17": "s17",
    "das": true,
    "double_down": "any_two",
    "surrender": "no_surrender",
    "play_ace_pairs": false,
    "max_splits": 4,
    "decks": 6,
    "penetration_cards": 46
  },
  "ev": 0.28225425999999953,
  "stddev": 1.903916481613823,
  "winning_distrib": {
    "-2.0": 39250711,
    "+0.0": 7385865,
    "+2.0": 53363424
  },
  "hands": {
    "total": 100000000,
    "won": 53363424,
    "lost": 39250711,
    "push": 7385865,
    "busted": 0,
    "blackjack": 0,
    "doubled": 100000000,
    "split": 0,
    "insured": 0,
    "surrender": 0
  }
}
