{
  "rounds": 100000000,
  "rules": {
    "game_type": "ahc",
    "soft17": "s17",
    "das": true,
    "bj_pays": 1.5,
    "double_down": "any_two",
    "surrender": "early_surrender",
    "play_ace_pairs": false,
    "max_splits": 4,
    "decks": 6,
    "penetration_cards": 250
  },
  "ev": 0.6276442600000071,
  "stddev": 0.692209655870676,
  "winning_distrib": {
    "-1.0": 12272363,
    "+0.0": 12690848,
    "+1.0": 75036789
  },
  "hands": {
    "total": 100000000,
    "won": 75036789,
    "lost": 12272363,
    "push": 12690848,
    "busted": 0,
    "blackjack": 0,
    "doubled": 0,
    "split": 0,
    "insured": 0,
    "surrender": 0
  }
}
