{
  "rounds": 100000000,
  "rules": {
    "game_type": "ahc",
    "soft17": "s17",
    "das": false,
    "double_down": "any_two",
    "surrender": "no_surrender",
    "play_ace_pairs": false,
    "max_splits": 4,
    "decks": 6,
    "penetration_cards": 46
  },
  "ev": -0.3890243600000051,
  "stddev": 0.8803150090030918,
  "winning_distrib": {
    "-1.0": 65765941,
    "+0.0": 7370554,
    "+1.0": 26863505
  },
  "hands": {
    "total": 100000000,
    "won": 26863505,
    "lost": 65765941,
    "push": 7370554,
    "busted": 52057211,
    "blackjack": 0,
    "doubled": 0,
    "split": 0,
    "insured": 0,
    "surrender": 0
  }
}
