{
  "rounds": 100000000,
  "rules": {
    "game_type": "ahc",
    "soft17": "s17",
    "das": true,
    "bj_pays": 1.5,
    "double_down": "any_two",
    "surrender": "early_surrender",
    "play_ace_pairs": false,
    "max_splits": 4,
    "decks": 6,
    "penetration_cards": 250
  },
  "ev": -0.22414185000000697,
  "stddev": 0.9354923462167181,
  "winning_distrib": {
    "-1.0": 57476367,
    "+0.0": 7461451,
    "+1.0": 35062182
  },
  "hands": {
    "total": 100000000,
    "won": 35062182,
    "lost": 57476367,
    "push": 7461451,
    "busted": 48407496,
    "blackjack": 0,
    "doubled": 0,
    "split": 0,
    "insured": 0,
    "surrender": 0
  }
}
