{
  "rounds": 100000000,
  "rules": {
    "game_type": "ahc",
    "soft17": "s17",
    "das": true,
    "bj_pays": 1.5,
    "double_down": "any_two",
    "surrender": "early_surrender",
    "play_ace_pairs": false,
    "max_splits": 4,
    "decks": 6,
    "penetration_cards": 250
  },
  "ev": 0.2507222000000017,
  "stddev": 1.9091904501325365,
  "winning_distrib": {
    "-2.0": 40080317,
    "+0.0": 7303256,
    "+2.0": 52616427
  },
  "hands": {
    "total": 100000000,
    "won": 52616427,
    "lost": 40080317,
    "push": 7303256,
    "busted": 0,
    "blackjack": 0,
    "doubled": 100000000,
    "split": 0,
    "insured": 0,
    "surrender": 0
  }
}
