{
  "rounds": 100000000,
  "rules": {
    "game_type": "ahc",
    "soft17": "s17",
    "das": true,
    "bj_pays": 1.5,
    "double_down": "any_two",
    "surrender": "early_surrender",
    "play_ace_pairs": false,
    "max_splits": 4,
    "decks": 6,
    "penetration_cards": 250
  },
  "ev": -0.48453573999999494,
  "stddev": 0.8466700206285632,
  "winning_distrib": {
    "-1.0": 71808037,
    "+0.0": 4837500,
    "+1.0": 23354463
  },
  "hands": {
    "total": 100000000,
    "won": 23354463,
    "lost": 71808037,
    "push": 4837500,
    "busted": 62348843,
    "blackjack": 0,
    "doubled": 0,
    "split": 0,
    "insured": 0,
    "surrender": 0
  }
}
