{
  "rounds": 100000000,
  "rules": {
    "game_type": "ahc",
    "soft17": "h17",
    "das": false,
    "double_down": "any_two",
    "surrender": "no_surrender",
    "play_ace_pairs": false,
    "max_splits": 4,
    "decks": 6,
    "penetration_cards": 46
  },
  "ev": 0.6159988599999958,
  "stddev": 0.7361274685117575,
  "winning_distrib": {
    "-1.0": 15266969,
    "+0.0": 7866176,
    "+1.0": 76866855
  },
  "hands": {
    "total": 100000000,
    "won": 76866855,
    "lost": 15266969,
    "push": 7866176,
    "busted": 0,
    "blackjack": 0,
    "doubled": 0,
    "split": 0,
    "insured": 0,
    "surrender": 0
  }
}
