{
  "rounds": 100000000,
  "rules": {
    "game_type": "ahc",
    "soft17": "s17",
    "das": true,
    "bj_pays": 1.5,
    "double_down": "any_two",
    "surrender": "early_surrender",
    "play_ace_pairs": false,
    "max_splits": 4,
    "decks": 6,
    "penetration_cards": 250
  },
  "ev": 0.39039054000000134,
  "stddev": 0.882439093686074,
  "winning_distrib": {
    "-1.0": 27035649,
    "+0.0": 6889648,
    "+1.0": 66074703
  },
  "hands": {
    "total": 100000000,
    "won": 66074703,
    "lost": 27035649,
    "push": 6889648,
    "busted": 0,
    "blackjack": 0,
    "doubled": 0,
    "split": 0,
    "insured": 0,
    "surrender": 0
  }
}
