{
  "rounds": 100000000,
  "rules": {
    "game_type": "ahc",
    "soft17": "h17",
    "das": true,
    "double_down": "any_two",
    "surrender": "no_surrender",
    "play_ace_pairs": false,
    "max_splits": 4,
    "decks": 6,
    "penetration_cards": 46
  },
  "ev": -1.22502044,
  "stddev": 1.548107976062582,
  "winning_distrib": {
    "-2.0": 79341928,
    "+0.0": 2567166,
    "+2.0": 18090906
  },
  "hands": {
    "total": 100000000,
    "won": 18090906,
    "lost": 79341928,
    "push": 2567166,
    "busted": 76850514,
    "blackjack": 0,
    "doubled": 100000000,
    "split": 0,
    "insured": 0,
    "surrender": 0
  }
}
