{
  "rounds": 100000000,
  "rules": {
    "game_type": "ahc",
    "soft17": "h17",
    "das": true,
    "double_down": "any_two",
    "surrender": "no_surrender",
    "play_ace_pairs": false,
    "max_splits": 4,
    "decks": 6,
    "penetration_cards": 46
  },
  "ev": 0.25587789000001254,
  "stddev": 0.9133873240591346,
  "winning_distrib": {
    "-1.0": 32193600,
    "+0.0": 10025011,
    "+1.0": 57781389
  },
  "hands": {
    "total": 100000000,
    "won": 57781389,
    "lost": 32193600,
    "push": 10025011,
    "busted": 21317424,
    "blackjack": 0,
    "doubled": 0,
    "split": 0,
    "insured": 0,
    "surrender": 0
  }
}
