{
  "rounds": 100000000,
  "rules": {
    "game_type": "ahc",
    "soft17": "h17",
    "das": false,
    "double_down": "any_two",
    "surrender": "no_surrender",
    "play_ace_pairs": false,
    "max_splits": 4,
    "decks": 6,
    "penetration_cards": 46
  },
  "ev": 0.14108322000000226,
  "stddev": 1.9063329408514496,
  "winning_distrib": {
    "-2.0": 42148041,
    "+0.0": 8649757,
    "+2.0": 49202202
  },
  "hands": {
    "total": 100000000,
    "won": 49202202,
    "lost": 42148041,
    "push": 8649757,
    "busted": 0,
    "blackjack": 0,
    "doubled": 100000000,
    "split": 0,
    "insured": 0,
    "surrender": 0
  }
}
