{
  "rounds": 100000000,
  "rules": {
    "game_type": "ahc",
    "soft17": "s17",
    "das": true,
    "bj_pays": 1.5,
    "double_down": "any_two",
    "surrender": "early_surrender",
    "play_ace_pairs": false,
    "max_splits": 4,
    "decks": 6,
    "penetration_cards": 250
  },
  "ev": -0.5459983199999988,
  "stddev": 1.8749652662681853,
  "winning_distrib": {
    "-2.0": 61320069,
    "+0.0": 4659778,
    "+2.0": 34020153
  },
  "hands": {
    "total": 100000000,
    "won": 34020153,
    "lost": 61320069,
    "push": 4659778,
    "busted": 38461286,
    "blackjack": 0,
    "doubled": 100000000,
    "split": 0,
    "insured": 0,
    "surrender": 0
  }
}
