{
  "rounds": 100000000,
  "rules": {
    "game_type": "ahc",
    "soft17": "s17",
    "das": true,
    "bj_pays": 1.5,
    "double_down": "any_two",
    "surrender": "early_surrender",
    "play_ace_pairs": false,
    "max_splits": 4,
    "decks": 6,
    "penetration_cards": 250
  },
  "ev": 0.3602359799999915,
  "stddev": 1.5972194539963955,
  "winning_distrib": {
    "-2.0": 21401384,
    "-1.0": 9505815,
    "+0.0": 23082850,
    "+1.0": 3687721,
    "+2.0": 42322230
  },
  "hands": {
    "total": 200000000,
    "won": 110171722,
    "lost": 74148124,
    "push": 15680154,
    "busted": 0,
    "blackjack": 0,
    "doubled": 0,
    "split": 200000000,
    "insured": 0,
    "surrender": 0
  }
}
