{
  "rounds": 100000000,
  "rules": {
    "game_type": "ahc",
    "soft17": "s17",
    "das": true,
    "double_down": "any_two",
    "surrender": "no_surrender",
    "play_ace_pairs": false,
    "max_splits": 4,
    "decks": 6,
    "penetration_cards": 46
  },
  "ev": -1.1792879000000231,
  "stddev": 1.593053380867004,
  "winning_distrib": {
    "-2.0": 78588935,
    "+0.0": 1786525,
    "+2.0": 19624540
  },
  "hands": {
    "total": 100000000,
    "won": 19624540,
    "lost": 78588935,
    "push": 1786525,
    "busted": 76838172,
    "blackjack": 0,
    "doubled": 100000000,
    "split": 0,
    "insured": 0,
    "surrender": 0
  }
}
