{
  "rounds": 100000000,
  "rules": {
    "game_type": "ahc",
    "soft17": "s17",
    "das": true,
    "bj_pays": 1.5,
    "double_down": "any_two",
    "surrender": "early_surrender",
    "play_ace_pairs": false,
    "max_splits": 4,
    "decks": 6,
    "penetration_cards": 250
  },
  "ev": -0.7023282700000048,
  "stddev": 1.5526768933898942,
  "winning_distrib": {
    "-2.0": 43702686,
    "-1.0": 27083739,
    "+0.0": 7085433,
    "+2.0": 22128142
  },
  "hands": {
    "total": 100000000,
    "won": 22128142,
    "lost": 70786425,
    "push": 7085433,
    "busted": 0,
    "blackjack": 0,
    "doubled": 72916261,
    "split": 0,
    "insured": 0,
    "surrender": 0
  }
}
