{
  "rounds": 100000000,
  "rules": {
    "game_type": "ahc",
    "soft17": "s17",
    "das": false,
    "double_down": "any_two",
    "surrender": "no_surrender",
    "play_ace_pairs": false,
    "max_splits": 4,
    "decks": 6,
    "penetration_cards": 46
  },
  "ev": -0.0001265900000000004,
  "stddev": 0.985479123922298,
  "winning_distrib": {
    "-1.0": 48564785,
    "+0.0": 2883089,
    "+1.0": 48552126
  },
  "hands": {
    "total": 100000000,
    "won": 48552126,
    "lost": 48564785,
    "push": 2883089,
    "busted": 0,
    "blackjack": 0,
    "doubled": 0,
    "split": 0,
    "insured": 0,
    "surrender": 0
  }
}
