{
  "rounds": 100000000,
  "rules": {
    "game_type": "ahc",
    "soft17": "s17",
    "das": true,
    "bj_pays": 1.5,
    "double_down": "any_two",
    "surrender": "early_surrender",
    "play_ace_pairs": false,
    "max_splits": 4,
    "decks": 6,
    "penetration_cards": 250
  },
  "ev": -0.3602090599999899,
  "stddev": 1.9182176492487675,
  "winning_distrib": {
    "-2.0": 56621595,
    "+0.0": 4767263,
    "+2.0": 38611142
  },
  "hands": {
    "total": 100000000,
    "won": 38611142,
    "lost": 56621595,
    "push": 4767263,
    "busted": 28997583,
    "blackjack": 0,
    "doubled": 100000000,
    "split": 0,
    "insured": 0,
    "surrender": 0
  }
}
