{
  "rounds": 100000000,
  "rules": {
    "game_type": "ahc",
    "soft17": "s17",
    "das": true,
    "bj_pays": 1.5,
    "double_down": "any_two",
    "surrender": "early_surrender",
    "play_ace_pairs": false,
    "max_splits": 4,
    "decks": 6,
    "penetration_cards": 250
  },
  "ev": 0.03355038000000019,
  "stddev": 0.9528142112082569,
  "winning_distrib": {
    "-1.0": 43771508,
    "+0.0": 9101946,
    "+1.0": 47126546
  },
  "hands": {
    "total": 100000000,
    "won": 47126546,
    "lost": 43771508,
    "push": 9101946,
    "busted": 19616507,
    "blackjack": 0,
    "doubled": 0,
    "split": 0,
    "insured": 0,
    "surrender": 0
  }
}
