{
  "rounds": 100000000,
  "rules": {
    "game_type": "ahc",
    "soft17": "s17",
    "das": true,
    "bj_pays": 1.5,
    "double_down": "any_two",
    "surrender": "early_surrender",
    "play_ace_pairs": false,
    "max_splits": 4,
    "decks": 6,
    "penetration_cards": 250
  },
  "ev": -0.37457736999999813,
  "stddev": 0.8817453666782871,
  "winning_distrib": {
    "-1.0": 64618023,
    "+0.0": 8221691,
    "+1.0": 27160286
  },
  "hands": {
    "total": 100000000,
    "won": 27160286,
    "lost": 64618023,
    "push": 8221691,
    "busted": 38974213,
    "blackjack": 0,
    "doubled": 0,
    "split": 0,
    "insured": 0,
    "surrender": 0
  }
}
