{
  "rounds": 100000000,
  "rules": {
    "game_type": "ahc",
    "soft17": "s17",
    "das": true,
    "bj_pays": 1.5,
    "double_down": "any_two",
    "surrender": "early_surrender",
    "play_ace_pairs": false,
    "max_splits": 4,
    "decks": 6,
    "penetration_cards": 250
  },
  "ev": -0.40552289999999175,
  "stddev": 1.6470682695941898,
  "winning_distrib": {
    "-2.0": 35949916,
    "-1.0": 27077840,
    "+0.0": 7759553,
    "+2.0": 29212691
  },
  "hands": {
    "total": 100000000,
    "won": 29212691,
    "lost": 63027756,
    "push": 7759553,
    "busted": 0,
    "blackjack": 0,
    "doubled": 72922160,
    "split": 0,
    "insured": 0,
    "surrender": 0
  }
}
