{
  "rounds": 100000000,
  "rules": {
    "game_type": "enhc",
    "soft17": "s17",
    "das": true,
    "double_down": "any_two",
    "surrender": "no_surrender",
    "play_ace_pairs": false,
    "max_splits": 4,
    "decks": 6,
    "penetration_cards": 46
  },
  "ev": -0.31342750000000497,
  "stddev": 1.9153862062077098,
  "winning_distrib": {
    "-2.0": 54922451,
    "+0.0": 5826473,
    "+2.0": 39251076
  },
  "hands": {
    "total": 100000000,
    "won": 39251076,
    "lost": 54922451,
    "push": 5826473,
    "busted": 0,
    "blackjack": 0,
    "doubled": 100000000,
    "split": 0,
    "insured": 0,
    "surrender": 0
  }
}
