{
  "rounds": 100000000,
  "rules": {
    "game_type": "ahc",
    "soft17": "h17",
    "das": true,
    "double_down": "any_two",
    "surrender": "no_surrender",
    "play_ace_pairs": false,
    "max_splits": 4,
    "decks": 6,
    "penetration_cards": 46
  },
  "ev": -0.36699443000000215,
  "stddev": 0.9034023281519252,
  "winning_distrib": {
    "-1.0": 65890755,
    "+0.0": 4917933,
    "+1.0": 29191312
  },
  "hands": {
    "total": 100000000,
    "won": 29191312,
    "lost": 65890755,
    "push": 4917933,
    "busted": 46305730,
    "blackjack": 0,
    "doubled": 0,
    "split": 0,
    "insured": 0,
    "surrender": 0
  }
}
