{
  "rounds": 100000000,
  "rules": {
    "game_type": "ahc",
    "soft17": "s17",
    "das": true,
    "bj_pays": 1.5,
    "double_down": "any_two",
    "surrender": "early_surrender",
    "play_ace_pairs": false,
    "max_splits": 4,
    "decks": 6,
    "penetration_cards": 250
  },
  "ev": -0.3937900400000035,
  "stddev": 1.8065432175933815,
  "winning_distrib": {
    "-2.0": 52578113,
    "+0.0": 14533276,
    "+2.0": 32888611
  },
  "hands": {
    "total": 100000000,
    "won": 32888611,
    "lost": 52578113,
    "push": 14533276,
    "busted": 0,
    "blackjack": 0,
    "doubled": 100000000,
    "split": 0,
    "insured": 0,
    "surrender": 0
  }
}
