{
  "rounds": 100000000,
  "rules": {
    "game_type": "ahc",
    "soft17": "s17",
    "das": true,
    "bj_pays": 1.5,
    "double_down": "any_two",
    "surrender": "early_surrender",
    "play_ace_pairs": false,
    "max_splits": 4,
    "decks": 6,
    "penetration_cards": 250
  },
  "ev": -0.27935502000000606,
  "stddev": 0.9245850319734841,
  "winning_distrib": {
    "-1.0": 60612586,
    "+0.0": 6710330,
    "+1.0": 32677084
  },
  "hands": {
    "total": 100000000,
    "won": 32677084,
    "lost": 60612586,
    "push": 6710330,
    "busted": 51686976,
    "blackjack": 0,
    "doubled": 0,
    "split": 0,
    "insured": 0,
    "surrender": 0
  }
}
