{
  "rounds": 100000000,
  "rules": {
    "game_type": "ahc",
    "soft17": "s17",
    "das": true,
    "bj_pays": 1.5,
    "double_down": "any_two",
    "surrender": "early_surrender",
    "play_ace_pairs": false,
    "max_splits": 4,
    "decks": 6,
    "penetration_cards": 250
  },
  "ev": -0.18868162000000135,
  "stddev": 1.9120512866640305,
  "winning_distrib": {
    "-2.0": 50861301,
    "+0.0": 7711479,
    "+2.0": 41427220
  },
  "hands": {
    "total": 100000000,
    "won": 41427220,
    "lost": 50861301,
    "push": 7711479,
    "busted": 0,
    "blackjack": 0,
    "doubled": 100000000,
    "split": 0,
    "insured": 0,
    "surrender": 0
  }
}
