{
  "rounds": 100000000,
  "rules": {
    "game_type": "enhc",
    "soft17": "s17",
    "das": true,
    "double_down": "any_two",
    "surrender": "no_surrender",
    "play_ace_pairs": false,
    "max_splits": 4,
    "decks": 6,
    "penetration_cards": 46
  },
  "ev": -0.5738196799999982,
  "stddev": 1.829484377718171,
  "winning_distrib": {
    "-2.0": 60299018,
    "+0.0": 8092948,
    "+2.0": 31608034
  },
  "hands": {
    "total": 100000000,
    "won": 31608034,
    "lost": 60299018,
    "push": 8092948,
    "busted": 0,
    "blackjack": 0,
    "doubled": 100000000,
    "split": 0,
    "insured": 0,
    "surrender": 0
  }
}
