{
  "rounds": 100000000,
  "rules": {
    "game_type": "ahc",
    "soft17": "s17",
    "das": true,
    "bj_pays": 1.5,
    "double_down": "any_two",
    "surrender": "early_surrender",
    "play_ace_pairs": false,
    "max_splits": 4,
    "decks": 6,
    "penetration_cards": 250
  },
  "ev": -0.010153320000000212,
  "stddev": 2.2268938725686054,
  "winning_distrib": {
    "-4.0": 987766,
    "-3.0": 10671315,
    "-2.0": 30627012,
    "-1.0": 5577256,
    "+0.0": 7153904,
    "+1.0": 6249253,
    "+2.0": 22907644,
    "+3.0": 13586984,
    "+4.0": 2238866
  },
  "hands": {
    "total": 200000000,
    "won": 90759515,
    "lost": 102107571,
    "push": 7132914,
    "busted": 7208686,
    "blackjack": 0,
    "doubled": 43336147,
    "split": 200000000,
    "insured": 0,
    "surrender": 0
  }
}
