{
  "rounds": 100000000,
  "rules": {
    "game_type": "ahc",
    "soft17": "s17",
    "das": true,
    "bj_pays": 1.5,
    "double_down": "any_two",
    "surrender": "early_surrender",
    "play_ace_pairs": false,
    "max_splits": 4,
    "decks": 6,
    "penetration_cards": 250
  },
  "ev": -0.22933230999999316,
  "stddev": 1.7378281421908648,
  "winning_distrib": {
    "-4.0": 473291,
    "-3.0": 6295835,
    "-2.0": 24646205,
    "-1.0": 11622931,
    "+0.0": 26021364,
    "+1.0": 11397499,
    "+2.0": 12190556,
    "+3.0": 6425108,
    "+4.0": 927211
  },
  "hands": {
    "total": 200000000,
    "won": 76695162,
    "lost": 105058974,
    "push": 18245864,
    "busted": 69893168,
    "blackjack": 0,
    "doubled": 31366550,
    "split": 200000000,
    "insured": 0,
    "surrender": 0
  }
}
