{
  "rounds": 100000000,
  "rules": {
    "game_type": "ahc",
    "soft17": "s17",
    "das": true,
    "bj_pays": 1.5,
    "double_down": "any_two",
    "surrender": "early_surrender",
    "play_ace_pairs": false,
    "max_splits": 4,
    "decks": 6,
    "penetration_cards": 250
  },
  "ev": -0.0565643700000004,
  "stddev": 1.7172086744290929,
  "winning_distrib": {
    "-8.0": 5,
    "-7.0": 166,
    "-6.0": 5881,
    "-5.0": 85936,
    "-4.0": 728449,
    "-3.0": 4352440,
    "-2.0": 19817276,
    "-1.0": 16162105,
    "+0.0": 23780664,
    "+1.0": 10688137,
    "+2.0": 18429146,
    "+3.0": 4927629,
    "+4.0": 876900,
    "+5.0": 131659,
    "+6.0": 12965,
    "+7.0": 633,
    "+8.0": 9
  },
  "hands": {
    "total": 219040259,
    "won": 85263700,
    "lost": 93502865,
    "push": 40273694,
    "busted": 49382791,
    "blackjack": 0,
    "doubled": 15880269,
    "split": 219040259,
    "insured": 0,
    "surrender": 0
  }
}
