{
  "rounds": 100000000,
  "rules": {
    "game_type": "ahc",
    "soft17": "s17",
    "das": true,
    "bj_pays": 1.5,
    "double_down": "any_two",
    "surrender": "early_surrender",
    "play_ace_pairs": false,
    "max_splits": 4,
    "decks": 6,
    "penetration_cards": 250
  },
  "ev": -1.2353560400000019,
  "stddev": 1.5374251064921414,
  "winning_distrib": {
    "-2.0": 79506157,
    "+0.0": 2755488,
    "+2.0": 17738355
  },
  "hands": {
    "total": 100000000,
    "won": 17738355,
    "lost": 79506157,
    "push": 2755488,
    "busted": 77084606,
    "blackjack": 0,
    "doubled": 100000000,
    "split": 0,
    "insured": 0,
    "surrender": 0
  }
}
