{
  "rounds": 10000000000,
  "rules": {
    "game_type": "ahc",
    "soft17": "s17",
    "das": true,
    "bj_pays": 1.5,
    "double_down": "any_two",
    "surrender": "no_surrender",
    "play_ace_pairs": false,
    "max_splits": 4,
    "decks": 6,
    "penetration_cards": 296
  },
  "ev": 0.14704501300003311,
  "stddev": 2.572758919843197,
  "winning_distrib": {
    "-14.0": 6,
    "-12.0": 2030,
    "-10.0": 222963,
    "-8.0": 8672935,
    "-6.0": 139833859,
    "-4.0": 1032664343,
    "-2.0": 2136662568,
    "+0.0": 2858449435,
    "+2.0": 2443429730,
    "+4.0": 1202265574,
    "+6.0": 166894689,
    "+8.0": 10620221,
    "+10.0": 279048,
    "+12.0": 2589,
    "+14.0": 10
  },
  "hands": {
    "total": 10000000000,
    "won": 5101010264,
    "lost": 4450490794,
    "push": 448498942,
    "busted": 0,
    "blackjack": 0,
    "doubled": 10000000000,
    "split": 0,
    "insured": 0,
    "surrender": 0
  }
}
