{
  "rounds": 100000000,
  "rules": {
    "game_type": "ahc",
    "soft17": "s17",
    "das": true,
    "bj_pays": 1.5,
    "double_down": "any_two",
    "surrender": "early_surrender",
    "play_ace_pairs": false,
    "max_splits": 4,
    "decks": 6,
    "penetration_cards": 250
  },
  "ev": -0.8087794099999908,
  "stddev": 1.0896118794472578,
  "winning_distrib": {
    "-2.0": 28196226,
    "-1.0": 40985928,
    "+0.0": 21250680,
    "+1.0": 2633893,
    "+2.0": 6933273
  },
  "hands": {
    "total": 166664831,
    "won": 37154955,
    "lost": 118032896,
    "push": 11476980,
    "busted": 63709020,
    "blackjack": 0,
    "doubled": 0,
    "split": 133329662,
    "insured": 0,
    "surrender": 0
  }
}
