{
  "rounds": 100000000,
  "rules": {
    "game_type": "ahc",
    "soft17": "h17",
    "das": false,
    "double_down": "any_two",
    "surrender": "no_surrender",
    "play_ace_pairs": false,
    "max_splits": 4,
    "decks": 6,
    "penetration_cards": 46
  },
  "ev": 0.1083167199999996,
  "stddev": 0.9615262541469093,
  "winning_distrib": {
    "-1.0": 41397426,
    "+0.0": 6373476,
    "+1.0": 52229098
  },
  "hands": {
    "total": 100000000,
    "won": 52229098,
    "lost": 41397426,
    "push": 6373476,
    "busted": 0,
    "blackjack": 0,
    "doubled": 0,
    "split": 0,
    "insured": 0,
    "surrender": 0
  }
}
