{
  "rounds": 100000000,
  "rules": {
    "game_type": "ahc",
    "soft17": "s17",
    "das": true,
    "bj_pays": 1.5,
    "double_down": "any_two",
    "surrender": "early_surrender",
    "play_ace_pairs": false,
    "max_splits": 4,
    "decks": 6,
    "penetration_cards": 250
  },
  "ev": -0.2737140600000002,
  "stddev": 0.906178526323542,
  "winning_distrib": {
    "-1.0": 58489648,
    "+0.0": 10392110,
    "+1.0": 31118242
  },
  "hands": {
    "total": 100000000,
    "won": 31118242,
    "lost": 58489648,
    "push": 10392110,
    "busted": 21451797,
    "blackjack": 0,
    "doubled": 0,
    "split": 0,
    "insured": 0,
    "surrender": 0
  }
}
