{
  "rounds": 100000000,
  "rules": {
    "game_type": "enhc",
    "soft17": "s17",
    "das": true,
    "double_down": "any_two",
    "surrender": "no_surrender",
    "play_ace_pairs": false,
    "max_splits": 4,
    "decks": 6,
    "penetration_cards": 46
  },
  "ev": -0.5113552199999855,
  "stddev": 1.8738483380710953,
  "winning_distrib": {
    "-2.0": 59943777,
    "+0.0": 5680207,
    "+2.0": 34376016
  },
  "hands": {
    "total": 100000000,
    "won": 34376016,
    "lost": 59943777,
    "push": 5680207,
    "busted": 30867952,
    "blackjack": 0,
    "doubled": 100000000,
    "split": 0,
    "insured": 0,
    "surrender": 0
  }
}
