{
  "rounds": 100000000,
  "rules": {
    "game_type": "ahc",
    "soft17": "s17",
    "das": true,
    "bj_pays": 1.5,
    "double_down": "any_two",
    "surrender": "early_surrender",
    "play_ace_pairs": false,
    "max_splits": 4,
    "decks": 6,
    "penetration_cards": 250
  },
  "ev": 0.20423095999999558,
  "stddev": 1.9158528731826914,
  "winning_distrib": {
    "-2.0": 41296757,
    "+0.0": 7194938,
    "+2.0": 51508305
  },
  "hands": {
    "total": 100000000,
    "won": 51508305,
    "lost": 41296757,
    "push": 7194938,
    "busted": 0,
    "blackjack": 0,
    "doubled": 100000000,
    "split": 0,
    "insured": 0,
    "surrender": 0
  }
}
