{
  "rounds": 100000000,
  "rules": {
    "game_type": "ahc",
    "soft17": "s17",
    "das": true,
    "bj_pays": 1.5,
    "double_down": "any_two",
    "surrender": "early_surrender",
    "play_ace_pairs": false,
    "max_splits": 4,
    "decks": 6,
    "penetration_cards": 250
  },
  "ev": 0.3905565500000073,
  "stddev": 0.8429758587042603,
  "winning_distrib": {
    "-1.0": 23629308,
    "+0.0": 13685729,
    "+1.0": 62684963
  },
  "hands": {
    "total": 100000000,
    "won": 62684963,
    "lost": 23629308,
    "push": 13685729,
    "busted": 0,
    "blackjack": 0,
    "doubled": 0,
    "split": 0,
    "insured": 0,
    "surrender": 0
  }
}
