{
  "rounds": 100000000,
  "rules": {
    "game_type": "ahc",
    "soft17": "s17",
    "das": true,
    "bj_pays": 1.5,
    "double_down": "any_two",
    "surrender": "early_surrender",
    "play_ace_pairs": false,
    "max_splits": 4,
    "decks": 6,
    "penetration_cards": 250
  },
  "ev": -0.7286447300000124,
  "stddev": 0.6767956648972817,
  "winning_distrib": {
    "-1.0": 85881012,
    "+0.0": 1102449,
    "+1.0": 13016539
  },
  "hands": {
    "total": 100000000,
    "won": 13016539,
    "lost": 85881012,
    "push": 1102449,
    "busted": 85413086,
    "blackjack": 0,
    "doubled": 0,
    "split": 0,
    "insured": 0,
    "surrender": 0
  }
}
