{
  "rounds": 100000000,
  "rules": {
    "game_type": "ahc",
    "soft17": "s17",
    "das": true,
    "bj_pays": 1.5,
    "double_down": "any_two",
    "surrender": "early_surrender",
    "play_ace_pairs": false,
    "max_splits": 4,
    "decks": 6,
    "penetration_cards": 250
  },
  "ev": -0.5893755800000008,
  "stddev": 1.8467367597478572,
  "winning_distrib": {
    "-2.0": 61706892,
    "+0.0": 6054995,
    "+2.0": 32238113
  },
  "hands": {
    "total": 100000000,
    "won": 32238113,
    "lost": 61706892,
    "push": 6054995,
    "busted": 43754051,
    "blackjack": 0,
    "doubled": 100000000,
    "split": 0,
    "insured": 0,
    "surrender": 0
  }
}
