{
  "rounds": 100000000,
  "rules": {
    "game_type": "enhc",
    "soft17": "h17",
    "das": false,
    "double_down": "any_two",
    "surrender": "no_surrender",
    "play_ace_pairs": false,
    "max_splits": 4,
    "decks": 6,
    "penetration_cards": 46
  },
  "ev": -0.15784007999999428,
  "stddev": 0.9391360806429067,
  "winning_distrib": {
    "-1.0": 53236507,
    "+0.0": 9310994,
    "+1.0": 37452499
  },
  "hands": {
    "total": 100000000,
    "won": 37452499,
    "lost": 53236507,
    "push": 9310994,
    "busted": 39695016,
    "blackjack": 0,
    "doubled": 0,
    "split": 0,
    "insured": 0,
    "surrender": 0
  }
}
