{
  "rounds": 100000000,
  "rules": {
    "game_type": "ahc",
    "soft17": "s17",
    "das": true,
    "bj_pays": 1.5,
    "double_down": "any_two",
    "surrender": "early_surrender",
    "play_ace_pairs": false,
    "max_splits": 4,
    "decks": 6,
    "penetration_cards": 250
  },
  "ev": 0.0029694699999999645,
  "stddev": 0.9090958258140212,
  "winning_distrib": {
    "-1.0": 41174728,
    "+0.0": 17353597,
    "+1.0": 41471675
  },
  "hands": {
    "total": 100000000,
    "won": 41471675,
    "lost": 41174728,
    "push": 17353597,
    "busted": 20892747,
    "blackjack": 0,
    "doubled": 0,
    "split": 0,
    "insured": 0,
    "surrender": 0
  }
}
