{
  "rounds": 100000000,
  "rules": {
    "game_type": "ahc",
    "soft17": "s17",
    "das": true,
    "bj_pays": 1.5,
    "double_down": "any_two",
    "surrender": "early_surrender",
    "play_ace_pairs": false,
    "max_splits": 4,
    "decks": 6,
    "penetration_cards": 250
  },
  "ev": -0.140791000000001,
  "stddev": 0.9470023248583711,
  "winning_distrib": {
    "-1.0": 52871325,
    "+0.0": 8336450,
    "+1.0": 38792225
  },
  "hands": {
    "total": 100000000,
    "won": 38792225,
    "lost": 52871325,
    "push": 8336450,
    "busted": 43046984,
    "blackjack": 0,
    "doubled": 0,
    "split": 0,
    "insured": 0,
    "surrender": 0
  }
}
