{
  "rounds": 100000000,
  "rules": {
    "game_type": "ahc",
    "soft17": "s17",
    "das": false,
    "double_down": "any_two",
    "surrender": "no_surrender",
    "play_ace_pairs": false,
    "max_splits": 4,
    "decks": 6,
    "penetration_cards": 46
  },
  "ev": -0.2986276199999968,
  "stddev": 1.835993708671668,
  "winning_distrib": {
    "-2.0": 50716332,
    "+0.0": 13498717,
    "+2.0": 35784951
  },
  "hands": {
    "total": 100000000,
    "won": 35784951,
    "lost": 50716332,
    "push": 13498717,
    "busted": 0,
    "blackjack": 0,
    "doubled": 100000000,
    "split": 0,
    "insured": 0,
    "surrender": 0
  }
}
