{
  "rounds": 100000000,
  "rules": {
    "game_type": "ahc",
    "soft17": "s17",
    "das": true,
    "bj_pays": 1.5,
    "double_down": "any_two",
    "surrender": "early_surrender",
    "play_ace_pairs": false,
    "max_splits": 4,
    "decks": 6,
    "penetration_cards": 250
  },
  "ev": -1.6297150900000066,
  "stddev": 1.0458628429983414,
  "winning_distrib": {
    "-2.0": 84616192,
    "-1.0": 7997839,
    "+0.0": 256612,
    "+2.0": 7129357
  },
  "hands": {
    "total": 100000000,
    "won": 7129357,
    "lost": 92614031,
    "push": 256612,
    "busted": 84616192,
    "blackjack": 0,
    "doubled": 92002161,
    "split": 0,
    "insured": 0,
    "surrender": 0
  }
}
