{
  "rounds": 100000000,
  "rules": {
    "game_type": "ahc",
    "soft17": "s17",
    "das": true,
    "bj_pays": 1.5,
    "double_down": "any_two",
    "surrender": "early_surrender",
    "play_ace_pairs": false,
    "max_splits": 4,
    "decks": 6,
    "penetration_cards": 250
  },
  "ev": -0.9245735800000145,
  "stddev": 1.714799534806158,
  "winning_distrib": {
    "-2.0": 70556511,
    "+0.0": 5115657,
    "+2.0": 24327832
  },
  "hands": {
    "total": 100000000,
    "won": 24327832,
    "lost": 70556511,
    "push": 5115657,
    "busted": 61006977,
    "blackjack": 0,
    "doubled": 100000000,
    "split": 0,
    "insured": 0,
    "surrender": 0
  }
}
