{
  "rounds": 100000000,
  "rules": {
    "game_type": "ahc",
    "soft17": "h17",
    "das": false,
    "double_down": "any_two",
    "surrender": "no_surrender",
    "play_ace_pairs": false,
    "max_splits": 4,
    "decks": 6,
    "penetration_cards": 46
  },
  "ev": 0.41509127999999,
  "stddev": 0.8395114271501907,
  "winning_distrib": {
    "-1.0": 23099446,
    "+0.0": 12291980,
    "+1.0": 64608574
  },
  "hands": {
    "total": 100000000,
    "won": 64608574,
    "lost": 23099446,
    "push": 12291980,
    "busted": 0,
    "blackjack": 0,
    "doubled": 0,
    "split": 0,
    "insured": 0,
    "surrender": 0
  }
}
