{
  "rounds": 100000000,
  "rules": {
    "game_type": "enhc",
    "soft17": "s17",
    "das": false,
    "double_down": "any_two",
    "surrender": "no_surrender",
    "play_ace_pairs": false,
    "max_splits": 4,
    "decks": 6,
    "penetration_cards": 46
  },
  "ev": 0.35269227999999864,
  "stddev": 1.8912643261578346,
  "winning_distrib": {
    "-2.0": 37448600,
    "+0.0": 7468186,
    "+2.0": 55083214
  },
  "hands": {
    "total": 100000000,
    "won": 55083214,
    "lost": 37448600,
    "push": 7468186,
    "busted": 0,
    "blackjack": 0,
    "doubled": 100000000,
    "split": 0,
    "insured": 0,
    "surrender": 0
  }
}
