{
  "rounds": 100000000,
  "rules": {
    "game_type": "ahc",
    "soft17": "s17",
    "das": true,
    "bj_pays": 1.5,
    "double_down": "any_two",
    "surrender": "early_surrender",
    "play_ace_pairs": false,
    "max_splits": 4,
    "decks": 6,
    "penetration_cards": 250
  },
  "ev": 0.10368320999999771,
  "stddev": 2.66414511859637,
  "winning_distrib": {
    "-8.0": 1731,
    "-7.0": 22774,
    "-6.0": 167474,
    "-5.0": 779747,
    "-4.0": 3894781,
    "-3.0": 15118815,
    "-2.0": 24307153,
    "-1.0": 3816929,
    "+0.0": 2645542,
    "+1.0": 5246382,
    "+2.0": 18470210,
    "+3.0": 17670593,
    "+4.0": 6166909,
    "+5.0": 1270861,
    "+6.0": 355155,
    "+7.0": 59034,
    "+8.0": 5910
  },
  "hands": {
    "total": 214890047,
    "won": 102664358,
    "lost": 106495329,
    "push": 5730360,
    "busted": 0,
    "blackjack": 0,
    "doubled": 65113032,
    "split": 214890047,
    "insured": 0,
    "surrender": 0
  }
}
