{
  "rounds": 100000000,
  "rules": {
    "game_type": "ahc",
    "soft17": "h17",
    "das": false,
    "double_down": "any_two",
    "surrender": "no_surrender",
    "play_ace_pairs": false,
    "max_splits": 4,
    "decks": 6,
    "penetration_cards": 46
  },
  "ev": -0.675672559999985,
  "stddev": 1.82113827723994,
  "winning_distrib": {
    "-2.0": 64055289,
    "+0.0": 5673050,
    "+2.0": 30271661
  },
  "hands": {
    "total": 100000000,
    "won": 30271661,
    "lost": 64055289,
    "push": 5673050,
    "busted": 46319856,
    "blackjack": 0,
    "doubled": 100000000,
    "split": 0,
    "insured": 0,
    "surrender": 0
  }
}
