{
  "rounds": 100000000,
  "rules": {
    "game_type": "ahc",
    "soft17": "s17",
    "das": true,
    "bj_pays": 1.5,
    "double_down": "any_two",
    "surrender": "early_surrender",
    "play_ace_pairs": false,
    "max_splits": 4,
    "decks": 6,
    "penetration_cards": 250
  },
  "ev": -0.24902277999999986,
  "stddev": 0.909670887363164,
  "winning_distrib": {
    "-1.0": 56926812,
    "+0.0": 11048654,
    "+1.0": 32024534
  },
  "hands": {
    "total": 100000000,
    "won": 32024534,
    "lost": 56926812,
    "push": 11048654,
    "busted": 0,
    "blackjack": 0,
    "doubled": 0,
    "split": 0,
    "insured": 0,
    "surrender": 0
  }
}
