{
  "rounds": 100000000,
  "rules": {
    "game_type": "ahc",
    "soft17": "h17",
    "das": false,
    "double_down": "any_two",
    "surrender": "no_surrender",
    "play_ace_pairs": false,
    "max_splits": 4,
    "decks": 6,
    "penetration_cards": 46
  },
  "ev": -0.4900179300000059,
  "stddev": 0.8174489494523474,
  "winning_distrib": {
    "-1.0": 69917914,
    "+0.0": 9165965,
    "+1.0": 20916121
  },
  "hands": {
    "total": 100000000,
    "won": 20916121,
    "lost": 69917914,
    "push": 9165965,
    "busted": 16916038,
    "blackjack": 0,
    "doubled": 0,
    "split": 0,
    "insured": 0,
    "surrender": 0
  }
}
