{
  "rounds": 100000000,
  "rules": {
    "game_type": "ahc",
    "soft17": "s17",
    "das": true,
    "bj_pays": 1.5,
    "double_down": "any_two",
    "surrender": "early_surrender",
    "play_ace_pairs": false,
    "max_splits": 4,
    "decks": 6,
    "penetration_cards": 250
  },
  "ev": 0.5904275300000126,
  "stddev": 0.7526376202946127,
  "winning_distrib": {
    "-1.0": 16232026,
    "+0.0": 8493195,
    "+1.0": 75274779
  },
  "hands": {
    "total": 100000000,
    "won": 75274779,
    "lost": 16232026,
    "push": 8493195,
    "busted": 0,
    "blackjack": 0,
    "doubled": 0,
    "split": 0,
    "insured": 0,
    "surrender": 0
  }
}
