{
  "rounds": 100000000,
  "rules": {
    "game_type": "ahc",
    "soft17": "s17",
    "das": true,
    "bj_pays": 1.5,
    "double_down": "any_two",
    "surrender": "early_surrender",
    "play_ace_pairs": false,
    "max_splits": 4,
    "decks": 6,
    "penetration_cards": 250
  },
  "ev": -0.6579014500000011,
  "stddev": 0.7280753514498529,
  "winning_distrib": {
    "-1.0": 81041474,
    "+0.0": 3707197,
    "+1.0": 15251329
  },
  "hands": {
    "total": 100000000,
    "won": 15251329,
    "lost": 81041474,
    "push": 3707197,
    "busted": 72255042,
    "blackjack": 0,
    "doubled": 0,
    "split": 0,
    "insured": 0,
    "surrender": 0
  }
}
