{
  "rounds": 100000000,
  "rules": {
    "game_type": "enhc",
    "soft17": "h17",
    "das": true,
    "double_down": "any_two",
    "surrender": "no_surrender",
    "play_ace_pairs": false,
    "max_splits": 4,
    "decks": 6,
    "penetration_cards": 46
  },
  "ev": -0.10544164000000077,
  "stddev": 0.7871586033007018,
  "winning_distrib": {
    "-1.0": 36808912,
    "+0.0": 36926340,
    "+1.0": 26264748
  },
  "hands": {
    "total": 100000000,
    "won": 26264748,
    "lost": 36808912,
    "push": 36926340,
    "busted": 0,
    "blackjack": 0,
    "doubled": 0,
    "split": 0,
    "insured": 0,
    "surrender": 0
  }
}
