{
  "rounds": 100000000,
  "rules": {
    "game_type": "ahc",
    "soft17": "s17",
    "das": true,
    "bj_pays": 1.5,
    "double_down": "any_two",
    "surrender": "early_surrender",
    "play_ace_pairs": false,
    "max_splits": 4,
    "decks": 6,
    "penetration_cards": 250
  },
  "ev": -0.4985269200000064,
  "stddev": 0.8393224035374856,
  "winning_distrib": {
    "-1.0": 72575905,
    "+0.0": 4700882,
    "+1.0": 22723213
  },
  "hands": {
    "total": 100000000,
    "won": 22723213,
    "lost": 72575905,
    "push": 4700882,
    "busted": 63202170,
    "blackjack": 0,
    "doubled": 0,
    "split": 0,
    "insured": 0,
    "surrender": 0
  }
}
