{
  "rounds": 100000000,
  "rules": {
    "game_type": "ahc",
    "soft17": "s17",
    "das": true,
    "bj_pays": 1.5,
    "double_down": "any_two",
    "surrender": "early_surrender",
    "play_ace_pairs": false,
    "max_splits": 4,
    "decks": 6,
    "penetration_cards": 250
  },
  "ev": -0.6372094699999963,
  "stddev": 0.7542453361017059,
  "winning_distrib": {
    "-1.0": 80606570,
    "+0.0": 2507807,
    "+1.0": 16885623
  },
  "hands": {
    "total": 100000000,
    "won": 16885623,
    "lost": 80606570,
    "push": 2507807,
    "busted": 77963616,
    "blackjack": 0,
    "doubled": 0,
    "split": 0,
    "insured": 0,
    "surrender": 0
  }
}
