{
  "rounds": 100000000,
  "rules": {
    "game_type": "ahc",
    "soft17": "s17",
    "das": true,
    "bj_pays": 1.5,
    "double_down": "any_two",
    "surrender": "early_surrender",
    "play_ace_pairs": false,
    "max_splits": 4,
    "decks": 6,
    "penetration_cards": 250
  },
  "ev": -0.04589247000000095,
  "stddev": 0.9086390149303236,
  "winning_distrib": {
    "-1.0": 43681172,
    "+0.0": 17226903,
    "+1.0": 39091925
  },
  "hands": {
    "total": 100000000,
    "won": 39091925,
    "lost": 43681172,
    "push": 17226903,
    "busted": 17499614,
    "blackjack": 0,
    "doubled": 0,
    "split": 0,
    "insured": 0,
    "surrender": 0
  }
}
