{
  "rounds": 100000000,
  "rules": {
    "game_type": "ahc",
    "soft17": "s17",
    "das": false,
    "double_down": "any_two",
    "surrender": "no_surrender",
    "play_ace_pairs": false,
    "max_splits": 4,
    "decks": 6,
    "penetration_cards": 46
  },
  "ev": 0.363526999999995,
  "stddev": 1.885010386126196,
  "winning_distrib": {
    "-2.0": 36979525,
    "+0.0": 7864600,
    "+2.0": 55155875
  },
  "hands": {
    "total": 100000000,
    "won": 55155875,
    "lost": 36979525,
    "push": 7864600,
    "busted": 0,
    "blackjack": 0,
    "doubled": 100000000,
    "split": 0,
    "insured": 0,
    "surrender": 0
  }
}
