{
  "rounds": 100000000,
  "rules": {
    "game_type": "ahc",
    "soft17": "s17",
    "das": true,
    "bj_pays": 1.5,
    "double_down": "any_two",
    "surrender": "early_surrender",
    "play_ace_pairs": false,
    "max_splits": 4,
    "decks": 6,
    "penetration_cards": 250
  },
  "ev": -0.33873062999999737,
  "stddev": 0.9226232810915383,
  "winning_distrib": {
    "-1.0": 65235139,
    "+0.0": 3402785,
    "+1.0": 31362076
  },
  "hands": {
    "total": 100000000,
    "won": 31362076,
    "lost": 65235139,
    "push": 3402785,
    "busted": 52178076,
    "blackjack": 0,
    "doubled": 0,
    "split": 0,
    "insured": 0,
    "surrender": 0
  }
}
