{
  "rounds": 100000000,
  "rules": {
    "game_type": "ahc",
    "soft17": "s17",
    "das": true,
    "bj_pays": 1.5,
    "double_down": "any_two",
    "surrender": "early_surrender",
    "play_ace_pairs": false,
    "max_splits": 4,
    "decks": 6,
    "penetration_cards": 250
  },
  "ev": 0.5729777000000057,
  "stddev": 1.8294269017292784,
  "winning_distrib": {
    "-2.0": 31614385,
    "+0.0": 8122345,
    "+2.0": 60263270
  },
  "hands": {
    "total": 100000000,
    "won": 60263270,
    "lost": 31614385,
    "push": 8122345,
    "busted": 0,
    "blackjack": 0,
    "doubled": 100000000,
    "split": 0,
    "insured": 0,
    "surrender": 0
  }
}
