{
  "rounds": 100000000,
  "rules": {
    "game_type": "ahc",
    "soft17": "s17",
    "das": true,
    "bj_pays": 1.5,
    "double_down": "any_two",
    "surrender": "early_surrender",
    "play_ace_pairs": false,
    "max_splits": 4,
    "decks": 6,
    "penetration_cards": 250
  },
  "ev": -1.458129599999986,
  "stddev": 1.3414199668999724,
  "winning_distrib": {
    "-2.0": 85522608,
    "+0.0": 1861264,
    "+2.0": 12616128
  },
  "hands": {
    "total": 100000000,
    "won": 12616128,
    "lost": 85522608,
    "push": 1861264,
    "busted": 84614294,
    "blackjack": 0,
    "doubled": 100000000,
    "split": 0,
    "insured": 0,
    "surrender": 0
  }
}
