{
  "rounds": 100000000,
  "rules": {
    "game_type": "ahc",
    "soft17": "s17",
    "das": false,
    "double_down": "any_two",
    "surrender": "no_surrender",
    "play_ace_pairs": false,
    "max_splits": 4,
    "decks": 6,
    "penetration_cards": 46
  },
  "ev": -0.02013700999999957,
  "stddev": 0.959579574624316,
  "winning_distrib": {
    "-1.0": 47066773,
    "+0.0": 7880155,
    "+1.0": 45053072
  },
  "hands": {
    "total": 100000000,
    "won": 45053072,
    "lost": 47066773,
    "push": 7880155,
    "busted": 2649400,
    "blackjack": 0,
    "doubled": 0,
    "split": 0,
    "insured": 0,
    "surrender": 0
  }
}
