{
  "rounds": 100000000,
  "rules": {
    "game_type": "ahc",
    "soft17": "h17",
    "das": false,
    "double_down": "any_two",
    "surrender": "no_surrender",
    "play_ace_pairs": false,
    "max_splits": 4,
    "decks": 6,
    "penetration_cards": 46
  },
  "ev": 0.040748070000000136,
  "stddev": 0.964007206448365,
  "winning_distrib": {
    "-1.0": 44511111,
    "+0.0": 6902971,
    "+1.0": 48585918
  },
  "hands": {
    "total": 100000000,
    "won": 48585918,
    "lost": 44511111,
    "push": 6902971,
    "busted": 0,
    "blackjack": 0,
    "doubled": 0,
    "split": 0,
    "insured": 0,
    "surrender": 0
  }
}
