{
  "rounds": 100000000,
  "rules": {
    "game_type": "ahc",
    "soft17": "s17",
    "das": true,
    "bj_pays": 1.5,
    "double_down": "any_two",
    "surrender": "early_surrender",
    "play_ace_pairs": false,
    "max_splits": 4,
    "decks": 6,
    "penetration_cards": 250
  },
  "ev": -0.532586819999996,
  "stddev": 1.9178041599553242,
  "winning_distrib": {
    "-2.0": 62834939,
    "+0.0": 959463,
    "+2.0": 36205598
  },
  "hands": {
    "total": 100000000,
    "won": 36205598,
    "lost": 62834939,
    "push": 959463,
    "busted": 0,
    "blackjack": 0,
    "doubled": 100000000,
    "split": 0,
    "insured": 0,
    "surrender": 0
  }
}
