{
  "rounds": 100000000,
  "rules": {
    "game_type": "ahc",
    "soft17": "h17",
    "das": false,
    "double_down": "any_two",
    "surrender": "no_surrender",
    "play_ace_pairs": false,
    "max_splits": 4,
    "decks": 6,
    "penetration_cards": 46
  },
  "ev": -0.6145785900000088,
  "stddev": 0.7719207295261783,
  "winning_distrib": {
    "-1.0": 79407352,
    "+0.0": 2643155,
    "+1.0": 17949493
  },
  "hands": {
    "total": 100000000,
    "won": 17949493,
    "lost": 79407352,
    "push": 2643155,
    "busted": 76842921,
    "blackjack": 0,
    "doubled": 0,
    "split": 0,
    "insured": 0,
    "surrender": 0
  }
}
