{
  "rounds": 100000000,
  "rules": {
    "game_type": "ahc",
    "soft17": "s17",
    "das": true,
    "bj_pays": 1.5,
    "double_down": "any_two",
    "surrender": "early_surrender",
    "play_ace_pairs": false,
    "max_splits": 4,
    "decks": 6,
    "penetration_cards": 250
  },
  "ev": -0.05811292999999984,
  "stddev": 0.9414970877442871,
  "winning_distrib": {
    "-1.0": 47395340,
    "+0.0": 11020613,
    "+1.0": 41584047
  },
  "hands": {
    "total": 100000000,
    "won": 41584047,
    "lost": 47395340,
    "push": 11020613,
    "busted": 0,
    "blackjack": 0,
    "doubled": 0,
    "split": 0,
    "insured": 0,
    "surrender": 0
  }
}
