{
  "rounds": 100000000,
  "rules": {
    "game_type": "ahc",
    "soft17": "s17",
    "das": false,
    "double_down": "any_two",
    "surrender": "no_surrender",
    "play_ace_pairs": false,
    "max_splits": 4,
    "decks": 6,
    "penetration_cards": 46
  },
  "ev": -0.8238946599999921,
  "stddev": 1.7588150272719902,
  "winning_distrib": {
    "-2.0": 67750275,
    "+0.0": 5694183,
    "+2.0": 26555542
  },
  "hands": {
    "total": 100000000,
    "won": 26555542,
    "lost": 67750275,
    "push": 5694183,
    "busted": 61401550,
    "blackjack": 0,
    "doubled": 100000000,
    "split": 0,
    "insured": 0,
    "surrender": 0
  }
}
