{
  "rounds": 100000000,
  "rules": {
    "game_type": "ahc",
    "soft17": "s17",
    "das": true,
    "bj_pays": 1.5,
    "double_down": "any_two",
    "surrender": "early_surrender",
    "play_ace_pairs": false,
    "max_splits": 4,
    "decks": 6,
    "penetration_cards": 250
  },
  "ev": -0.5075454900000023,
  "stddev": 0.8240178349833883,
  "winning_distrib": {
    "-1.0": 72207665,
    "+0.0": 6339219,
    "+1.0": 21453116
  },
  "hands": {
    "total": 100000000,
    "won": 21453116,
    "lost": 72207665,
    "push": 6339219,
    "busted": 51143354,
    "blackjack": 0,
    "doubled": 0,
    "split": 0,
    "insured": 0,
    "surrender": 0
  }
}
