{
  "rounds": 100000000,
  "rules": {
    "game_type": "enhc",
    "soft17": "s17",
    "das": true,
    "double_down": "any_two",
    "surrender": "no_surrender",
    "play_ace_pairs": false,
    "max_splits": 4,
    "decks": 6,
    "penetration_cards": 46
  },
  "ev": -0.20276356000000506,
  "stddev": 2.3371560866487067,
  "winning_distrib": {
    "-8.0": 116,
    "-7.0": 3805,
    "-6.0": 52876,
    "-5.0": 413268,
    "-4.0": 2314916,
    "-3.0": 11478564,
    "-2.0": 33069622,
    "-1.0": 5606062,
    "+0.0": 5514737,
    "+1.0": 5025830,
    "+2.0": 21520119,
    "+3.0": 11350182,
    "+4.0": 2924035,
    "+5.0": 604676,
    "+6.0": 109577,
    "+7.0": 11051,
    "+8.0": 564
  },
  "hands": {
    "total": 216723005,
    "won": 90744985,
    "lost": 118727093,
    "push": 7250927,
    "busted": 1531065,
    "blackjack": 0,
    "doubled": 36048869,
    "split": 216723005,
    "insured": 0,
    "surrender": 0
  }
}
