{
  "rounds": 100000000,
  "rules": {
    "game_type": "ahc",
    "soft17": "s17",
    "das": true,
    "double_down": "any_two",
    "surrender": "no_surrender",
    "play_ace_pairs": false,
    "max_splits": 4,
    "decks": 6,
    "penetration_cards": 46
  },
  "ev": 0.6598302399999951,
  "stddev": 0.6694714772590868,
  "winning_distrib": {
    "-1.0": 11186888,
    "+0.0": 11643200,
    "+1.0": 77169912
  },
  "hands": {
    "total": 100000000,
    "won": 77169912,
    "lost": 11186888,
    "push": 11643200,
    "busted": 0,
    "blackjack": 0,
    "doubled": 0,
    "split": 0,
    "insured": 0,
    "surrender": 0
  }
}
