{
  "rounds": 100000000,
  "rules": {
    "game_type": "enhc",
    "soft17": "h17",
    "das": true,
    "double_down": "any_two",
    "surrender": "no_surrender",
    "play_ace_pairs": false,
    "max_splits": 4,
    "decks": 6,
    "penetration_cards": 46
  },
  "ev": 0.46107169999999775,
  "stddev": 1.8729547785621359,
  "winning_distrib": {
    "-2.0": 34980041,
    "+0.0": 6986333,
    "+2.0": 58033626
  },
  "hands": {
    "total": 100000000,
    "won": 58033626,
    "lost": 34980041,
    "push": 6986333,
    "busted": 0,
    "blackjack": 0,
    "doubled": 100000000,
    "split": 0,
    "insured": 0,
    "surrender": 0
  }
}
