{
  "rounds": 100000000,
  "rules": {
    "game_type": "ahc",
    "soft17": "s17",
    "das": true,
    "bj_pays": 1.5,
    "double_down": "any_two",
    "surrender": "early_surrender",
    "play_ace_pairs": false,
    "max_splits": 4,
    "decks": 6,
    "penetration_cards": 250
  },
  "ev": 0.13372815999999824,
  "stddev": 0.9452957675557717,
  "winning_distrib": {
    "-1.0": 38886957,
    "+0.0": 8853270,
    "+1.0": 52259773
  },
  "hands": {
    "total": 100000000,
    "won": 52259773,
    "lost": 38886957,
    "push": 8853270,
    "busted": 28457460,
    "blackjack": 0,
    "doubled": 0,
    "split": 0,
    "insured": 0,
    "surrender": 0
  }
}
