{
  "rounds": 100000000,
  "rules": {
    "game_type": "ahc",
    "soft17": "s17",
    "das": true,
    "bj_pays": 1.5,
    "double_down": "any_two",
    "surrender": "early_surrender",
    "play_ace_pairs": false,
    "max_splits": 4,
    "decks": 6,
    "penetration_cards": 250
  },
  "ev": -0.21888229999999922,
  "stddev": 0.9190984861232933,
  "winning_distrib": {
    "-1.0": 55576689,
    "+0.0": 10734852,
    "+1.0": 33688459
  },
  "hands": {
    "total": 100000000,
    "won": 33688459,
    "lost": 55576689,
    "push": 10734852,
    "busted": 21568644,
    "blackjack": 0,
    "doubled": 0,
    "split": 0,
    "insured": 0,
    "surrender": 0
  }
}
