{
  "rounds": 100000000,
  "rules": {
    "game_type": "enhc",
    "soft17": "s17",
    "das": false,
    "double_down": "any_two",
    "surrender": "no_surrender",
    "play_ace_pairs": false,
    "max_splits": 4,
    "decks": 6,
    "penetration_cards": 46
  },
  "ev": -0.07252319999999923,
  "stddev": 1.9485144144780964,
  "winning_distrib": {
    "-2.0": 49337680,
    "+0.0": 4950800,
    "+2.0": 45711520
  },
  "hands": {
    "total": 100000000,
    "won": 45711520,
    "lost": 49337680,
    "push": 4950800,
    "busted": 0,
    "blackjack": 0,
    "doubled": 100000000,
    "split": 0,
    "insured": 0,
    "surrender": 0
  }
}
