{
  "rounds": 100000000,
  "rules": {
    "game_type": "ahc",
    "soft17": "s17",
    "das": true,
    "bj_pays": 1.5,
    "double_down": "any_two",
    "surrender": "early_surrender",
    "play_ace_pairs": false,
    "max_splits": 4,
    "decks": 6,
    "penetration_cards": 250
  },
  "ev": 0.25647977999998983,
  "stddev": 0.9131098897662142,
  "winning_distrib": {
    "-1.0": 32153588,
    "+0.0": 10044846,
    "+1.0": 57801566
  },
  "hands": {
    "total": 100000000,
    "won": 57801566,
    "lost": 32153588,
    "push": 10044846,
    "busted": 21256126,
    "blackjack": 0,
    "doubled": 0,
    "split": 0,
    "insured": 0,
    "surrender": 0
  }
}
