{
  "rounds": 100000000,
  "rules": {
    "game_type": "enhc",
    "soft17": "s17",
    "das": false,
    "double_down": "any_two",
    "surrender": "no_surrender",
    "play_ace_pairs": false,
    "max_splits": 4,
    "decks": 6,
    "penetration_cards": 46
  },
  "ev": 0.3806222599999919,
  "stddev": 1.8916369342385142,
  "winning_distrib": {
    "-2.0": 37023988,
    "+0.0": 6920911,
    "+2.0": 56055101
  },
  "hands": {
    "total": 100000000,
    "won": 56055101,
    "lost": 37023988,
    "push": 6920911,
    "busted": 0,
    "blackjack": 0,
    "doubled": 100000000,
    "split": 0,
    "insured": 0,
    "surrender": 0
  }
}
