{
  "rounds": 100000000,
  "rules": {
    "game_type": "ahc",
    "soft17": "s17",
    "das": true,
    "bj_pays": 1.5,
    "double_down": "any_two",
    "surrender": "early_surrender",
    "play_ace_pairs": false,
    "max_splits": 4,
    "decks": 6,
    "penetration_cards": 250
  },
  "ev": 0.051097109999999384,
  "stddev": 0.9840366787030395,
  "winning_distrib": {
    "-1.0": 45992099,
    "+0.0": 2906091,
    "+1.0": 51101810
  },
  "hands": {
    "total": 100000000,
    "won": 51101810,
    "lost": 45992099,
    "push": 2906091,
    "busted": 0,
    "blackjack": 0,
    "doubled": 0,
    "split": 0,
    "insured": 0,
    "surrender": 0
  }
}
