{
  "rounds": 100000000,
  "rules": {
    "game_type": "ahc",
    "soft17": "s17",
    "das": false,
    "double_down": "any_two",
    "surrender": "no_surrender",
    "play_ace_pairs": false,
    "max_splits": 4,
    "decks": 6,
    "penetration_cards": 46
  },
  "ev": -0.5060722599999955,
  "stddev": 1.8837910879779582,
  "winning_distrib": {
    "-2.0": 60211531,
    "+0.0": 4880551,
    "+2.0": 34907918
  },
  "hands": {
    "total": 100000000,
    "won": 34907918,
    "lost": 60211531,
    "push": 4880551,
    "busted": 30873027,
    "blackjack": 0,
    "doubled": 100000000,
    "split": 0,
    "insured": 0,
    "surrender": 0
  }
}
