{
  "rounds": 100000000,
  "rules": {
    "game_type": "ahc",
    "soft17": "s17",
    "das": true,
    "bj_pays": 1.5,
    "double_down": "any_two",
    "surrender": "early_surrender",
    "play_ace_pairs": false,
    "max_splits": 4,
    "decks": 6,
    "penetration_cards": 250
  },
  "ev": -0.09388610999999993,
  "stddev": 0.9501935894215195,
  "winning_distrib": {
    "-1.0": 50278428,
    "+0.0": 8831755,
    "+1.0": 40889817
  },
  "hands": {
    "total": 100000000,
    "won": 40889817,
    "lost": 50278428,
    "push": 8831755,
    "busted": 40461809,
    "blackjack": 0,
    "doubled": 0,
    "split": 0,
    "insured": 0,
    "surrender": 0
  }
}
