{
  "rounds": 100000000,
  "rules": {
    "game_type": "ahc",
    "soft17": "s17",
    "das": true,
    "bj_pays": 1.5,
    "double_down": "any_two",
    "surrender": "early_surrender",
    "play_ace_pairs": false,
    "max_splits": 4,
    "decks": 6,
    "penetration_cards": 250
  },
  "ev": 0.1509312599999996,
  "stddev": 0.9460837191842698,
  "winning_distrib": {
    "-1.0": 38346169,
    "+0.0": 8214536,
    "+1.0": 53439295
  },
  "hands": {
    "total": 100000000,
    "won": 53439295,
    "lost": 38346169,
    "push": 8214536,
    "busted": 2328082,
    "blackjack": 0,
    "doubled": 0,
    "split": 0,
    "insured": 0,
    "surrender": 0
  }
}
