{
  "rounds": 100000000,
  "rules": {
    "game_type": "ahc",
    "soft17": "s17",
    "das": true,
    "bj_pays": 1.5,
    "double_down": "any_two",
    "surrender": "early_surrender",
    "play_ace_pairs": false,
    "max_splits": 4,
    "decks": 6,
    "penetration_cards": 250
  },
  "ev": -0.3698223599999914,
  "stddev": 0.8510667008450021,
  "winning_distrib": {
    "-1.0": 61545273,
    "+0.0": 13891690,
    "+1.0": 24563037
  },
  "hands": {
    "total": 100000000,
    "won": 24563037,
    "lost": 61545273,
    "push": 13891690,
    "busted": 0,
    "blackjack": 0,
    "doubled": 0,
    "split": 0,
    "insured": 0,
    "surrender": 0
  }
}
