{
  "rounds": 100000000,
  "rules": {
    "game_type": "ahc",
    "soft17": "s17",
    "das": true,
    "bj_pays": 1.5,
    "double_down": "any_two",
    "surrender": "early_surrender",
    "play_ace_pairs": false,
    "max_splits": 4,
    "decks": 6,
    "penetration_cards": 250
  },
  "ev": -1.28240899999999,
  "stddev": 1.499940471891205,
  "winning_distrib": {
    "-2.0": 80740153,
    "+0.0": 2640144,
    "+2.0": 16619703
  },
  "hands": {
    "total": 100000000,
    "won": 16619703,
    "lost": 80740153,
    "push": 2640144,
    "busted": 77956629,
    "blackjack": 0,
    "doubled": 100000000,
    "split": 0,
    "insured": 0,
    "surrender": 0
  }
}
