{
  "rounds": 100000000,
  "rules": {
    "game_type": "ahc",
    "soft17": "h17",
    "das": false,
    "double_down": "any_two",
    "surrender": "no_surrender",
    "play_ace_pairs": false,
    "max_splits": 4,
    "decks": 6,
    "penetration_cards": 46
  },
  "ev": -1.7007681800000447,
  "stddev": 1.0433053094776839,
  "winning_distrib": {
    "-2.0": 92282934,
    "+0.0": 472541,
    "+2.0": 7244525
  },
  "hands": {
    "total": 100000000,
    "won": 7244525,
    "lost": 92282934,
    "push": 472541,
    "busted": 92282934,
    "blackjack": 0,
    "doubled": 100000000,
    "split": 0,
    "insured": 0,
    "surrender": 0
  }
}
