{
  "rounds": 100000000,
  "rules": {
    "game_type": "enhc",
    "soft17": "h17",
    "das": true,
    "bj_pays": 1.5,
    "double_down": "any_two",
    "surrender": "no_surrender",
    "play_ace_pairs": false,
    "max_splits": 4,
    "decks": 6,
    "penetration_cards": 250
  },
  "ev": -0.19619538999999767,
  "stddev": 2.341802202104858,
  "winning_distrib": {
    "-8.0": 106,
    "-7.0": 3783,
    "-6.0": 53101,
    "-5.0": 418504,
    "-4.0": 2322837,
    "-3.0": 11492160,
    "-2.0": 33018806,
    "-1.0": 5556938,
    "+0.0": 5391029,
    "+1.0": 4948684,
    "+2.0": 21691473,
    "+3.0": 11427655,
    "+4.0": 2942144,
    "+5.0": 610937,
    "+6.0": 110035,
    "+7.0": 11236,
    "+8.0": 572
  },
  "hands": {
    "total": 216729755,
    "won": 91112389,
    "lost": 118409888,
    "push": 7207478,
    "busted": 1528669,
    "blackjack": 0,
    "doubled": 36047329,
    "split": 216729755,
    "insured": 0,
    "surrender": 0
  }
}
