{
  "rounds": 100000000,
  "rules": {
    "game_type": "ahc",
    "soft17": "h17",
    "das": false,
    "double_down": "any_two",
    "surrender": "no_surrender",
    "play_ace_pairs": false,
    "max_splits": 4,
    "decks": 6,
    "penetration_cards": 46
  },
  "ev": -0.5076458700000047,
  "stddev": 0.8263065215159452,
  "winning_distrib": {
    "-1.0": 72406633,
    "+0.0": 5951321,
    "+1.0": 21642046
  },
  "hands": {
    "total": 100000000,
    "won": 21642046,
    "lost": 72406633,
    "push": 5951321,
    "busted": 61401466,
    "blackjack": 0,
    "doubled": 0,
    "split": 0,
    "insured": 0,
    "surrender": 0
  }
}
