{
  "rounds": 100000000,
  "rules": {
    "game_type": "ahc",
    "soft17": "s17",
    "das": true,
    "bj_pays": 1.5,
    "double_down": "any_two",
    "surrender": "early_surrender",
    "play_ace_pairs": false,
    "max_splits": 4,
    "decks": 6,
    "penetration_cards": 250
  },
  "ev": 0.10141684999999681,
  "stddev": 0.9502738245191757,
  "winning_distrib": {
    "-1.0": 40594443,
    "+0.0": 8669429,
    "+1.0": 50736128
  },
  "hands": {
    "total": 100000000,
    "won": 50736128,
    "lost": 40594443,
    "push": 8669429,
    "busted": 30217164,
    "blackjack": 0,
    "doubled": 0,
    "split": 0,
    "insured": 0,
    "surrender": 0
  }
}
