{
  "rounds": 100000000,
  "rules": {
    "game_type": "ahc",
    "soft17": "s17",
    "das": true,
    "bj_pays": 1.5,
    "double_down": "any_two",
    "surrender": "early_surrender",
    "play_ace_pairs": false,
    "max_splits": 4,
    "decks": 6,
    "penetration_cards": 250
  },
  "ev": -0.04207333999999873,
  "stddev": 1.8782652180509676,
  "winning_distrib": {
    "-8.0": 63,
    "-7.0": 2166,
    "-6.0": 26307,
    "-5.0": 188870,
    "-4.0": 1205013,
    "-3.0": 6699120,
    "-2.0": 19856018,
    "-1.0": 11386278,
    "+0.0": 24075507,
    "+1.0": 12807368,
    "+2.0": 13647450,
    "+3.0": 7982227,
    "+4.0": 1804643,
    "+5.0": 262139,
    "+6.0": 50241,
    "+7.0": 6132,
    "+8.0": 458
  },
  "hands": {
    "total": 216200556,
    "won": 92033157,
    "lost": 105491790,
    "push": 18675609,
    "busted": 75145406,
    "blackjack": 0,
    "doubled": 37201144,
    "split": 216200556,
    "insured": 0,
    "surrender": 0
  }
}
