{
  "rounds": 100000000,
  "rules": {
    "game_type": "ahc",
    "soft17": "s17",
    "das": true,
    "bj_pays": 1.5,
    "double_down": "any_two",
    "surrender": "early_surrender",
    "play_ace_pairs": false,
    "max_splits": 4,
    "decks": 6,
    "penetration_cards": 250
  },
  "ev": 0.5849261100000224,
  "stddev": 0.729324112558611,
  "winning_distrib": {
    "-1.0": 14456305,
    "+0.0": 12594779,
    "+1.0": 72948916
  },
  "hands": {
    "total": 100000000,
    "won": 72948916,
    "lost": 14456305,
    "push": 12594779,
    "busted": 0,
    "blackjack": 0,
    "doubled": 0,
    "split": 0,
    "insured": 0,
    "surrender": 0
  }
}
