{
  "rounds": 100000000,
  "rules": {
    "game_type": "enhc",
    "soft17": "h17",
    "das": true,
    "double_down": "any_two",
    "surrender": "no_surrender",
    "play_ace_pairs": false,
    "max_splits": 4,
    "decks": 6,
    "penetration_cards": 46
  },
  "ev": -0.5449878099999994,
  "stddev": 0.8009341816693435,
  "winning_distrib": {
    "-1.0": 74174754,
    "+0.0": 6149273,
    "+1.0": 19675973
  },
  "hands": {
    "total": 100000000,
    "won": 19675973,
    "lost": 74174754,
    "push": 6149273,
    "busted": 44213450,
    "blackjack": 0,
    "doubled": 0,
    "split": 0,
    "insured": 0,
    "surrender": 0
  }
}
