{
  "rounds": 100000000,
  "rules": {
    "game_type": "ahc",
    "soft17": "s17",
    "das": false,
    "double_down": "any_two",
    "surrender": "no_surrender",
    "play_ace_pairs": false,
    "max_splits": 4,
    "decks": 6,
    "penetration_cards": 46
  },
  "ev": 0.6492556500000163,
  "stddev": 0.6764783629350755,
  "winning_distrib": {
    "-1.0": 11495011,
    "+0.0": 12084413,
    "+1.0": 76420576
  },
  "hands": {
    "total": 100000000,
    "won": 76420576,
    "lost": 11495011,
    "push": 12084413,
    "busted": 0,
    "blackjack": 0,
    "doubled": 0,
    "split": 0,
    "insured": 0,
    "surrender": 0
  }
}
