{
  "rounds": 100000000,
  "rules": {
    "game_type": "ahc",
    "soft17": "h17",
    "das": false,
    "double_down": "any_two",
    "surrender": "no_surrender",
    "play_ace_pairs": false,
    "max_splits": 4,
    "decks": 6,
    "penetration_cards": 46
  },
  "ev": -0.4218845600000033,
  "stddev": 0.8378416945064214,
  "winning_distrib": {
    "-1.0": 65092492,
    "+0.0": 12003472,
    "+1.0": 22904036
  },
  "hands": {
    "total": 100000000,
    "won": 22904036,
    "lost": 65092492,
    "push": 12003472,
    "busted": 0,
    "blackjack": 0,
    "doubled": 0,
    "split": 0,
    "insured": 0,
    "surrender": 0
  }
}
