{
  "rounds": 100000000,
  "rules": {
    "game_type": "enhc",
    "soft17": "h17",
    "das": true,
    "bj_pays": 1.5,
    "double_down": "any_two",
    "surrender": "no_surrender",
    "play_ace_pairs": false,
    "max_splits": 4,
    "decks": 6,
    "penetration_cards": 250
  },
  "ev": -0.6455080300000005,
  "stddev": 1.3991110151737964,
  "winning_distrib": {
    "-2.0": 42037483,
    "-1.0": 11436574,
    "+0.0": 29001196,
    "+1.0": 4088757,
    "+2.0": 13435990
  },
  "hands": {
    "total": 200000000,
    "won": 58860108,
    "lost": 123410911,
    "push": 17728981,
    "busted": 76032591,
    "blackjack": 0,
    "doubled": 0,
    "split": 200000000,
    "insured": 0,
    "surrender": 0
  }
}
