{
  "rounds": 100000000,
  "rules": {
    "game_type": "ahc",
    "soft17": "h17",
    "das": false,
    "double_down": "any_two",
    "surrender": "no_surrender",
    "play_ace_pairs": false,
    "max_splits": 4,
    "decks": 6,
    "penetration_cards": 46
  },
  "ev": -0.5897966499999949,
  "stddev": 0.7963848366154814,
  "winning_distrib": {
    "-1.0": 78594277,
    "+0.0": 1791111,
    "+1.0": 19614612
  },
  "hands": {
    "total": 100000000,
    "won": 19614612,
    "lost": 78594277,
    "push": 1791111,
    "busted": 76841362,
    "blackjack": 0,
    "doubled": 0,
    "split": 0,
    "insured": 0,
    "surrender": 0
  }
}
