{
  "rounds": 100000000,
  "rules": {
    "game_type": "enhc",
    "soft17": "s17",
    "das": false,
    "double_down": "any_two",
    "surrender": "no_surrender",
    "play_ace_pairs": false,
    "max_splits": 4,
    "decks": 6,
    "penetration_cards": 46
  },
  "ev": -0.446236969999992,
  "stddev": 0.8412226005533681,
  "winning_distrib": {
    "-1.0": 67650993,
    "+0.0": 9321711,
    "+1.0": 23027296
  },
  "hands": {
    "total": 100000000,
    "won": 23027296,
    "lost": 67650993,
    "push": 9321711,
    "busted": 24518139,
    "blackjack": 0,
    "doubled": 0,
    "split": 0,
    "insured": 0,
    "surrender": 0
  }
}
