{
  "rounds": 100000000,
  "rules": {
    "game_type": "ahc",
    "soft17": "s17",
    "das": true,
    "bj_pays": 1.5,
    "double_down": "any_two",
    "surrender": "early_surrender",
    "play_ace_pairs": false,
    "max_splits": 4,
    "decks": 6,
    "penetration_cards": 250
  },
  "ev": -0.06375744000000204,
  "stddev": 1.9543491978250387,
  "winning_distrib": {
    "-2.0": 49388258,
    "+0.0": 4411356,
    "+2.0": 46200386
  },
  "hands": {
    "total": 100000000,
    "won": 46200386,
    "lost": 49388258,
    "push": 4411356,
    "busted": 0,
    "blackjack": 0,
    "doubled": 100000000,
    "split": 0,
    "insured": 0,
    "surrender": 0
  }
}
