{
  "rounds": 100000000,
  "rules": {
    "game_type": "enhc",
    "soft17": "h17",
    "das": true,
    "double_down": "any_two",
    "surrender": "no_surrender",
    "play_ace_pairs": false,
    "max_splits": 4,
    "decks": 6,
    "penetration_cards": 46
  },
  "ev": -0.6740000900000129,
  "stddev": 0.712657472955133,
  "winning_distrib": {
    "-1.0": 81807844,
    "+0.0": 3784321,
    "+1.0": 14407835
  },
  "hands": {
    "total": 100000000,
    "won": 14407835,
    "lost": 81807844,
    "push": 3784321,
    "busted": 76853986,
    "blackjack": 0,
    "doubled": 0,
    "split": 0,
    "insured": 0,
    "surrender": 0
  }
}
