{
  "rounds": 100000000,
  "rules": {
    "game_type": "ahc",
    "soft17": "h17",
    "das": true,
    "double_down": "any_two",
    "surrender": "no_surrender",
    "play_ace_pairs": false,
    "max_splits": 4,
    "decks": 6,
    "penetration_cards": 46
  },
  "ev": -0.004841839999999897,
  "stddev": 1.9518156969040992,
  "winning_distrib": {
    "-2.0": 47741145,
    "+0.0": 4759802,
    "+2.0": 47499053
  },
  "hands": {
    "total": 100000000,
    "won": 47499053,
    "lost": 47741145,
    "push": 4759802,
    "busted": 0,
    "blackjack": 0,
    "doubled": 100000000,
    "split": 0,
    "insured": 0,
    "surrender": 0
  }
}
