{
  "rounds": 100000000,
  "rules": {
    "game_type": "ahc",
    "soft17": "s17",
    "das": true,
    "bj_pays": 1.5,
    "double_down": "any_two",
    "surrender": "early_surrender",
    "play_ace_pairs": false,
    "max_splits": 4,
    "decks": 6,
    "penetration_cards": 250
  },
  "ev": 0.1630562899999987,
  "stddev": 2.049487555047717,
  "winning_distrib": {
    "-8.0": 2,
    "-7.0": 411,
    "-6.0": 11253,
    "-5.0": 148416,
    "-4.0": 1099979,
    "-3.0": 6076742,
    "-2.0": 24577329,
    "-1.0": 9391833,
    "+0.0": 13837605,
    "+1.0": 5078998,
    "+2.0": 28727169,
    "+3.0": 8830130,
    "+4.0": 1865739,
    "+5.0": 320145,
    "+6.0": 32425,
    "+7.0": 1796,
    "+8.0": 28
  },
  "hands": {
    "total": 217801364,
    "won": 106727502,
    "lost": 94565542,
    "push": 16508320,
    "busted": 5553727,
    "blackjack": 0,
    "doubled": 18488372,
    "split": 217801364,
    "insured": 0,
    "surrender": 0
  }
}
