{
  "rounds": 100000000,
  "rules": {
    "game_type": "ahc",
    "soft17": "s17",
    "das": true,
    "bj_pays": 1.5,
    "double_down": "any_two",
    "surrender": "early_surrender",
    "play_ace_pairs": false,
    "max_splits": 4,
    "decks": 6,
    "penetration_cards": 250
  },
  "ev": -0.12577776999999907,
  "stddev": 0.9743290984400504,
  "winning_distrib": {
    "-1.0": 54545750,
    "+0.0": 3486277,
    "+1.0": 41967973
  },
  "hands": {
    "total": 100000000,
    "won": 41967973,
    "lost": 54545750,
    "push": 3486277,
    "busted": 3250784,
    "blackjack": 0,
    "doubled": 0,
    "split": 0,
    "insured": 0,
    "surrender": 0
  }
}
