{
  "rounds": 100000000,
  "rules": {
    "game_type": "ahc",
    "soft17": "s17",
    "das": true,
    "bj_pays": 1.5,
    "double_down": "any_two",
    "surrender": "early_surrender",
    "play_ace_pairs": false,
    "max_splits": 4,
    "decks": 6,
    "penetration_cards": 250
  },
  "ev": -0.44546033999999934,
  "stddev": 0.8537645769040838,
  "winning_distrib": {
    "-1.0": 68640460,
    "+0.0": 7265114,
    "+1.0": 24094426
  },
  "hands": {
    "total": 100000000,
    "won": 24094426,
    "lost": 68640460,
    "push": 7265114,
    "busted": 45885034,
    "blackjack": 0,
    "doubled": 0,
    "split": 0,
    "insured": 0,
    "surrender": 0
  }
}
