{
  "rounds": 100000000,
  "rules": {
    "game_type": "ahc",
    "soft17": "s17",
    "das": true,
    "bj_pays": 1.5,
    "double_down": "any_two",
    "surrender": "early_surrender",
    "play_ace_pairs": false,
    "max_splits": 4,
    "decks": 6,
    "penetration_cards": 250
  },
  "ev": 0.2065704000000003,
  "stddev": 2.707405190056368,
  "winning_distrib": {
    "-8.0": 3377,
    "-7.0": 37489,
    "-6.0": 240268,
    "-5.0": 959834,
    "-4.0": 4386416,
    "-3.0": 14759584,
    "-2.0": 19823171,
    "-1.0": 5266579,
    "+0.0": 4765086,
    "+1.0": 5573519,
    "+2.0": 16655400,
    "+3.0": 18120969,
    "+4.0": 7121718,
    "+5.0": 1650516,
    "+6.0": 525913,
    "+7.0": 98850,
    "+8.0": 11311
  },
  "hands": {
    "total": 217801342,
    "won": 107627469,
    "lost": 102167378,
    "push": 8006495,
    "busted": 0,
    "blackjack": 0,
    "doubled": 72788262,
    "split": 217801342,
    "insured": 0,
    "surrender": 0
  }
}
