{
  "rounds": 100000000,
  "rules": {
    "game_type": "ahc",
    "soft17": "s17",
    "das": true,
    "bj_pays": 1.5,
    "double_down": "any_two",
    "surrender": "early_surrender",
    "play_ace_pairs": false,
    "max_splits": 4,
    "decks": 6,
    "penetration_cards": 250
  },
  "ev": 0.47334481999999833,
  "stddev": 1.862239607585054,
  "winning_distrib": {
    "-2.0": 34316275,
    "+0.0": 7700209,
    "+2.0": 57983516
  },
  "hands": {
    "total": 100000000,
    "won": 57983516,
    "lost": 34316275,
    "push": 7700209,
    "busted": 0,
    "blackjack": 0,
    "doubled": 100000000,
    "split": 0,
    "insured": 0,
    "surrender": 0
  }
}
