{
  "rounds": 100000000,
  "rules": {
    "game_type": "ahc",
    "soft17": "s17",
    "das": true,
    "double_down": "any_two",
    "surrender": "no_surrender",
    "play_ace_pairs": false,
    "max_splits": 4,
    "decks": 6,
    "penetration_cards": 46
  },
  "ev": 0.4405437900000073,
  "stddev": 0.8295872503688663,
  "winning_distrib": {
    "-1.0": 22087502,
    "+0.0": 11770617,
    "+1.0": 66141881
  },
  "hands": {
    "total": 100000000,
    "won": 66141881,
    "lost": 22087502,
    "push": 11770617,
    "busted": 0,
    "blackjack": 0,
    "doubled": 0,
    "split": 0,
    "insured": 0,
    "surrender": 0
  }
}
