{
  "rounds": 100000000,
  "rules": {
    "game_type": "ahc",
    "soft17": "h17",
    "das": true,
    "double_down": "any_two",
    "surrender": "no_surrender",
    "play_ace_pairs": false,
    "max_splits": 4,
    "decks": 6,
    "penetration_cards": 46
  },
  "ev": -0.20951883000000118,
  "stddev": 0.9164124498682696,
  "winning_distrib": {
    "-1.0": 54661437,
    "+0.0": 11629009,
    "+1.0": 33709554
  },
  "hands": {
    "total": 100000000,
    "won": 33709554,
    "lost": 54661437,
    "push": 11629009,
    "busted": 24508041,
    "blackjack": 0,
    "doubled": 0,
    "split": 0,
    "insured": 0,
    "surrender": 0
  }
}
