{
  "rounds": 100000000,
  "rules": {
    "game_type": "ahc",
    "soft17": "s17",
    "das": true,
    "bj_pays": 1.5,
    "double_down": "any_two",
    "surrender": "early_surrender",
    "play_ace_pairs": false,
    "max_splits": 4,
    "decks": 6,
    "penetration_cards": 250
  },
  "ev": 0.03111379999999985,
  "stddev": 2.5389847923754716,
  "winning_distrib": {
    "-8.0": 933,
    "-7.0": 15639,
    "-6.0": 133885,
    "-5.0": 698739,
    "-4.0": 3284760,
    "-3.0": 13453984,
    "-2.0": 25547790,
    "-1.0": 5506606,
    "+0.0": 4811862,
    "+1.0": 5266346,
    "+2.0": 19651221,
    "+3.0": 15292563,
    "+4.0": 4873846,
    "+5.0": 1132556,
    "+6.0": 284270,
    "+7.0": 41761,
    "+8.0": 3239
  },
  "hands": {
    "total": 217421611,
    "won": 100862073,
    "lost": 108823875,
    "push": 7735663,
    "busted": 0,
    "blackjack": 0,
    "doubled": 54225128,
    "split": 217421611,
    "insured": 0,
    "surrender": 0
  }
}
