{
  "rounds": 100000000,
  "rules": {
    "game_type": "ahc",
    "soft17": "s17",
    "das": true,
    "bj_pays": 1.5,
    "double_down": "any_two",
    "surrender": "early_surrender",
    "play_ace_pairs": false,
    "max_splits": 4,
    "decks": 6,
    "penetration_cards": 250
  },
  "ev": -0.7290788100000017,
  "stddev": 0.6719093415957212,
  "winning_distrib": {
    "-1.0": 85604844,
    "+0.0": 1698193,
    "+1.0": 12696963
  },
  "hands": {
    "total": 100000000,
    "won": 12696963,
    "lost": 85604844,
    "push": 1698193,
    "busted": 84804138,
    "blackjack": 0,
    "doubled": 0,
    "split": 0,
    "insured": 0,
    "surrender": 0
  }
}
