{
  "rounds": 100000000,
  "rules": {
    "game_type": "ahc",
    "soft17": "s17",
    "das": true,
    "bj_pays": 1.5,
    "double_down": "any_two",
    "surrender": "early_surrender",
    "play_ace_pairs": false,
    "max_splits": 4,
    "decks": 6,
    "penetration_cards": 250
  },
  "ev": -0.9619409799999975,
  "stddev": 1.70484899626382,
  "winning_distrib": {
    "-2.0": 71946531,
    "+0.0": 4203987,
    "+2.0": 23849482
  },
  "hands": {
    "total": 100000000,
    "won": 23849482,
    "lost": 71946531,
    "push": 4203987,
    "busted": 58336777,
    "blackjack": 0,
    "doubled": 100000000,
    "split": 0,
    "insured": 0,
    "surrender": 0
  }
}
