{
  "rounds": 100000000,
  "rules": {
    "game_type": "enhc",
    "soft17": "s17",
    "das": true,
    "double_down": "any_two",
    "surrender": "no_surrender",
    "play_ace_pairs": false,
    "max_splits": 4,
    "decks": 6,
    "penetration_cards": 46
  },
  "ev": 0.06333074000000169,
  "stddev": 0.9546386994483156,
  "winning_distrib": {
    "-1.0": 42600754,
    "+0.0": 8465418,
    "+1.0": 48933828
  },
  "hands": {
    "total": 100000000,
    "won": 48933828,
    "lost": 42600754,
    "push": 8465418,
    "busted": 2392300,
    "blackjack": 0,
    "doubled": 0,
    "split": 0,
    "insured": 0,
    "surrender": 0
  }
}
