{
  "rounds": 100000000,
  "rules": {
    "game_type": "enhc",
    "soft17": "h17",
    "das": false,
    "double_down": "any_two",
    "surrender": "no_surrender",
    "play_ace_pairs": false,
    "max_splits": 4,
    "decks": 6,
    "penetration_cards": 46
  },
  "ev": -0.06898582000000243,
  "stddev": 0.907250100507004,
  "winning_distrib": {
    "-1.0": 44842380,
    "+0.0": 17213822,
    "+1.0": 37943798
  },
  "hands": {
    "total": 100000000,
    "won": 37943798,
    "lost": 44842380,
    "push": 17213822,
    "busted": 26272713,
    "blackjack": 0,
    "doubled": 0,
    "split": 0,
    "insured": 0,
    "surrender": 0
  }
}
