{
  "rounds": 100000000,
  "rules": {
    "game_type": "ahc",
    "soft17": "s17",
    "das": false,
    "double_down": "any_two",
    "surrender": "no_surrender",
    "play_ace_pairs": false,
    "max_splits": 4,
    "decks": 6,
    "penetration_cards": 46
  },
  "ev": -0.11688062000000077,
  "stddev": 0.9250874711216841,
  "winning_distrib": {
    "-1.0": 49316426,
    "+0.0": 13055210,
    "+1.0": 37628364
  },
  "hands": {
    "total": 100000000,
    "won": 37628364,
    "lost": 49316426,
    "push": 13055210,
    "busted": 0,
    "blackjack": 0,
    "doubled": 0,
    "split": 0,
    "insured": 0,
    "surrender": 0
  }
}
