{
  "rounds": 100000000,
  "rules": {
    "game_type": "ahc",
    "soft17": "s17",
    "das": true,
    "bj_pays": 1.5,
    "double_down": "any_two",
    "surrender": "early_surrender",
    "play_ace_pairs": false,
    "max_splits": 4,
    "decks": 6,
    "penetration_cards": 250
  },
  "ev": 0.1673171999999985,
  "stddev": 0.9432757515604088,
  "winning_distrib": {
    "-1.0": 37522349,
    "+0.0": 8223582,
    "+1.0": 54254069
  },
  "hands": {
    "total": 100000000,
    "won": 54254069,
    "lost": 37522349,
    "push": 8223582,
    "busted": 2351996,
    "blackjack": 0,
    "doubled": 0,
    "split": 0,
    "insured": 0,
    "surrender": 0
  }
}
