{
  "rounds": 100000000,
  "rules": {
    "game_type": "ahc",
    "soft17": "h17",
    "das": true,
    "double_down": "any_two",
    "surrender": "no_surrender",
    "play_ace_pairs": false,
    "max_splits": 4,
    "decks": 6,
    "penetration_cards": 46
  },
  "ev": 0.5929072799999962,
  "stddev": 0.7207823683458703,
  "winning_distrib": {
    "-1.0": 13907949,
    "+0.0": 12893374,
    "+1.0": 73198677
  },
  "hands": {
    "total": 100000000,
    "won": 73198677,
    "lost": 13907949,
    "push": 12893374,
    "busted": 0,
    "blackjack": 0,
    "doubled": 0,
    "split": 0,
    "insured": 0,
    "surrender": 0
  }
}
