{
  "rounds": 100000000,
  "rules": {
    "game_type": "ahc",
    "soft17": "h17",
    "das": true,
    "double_down": "any_two",
    "surrender": "no_surrender",
    "play_ace_pairs": false,
    "max_splits": 4,
    "decks": 6,
    "penetration_cards": 46
  },
  "ev": 0.2087064599999996,
  "stddev": 0.9362018064066169,
  "winning_distrib": {
    "-1.0": 35566287,
    "+0.0": 7996780,
    "+1.0": 56436933
  },
  "hands": {
    "total": 100000000,
    "won": 56436933,
    "lost": 35566287,
    "push": 7996780,
    "busted": 2391254,
    "blackjack": 0,
    "doubled": 0,
    "split": 0,
    "insured": 0,
    "surrender": 0
  }
}
