{
  "rounds": 100000000,
  "rules": {
    "game_type": "ahc",
    "soft17": "h17",
    "das": false,
    "double_down": "any_two",
    "surrender": "no_surrender",
    "play_ace_pairs": false,
    "max_splits": 4,
    "decks": 6,
    "penetration_cards": 46
  },
  "ev": 0.28546229999998496,
  "stddev": 0.7527499723978999,
  "winning_distrib": {
    "-1.0": 18132947,
    "+0.0": 35187876,
    "+1.0": 46679177
  },
  "hands": {
    "total": 100000000,
    "won": 46679177,
    "lost": 18132947,
    "push": 35187876,
    "busted": 0,
    "blackjack": 0,
    "doubled": 0,
    "split": 0,
    "insured": 0,
    "surrender": 0
  }
}
