{
  "rounds": 100000000,
  "rules": {
    "game_type": "ahc",
    "soft17": "s17",
    "das": true,
    "bj_pays": 1.5,
    "double_down": "any_two",
    "surrender": "early_surrender",
    "play_ace_pairs": false,
    "max_splits": 4,
    "decks": 6,
    "penetration_cards": 250
  },
  "ev": -0.7500171300000015,
  "stddev": 0.6391111005069449,
  "winning_distrib": {
    "-1.0": 86050291,
    "+0.0": 2901131,
    "+1.0": 11048578
  },
  "hands": {
    "total": 100000000,
    "won": 11048578,
    "lost": 86050291,
    "push": 2901131,
    "busted": 78087776,
    "blackjack": 0,
    "doubled": 0,
    "split": 0,
    "insured": 0,
    "surrender": 0
  }
}
