{
  "rounds": 100000000,
  "rules": {
    "game_type": "ahc",
    "soft17": "s17",
    "das": true,
    "bj_pays": 1.5,
    "double_down": "any_two",
    "surrender": "early_surrender",
    "play_ace_pairs": false,
    "max_splits": 4,
    "decks": 6,
    "penetration_cards": 250
  },
  "ev": 0.13499288000000392,
  "stddev": 0.9481520085615129,
  "winning_distrib": {
    "-1.0": 39111121,
    "+0.0": 8278470,
    "+1.0": 52610409
  },
  "hands": {
    "total": 100000000,
    "won": 52610409,
    "lost": 39111121,
    "push": 8278470,
    "busted": 0,
    "blackjack": 0,
    "doubled": 0,
    "split": 0,
    "insured": 0,
    "surrender": 0
  }
}
