{
  "rounds": 100000000,
  "rules": {
    "game_type": "ahc",
    "soft17": "s17",
    "das": true,
    "bj_pays": 1.5,
    "double_down": "any_two",
    "surrender": "early_surrender",
    "play_ace_pairs": false,
    "max_splits": 4,
    "decks": 6,
    "penetration_cards": 250
  },
  "ev": -0.7361703500000011,
  "stddev": 0.6642244877997328,
  "winning_distrib": {
    "-1.0": 85965565,
    "+0.0": 1685905,
    "+1.0": 12348530
  },
  "hands": {
    "total": 100000000,
    "won": 12348530,
    "lost": 85965565,
    "push": 1685905,
    "busted": 85002601,
    "blackjack": 0,
    "doubled": 0,
    "split": 0,
    "insured": 0,
    "surrender": 0
  }
}
