{
  "rounds": 100000000,
  "rules": {
    "game_type": "ahc",
    "soft17": "s17",
    "das": true,
    "bj_pays": 1.5,
    "double_down": "any_two",
    "surrender": "early_surrender",
    "play_ace_pairs": false,
    "max_splits": 4,
    "decks": 6,
    "penetration_cards": 250
  },
  "ev": -0.6197908000000117,
  "stddev": 1.7744406430539437,
  "winning_distrib": {
    "-8.0": 4,
    "-7.0": 192,
    "-6.0": 8675,
    "-5.0": 162554,
    "-4.0": 1452010,
    "-3.0": 7183021,
    "-2.0": 32701537,
    "-1.0": 18504057,
    "+0.0": 13995606,
    "+1.0": 7386258,
    "+2.0": 13985083,
    "+3.0": 3810050,
    "+4.0": 700358,
    "+5.0": 100695,
    "+6.0": 9437,
    "+7.0": 457,
    "+8.0": 6
  },
  "hands": {
    "total": 209517139,
    "won": 62324919,
    "lost": 126164445,
    "push": 21027775,
    "busted": 38449774,
    "blackjack": 0,
    "doubled": 13338075,
    "split": 200827223,
    "insured": 0,
    "surrender": 0
  }
}
