{
  "rounds": 100000000,
  "rules": {
    "game_type": "ahc",
    "soft17": "s17",
    "das": true,
    "bj_pays": 1.5,
    "double_down": "any_two",
    "surrender": "early_surrender",
    "play_ace_pairs": false,
    "max_splits": 4,
    "decks": 6,
    "penetration_cards": 250
  },
  "ev": -0.5026543799999916,
  "stddev": 1.88551529556738,
  "winning_distrib": {
    "-2.0": 60164226,
    "+0.0": 4804267,
    "+2.0": 35031507
  },
  "hands": {
    "total": 100000000,
    "won": 35031507,
    "lost": 60164226,
    "push": 4804267,
    "busted": 32665937,
    "blackjack": 0,
    "doubled": 100000000,
    "split": 0,
    "insured": 0,
    "surrender": 0
  }
}
