{
  "rounds": 100000000,
  "rules": {
    "game_type": "ahc",
    "soft17": "s17",
    "das": true,
    "bj_pays": 1.5,
    "double_down": "any_two",
    "surrender": "early_surrender",
    "play_ace_pairs": false,
    "max_splits": 4,
    "decks": 6,
    "penetration_cards": 250
  },
  "ev": -0.38031398999999677,
  "stddev": 0.8845029603306815,
  "winning_distrib": {
    "-1.0": 65364910,
    "+0.0": 7301579,
    "+1.0": 27333511
  },
  "hands": {
    "total": 100000000,
    "won": 27333511,
    "lost": 65364910,
    "push": 7301579,
    "busted": 52288423,
    "blackjack": 0,
    "doubled": 0,
    "split": 0,
    "insured": 0,
    "surrender": 0
  }
}
