{
  "rounds": 100000000,
  "rules": {
    "game_type": "ahc",
    "soft17": "s17",
    "das": true,
    "bj_pays": 1.5,
    "double_down": "any_two",
    "surrender": "early_surrender",
    "play_ace_pairs": false,
    "max_splits": 4,
    "decks": 6,
    "penetration_cards": 250
  },
  "ev": -0.32909812999999866,
  "stddev": 0.9188776301955994,
  "winning_distrib": {
    "-1.0": 64086990,
    "+0.0": 4735833,
    "+1.0": 31177177
  },
  "hands": {
    "total": 100000000,
    "won": 31177177,
    "lost": 64086990,
    "push": 4735833,
    "busted": 45586425,
    "blackjack": 0,
    "doubled": 0,
    "split": 0,
    "insured": 0,
    "surrender": 0
  }
}
