{
  "rounds": 100000000,
  "rules": {
    "game_type": "ahc",
    "soft17": "s17",
    "das": true,
    "bj_pays": 1.5,
    "double_down": "any_two",
    "surrender": "early_surrender",
    "play_ace_pairs": false,
    "max_splits": 4,
    "decks": 6,
    "penetration_cards": 250
  },
  "ev": -1.1589007299999765,
  "stddev": 1.256312940229751,
  "winning_distrib": {
    "-2.0": 52446760,
    "-1.0": 34781125,
    "+0.0": 879829,
    "+2.0": 11892286
  },
  "hands": {
    "total": 100000000,
    "won": 11892286,
    "lost": 87227885,
    "push": 879829,
    "busted": 0,
    "blackjack": 0,
    "doubled": 65218875,
    "split": 0,
    "insured": 0,
    "surrender": 0
  }
}
