{
  "rounds": 100000000,
  "rules": {
    "game_type": "ahc",
    "soft17": "s17",
    "das": true,
    "bj_pays": 1.5,
    "double_down": "any_two",
    "surrender": "early_surrender",
    "play_ace_pairs": false,
    "max_splits": 4,
    "decks": 6,
    "penetration_cards": 250
  },
  "ev": 0.12658065999999688,
  "stddev": 1.9392561806324726,
  "winning_distrib": {
    "-2.0": 44044698,
    "+0.0": 5581571,
    "+2.0": 50373731
  },
  "hands": {
    "total": 100000000,
    "won": 50373731,
    "lost": 44044698,
    "push": 5581571,
    "busted": 0,
    "blackjack": 0,
    "doubled": 100000000,
    "split": 0,
    "insured": 0,
    "surrender": 0
  }
}
