{
  "rounds": 100000000,
  "rules": {
    "game_type": "ahc",
    "soft17": "h17",
    "das": true,
    "double_down": "any_two",
    "surrender": "no_surrender",
    "play_ace_pairs": false,
    "max_splits": 4,
    "decks": 6,
    "penetration_cards": 46
  },
  "ev": -0.6427598199999972,
  "stddev": 1.8464556447116498,
  "winning_distrib": {
    "-2.0": 63850728,
    "+0.0": 4436535,
    "+2.0": 31712737
  },
  "hands": {
    "total": 100000000,
    "won": 31712737,
    "lost": 63850728,
    "push": 4436535,
    "busted": 46308684,
    "blackjack": 0,
    "doubled": 100000000,
    "split": 0,
    "insured": 0,
    "surrender": 0
  }
}
