{
  "rounds": 100000000,
  "rules": {
    "game_type": "ahc",
    "soft17": "s17",
    "das": false,
    "double_down": "any_two",
    "surrender": "no_surrender",
    "play_ace_pairs": false,
    "max_splits": 4,
    "decks": 6,
    "penetration_cards": 46
  },
  "ev": -0.43284826000001236,
  "stddev": 1.3814383891070523,
  "winning_distrib": {
    "-2.0": 33735806,
    "-1.0": 10369365,
    "+0.0": 36190789,
    "+1.0": 4851929,
    "+2.0": 14852111
  },
  "hands": {
    "total": 200000000,
    "won": 69776697,
    "lost": 113061523,
    "push": 17161780,
    "busted": 87840782,
    "blackjack": 0,
    "doubled": 0,
    "split": 200000000,
    "insured": 0,
    "surrender": 0
  }
}
