{
  "rounds": 100000000,
  "rules": {
    "game_type": "ahc",
    "soft17": "s17",
    "das": true,
    "bj_pays": 1.5,
    "double_down": "any_two",
    "surrender": "early_surrender",
    "play_ace_pairs": false,
    "max_splits": 4,
    "decks": 6,
    "penetration_cards": 250
  },
  "ev": -0.1696810099999966,
  "stddev": 0.9329654835789088,
  "winning_distrib": {
    "-1.0": 53444862,
    "+0.0": 10078377,
    "+1.0": 36476761
  },
  "hands": {
    "total": 100000000,
    "won": 36476761,
    "lost": 53444862,
    "push": 10078377,
    "busted": 30075003,
    "blackjack": 0,
    "doubled": 0,
    "split": 0,
    "insured": 0,
    "surrender": 0
  }
}
