{
  "rounds": 100000000,
  "rules": {
    "game_type": "ahc",
    "soft17": "h17",
    "das": false,
    "double_down": "any_two",
    "surrender": "no_surrender",
    "play_ace_pairs": false,
    "max_splits": 4,
    "decks": 6,
    "penetration_cards": 46
  },
  "ev": -0.9980108399999947,
  "stddev": 1.7217319399041267,
  "winning_distrib": {
    "-2.0": 74455102,
    "+0.0": 990338,
    "+2.0": 24554560
  },
  "hands": {
    "total": 100000000,
    "won": 24554560,
    "lost": 74455102,
    "push": 990338,
    "busted": 0,
    "blackjack": 0,
    "doubled": 100000000,
    "split": 0,
    "insured": 0,
    "surrender": 0
  }
}
