{
  "rounds": 100000000,
  "rules": {
    "game_type": "ahc",
    "soft17": "h17",
    "das": true,
    "double_down": "any_two",
    "surrender": "no_surrender",
    "play_ace_pairs": false,
    "max_splits": 4,
    "decks": 6,
    "penetration_cards": 46
  },
  "ev": -0.5065080400000173,
  "stddev": 1.8839107306097767,
  "winning_distrib": {
    "-2.0": 60233576,
    "+0.0": 4858250,
    "+2.0": 34908174
  },
  "hands": {
    "total": 100000000,
    "won": 34908174,
    "lost": 60233576,
    "push": 4858250,
    "busted": 30870094,
    "blackjack": 0,
    "doubled": 100000000,
    "split": 0,
    "insured": 0,
    "surrender": 0
  }
}
