{
  "rounds": 100000000,
  "rules": {
    "game_type": "ahc",
    "soft17": "s17",
    "das": true,
    "bj_pays": 1.5,
    "double_down": "any_two",
    "surrender": "early_surrender",
    "play_ace_pairs": false,
    "max_splits": 4,
    "decks": 6,
    "penetration_cards": 250
  },
  "ev": 0.20244873999999835,
  "stddev": 0.9257174602663255,
  "winning_distrib": {
    "-1.0": 34774478,
    "+0.0": 10206170,
    "+1.0": 55019352
  },
  "hands": {
    "total": 100000000,
    "won": 55019352,
    "lost": 34774478,
    "push": 10206170,
    "busted": 21533940,
    "blackjack": 0,
    "doubled": 0,
    "split": 0,
    "insured": 0,
    "surrender": 0
  }
}
