{
  "rounds": 100000000,
  "rules": {
    "game_type": "ahc",
    "soft17": "s17",
    "das": true,
    "bj_pays": 1.5,
    "double_down": "any_two",
    "surrender": "early_surrender",
    "play_ace_pairs": false,
    "max_splits": 4,
    "decks": 6,
    "penetration_cards": 250
  },
  "ev": 0.3512284000000085,
  "stddev": 1.8919182875660787,
  "winning_distrib": {
    "-2.0": 37503242,
    "+0.0": 7432096,
    "+2.0": 55064662
  },
  "hands": {
    "total": 100000000,
    "won": 55064662,
    "lost": 37503242,
    "push": 7432096,
    "busted": 0,
    "blackjack": 0,
    "doubled": 100000000,
    "split": 0,
    "insured": 0,
    "surrender": 0
  }
}
