{
  "rounds": 100000000,
  "rules": {
    "game_type": "enhc",
    "soft17": "s17",
    "das": true,
    "double_down": "any_two",
    "surrender": "no_surrender",
    "play_ace_pairs": false,
    "max_splits": 4,
    "decks": 6,
    "penetration_cards": 46
  },
  "ev": -0.18298441999999523,
  "stddev": 0.9205928690318019,
  "winning_distrib": {
    "-1.0": 53197947,
    "+0.0": 11902548,
    "+1.0": 34899505
  },
  "hands": {
    "total": 100000000,
    "won": 34899505,
    "lost": 53197947,
    "push": 11902548,
    "busted": 0,
    "blackjack": 0,
    "doubled": 0,
    "split": 0,
    "insured": 0,
    "surrender": 0
  }
}
