{
  "rounds": 100000000,
  "rules": {
    "game_type": "ahc",
    "soft17": "s17",
    "das": true,
    "double_down": "any_two",
    "surrender": "no_surrender",
    "play_ace_pairs": false,
    "max_splits": 4,
    "decks": 6,
    "penetration_cards": 46
  },
  "ev": 0.0401497700000002,
  "stddev": 0.9120786119013092,
  "winning_distrib": {
    "-1.0": 39667481,
    "+0.0": 16650061,
    "+1.0": 43682458
  },
  "hands": {
    "total": 100000000,
    "won": 43682458,
    "lost": 39667481,
    "push": 16650061,
    "busted": 21156207,
    "blackjack": 0,
    "doubled": 0,
    "split": 0,
    "insured": 0,
    "surrender": 0
  }
}
