{
  "rounds": 100000000,
  "rules": {
    "game_type": "enhc",
    "soft17": "s17",
    "das": false,
    "double_down": "any_two",
    "surrender": "no_surrender",
    "play_ace_pairs": false,
    "max_splits": 4,
    "decks": 6,
    "penetration_cards": 46
  },
  "ev": -0.6264823999999822,
  "stddev": 1.8407935235586381,
  "winning_distrib": {
    "-2.0": 62924572,
    "+0.0": 5474976,
    "+2.0": 31600452
  },
  "hands": {
    "total": 100000000,
    "won": 31600452,
    "lost": 62924572,
    "push": 5474976,
    "busted": 0,
    "blackjack": 0,
    "doubled": 100000000,
    "split": 0,
    "insured": 0,
    "surrender": 0
  }
}
