{
  "rounds": 100000000,
  "rules": {
    "game_type": "enhc",
    "soft17": "s17",
    "das": false,
    "double_down": "any_two",
    "surrender": "no_surrender",
    "play_ace_pairs": false,
    "max_splits": 4,
    "decks": 6,
    "penetration_cards": 46
  },
  "ev": -0.252722310000003,
  "stddev": 0.9419632545387493,
  "winning_distrib": {
    "-1.0": 60194282,
    "+0.0": 4883667,
    "+1.0": 34922051
  },
  "hands": {
    "total": 100000000,
    "won": 34922051,
    "lost": 60194282,
    "push": 4883667,
    "busted": 30857103,
    "blackjack": 0,
    "doubled": 0,
    "split": 0,
    "insured": 0,
    "surrender": 0
  }
}
