{
  "rounds": 100000000,
  "rules": {
    "game_type": "enhc",
    "soft17": "s17",
    "das": true,
    "double_down": "any_two",
    "surrender": "no_surrender",
    "play_ace_pairs": false,
    "max_splits": 4,
    "decks": 6,
    "penetration_cards": 46
  },
  "ev": 0.17406922999999772,
  "stddev": 0.9185260048600282,
  "winning_distrib": {
    "-1.0": 34996044,
    "+0.0": 12600989,
    "+1.0": 52402967
  },
  "hands": {
    "total": 100000000,
    "won": 52402967,
    "lost": 34996044,
    "push": 12600989,
    "busted": 0,
    "blackjack": 0,
    "doubled": 0,
    "split": 0,
    "insured": 0,
    "surrender": 0
  }
}
