{
  "rounds": 100000000,
  "rules": {
    "game_type": "ahc",
    "soft17": "s17",
    "das": true,
    "bj_pays": 1.5,
    "double_down": "any_two",
    "surrender": "early_surrender",
    "play_ace_pairs": false,
    "max_splits": 4,
    "decks": 6,
    "penetration_cards": 250
  },
  "ev": -1.4496926400000079,
  "stddev": 1.3618495908418689,
  "winning_distrib": {
    "-2.0": 85695354,
    "+0.0": 1093924,
    "+2.0": 13210722
  },
  "hands": {
    "total": 100000000,
    "won": 13210722,
    "lost": 85695354,
    "push": 1093924,
    "busted": 85207368,
    "blackjack": 0,
    "doubled": 100000000,
    "split": 0,
    "insured": 0,
    "surrender": 0
  }
}
