{
  "rounds": 100000000,
  "rules": {
    "game_type": "ahc",
    "soft17": "s17",
    "das": true,
    "bj_pays": 1.5,
    "double_down": "any_two",
    "surrender": "early_surrender",
    "play_ace_pairs": false,
    "max_splits": 4,
    "decks": 6,
    "penetration_cards": 250
  },
  "ev": 0.38282944999999674,
  "stddev": 0.8507064296510921,
  "winning_distrib": {
    "-1.0": 24371518,
    "+0.0": 12974019,
    "+1.0": 62654463
  },
  "hands": {
    "total": 100000000,
    "won": 62654463,
    "lost": 24371518,
    "push": 12974019,
    "busted": 0,
    "blackjack": 0,
    "doubled": 0,
    "split": 0,
    "insured": 0,
    "surrender": 0
  }
}
