{
  "rounds": 100000000,
  "rules": {
    "game_type": "ahc",
    "soft17": "s17",
    "das": true,
    "bj_pays": 1.5,
    "double_down": "any_two",
    "surrender": "early_surrender",
    "play_ace_pairs": false,
    "max_splits": 4,
    "decks": 6,
    "penetration_cards": 250
  },
  "ev": -0.5029437400000036,
  "stddev": 1.8860444506867775,
  "winning_distrib": {
    "-2.0": 60200044,
    "+0.0": 4747099,
    "+2.0": 35052857
  },
  "hands": {
    "total": 100000000,
    "won": 35052857,
    "lost": 60200044,
    "push": 4747099,
    "busted": 34036656,
    "blackjack": 0,
    "doubled": 100000000,
    "split": 0,
    "insured": 0,
    "surrender": 0
  }
}
