{
  "rounds": 100000000,
  "rules": {
    "game_type": "ahc",
    "soft17": "s17",
    "das": true,
    "bj_pays": 1.5,
    "double_down": "any_two",
    "surrender": "early_surrender",
    "play_ace_pairs": false,
    "max_splits": 4,
    "decks": 6,
    "penetration_cards": 250
  },
  "ev": 0.3602079000000012,
  "stddev": 1.8858759726829235,
  "winning_distrib": {
    "-2.0": 37073276,
    "+0.0": 7843053,
    "+2.0": 55083671
  },
  "hands": {
    "total": 100000000,
    "won": 55083671,
    "lost": 37073276,
    "push": 7843053,
    "busted": 0,
    "blackjack": 0,
    "doubled": 100000000,
    "split": 0,
    "insured": 0,
    "surrender": 0
  }
}
