{
  "rounds": 100000000,
  "rules": {
    "game_type": "ahc",
    "soft17": "s17",
    "das": true,
    "bj_pays": 1.5,
    "double_down": "any_two",
    "surrender": "early_surrender",
    "play_ace_pairs": false,
    "max_splits": 4,
    "decks": 6,
    "penetration_cards": 250
  },
  "ev": 0.19617841999999736,
  "stddev": 0.9542746442364963,
  "winning_distrib": {
    "-1.0": 37647382,
    "+0.0": 5087394,
    "+1.0": 57265224
  },
  "hands": {
    "total": 100000000,
    "won": 57265224,
    "lost": 37647382,
    "push": 5087394,
    "busted": 0,
    "blackjack": 0,
    "doubled": 0,
    "split": 0,
    "insured": 0,
    "surrender": 0
  }
}
