{
  "rounds": 100000000,
  "rules": {
    "game_type": "enhc",
    "soft17": "s17",
    "das": true,
    "double_down": "any_two",
    "surrender": "no_surrender",
    "play_ace_pairs": false,
    "max_splits": 4,
    "decks": 6,
    "penetration_cards": 46
  },
  "ev": 0.31832192000000087,
  "stddev": 2.075263115442172,
  "winning_distrib": {
    "-8.0": 9,
    "-7.0": 324,
    "-6.0": 9180,
    "-5.0": 126252,
    "-4.0": 980628,
    "-3.0": 5652377,
    "-2.0": 23826303,
    "-1.0": 8537814,
    "+0.0": 11573603,
    "+1.0": 4088916,
    "+2.0": 32928202,
    "+3.0": 9867740,
    "+4.0": 2037540,
    "+5.0": 336216,
    "+6.0": 33154,
    "+7.0": 1705,
    "+8.0": 37
  },
  "hands": {
    "total": 216710613,
    "won": 114411907,
    "lost": 87662933,
    "push": 14635773,
    "busted": 0,
    "blackjack": 0,
    "doubled": 18024791,
    "split": 216710613,
    "insured": 0,
    "surrender": 0
  }
}
