{
  "rounds": 10000000000,
  "rules": {
    "game_type": "ahc",
    "soft17": "s17",
    "das": true,
    "bj_pays": 1.5,
    "double_down": "any_two",
    "surrender": "no_surrender",
    "play_ace_pairs": false,
    "max_splits": 4,
    "decks": 6,
    "penetration_cards": 296
  },
  "ev": 0.4708337616000477,
  "stddev": 1.356253657958053,
  "winning_distrib": {
    "-12.0": 922,
    "-10.0": 99346,
    "-8.0": 4027904,
    "-7.0": 2,
    "-6.0": 62095071,
    "-5.0": 29176,
    "-4.0": 22256344,
    "-3.0": 12215292,
    "-2.0": 513773572,
    "-1.0": 1130092431,
    "+0.0": 3132086671,
    "+1.0": 3376526221,
    "+2.0": 1574878353,
    "+3.0": 43473686,
    "+4.0": 22454943,
    "+5.0": 88140,
    "+6.0": 98487648,
    "+7.0": 4,
    "+8.0": 7222216,
    "+10.0": 190145,
    "+12.0": 1907,
    "+14.0": 6
  },
  "hands": {
    "total": 10000000000,
    "won": 6591481163,
    "lost": 2242495460,
    "push": 1166023377,
    "busted": 0,
    "blackjack": 0,
    "doubled": 232486164,
    "split": 0,
    "insured": 0,
    "surrender": 0
  }
}
