{
  "rounds": 100000000,
  "rules": {
    "game_type": "ahc",
    "soft17": "h17",
    "das": true,
    "double_down": "any_two",
    "surrender": "no_surrender",
    "play_ace_pairs": false,
    "max_splits": 4,
    "decks": 6,
    "penetration_cards": 46
  },
  "ev": -0.5125505300000129,
  "stddev": 0.8208751128734956,
  "winning_distrib": {
    "-1.0": 72454726,
    "+0.0": 6345601,
    "+1.0": 21199673
  },
  "hands": {
    "total": 100000000,
    "won": 21199673,
    "lost": 72454726,
    "push": 6345601,
    "busted": 51283495,
    "blackjack": 0,
    "doubled": 0,
    "split": 0,
    "insured": 0,
    "surrender": 0
  }
}
