{
  "rounds": 100000000,
  "rules": {
    "game_type": "ahc",
    "soft17": "s17",
    "das": true,
    "bj_pays": 1.5,
    "double_down": "any_two",
    "surrender": "early_surrender",
    "play_ace_pairs": false,
    "max_splits": 4,
    "decks": 6,
    "penetration_cards": 250
  },
  "ev": 0.08334031999999987,
  "stddev": 1.941383369855624,
  "winning_distrib": {
    "-2.0": 45115429,
    "+0.0": 5602126,
    "+2.0": 49282445
  },
  "hands": {
    "total": 100000000,
    "won": 49282445,
    "lost": 45115429,
    "push": 5602126,
    "busted": 0,
    "blackjack": 0,
    "doubled": 100000000,
    "split": 0,
    "insured": 0,
    "surrender": 0
  }
}
