{
  "rounds": 100000000,
  "rules": {
    "game_type": "ahc",
    "soft17": "s17",
    "das": true,
    "bj_pays": 1.5,
    "double_down": "any_two",
    "surrender": "early_surrender",
    "play_ace_pairs": false,
    "max_splits": 4,
    "decks": 6,
    "penetration_cards": 250
  },
  "ev": -0.4524167999999961,
  "stddev": 0.8648742142981333,
  "winning_distrib": {
    "-1.0": 70255258,
    "+0.0": 4731164,
    "+1.0": 25013578
  },
  "hands": {
    "total": 100000000,
    "won": 25013578,
    "lost": 70255258,
    "push": 4731164,
    "busted": 61269190,
    "blackjack": 0,
    "doubled": 0,
    "split": 0,
    "insured": 0,
    "surrender": 0
  }
}
