{
  "rounds": 100000000,
  "rules": {
    "game_type": "ahc",
    "soft17": "s17",
    "das": false,
    "double_down": "any_two",
    "surrender": "no_surrender",
    "play_ace_pairs": false,
    "max_splits": 4,
    "decks": 6,
    "penetration_cards": 46
  },
  "ev": 0.13025600000000198,
  "stddev": 1.950118656003671,
  "winning_distrib": {
    "-2.0": 44492717,
    "+0.0": 4501766,
    "+2.0": 51005517
  },
  "hands": {
    "total": 100000000,
    "won": 51005517,
    "lost": 44492717,
    "push": 4501766,
    "busted": 0,
    "blackjack": 0,
    "doubled": 100000000,
    "split": 0,
    "insured": 0,
    "surrender": 0
  }
}
