{
  "rounds": 100000000,
  "rules": {
    "game_type": "ahc",
    "soft17": "s17",
    "das": true,
    "bj_pays": 1.5,
    "double_down": "any_two",
    "surrender": "early_surrender",
    "play_ace_pairs": false,
    "max_splits": 4,
    "decks": 6,
    "penetration_cards": 250
  },
  "ev": -0.5038524599999947,
  "stddev": 0.8441055773285076,
  "winning_distrib": {
    "-1.0": 73511699,
    "+0.0": 3361848,
    "+1.0": 23126453
  },
  "hands": {
    "total": 100000000,
    "won": 23126453,
    "lost": 73511699,
    "push": 3361848,
    "busted": 68871069,
    "blackjack": 0,
    "doubled": 0,
    "split": 0,
    "insured": 0,
    "surrender": 0
  }
}
