{
  "rounds": 100000000,
  "rules": {
    "game_type": "ahc",
    "soft17": "s17",
    "das": true,
    "bj_pays": 1.5,
    "double_down": "any_two",
    "surrender": "early_surrender",
    "play_ace_pairs": false,
    "max_splits": 4,
    "decks": 6,
    "penetration_cards": 250
  },
  "ev": 0.06487714000000004,
  "stddev": 0.9552771146797978,
  "winning_distrib": {
    "-1.0": 42594313,
    "+0.0": 8323660,
    "+1.0": 49082027
  },
  "hands": {
    "total": 100000000,
    "won": 49082027,
    "lost": 42594313,
    "push": 8323660,
    "busted": 2272180,
    "blackjack": 0,
    "doubled": 0,
    "split": 0,
    "insured": 0,
    "surrender": 0
  }
}
