{
  "rounds": 100000000,
  "rules": {
    "game_type": "ahc",
    "soft17": "s17",
    "das": true,
    "bj_pays": 1.5,
    "double_down": "any_two",
    "surrender": "early_surrender",
    "play_ace_pairs": false,
    "max_splits": 4,
    "decks": 6,
    "penetration_cards": 250
  },
  "ev": 0.1647533800000011,
  "stddev": 1.9444010495742607,
  "winning_distrib": {
    "-2.0": 43479154,
    "+0.0": 4804023,
    "+2.0": 51716823
  },
  "hands": {
    "total": 100000000,
    "won": 51716823,
    "lost": 43479154,
    "push": 4804023,
    "busted": 0,
    "blackjack": 0,
    "doubled": 100000000,
    "split": 0,
    "insured": 0,
    "surrender": 0
  }
}
