{
  "rounds": 100000000,
  "rules": {
    "game_type": "ahc",
    "soft17": "s17",
    "das": true,
    "bj_pays": 1.5,
    "double_down": "any_two",
    "surrender": "early_surrender",
    "play_ace_pairs": false,
    "max_splits": 4,
    "decks": 6,
    "penetration_cards": 250
  },
  "ev": -0.3601728399999935,
  "stddev": 0.8887302139708898,
  "winning_distrib": {
    "-1.0": 63986935,
    "+0.0": 8043414,
    "+1.0": 27969651
  },
  "hands": {
    "total": 100000000,
    "won": 27969651,
    "lost": 63986935,
    "push": 8043414,
    "busted": 41434341,
    "blackjack": 0,
    "doubled": 0,
    "split": 0,
    "insured": 0,
    "surrender": 0
  }
}
