{
  "rounds": 100000000,
  "rules": {
    "game_type": "ahc",
    "soft17": "s17",
    "das": true,
    "bj_pays": 1.5,
    "double_down": "any_two",
    "surrender": "early_surrender",
    "play_ace_pairs": false,
    "max_splits": 4,
    "decks": 6,
    "penetration_cards": 250
  },
  "ev": -0.1153170499999978,
  "stddev": 0.9252687374706431,
  "winning_distrib": {
    "-1.0": 49236865,
    "+0.0": 13057975,
    "+1.0": 37705160
  },
  "hands": {
    "total": 100000000,
    "won": 37705160,
    "lost": 49236865,
    "push": 13057975,
    "busted": 0,
    "blackjack": 0,
    "doubled": 0,
    "split": 0,
    "insured": 0,
    "surrender": 0
  }
}
