{
  "rounds": 100000000,
  "rules": {
    "game_type": "ahc",
    "soft17": "s17",
    "das": false,
    "double_down": "any_two",
    "surrender": "no_surrender",
    "play_ace_pairs": false,
    "max_splits": 4,
    "decks": 6,
    "penetration_cards": 46
  },
  "ev": -0.18546495999999926,
  "stddev": 1.912031585819365,
  "winning_distrib": {
    "-2.0": 50764899,
    "+0.0": 7743450,
    "+2.0": 41491651
  },
  "hands": {
    "total": 100000000,
    "won": 41491651,
    "lost": 50764899,
    "push": 7743450,
    "busted": 0,
    "blackjack": 0,
    "doubled": 100000000,
    "split": 0,
    "insured": 0,
    "surrender": 0
  }
}
