{
  "rounds": 100000000,
  "rules": {
    "game_type": "ahc",
    "soft17": "s17",
    "das": true,
    "bj_pays": 1.5,
    "double_down": "any_two",
    "surrender": "early_surrender",
    "play_ace_pairs": false,
    "max_splits": 4,
    "decks": 6,
    "penetration_cards": 250
  },
  "ev": -1.0039043199999886,
  "stddev": 1.6744600276875916,
  "winning_distrib": {
    "-2.0": 72743111,
    "+0.0": 4708994,
    "+2.0": 22547895
  },
  "hands": {
    "total": 100000000,
    "won": 22547895,
    "lost": 72743111,
    "push": 4708994,
    "busted": 69128985,
    "blackjack": 0,
    "doubled": 100000000,
    "split": 0,
    "insured": 0,
    "surrender": 0
  }
}
