{
  "rounds": 100000000,
  "rules": {
    "game_type": "enhc",
    "soft17": "s17",
    "das": true,
    "double_down": "any_two",
    "surrender": "no_surrender",
    "play_ace_pairs": false,
    "max_splits": 4,
    "decks": 6,
    "penetration_cards": 46
  },
  "ev": -1.4434602000000292,
  "stddev": 1.3619123428341484,
  "winning_distrib": {
    "-2.0": 85316287,
    "+0.0": 1540436,
    "+2.0": 13143277
  },
  "hands": {
    "total": 100000000,
    "won": 13143277,
    "lost": 85316287,
    "push": 1540436,
    "busted": 84562105,
    "blackjack": 0,
    "doubled": 100000000,
    "split": 0,
    "insured": 0,
    "surrender": 0
  }
}
