{
  "rounds": 100000000,
  "rules": {
    "game_type": "ahc",
    "soft17": "s17",
    "das": false,
    "double_down": "any_two",
    "surrender": "no_surrender",
    "play_ace_pairs": false,
    "max_splits": 4,
    "decks": 6,
    "penetration_cards": 46
  },
  "ev": -0.4239472399999982,
  "stddev": 0.8671723849479231,
  "winning_distrib": {
    "-1.0": 67783322,
    "+0.0": 6828080,
    "+1.0": 25388598
  },
  "hands": {
    "total": 100000000,
    "won": 25388598,
    "lost": 67783322,
    "push": 6828080,
    "busted": 26957814,
    "blackjack": 0,
    "doubled": 0,
    "split": 0,
    "insured": 0,
    "surrender": 0
  }
}
