{
  "rounds": 100000000,
  "rules": {
    "game_type": "ahc",
    "soft17": "h17",
    "das": true,
    "double_down": "any_two",
    "surrender": "no_surrender",
    "play_ace_pairs": false,
    "max_splits": 4,
    "decks": 6,
    "penetration_cards": 46
  },
  "ev": 0.1960739300000006,
  "stddev": 0.9155872936849542,
  "winning_distrib": {
    "-1.0": 34033557,
    "+0.0": 12325493,
    "+1.0": 53640950
  },
  "hands": {
    "total": 100000000,
    "won": 53640950,
    "lost": 34033557,
    "push": 12325493,
    "busted": 0,
    "blackjack": 0,
    "doubled": 0,
    "split": 0,
    "insured": 0,
    "surrender": 0
  }
}
