{
  "rounds": 100000000,
  "rules": {
    "game_type": "ahc",
    "soft17": "s17",
    "das": true,
    "bj_pays": 1.5,
    "double_down": "any_two",
    "surrender": "early_surrender",
    "play_ace_pairs": false,
    "max_splits": 4,
    "decks": 6,
    "penetration_cards": 250
  },
  "ev": -0.032906070000000905,
  "stddev": 1.922152651977399,
  "winning_distrib": {
    "-8.0": 68,
    "-7.0": 2028,
    "-6.0": 29334,
    "-5.0": 231047,
    "-4.0": 1357116,
    "-3.0": 6763328,
    "-2.0": 20675658,
    "-1.0": 12136949,
    "+0.0": 19650960,
    "+1.0": 13703535,
    "+2.0": 15469319,
    "+3.0": 7754423,
    "+4.0": 1847064,
    "+5.0": 313902,
    "+6.0": 58382,
    "+7.0": 6511,
    "+8.0": 376
  },
  "hands": {
    "total": 218194398,
    "won": 83282099,
    "lost": 95172802,
    "push": 39739497,
    "busted": 45250773,
    "blackjack": 0,
    "doubled": 34056662,
    "split": 218194398,
    "insured": 0,
    "surrender": 0
  }
}
