{
  "rounds": 100000000,
  "rules": {
    "game_type": "ahc",
    "soft17": "s17",
    "das": true,
    "bj_pays": 1.5,
    "double_down": "any_two",
    "surrender": "early_surrender",
    "play_ace_pairs": false,
    "max_splits": 4,
    "decks": 6,
    "penetration_cards": 250
  },
  "ev": 0.15001474000000153,
  "stddev": 0.9546325402456912,
  "winning_distrib": {
    "-1.0": 39190648,
    "+0.0": 6617230,
    "+1.0": 54192122
  },
  "hands": {
    "total": 100000000,
    "won": 54192122,
    "lost": 39190648,
    "push": 6617230,
    "busted": 0,
    "blackjack": 0,
    "doubled": 0,
    "split": 0,
    "insured": 0,
    "surrender": 0
  }
}
