{
  "rounds": 100000000,
  "rules": {
    "game_type": "ahc",
    "soft17": "h17",
    "das": true,
    "double_down": "any_two",
    "surrender": "no_surrender",
    "play_ace_pairs": false,
    "max_splits": 4,
    "decks": 6,
    "penetration_cards": 46
  },
  "ev": -0.2532182799999996,
  "stddev": 0.941902548858222,
  "winning_distrib": {
    "-1.0": 60225909,
    "+0.0": 4870010,
    "+1.0": 34904081
  },
  "hands": {
    "total": 100000000,
    "won": 34904081,
    "lost": 60225909,
    "push": 4870010,
    "busted": 30876684,
    "blackjack": 0,
    "doubled": 0,
    "split": 0,
    "insured": 0,
    "surrender": 0
  }
}
