{
  "rounds": 100000000,
  "rules": {
    "game_type": "ahc",
    "soft17": "s17",
    "das": false,
    "double_down": "any_two",
    "surrender": "no_surrender",
    "play_ace_pairs": false,
    "max_splits": 4,
    "decks": 6,
    "penetration_cards": 46
  },
  "ev": 0.12576675999999723,
  "stddev": 1.9261060923993287,
  "winning_distrib": {
    "-2.0": 43427105,
    "+0.0": 6857452,
    "+2.0": 49715443
  },
  "hands": {
    "total": 100000000,
    "won": 49715443,
    "lost": 43427105,
    "push": 6857452,
    "busted": 0,
    "blackjack": 0,
    "doubled": 100000000,
    "split": 0,
    "insured": 0,
    "surrender": 0
  }
}
