{
  "rounds": 100000000,
  "rules": {
    "game_type": "enhc",
    "soft17": "h17",
    "das": true,
    "double_down": "any_two",
    "surrender": "no_surrender",
    "play_ace_pairs": false,
    "max_splits": 4,
    "decks": 6,
    "penetration_cards": 46
  },
  "ev": -1.1482549000000157,
  "stddev": 1.5692168075987638,
  "winning_distrib": {
    "-2.0": 75968006,
    "+0.0": 5476733,
    "+2.0": 18555261
  },
  "hands": {
    "total": 100000000,
    "won": 18555261,
    "lost": 75968006,
    "push": 5476733,
    "busted": 61397768,
    "blackjack": 0,
    "doubled": 100000000,
    "split": 0,
    "insured": 0,
    "surrender": 0
  }
}
