{
  "rounds": 100000000,
  "rules": {
    "game_type": "ahc",
    "soft17": "s17",
    "das": true,
    "bj_pays": 1.5,
    "double_down": "any_two",
    "surrender": "early_surrender",
    "play_ace_pairs": false,
    "max_splits": 4,
    "decks": 6,
    "penetration_cards": 250
  },
  "ev": -0.532868849999975,
  "stddev": 1.80880664290508,
  "winning_distrib": {
    "-2.0": 55012476,
    "-1.0": 7349009,
    "+0.0": 5594977,
    "+2.0": 32043538
  },
  "hands": {
    "total": 100000000,
    "won": 32043538,
    "lost": 62361485,
    "push": 5594977,
    "busted": 0,
    "blackjack": 0,
    "doubled": 92650991,
    "split": 0,
    "insured": 0,
    "surrender": 0
  }
}
