{
  "rounds": 100000000,
  "rules": {
    "game_type": "ahc",
    "soft17": "s17",
    "das": true,
    "bj_pays": 1.5,
    "double_down": "any_two",
    "surrender": "early_surrender",
    "play_ace_pairs": false,
    "max_splits": 4,
    "decks": 6,
    "penetration_cards": 250
  },
  "ev": -0.7615678399999903,
  "stddev": 1.7967548016802484,
  "winning_distrib": {
    "-2.0": 66643113,
    "+0.0": 4792166,
    "+2.0": 28564721
  },
  "hands": {
    "total": 100000000,
    "won": 28564721,
    "lost": 66643113,
    "push": 4792166,
    "busted": 51071059,
    "blackjack": 0,
    "doubled": 100000000,
    "split": 0,
    "insured": 0,
    "surrender": 0
  }
}
