{
  "rounds": 100000000,
  "rules": {
    "game_type": "ahc",
    "soft17": "s17",
    "das": false,
    "double_down": "any_two",
    "surrender": "no_surrender",
    "play_ace_pairs": false,
    "max_splits": 4,
    "decks": 6,
    "penetration_cards": 46
  },
  "ev": -0.37204164999999906,
  "stddev": 0.8911687206175258,
  "winning_distrib": {
    "-1.0": 65231916,
    "+0.0": 6740333,
    "+1.0": 28027751
  },
  "hands": {
    "total": 100000000,
    "won": 28027751,
    "lost": 65231916,
    "push": 6740333,
    "busted": 55386219,
    "blackjack": 0,
    "doubled": 0,
    "split": 0,
    "insured": 0,
    "surrender": 0
  }
}
