{
  "rounds": 100000000,
  "rules": {
    "game_type": "ahc",
    "soft17": "s17",
    "das": true,
    "bj_pays": 1.5,
    "double_down": "any_two",
    "surrender": "early_surrender",
    "play_ace_pairs": false,
    "max_splits": 4,
    "decks": 6,
    "penetration_cards": 250
  },
  "ev": 0.03531114999999873,
  "stddev": 0.9561564525892351,
  "winning_distrib": {
    "-1.0": 44008544,
    "+0.0": 8451797,
    "+1.0": 47539659
  },
  "hands": {
    "total": 100000000,
    "won": 47539659,
    "lost": 44008544,
    "push": 8451797,
    "busted": 2299882,
    "blackjack": 0,
    "doubled": 0,
    "split": 0,
    "insured": 0,
    "surrender": 0
  }
}
