{
  "rounds": 100000000,
  "rules": {
    "game_type": "enhc",
    "soft17": "s17",
    "das": true,
    "double_down": "any_two",
    "surrender": "no_surrender",
    "play_ace_pairs": false,
    "max_splits": 4,
    "decks": 6,
    "penetration_cards": 46
  },
  "ev": 0.6408897600000067,
  "stddev": 0.6821052266181675,
  "winning_distrib": {
    "-1.0": 11755873,
    "+0.0": 12399278,
    "+1.0": 75844849
  },
  "hands": {
    "total": 100000000,
    "won": 75844849,
    "lost": 11755873,
    "push": 12399278,
    "busted": 0,
    "blackjack": 0,
    "doubled": 0,
    "split": 0,
    "insured": 0,
    "surrender": 0
  }
}
