{
  "rounds": 100000000,
  "rules": {
    "game_type": "ahc",
    "soft17": "s17",
    "das": false,
    "double_down": "any_two",
    "surrender": "no_surrender",
    "play_ace_pairs": false,
    "max_splits": 4,
    "decks": 6,
    "penetration_cards": 46
  },
  "ev": 0.014941139999999693,
  "stddev": 0.9462589662928229,
  "winning_distrib": {
    "-1.0": 44034406,
    "+0.0": 10437074,
    "+1.0": 45528520
  },
  "hands": {
    "total": 100000000,
    "won": 45528520,
    "lost": 44034406,
    "push": 10437074,
    "busted": 31892747,
    "blackjack": 0,
    "doubled": 0,
    "split": 0,
    "insured": 0,
    "surrender": 0
  }
}
