{
  "rounds": 100000000,
  "rules": {
    "game_type": "ahc",
    "soft17": "s17",
    "das": true,
    "bj_pays": 1.5,
    "double_down": "any_two",
    "surrender": "early_surrender",
    "play_ace_pairs": false,
    "max_splits": 4,
    "decks": 6,
    "penetration_cards": 250
  },
  "ev": -0.059761240000000916,
  "stddev": 0.9086805062565562,
  "winning_distrib": {
    "-1.0": 44451645,
    "+0.0": 17072834,
    "+1.0": 38475521
  },
  "hands": {
    "total": 100000000,
    "won": 38475521,
    "lost": 44451645,
    "push": 17072834,
    "busted": 24488360,
    "blackjack": 0,
    "doubled": 0,
    "split": 0,
    "insured": 0,
    "surrender": 0
  }
}
