{
  "rounds": 100000000,
  "rules": {
    "game_type": "ahc",
    "soft17": "h17",
    "das": true,
    "double_down": "any_two",
    "surrender": "no_surrender",
    "play_ace_pairs": false,
    "max_splits": 4,
    "decks": 6,
    "penetration_cards": 46
  },
  "ev": -0.7423877999999979,
  "stddev": 1.7924461460640584,
  "winning_distrib": {
    "-2.0": 65609730,
    "+0.0": 5899930,
    "+2.0": 28490340
  },
  "hands": {
    "total": 100000000,
    "won": 28490340,
    "lost": 65609730,
    "push": 5899930,
    "busted": 30888333,
    "blackjack": 0,
    "doubled": 100000000,
    "split": 0,
    "insured": 0,
    "surrender": 0
  }
}
