{
  "rounds": 100000000,
  "rules": {
    "game_type": "ahc",
    "soft17": "s17",
    "das": true,
    "bj_pays": 1.5,
    "double_down": "any_two",
    "surrender": "early_surrender",
    "play_ace_pairs": false,
    "max_splits": 4,
    "decks": 6,
    "penetration_cards": 250
  },
  "ev": -0.4882423099999981,
  "stddev": 0.8513133993854384,
  "winning_distrib": {
    "-1.0": 72567868,
    "+0.0": 3688495,
    "+1.0": 23743637
  },
  "hands": {
    "total": 100000000,
    "won": 23743637,
    "lost": 72567868,
    "push": 3688495,
    "busted": 65954452,
    "blackjack": 0,
    "doubled": 0,
    "split": 0,
    "insured": 0,
    "surrender": 0
  }
}
