{
  "rounds": 100000000,
  "rules": {
    "game_type": "ahc",
    "soft17": "s17",
    "das": true,
    "bj_pays": 1.5,
    "double_down": "any_two",
    "surrender": "early_surrender",
    "play_ace_pairs": false,
    "max_splits": 4,
    "decks": 6,
    "penetration_cards": 250
  },
  "ev": 0.33684636,
  "stddev": 2.678665604644835,
  "winning_distrib": {
    "-8.0": 1649,
    "-7.0": 20457,
    "-6.0": 151960,
    "-5.0": 700299,
    "-4.0": 3668018,
    "-3.0": 14199047,
    "-2.0": 21564755,
    "-1.0": 3461200,
    "+0.0": 2674459,
    "+1.0": 5190325,
    "+2.0": 19577748,
    "+3.0": 19833594,
    "+4.0": 7075734,
    "+5.0": 1403249,
    "+6.0": 401488,
    "+7.0": 68651,
    "+8.0": 7367
  },
  "hands": {
    "total": 214201506,
    "won": 111784575,
    "lost": 97247601,
    "push": 5169330,
    "busted": 0,
    "blackjack": 0,
    "doubled": 68050173,
    "split": 214201506,
    "insured": 0,
    "surrender": 0
  }
}
