{
  "rounds": 100000000,
  "rules": {
    "game_type": "ahc",
    "soft17": "s17",
    "das": true,
    "bj_pays": 1.5,
    "double_down": "any_two",
    "surrender": "early_surrender",
    "play_ace_pairs": false,
    "max_splits": 4,
    "decks": 6,
    "penetration_cards": 250
  },
  "ev": 0.1272887799999984,
  "stddev": 0.9580045175591917,
  "winning_distrib": {
    "-1.0": 40334315,
    "+0.0": 6602492,
    "+1.0": 53063193
  },
  "hands": {
    "total": 100000000,
    "won": 53063193,
    "lost": 40334315,
    "push": 6602492,
    "busted": 0,
    "blackjack": 0,
    "doubled": 0,
    "split": 0,
    "insured": 0,
    "surrender": 0
  }
}
