{
  "rounds": 100000000,
  "rules": {
    "game_type": "ahc",
    "soft17": "s17",
    "das": true,
    "bj_pays": 1.5,
    "double_down": "any_two",
    "surrender": "early_surrender",
    "play_ace_pairs": false,
    "max_splits": 4,
    "decks": 6,
    "penetration_cards": 250
  },
  "ev": -0.5889605600000011,
  "stddev": 0.774344086798998,
  "winning_distrib": {
    "-1.0": 76772193,
    "+0.0": 5351670,
    "+1.0": 17876137
  },
  "hands": {
    "total": 100000000,
    "won": 17876137,
    "lost": 76772193,
    "push": 5351670,
    "busted": 57449135,
    "blackjack": 0,
    "doubled": 0,
    "split": 0,
    "insured": 0,
    "surrender": 0
  }
}
