{
  "rounds": 100000000,
  "rules": {
    "game_type": "ahc",
    "soft17": "s17",
    "das": true,
    "bj_pays": 1.5,
    "double_down": "any_two",
    "surrender": "early_surrender",
    "play_ace_pairs": false,
    "max_splits": 4,
    "decks": 6,
    "penetration_cards": 250
  },
  "ev": -0.9451098199999908,
  "stddev": 1.6919825462361038,
  "winning_distrib": {
    "-2.0": 70578214,
    "+0.0": 6099063,
    "+2.0": 23322723
  },
  "hands": {
    "total": 100000000,
    "won": 23322723,
    "lost": 70578214,
    "push": 6099063,
    "busted": 60414651,
    "blackjack": 0,
    "doubled": 100000000,
    "split": 0,
    "insured": 0,
    "surrender": 0
  }
}
