{
  "rounds": 100000000,
  "rules": {
    "game_type": "ahc",
    "soft17": "s17",
    "das": true,
    "bj_pays": 1.5,
    "double_down": "any_two",
    "surrender": "early_surrender",
    "play_ace_pairs": false,
    "max_splits": 4,
    "decks": 6,
    "penetration_cards": 250
  },
  "ev": 0.483397770000009,
  "stddev": 0.6748898951042239,
  "winning_distrib": {
    "-1.0": 10287600,
    "+0.0": 31085023,
    "+1.0": 58627377
  },
  "hands": {
    "total": 100000000,
    "won": 58627377,
    "lost": 10287600,
    "push": 31085023,
    "busted": 0,
    "blackjack": 0,
    "doubled": 0,
    "split": 0,
    "insured": 0,
    "surrender": 0
  }
}
