{
  "rounds": 100000000,
  "rules": {
    "game_type": "ahc",
    "soft17": "s17",
    "das": true,
    "bj_pays": 1.5,
    "double_down": "any_two",
    "surrender": "early_surrender",
    "play_ace_pairs": false,
    "max_splits": 4,
    "decks": 6,
    "penetration_cards": 250
  },
  "ev": 0.6508250800000107,
  "stddev": 0.6751350826324103,
  "winning_distrib": {
    "-1.0": 11427779,
    "+0.0": 12061934,
    "+1.0": 76510287
  },
  "hands": {
    "total": 100000000,
    "won": 76510287,
    "lost": 11427779,
    "push": 12061934,
    "busted": 0,
    "blackjack": 0,
    "doubled": 0,
    "split": 0,
    "insured": 0,
    "surrender": 0
  }
}
