{
  "rounds": 100000000,
  "rules": {
    "game_type": "ahc",
    "soft17": "s17",
    "das": true,
    "bj_pays": 1.5,
    "double_down": "any_two",
    "surrender": "early_surrender",
    "play_ace_pairs": false,
    "max_splits": 4,
    "decks": 6,
    "penetration_cards": 250
  },
  "ev": -0.887160099999993,
  "stddev": 1.7370706108682086,
  "winning_distrib": {
    "-2.0": 69734844,
    "+0.0": 4888317,
    "+2.0": 25376839
  },
  "hands": {
    "total": 100000000,
    "won": 25376839,
    "lost": 69734844,
    "push": 4888317,
    "busted": 60711281,
    "blackjack": 0,
    "doubled": 100000000,
    "split": 0,
    "insured": 0,
    "surrender": 0
  }
}
