{
  "rounds": 100000000,
  "rules": {
    "game_type": "ahc",
    "soft17": "h17",
    "das": true,
    "double_down": "any_two",
    "surrender": "no_surrender",
    "play_ace_pairs": false,
    "max_splits": 4,
    "decks": 6,
    "penetration_cards": 46
  },
  "ev": 0.6707080999999989,
  "stddev": 1.8109686903396245,
  "winning_distrib": {
    "-2.0": 29850509,
    "+0.0": 6763577,
    "+2.0": 63385914
  },
  "hands": {
    "total": 100000000,
    "won": 63385914,
    "lost": 29850509,
    "push": 6763577,
    "busted": 0,
    "blackjack": 0,
    "doubled": 100000000,
    "split": 0,
    "insured": 0,
    "surrender": 0
  }
}
