{
  "rounds": 100000000,
  "rules": {
    "game_type": "ahc",
    "soft17": "s17",
    "das": true,
    "bj_pays": 1.5,
    "double_down": "any_two",
    "surrender": "early_surrender",
    "play_ace_pairs": false,
    "max_splits": 4,
    "decks": 6,
    "penetration_cards": 250
  },
  "ev": -0.338798219999994,
  "stddev": 0.9225832291107389,
  "winning_distrib": {
    "-1.0": 65237113,
    "+0.0": 3405596,
    "+1.0": 31357291
  },
  "hands": {
    "total": 100000000,
    "won": 31357291,
    "lost": 65237113,
    "push": 3405596,
    "busted": 52178221,
    "blackjack": 0,
    "doubled": 0,
    "split": 0,
    "insured": 0,
    "surrender": 0
  }
}
