{
  "rounds": 100000000,
  "rules": {
    "game_type": "ahc",
    "soft17": "s17",
    "das": true,
    "bj_pays": 1.5,
    "double_down": "any_two",
    "surrender": "early_surrender",
    "play_ace_pairs": false,
    "max_splits": 4,
    "decks": 6,
    "penetration_cards": 250
  },
  "ev": -0.11874520000000172,
  "stddev": 0.9462093142799146,
  "winning_distrib": {
    "-1.0": 51407884,
    "+0.0": 9058752,
    "+1.0": 39533364
  },
  "hands": {
    "total": 100000000,
    "won": 39533364,
    "lost": 51407884,
    "push": 9058752,
    "busted": 40504094,
    "blackjack": 0,
    "doubled": 0,
    "split": 0,
    "insured": 0,
    "surrender": 0
  }
}
