{
  "rounds": 100000000,
  "rules": {
    "game_type": "ahc",
    "soft17": "s17",
    "das": true,
    "bj_pays": 1.5,
    "double_down": "any_two",
    "surrender": "early_surrender",
    "play_ace_pairs": false,
    "max_splits": 4,
    "decks": 6,
    "penetration_cards": 250
  },
  "ev": -0.21146064000000023,
  "stddev": 1.9113241991515768,
  "winning_distrib": {
    "-2.0": 51509963,
    "+0.0": 7553106,
    "+2.0": 40936931
  },
  "hands": {
    "total": 100000000,
    "won": 40936931,
    "lost": 51509963,
    "push": 7553106,
    "busted": 0,
    "blackjack": 0,
    "doubled": 100000000,
    "split": 0,
    "insured": 0,
    "surrender": 0
  }
}
