{
  "rounds": 100000000,
  "rules": {
    "game_type": "ahc",
    "soft17": "s17",
    "das": true,
    "bj_pays": 1.5,
    "double_down": "any_two",
    "surrender": "early_surrender",
    "play_ace_pairs": false,
    "max_splits": 4,
    "decks": 6,
    "penetration_cards": 250
  },
  "ev": -0.3925579399999913,
  "stddev": 1.8961987922416357,
  "winning_distrib": {
    "-2.0": 56684843,
    "+0.0": 6258211,
    "+2.0": 37056946
  },
  "hands": {
    "total": 100000000,
    "won": 37056946,
    "lost": 56684843,
    "push": 6258211,
    "busted": 0,
    "blackjack": 0,
    "doubled": 100000000,
    "split": 0,
    "insured": 0,
    "surrender": 0
  }
}
