{
  "rounds": 100000000,
  "rules": {
    "game_type": "ahc",
    "soft17": "s17",
    "das": true,
    "bj_pays": 1.5,
    "double_down": "any_two",
    "surrender": "early_surrender",
    "play_ace_pairs": false,
    "max_splits": 4,
    "decks": 6,
    "penetration_cards": 250
  },
  "ev": 0.16822357000000163,
  "stddev": 0.9255277462412876,
  "winning_distrib": {
    "-1.0": 35833860,
    "+0.0": 11509923,
    "+1.0": 52656217
  },
  "hands": {
    "total": 100000000,
    "won": 52656217,
    "lost": 35833860,
    "push": 11509923,
    "busted": 20733885,
    "blackjack": 0,
    "doubled": 0,
    "split": 0,
    "insured": 0,
    "surrender": 0
  }
}
