{
  "rounds": 100000000,
  "rules": {
    "game_type": "ahc",
    "soft17": "s17",
    "das": true,
    "bj_pays": 1.5,
    "double_down": "any_two",
    "surrender": "early_surrender",
    "play_ace_pairs": false,
    "max_splits": 4,
    "decks": 6,
    "penetration_cards": 250
  },
  "ev": -0.0679307900000023,
  "stddev": 2.2764875685129407,
  "winning_distrib": {
    "-8.0": 127,
    "-7.0": 3368,
    "-6.0": 43493,
    "-5.0": 328581,
    "-4.0": 1931760,
    "-3.0": 10261442,
    "-2.0": 29163827,
    "-1.0": 6845148,
    "+0.0": 8895275,
    "+1.0": 6131159,
    "+2.0": 20936756,
    "+3.0": 11833732,
    "+4.0": 2943732,
    "+5.0": 563392,
    "+6.0": 106261,
    "+7.0": 11353,
    "+8.0": 594
  },
  "hands": {
    "total": 214887778,
    "won": 94498031,
    "lost": 111191513,
    "push": 9198234,
    "busted": 8844605,
    "blackjack": 0,
    "doubled": 38313458,
    "split": 214887778,
    "insured": 0,
    "surrender": 0
  }
}
