{
  "rounds": 100000000,
  "rules": {
    "game_type": "ahc",
    "soft17": "s17",
    "das": true,
    "bj_pays": 1.5,
    "double_down": "any_two",
    "surrender": "early_surrender",
    "play_ace_pairs": false,
    "max_splits": 4,
    "decks": 6,
    "penetration_cards": 250
  },
  "ev": 0.17954396999999847,
  "stddev": 0.9419669430025954,
  "winning_distrib": {
    "-1.0": 36999689,
    "+0.0": 8046225,
    "+1.0": 54954086
  },
  "hands": {
    "total": 100000000,
    "won": 54954086,
    "lost": 36999689,
    "push": 8046225,
    "busted": 2227382,
    "blackjack": 0,
    "doubled": 0,
    "split": 0,
    "insured": 0,
    "surrender": 0
  }
}
