{
  "rounds": 100000000,
  "rules": {
    "game_type": "ahc",
    "soft17": "h17",
    "das": false,
    "double_down": "any_two",
    "surrender": "no_surrender",
    "play_ace_pairs": false,
    "max_splits": 4,
    "decks": 6,
    "penetration_cards": 46
  },
  "ev": -0.4170681000000069,
  "stddev": 0.8736886445385994,
  "winning_distrib": {
    "-1.0": 67717287,
    "+0.0": 6272236,
    "+1.0": 26010477
  },
  "hands": {
    "total": 100000000,
    "won": 26010477,
    "lost": 67717287,
    "push": 6272236,
    "busted": 58567760,
    "blackjack": 0,
    "doubled": 0,
    "split": 0,
    "insured": 0,
    "surrender": 0
  }
}
