{
  "rounds": 100000000,
  "rules": {
    "game_type": "ahc",
    "soft17": "s17",
    "das": true,
    "bj_pays": 1.5,
    "double_down": "any_two",
    "surrender": "early_surrender",
    "play_ace_pairs": false,
    "max_splits": 4,
    "decks": 6,
    "penetration_cards": 250
  },
  "ev": 0.06310225999999883,
  "stddev": 0.976809149386123,
  "winning_distrib": {
    "-1.0": 44751787,
    "+0.0": 4186200,
    "+1.0": 51062013
  },
  "hands": {
    "total": 100000000,
    "won": 51062013,
    "lost": 44751787,
    "push": 4186200,
    "busted": 0,
    "blackjack": 0,
    "doubled": 0,
    "split": 0,
    "insured": 0,
    "surrender": 0
  }
}
