{
  "rounds": 100000000,
  "rules": {
    "game_type": "ahc",
    "soft17": "s17",
    "das": true,
    "bj_pays": 1.5,
    "double_down": "any_two",
    "surrender": "early_surrender",
    "play_ace_pairs": false,
    "max_splits": 4,
    "decks": 6,
    "penetration_cards": 250
  },
  "ev": -1.197632490000028,
  "stddev": 1.4655653142644918,
  "winning_distrib": {
    "-2.0": 71718817,
    "-1.0": 7998829,
    "+0.0": 4445747,
    "+2.0": 15836607
  },
  "hands": {
    "total": 100000000,
    "won": 15836607,
    "lost": 79717646,
    "push": 4445747,
    "busted": 64760796,
    "blackjack": 0,
    "doubled": 92001171,
    "split": 0,
    "insured": 0,
    "surrender": 0
  }
}
