{
  "rounds": 100000000,
  "rules": {
    "game_type": "ahc",
    "soft17": "s17",
    "das": true,
    "bj_pays": 1.5,
    "double_down": "any_two",
    "surrender": "early_surrender",
    "play_ace_pairs": false,
    "max_splits": 4,
    "decks": 6,
    "penetration_cards": 250
  },
  "ev": -0.7169959000000136,
  "stddev": 0.669051510617445,
  "winning_distrib": {
    "-1.0": 83935447,
    "+0.0": 3828696,
    "+1.0": 12235857
  },
  "hands": {
    "total": 100000000,
    "won": 12235857,
    "lost": 83935447,
    "push": 3828696,
    "busted": 43373202,
    "blackjack": 0,
    "doubled": 0,
    "split": 0,
    "insured": 0,
    "surrender": 0
  }
}
