{
  "rounds": 100000000,
  "rules": {
    "game_type": "ahc",
    "soft17": "s17",
    "das": true,
    "bj_pays": 1.5,
    "double_down": "any_two",
    "surrender": "early_surrender",
    "play_ace_pairs": false,
    "max_splits": 4,
    "decks": 6,
    "penetration_cards": 250
  },
  "ev": -0.4899417000000073,
  "stddev": 0.8454334259707729,
  "winning_distrib": {
    "-1.0": 72237112,
    "+0.0": 4519946,
    "+1.0": 23242942
  },
  "hands": {
    "total": 100000000,
    "won": 23242942,
    "lost": 72237112,
    "push": 4519946,
    "busted": 63200352,
    "blackjack": 0,
    "doubled": 0,
    "split": 0,
    "insured": 0,
    "surrender": 0
  }
}
