{
  "rounds": 100000000,
  "rules": {
    "game_type": "ahc",
    "soft17": "s17",
    "das": true,
    "bj_pays": 1.5,
    "double_down": "any_two",
    "surrender": "early_surrender",
    "play_ace_pairs": false,
    "max_splits": 4,
    "decks": 6,
    "penetration_cards": 250
  },
  "ev": 0.10947007999999965,
  "stddev": 2.747235799318602,
  "winning_distrib": {
    "-8.0": 3589,
    "-7.0": 40705,
    "-6.0": 263338,
    "-5.0": 1061314,
    "-4.0": 4681178,
    "-3.0": 15794709,
    "-2.0": 21610023,
    "-1.0": 4176741,
    "+0.0": 3537176,
    "+1.0": 5722525,
    "+2.0": 15990787,
    "+3.0": 17648931,
    "+4.0": 7132350,
    "+5.0": 1675323,
    "+6.0": 545302,
    "+7.0": 103912,
    "+8.0": 12097
  },
  "hands": {
    "total": 218196664,
    "won": 104006783,
    "lost": 107815549,
    "push": 6374332,
    "busted": 0,
    "blackjack": 0,
    "doubled": 73327519,
    "split": 218196664,
    "insured": 0,
    "surrender": 0
  }
}
