{
  "rounds": 100000000,
  "rules": {
    "game_type": "ahc",
    "soft17": "s17",
    "das": true,
    "bj_pays": 1.5,
    "double_down": "any_two",
    "surrender": "early_surrender",
    "play_ace_pairs": false,
    "max_splits": 4,
    "decks": 6,
    "penetration_cards": 250
  },
  "ev": 0.11823752999999883,
  "stddev": 0.7811321287728352,
  "winning_distrib": {
    "-1.0": 25295499,
    "+0.0": 37585249,
    "+1.0": 37119252
  },
  "hands": {
    "total": 100000000,
    "won": 37119252,
    "lost": 25295499,
    "push": 37585249,
    "busted": 0,
    "blackjack": 0,
    "doubled": 0,
    "split": 0,
    "insured": 0,
    "surrender": 0
  }
}
