{
  "rounds": 100000000,
  "rules": {
    "game_type": "ahc",
    "soft17": "s17",
    "das": false,
    "double_down": "any_two",
    "surrender": "no_surrender",
    "play_ace_pairs": false,
    "max_splits": 4,
    "decks": 6,
    "penetration_cards": 46
  },
  "ev": -0.05305717999999901,
  "stddev": 0.916519309153123,
  "winning_distrib": {
    "-1.0": 44793994,
    "+0.0": 15717730,
    "+1.0": 39488276
  },
  "hands": {
    "total": 100000000,
    "won": 39488276,
    "lost": 44793994,
    "push": 15717730,
    "busted": 19562194,
    "blackjack": 0,
    "doubled": 0,
    "split": 0,
    "insured": 0,
    "surrender": 0
  }
}
