{
  "rounds": 100000000,
  "rules": {
    "game_type": "ahc",
    "soft17": "s17",
    "das": true,
    "bj_pays": 1.5,
    "double_down": "any_two",
    "surrender": "early_surrender",
    "play_ace_pairs": false,
    "max_splits": 4,
    "decks": 6,
    "penetration_cards": 250
  },
  "ev": 0.2418191200000012,
  "stddev": 1.9140193807370693,
  "winning_distrib": {
    "-2.0": 40478855,
    "+0.0": 6951334,
    "+2.0": 52569811
  },
  "hands": {
    "total": 100000000,
    "won": 52569811,
    "lost": 40478855,
    "push": 6951334,
    "busted": 0,
    "blackjack": 0,
    "doubled": 100000000,
    "split": 0,
    "insured": 0,
    "surrender": 0
  }
}
