{
  "rounds": 100000000,
  "rules": {
    "game_type": "ahc",
    "soft17": "s17",
    "das": true,
    "bj_pays": 1.5,
    "double_down": "any_two",
    "surrender": "early_surrender",
    "play_ace_pairs": false,
    "max_splits": 4,
    "decks": 6,
    "penetration_cards": 250
  },
  "ev": -0.7107845000000031,
  "stddev": 1.8036017152047228,
  "winning_distrib": {
    "-2.0": 64747034,
    "+0.0": 6045157,
    "+2.0": 29207809
  },
  "hands": {
    "total": 100000000,
    "won": 29207809,
    "lost": 64747034,
    "push": 6045157,
    "busted": 29905454,
    "blackjack": 0,
    "doubled": 100000000,
    "split": 0,
    "insured": 0,
    "surrender": 0
  }
}
