{
  "rounds": 100000000,
  "rules": {
    "game_type": "ahc",
    "soft17": "s17",
    "das": true,
    "bj_pays": 1.5,
    "double_down": "any_two",
    "surrender": "early_surrender",
    "play_ace_pairs": false,
    "max_splits": 4,
    "decks": 6,
    "penetration_cards": 250
  },
  "ev": -0.21449475000000062,
  "stddev": 0.9150815704603525,
  "winning_distrib": {
    "-1.0": 54893851,
    "+0.0": 11661773,
    "+1.0": 33444376
  },
  "hands": {
    "total": 100000000,
    "won": 33444376,
    "lost": 54893851,
    "push": 11661773,
    "busted": 24487338,
    "blackjack": 0,
    "doubled": 0,
    "split": 0,
    "insured": 0,
    "surrender": 0
  }
}
