{
  "rounds": 100000000,
  "rules": {
    "game_type": "ahc",
    "soft17": "s17",
    "das": true,
    "bj_pays": 1.5,
    "double_down": "any_two",
    "surrender": "early_surrender",
    "play_ace_pairs": false,
    "max_splits": 4,
    "decks": 6,
    "penetration_cards": 250
  },
  "ev": 0.32772580000000107,
  "stddev": 2.1274280540769905,
  "winning_distrib": {
    "-8.0": 9,
    "-7.0": 565,
    "-6.0": 14179,
    "-5.0": 174641,
    "-4.0": 1196336,
    "-3.0": 6194429,
    "-2.0": 23600323,
    "-1.0": 8213556,
    "+0.0": 10920641,
    "+1.0": 4046327,
    "+2.0": 31997918,
    "+3.0": 10655729,
    "+4.0": 2473859,
    "+5.0": 458795,
    "+6.0": 49936,
    "+7.0": 2714,
    "+8.0": 43
  },
  "hands": {
    "total": 219033783,
    "won": 116325198,
    "lost": 89229823,
    "push": 13478762,
    "busted": 0,
    "blackjack": 0,
    "doubled": 19850674,
    "split": 219033783,
    "insured": 0,
    "surrender": 0
  }
}
