{
  "rounds": 100000000,
  "rules": {
    "game_type": "ahc",
    "soft17": "s17",
    "das": true,
    "bj_pays": 1.5,
    "double_down": "any_two",
    "surrender": "early_surrender",
    "play_ace_pairs": false,
    "max_splits": 4,
    "decks": 6,
    "penetration_cards": 250
  },
  "ev": 0.30049021999999614,
  "stddev": 0.9147382992155817,
  "winning_distrib": {
    "-1.0": 31327515,
    "+0.0": 7295948,
    "+1.0": 61376537
  },
  "hands": {
    "total": 100000000,
    "won": 61376537,
    "lost": 31327515,
    "push": 7295948,
    "busted": 0,
    "blackjack": 0,
    "doubled": 0,
    "split": 0,
    "insured": 0,
    "surrender": 0
  }
}
