{
  "rounds": 100000000,
  "rules": {
    "game_type": "ahc",
    "soft17": "s17",
    "das": false,
    "double_down": "any_two",
    "surrender": "no_surrender",
    "play_ace_pairs": false,
    "max_splits": 4,
    "decks": 6,
    "penetration_cards": 46
  },
  "ev": -0.36728520000000625,
  "stddev": 0.8845884634596562,
  "winning_distrib": {
    "-1.0": 64234018,
    "+0.0": 8260484,
    "+1.0": 27505498
  },
  "hands": {
    "total": 100000000,
    "won": 27505498,
    "lost": 64234018,
    "push": 8260484,
    "busted": 38935871,
    "blackjack": 0,
    "doubled": 0,
    "split": 0,
    "insured": 0,
    "surrender": 0
  }
}
