{
  "rounds": 100000000,
  "rules": {
    "game_type": "enhc",
    "soft17": "s17",
    "das": true,
    "double_down": "any_two",
    "surrender": "no_surrender",
    "play_ace_pairs": false,
    "max_splits": 4,
    "decks": 6,
    "penetration_cards": 46
  },
  "ev": 0.3582083700000043,
  "stddev": 1.5171244433726119,
  "winning_distrib": {
    "-2.0": 19000831,
    "-1.0": 8033043,
    "+0.0": 29663619,
    "+1.0": 4749472,
    "+2.0": 38553035
  },
  "hands": {
    "total": 200000000,
    "won": 110462770,
    "lost": 74641933,
    "push": 14895297,
    "busted": 0,
    "blackjack": 0,
    "doubled": 0,
    "split": 200000000,
    "insured": 0,
    "surrender": 0
  }
}
