{
  "rounds": 100000000,
  "rules": {
    "game_type": "ahc",
    "soft17": "s17",
    "das": true,
    "bj_pays": 1.5,
    "double_down": "any_two",
    "surrender": "early_surrender",
    "play_ace_pairs": false,
    "max_splits": 4,
    "decks": 6,
    "penetration_cards": 250
  },
  "ev": 0.5225193699999781,
  "stddev": 1.559746884049763,
  "winning_distrib": {
    "-2.0": 17769450,
    "-1.0": 9164685,
    "+0.0": 22803180,
    "+1.0": 3569848,
    "+2.0": 46692837
  },
  "hands": {
    "total": 200000000,
    "won": 118226631,
    "lost": 65974694,
    "push": 15798675,
    "busted": 0,
    "blackjack": 0,
    "doubled": 0,
    "split": 200000000,
    "insured": 0,
    "surrender": 0
  }
}
