{
  "rounds": 100000000,
  "rules": {
    "game_type": "enhc",
    "soft17": "s17",
    "das": false,
    "double_down": "any_two",
    "surrender": "no_surrender",
    "play_ace_pairs": false,
    "max_splits": 4,
    "decks": 6,
    "penetration_cards": 46
  },
  "ev": -0.45615235999999476,
  "stddev": 1.8853797972856774,
  "winning_distrib": {
    "-2.0": 58437958,
    "+0.0": 5931702,
    "+2.0": 35630340
  },
  "hands": {
    "total": 100000000,
    "won": 35630340,
    "lost": 58437958,
    "push": 5931702,
    "busted": 0,
    "blackjack": 0,
    "doubled": 100000000,
    "split": 0,
    "insured": 0,
    "surrender": 0
  }
}
