{
  "rounds": 100000000,
  "rules": {
    "game_type": "ahc",
    "soft17": "s17",
    "das": true,
    "bj_pays": 1.5,
    "double_down": "any_two",
    "surrender": "early_surrender",
    "play_ace_pairs": false,
    "max_splits": 4,
    "decks": 6,
    "penetration_cards": 250
  },
  "ev": -1.2399048800000216,
  "stddev": 1.5332549664230277,
  "winning_distrib": {
    "-2.0": 79600558,
    "+0.0": 2794128,
    "+2.0": 17605314
  },
  "hands": {
    "total": 100000000,
    "won": 17605314,
    "lost": 79600558,
    "push": 2794128,
    "busted": 76956667,
    "blackjack": 0,
    "doubled": 100000000,
    "split": 0,
    "insured": 0,
    "surrender": 0
  }
}
