{
  "rounds": 100000000,
  "rules": {
    "game_type": "ahc",
    "soft17": "s17",
    "das": true,
    "double_down": "any_two",
    "surrender": "no_surrender",
    "play_ace_pairs": false,
    "max_splits": 4,
    "decks": 6,
    "penetration_cards": 46
  },
  "ev": -0.13127962000000304,
  "stddev": 1.9343291909054816,
  "winning_distrib": {
    "-2.0": 50267787,
    "+0.0": 6028407,
    "+2.0": 43703806
  },
  "hands": {
    "total": 100000000,
    "won": 43703806,
    "lost": 50267787,
    "push": 6028407,
    "busted": 0,
    "blackjack": 0,
    "doubled": 100000000,
    "split": 0,
    "insured": 0,
    "surrender": 0
  }
}
