{
  "rounds": 100000000,
  "rules": {
    "game_type": "ahc",
    "soft17": "s17",
    "das": true,
    "bj_pays": 1.5,
    "double_down": "any_two",
    "surrender": "early_surrender",
    "play_ace_pairs": false,
    "max_splits": 4,
    "decks": 6,
    "penetration_cards": 250
  },
  "ev": -0.8317208300000029,
  "stddev": 0.5500542827482631,
  "winning_distrib": {
    "-1.0": 91302004,
    "+0.0": 568075,
    "+1.0": 8129921
  },
  "hands": {
    "total": 100000000,
    "won": 8129921,
    "lost": 91302004,
    "push": 568075,
    "busted": 91302004,
    "blackjack": 0,
    "doubled": 0,
    "split": 0,
    "insured": 0,
    "surrender": 0
  }
}
