{
  "rounds": 100000000,
  "rules": {
    "game_type": "ahc",
    "soft17": "s17",
    "das": true,
    "bj_pays": 1.5,
    "double_down": "any_two",
    "surrender": "early_surrender",
    "play_ace_pairs": false,
    "max_splits": 4,
    "decks": 6,
    "penetration_cards": 250
  },
  "ev": 0.039861999999999335,
  "stddev": 0.973724309256669,
  "winning_distrib": {
    "-1.0": 45493300,
    "+0.0": 5027200,
    "+1.0": 49479500
  },
  "hands": {
    "total": 100000000,
    "won": 49479500,
    "lost": 45493300,
    "push": 5027200,
    "busted": 0,
    "blackjack": 0,
    "doubled": 0,
    "split": 0,
    "insured": 0,
    "surrender": 0
  }
}
