{
  "rounds": 100000000,
  "rules": {
    "game_type": "ahc",
    "soft17": "s17",
    "das": true,
    "double_down": "any_two",
    "surrender": "no_surrender",
    "play_ace_pairs": false,
    "max_splits": 4,
    "decks": 6,
    "penetration_cards": 46
  },
  "ev": 0.19062572999999605,
  "stddev": 0.9457479421105465,
  "winning_distrib": {
    "-1.0": 37007580,
    "+0.0": 6922267,
    "+1.0": 56070153
  },
  "hands": {
    "total": 100000000,
    "won": 56070153,
    "lost": 37007580,
    "push": 6922267,
    "busted": 0,
    "blackjack": 0,
    "doubled": 0,
    "split": 0,
    "insured": 0,
    "surrender": 0
  }
}
