{
  "rounds": 100000000,
  "rules": {
    "game_type": "enhc",
    "soft17": "h17",
    "das": true,
    "double_down": "any_two",
    "surrender": "no_surrender",
    "play_ace_pairs": false,
    "max_splits": 4,
    "decks": 6,
    "penetration_cards": 46
  },
  "ev": -0.12421949999999986,
  "stddev": 2.4607281394684106,
  "winning_distrib": {
    "-8.0": 871,
    "-7.0": 14839,
    "-6.0": 130628,
    "-5.0": 686102,
    "-4.0": 3303439,
    "-3.0": 13584565,
    "-2.0": 25873466,
    "-1.0": 7249889,
    "+0.0": 6577516,
    "+1.0": 6024755,
    "+2.0": 17793136,
    "+3.0": 13286793,
    "+4.0": 4282194,
    "+5.0": 922980,
    "+6.0": 232176,
    "+7.0": 33905,
    "+8.0": 2746
  },
  "hands": {
    "total": 216728088,
    "won": 89772625,
    "lost": 110934702,
    "push": 16020761,
    "busted": 6053396,
    "blackjack": 0,
    "doubled": 54069446,
    "split": 216728088,
    "insured": 0,
    "surrender": 0
  }
}
