{
  "rounds": 100000000,
  "rules": {
    "game_type": "ahc",
    "soft17": "s17",
    "das": true,
    "bj_pays": 1.5,
    "double_down": "any_two",
    "surrender": "early_surrender",
    "play_ace_pairs": false,
    "max_splits": 4,
    "decks": 6,
    "penetration_cards": 250
  },
  "ev": -0.8417659200000003,
  "stddev": 1.757324741420473,
  "winning_distrib": {
    "-2.0": 68503649,
    "+0.0": 5080998,
    "+2.0": 26415353
  },
  "hands": {
    "total": 100000000,
    "won": 26415353,
    "lost": 68503649,
    "push": 5080998,
    "busted": 57144627,
    "blackjack": 0,
    "doubled": 100000000,
    "split": 0,
    "insured": 0,
    "surrender": 0
  }
}
