{
  "rounds": 100000000,
  "rules": {
    "game_type": "ahc",
    "soft17": "h17",
    "das": false,
    "double_down": "any_two",
    "surrender": "no_surrender",
    "play_ace_pairs": false,
    "max_splits": 4,
    "decks": 6,
    "penetration_cards": 46
  },
  "ev": 0.30784888000000976,
  "stddev": 1.9124961029134597,
  "winning_distrib": {
    "-2.0": 39208931,
    "+0.0": 6189694,
    "+2.0": 54601375
  },
  "hands": {
    "total": 100000000,
    "won": 54601375,
    "lost": 39208931,
    "push": 6189694,
    "busted": 0,
    "blackjack": 0,
    "doubled": 100000000,
    "split": 0,
    "insured": 0,
    "surrender": 0
  }
}
