{
  "rounds": 100000000,
  "rules": {
    "game_type": "ahc",
    "soft17": "h17",
    "das": false,
    "double_down": "any_two",
    "surrender": "no_surrender",
    "play_ace_pairs": false,
    "max_splits": 4,
    "decks": 6,
    "penetration_cards": 46
  },
  "ev": -0.05220925000000101,
  "stddev": 0.9100437860324189,
  "winning_distrib": {
    "-1.0": 44155737,
    "+0.0": 16909451,
    "+1.0": 38934812
  },
  "hands": {
    "total": 100000000,
    "won": 38934812,
    "lost": 44155737,
    "push": 16909451,
    "busted": 22889829,
    "blackjack": 0,
    "doubled": 0,
    "split": 0,
    "insured": 0,
    "surrender": 0
  }
}
