{
  "rounds": 100000000,
  "rules": {
    "game_type": "ahc",
    "soft17": "s17",
    "das": true,
    "bj_pays": 1.5,
    "double_down": "any_two",
    "surrender": "early_surrender",
    "play_ace_pairs": false,
    "max_splits": 4,
    "decks": 6,
    "penetration_cards": 250
  },
  "ev": -1.226445619999983,
  "stddev": 1.1679955799680666,
  "winning_distrib": {
    "-2.0": 53472075,
    "-1.0": 34783592,
    "+0.0": 2202743,
    "+2.0": 9541590
  },
  "hands": {
    "total": 100000000,
    "won": 9541590,
    "lost": 88255667,
    "push": 2202743,
    "busted": 51635304,
    "blackjack": 0,
    "doubled": 65216408,
    "split": 0,
    "insured": 0,
    "surrender": 0
  }
}
