{
  "rounds": 100000000,
  "rules": {
    "game_type": "ahc",
    "soft17": "s17",
    "das": true,
    "double_down": "any_two",
    "surrender": "no_surrender",
    "play_ace_pairs": false,
    "max_splits": 4,
    "decks": 6,
    "penetration_cards": 46
  },
  "ev": 0.6722885900000032,
  "stddev": 0.660450926350903,
  "winning_distrib": {
    "-1.0": 10793939,
    "+0.0": 11183263,
    "+1.0": 78022798
  },
  "hands": {
    "total": 100000000,
    "won": 78022798,
    "lost": 10793939,
    "push": 11183263,
    "busted": 0,
    "blackjack": 0,
    "doubled": 0,
    "split": 0,
    "insured": 0,
    "surrender": 0
  }
}
