{
  "rounds": 100000000,
  "rules": {
    "game_type": "ahc",
    "soft17": "s17",
    "das": false,
    "double_down": "any_two",
    "surrender": "no_surrender",
    "play_ace_pairs": false,
    "max_splits": 4,
    "decks": 6,
    "penetration_cards": 46
  },
  "ev": -0.23214828999999962,
  "stddev": 0.9477965554027205,
  "winning_distrib": {
    "-1.0": 59217971,
    "+0.0": 4778887,
    "+1.0": 36003142
  },
  "hands": {
    "total": 100000000,
    "won": 36003142,
    "lost": 59217971,
    "push": 4778887,
    "busted": 30867728,
    "blackjack": 0,
    "doubled": 0,
    "split": 0,
    "insured": 0,
    "surrender": 0
  }
}
