{
  "rounds": 100000000,
  "rules": {
    "game_type": "ahc",
    "soft17": "s17",
    "das": true,
    "bj_pays": 1.5,
    "double_down": "any_two",
    "surrender": "early_surrender",
    "play_ace_pairs": false,
    "max_splits": 4,
    "decks": 6,
    "penetration_cards": 250
  },
  "ev": 0.12181844000000017,
  "stddev": 1.9265564265788213,
  "winning_distrib": {
    "-2.0": 43535281,
    "+0.0": 6838516,
    "+2.0": 49626203
  },
  "hands": {
    "total": 100000000,
    "won": 49626203,
    "lost": 43535281,
    "push": 6838516,
    "busted": 0,
    "blackjack": 0,
    "doubled": 100000000,
    "split": 0,
    "insured": 0,
    "surrender": 0
  }
}
