{
  "rounds": 100000000,
  "rules": {
    "game_type": "ahc",
    "soft17": "s17",
    "das": true,
    "bj_pays": 1.5,
    "double_down": "any_two",
    "surrender": "early_surrender",
    "play_ace_pairs": false,
    "max_splits": 4,
    "decks": 6,
    "penetration_cards": 250
  },
  "ev": -0.9046428099999936,
  "stddev": 0.4215684737886658,
  "winning_distrib": {
    "-1.0": 95037070,
    "+0.0": 390141,
    "+1.0": 4572789
  },
  "hands": {
    "total": 100000000,
    "won": 4572789,
    "lost": 95037070,
    "push": 390141,
    "busted": 66031489,
    "blackjack": 0,
    "doubled": 0,
    "split": 0,
    "insured": 0,
    "surrender": 0
  }
}
