{
  "rounds": 100000000,
  "rules": {
    "game_type": "ahc",
    "soft17": "h17",
    "das": false,
    "double_down": "any_two",
    "surrender": "no_surrender",
    "play_ace_pairs": false,
    "max_splits": 4,
    "decks": 6,
    "penetration_cards": 46
  },
  "ev": 0.0146923100000002,
  "stddev": 0.9462721357945306,
  "winning_distrib": {
    "-1.0": 44047725,
    "+0.0": 10435319,
    "+1.0": 45516956
  },
  "hands": {
    "total": 100000000,
    "won": 45516956,
    "lost": 44047725,
    "push": 10435319,
    "busted": 31901341,
    "blackjack": 0,
    "doubled": 0,
    "split": 0,
    "insured": 0,
    "surrender": 0
  }
}
