{
  "rounds": 100000000,
  "rules": {
    "game_type": "enhc",
    "soft17": "s17",
    "das": true,
    "double_down": "any_two",
    "surrender": "no_surrender",
    "play_ace_pairs": false,
    "max_splits": 4,
    "decks": 6,
    "penetration_cards": 46
  },
  "ev": -0.3035696800000152,
  "stddev": 0.9292902657515066,
  "winning_distrib": {
    "-1.0": 62965231,
    "+0.0": 4426506,
    "+1.0": 32608263
  },
  "hands": {
    "total": 100000000,
    "won": 32608263,
    "lost": 62965231,
    "push": 4426506,
    "busted": 46293258,
    "blackjack": 0,
    "doubled": 0,
    "split": 0,
    "insured": 0,
    "surrender": 0
  }
}
