{
  "rounds": 100000000,
  "rules": {
    "game_type": "ahc",
    "soft17": "s17",
    "das": true,
    "bj_pays": 1.5,
    "double_down": "any_two",
    "surrender": "early_surrender",
    "play_ace_pairs": false,
    "max_splits": 4,
    "decks": 6,
    "penetration_cards": 250
  },
  "ev": -1.1886281000000252,
  "stddev": 1.5847836019487904,
  "winning_distrib": {
    "-2.0": 78770400,
    "+0.0": 1890605,
    "+2.0": 19338995
  },
  "hands": {
    "total": 100000000,
    "won": 19338995,
    "lost": 78770400,
    "push": 1890605,
    "busted": 77050531,
    "blackjack": 0,
    "doubled": 100000000,
    "split": 0,
    "insured": 0,
    "surrender": 0
  }
}
