{
  "rounds": 10000000000,
  "rules": {
    "game_type": "ahc",
    "soft17": "s17",
    "das": true,
    "bj_pays": 1.5,
    "double_down": "any_two",
    "surrender": "no_surrender",
    "play_ace_pairs": false,
    "max_splits": 4,
    "decks": 6,
    "penetration_cards": 296
  },
  "ev": 0.13841612119997931,
  "stddev": 2.426984191376507,
  "winning_distrib": {
    "-14.0": 6,
    "-12.0": 2590,
    "-10.0": 232468,
    "-8.0": 8315887,
    "-6.0": 126382442,
    "-4.0": 892613187,
    "-2.0": 1939843770,
    "+0.0": 3593300663,
    "+2.0": 2223224997,
    "+4.0": 1051702622,
    "+6.0": 153715917,
    "+8.0": 10368985,
    "+10.0": 293194,
    "+12.0": 3260,
    "+14.0": 12
  },
  "hands": {
    "total": 10000000000,
    "won": 4971616673,
    "lost": 4342416391,
    "push": 685966936,
    "busted": 0,
    "blackjack": 0,
    "doubled": 10000000000,
    "split": 0,
    "insured": 0,
    "surrender": 0
  }
}
