{
  "rounds": 100000000,
  "rules": {
    "game_type": "enhc",
    "soft17": "h17",
    "das": true,
    "double_down": "any_two",
    "surrender": "no_surrender",
    "play_ace_pairs": false,
    "max_splits": 4,
    "decks": 6,
    "penetration_cards": 46
  },
  "ev": 0.3862892100000002,
  "stddev": 2.0800169373113837,
  "winning_distrib": {
    "-8.0": 4,
    "-7.0": 315,
    "-6.0": 8802,
    "-5.0": 123476,
    "-4.0": 955392,
    "-3.0": 5492437,
    "-2.0": 23135481,
    "-1.0": 8217318,
    "+0.0": 11001687,
    "+1.0": 3871145,
    "+2.0": 34331437,
    "+3.0": 10326928,
    "+4.0": 2142872,
    "+5.0": 355823,
    "+6.0": 35099,
    "+7.0": 1763,
    "+8.0": 21
  },
  "hands": {
    "total": 216704502,
    "won": 117852950,
    "lost": 84761161,
    "push": 14090391,
    "busted": 0,
    "blackjack": 0,
    "doubled": 18023148,
    "split": 216704502,
    "insured": 0,
    "surrender": 0
  }
}
