{
  "rounds": 100000000,
  "rules": {
    "game_type": "ahc",
    "soft17": "s17",
    "das": true,
    "bj_pays": 1.5,
    "double_down": "any_two",
    "surrender": "early_surrender",
    "play_ace_pairs": false,
    "max_splits": 4,
    "decks": 6,
    "penetration_cards": 250
  },
  "ev": -0.590355179999984,
  "stddev": 1.862614838376527,
  "winning_distrib": {
    "-2.0": 62482045,
    "+0.0": 4553669,
    "+2.0": 32964286
  },
  "hands": {
    "total": 100000000,
    "won": 32964286,
    "lost": 62482045,
    "push": 4553669,
    "busted": 39994626,
    "blackjack": 0,
    "doubled": 100000000,
    "split": 0,
    "insured": 0,
    "surrender": 0
  }
}
