{
  "rounds": 100000000,
  "rules": {
    "game_type": "ahc",
    "soft17": "s17",
    "das": true,
    "bj_pays": 1.5,
    "double_down": "any_two",
    "surrender": "early_surrender",
    "play_ace_pairs": false,
    "max_splits": 4,
    "decks": 6,
    "penetration_cards": 250
  },
  "ev": 0.6529777700000088,
  "stddev": 1.5940305540657587,
  "winning_distrib": {
    "-2.0": 18310043,
    "-1.0": 7697838,
    "+0.0": 17465230,
    "+1.0": 3438077,
    "+2.0": 53088812
  },
  "hands": {
    "total": 200000000,
    "won": 125795934,
    "lost": 60498157,
    "push": 13705909,
    "busted": 0,
    "blackjack": 0,
    "doubled": 0,
    "split": 200000000,
    "insured": 0,
    "surrender": 0
  }
}
