{
  "rounds": 100000000,
  "rules": {
    "game_type": "ahc",
    "soft17": "s17",
    "das": false,
    "double_down": "any_two",
    "surrender": "no_surrender",
    "play_ace_pairs": false,
    "max_splits": 4,
    "decks": 6,
    "penetration_cards": 46
  },
  "ev": -0.6135853399999979,
  "stddev": 0.756502489262295,
  "winning_distrib": {
    "-1.0": 78118416,
    "+0.0": 5121702,
    "+1.0": 16759882
  },
  "hands": {
    "total": 100000000,
    "won": 16759882,
    "lost": 78118416,
    "push": 5121702,
    "busted": 38381264,
    "blackjack": 0,
    "doubled": 0,
    "split": 0,
    "insured": 0,
    "surrender": 0
  }
}
