{
  "rounds": 100000000,
  "rules": {
    "game_type": "ahc",
    "soft17": "h17",
    "das": true,
    "double_down": "any_two",
    "surrender": "no_surrender",
    "play_ace_pairs": false,
    "max_splits": 4,
    "decks": 6,
    "penetration_cards": 46
  },
  "ev": -0.4619480699999993,
  "stddev": 0.8016973724857043,
  "winning_distrib": {
    "-1.0": 65903138,
    "+0.0": 14388531,
    "+1.0": 19708331
  },
  "hands": {
    "total": 100000000,
    "won": 19708331,
    "lost": 65903138,
    "push": 14388531,
    "busted": 0,
    "blackjack": 0,
    "doubled": 0,
    "split": 0,
    "insured": 0,
    "surrender": 0
  }
}
