{
  "rounds": 100000000,
  "rules": {
    "game_type": "ahc",
    "soft17": "s17",
    "das": true,
    "bj_pays": 1.5,
    "double_down": "any_two",
    "surrender": "early_surrender",
    "play_ace_pairs": false,
    "max_splits": 4,
    "decks": 6,
    "penetration_cards": 250
  },
  "ev": 0.33318643999999364,
  "stddev": 2.042754115876094,
  "winning_distrib": {
    "-8.0": 1,
    "-7.0": 219,
    "-6.0": 8163,
    "-5.0": 124759,
    "-4.0": 997888,
    "-3.0": 5299017,
    "-2.0": 22723170,
    "-1.0": 8690569,
    "+0.0": 13054013,
    "+1.0": 4861372,
    "+2.0": 32385160,
    "+3.0": 9440114,
    "+4.0": 2045654,
    "+5.0": 337068,
    "+6.0": 31376,
    "+7.0": 1432,
    "+8.0": 25
  },
  "hands": {
    "total": 218605350,
    "won": 115368732,
    "lost": 87055709,
    "push": 16180909,
    "busted": 5397899,
    "blackjack": 0,
    "doubled": 16463658,
    "split": 218605350,
    "insured": 0,
    "surrender": 0
  }
}
