{
  "rounds": 100000000,
  "rules": {
    "game_type": "enhc",
    "soft17": "h17",
    "das": true,
    "double_down": "any_two",
    "surrender": "no_surrender",
    "play_ace_pairs": false,
    "max_splits": 4,
    "decks": 6,
    "penetration_cards": 46
  },
  "ev": -1.3656817000000208,
  "stddev": 1.4019480282591457,
  "winning_distrib": {
    "-2.0": 82023852,
    "+0.0": 4236381,
    "+2.0": 13739767
  },
  "hands": {
    "total": 100000000,
    "won": 13739767,
    "lost": 82023852,
    "push": 4236381,
    "busted": 61511211,
    "blackjack": 0,
    "doubled": 100000000,
    "split": 0,
    "insured": 0,
    "surrender": 0
  }
}
