{
  "rounds": 100000000,
  "rules": {
    "game_type": "ahc",
    "soft17": "s17",
    "das": true,
    "double_down": "any_two",
    "surrender": "no_surrender",
    "play_ace_pairs": false,
    "max_splits": 4,
    "decks": 6,
    "penetration_cards": 46
  },
  "ev": 0.22043696999999554,
  "stddev": 0.9226541609780596,
  "winning_distrib": {
    "-1.0": 33972309,
    "+0.0": 10011685,
    "+1.0": 56016006
  },
  "hands": {
    "total": 100000000,
    "won": 56016006,
    "lost": 33972309,
    "push": 10011685,
    "busted": 21270245,
    "blackjack": 0,
    "doubled": 0,
    "split": 0,
    "insured": 0,
    "surrender": 0
  }
}
