{
  "rounds": 100000000,
  "rules": {
    "game_type": "ahc",
    "soft17": "s17",
    "das": true,
    "bj_pays": 1.5,
    "double_down": "any_two",
    "surrender": "early_surrender",
    "play_ace_pairs": false,
    "max_splits": 4,
    "decks": 6,
    "penetration_cards": 250
  },
  "ev": 0.15962012999999994,
  "stddev": 0.9195238836234879,
  "winning_distrib": {
    "-1.0": 35569131,
    "+0.0": 12899725,
    "+1.0": 51531144
  },
  "hands": {
    "total": 100000000,
    "won": 51531144,
    "lost": 35569131,
    "push": 12899725,
    "busted": 0,
    "blackjack": 0,
    "doubled": 0,
    "split": 0,
    "insured": 0,
    "surrender": 0
  }
}
