{
  "rounds": 100000000,
  "rules": {
    "game_type": "ahc",
    "soft17": "s17",
    "das": true,
    "bj_pays": 1.5,
    "double_down": "any_two",
    "surrender": "early_surrender",
    "play_ace_pairs": false,
    "max_splits": 4,
    "decks": 6,
    "penetration_cards": 250
  },
  "ev": 0.06949679999999897,
  "stddev": 0.9548705377733305,
  "winning_distrib": {
    "-1.0": 42355537,
    "+0.0": 8339246,
    "+1.0": 49305217
  },
  "hands": {
    "total": 100000000,
    "won": 49305217,
    "lost": 42355537,
    "push": 8339246,
    "busted": 32891217,
    "blackjack": 0,
    "doubled": 0,
    "split": 0,
    "insured": 0,
    "surrender": 0
  }
}
