{
  "rounds": 100000000,
  "rules": {
    "game_type": "enhc",
    "soft17": "s17",
    "das": false,
    "double_down": "any_two",
    "surrender": "no_surrender",
    "play_ace_pairs": false,
    "max_splits": 4,
    "decks": 6,
    "penetration_cards": 46
  },
  "ev": 0.00010793000000000938,
  "stddev": 0.985475229553075,
  "winning_distrib": {
    "-1.0": 48552675,
    "+0.0": 2883857,
    "+1.0": 48563468
  },
  "hands": {
    "total": 100000000,
    "won": 48563468,
    "lost": 48552675,
    "push": 2883857,
    "busted": 0,
    "blackjack": 0,
    "doubled": 0,
    "split": 0,
    "insured": 0,
    "surrender": 0
  }
}
