{
  "rounds": 100000000,
  "rules": {
    "game_type": "ahc",
    "soft17": "s17",
    "das": true,
    "bj_pays": 1.5,
    "double_down": "any_two",
    "surrender": "early_surrender",
    "play_ace_pairs": false,
    "max_splits": 4,
    "decks": 6,
    "penetration_cards": 250
  },
  "ev": -0.30589551000000226,
  "stddev": 0.8967393238858415,
  "winning_distrib": {
    "-1.0": 60180449,
    "+0.0": 10228653,
    "+1.0": 29590898
  },
  "hands": {
    "total": 100000000,
    "won": 29590898,
    "lost": 60180449,
    "push": 10228653,
    "busted": 22163969,
    "blackjack": 0,
    "doubled": 0,
    "split": 0,
    "insured": 0,
    "surrender": 0
  }
}
