{
  "rounds": 100000000,
  "rules": {
    "game_type": "ahc",
    "soft17": "s17",
    "das": true,
    "bj_pays": 1.5,
    "double_down": "any_two",
    "surrender": "early_surrender",
    "play_ace_pairs": false,
    "max_splits": 4,
    "decks": 6,
    "penetration_cards": 250
  },
  "ev": -1.7204914800000102,
  "stddev": 1.005410979329327,
  "winning_distrib": {
    "-2.0": 92649064,
    "+0.0": 726446,
    "+2.0": 6624490
  },
  "hands": {
    "total": 100000000,
    "won": 6624490,
    "lost": 92649064,
    "push": 726446,
    "busted": 92649064,
    "blackjack": 0,
    "doubled": 100000000,
    "split": 0,
    "insured": 0,
    "surrender": 0
  }
}
