{
  "rounds": 100000000,
  "rules": {
    "game_type": "ahc",
    "soft17": "h17",
    "das": false,
    "double_down": "any_two",
    "surrender": "no_surrender",
    "play_ace_pairs": false,
    "max_splits": 4,
    "decks": 6,
    "penetration_cards": 46
  },
  "ev": -0.9320772000000066,
  "stddev": 1.4269425403995097,
  "winning_distrib": {
    "-2.0": 48035212,
    "-1.0": 30875678,
    "+0.0": 4219919,
    "+2.0": 16869191
  },
  "hands": {
    "total": 100000000,
    "won": 16869191,
    "lost": 78910890,
    "push": 4219919,
    "busted": 26742523,
    "blackjack": 0,
    "doubled": 69124322,
    "split": 0,
    "insured": 0,
    "surrender": 0
  }
}
