{
  "rounds": 100000000,
  "rules": {
    "game_type": "ahc",
    "soft17": "s17",
    "das": true,
    "bj_pays": 1.5,
    "double_down": "any_two",
    "surrender": "early_surrender",
    "play_ace_pairs": false,
    "max_splits": 4,
    "decks": 6,
    "penetration_cards": 250
  },
  "ev": 0.27258824000000365,
  "stddev": 1.904013846500718,
  "winning_distrib": {
    "-2.0": 39429957,
    "+0.0": 7510674,
    "+2.0": 53059369
  },
  "hands": {
    "total": 100000000,
    "won": 53059369,
    "lost": 39429957,
    "push": 7510674,
    "busted": 0,
    "blackjack": 0,
    "doubled": 100000000,
    "split": 0,
    "insured": 0,
    "surrender": 0
  }
}
