{
  "rounds": 100000000,
  "rules": {
    "game_type": "ahc",
    "soft17": "h17",
    "das": true,
    "double_down": "any_two",
    "surrender": "no_surrender",
    "play_ace_pairs": false,
    "max_splits": 4,
    "decks": 6,
    "penetration_cards": 46
  },
  "ev": 0.13238147999999483,
  "stddev": 1.9505405563071712,
  "winning_distrib": {
    "-2.0": 44467129,
    "+0.0": 4446668,
    "+2.0": 51086203
  },
  "hands": {
    "total": 100000000,
    "won": 51086203,
    "lost": 44467129,
    "push": 4446668,
    "busted": 0,
    "blackjack": 0,
    "doubled": 100000000,
    "split": 0,
    "insured": 0,
    "surrender": 0
  }
}
