{
  "rounds": 100000000,
  "rules": {
    "game_type": "ahc",
    "soft17": "h17",
    "das": false,
    "double_down": "any_two",
    "surrender": "no_surrender",
    "play_ace_pairs": false,
    "max_splits": 4,
    "decks": 6,
    "penetration_cards": 46
  },
  "ev": 0.14409453999999897,
  "stddev": 1.9053689511080454,
  "winning_distrib": {
    "-2.0": 42037562,
    "+0.0": 8720149,
    "+2.0": 49242289
  },
  "hands": {
    "total": 100000000,
    "won": 49242289,
    "lost": 42037562,
    "push": 8720149,
    "busted": 0,
    "blackjack": 0,
    "doubled": 100000000,
    "split": 0,
    "insured": 0,
    "surrender": 0
  }
}
