{
  "rounds": 100000000,
  "rules": {
    "game_type": "enhc",
    "soft17": "h17",
    "das": true,
    "double_down": "any_two",
    "surrender": "no_surrender",
    "play_ace_pairs": false,
    "max_splits": 4,
    "decks": 6,
    "penetration_cards": 46
  },
  "ev": -0.2851815700000104,
  "stddev": 0.9076851493614196,
  "winning_distrib": {
    "-1.0": 59520121,
    "+0.0": 9477915,
    "+1.0": 31001964
  },
  "hands": {
    "total": 100000000,
    "won": 31001964,
    "lost": 59520121,
    "push": 9477915,
    "busted": 21288116,
    "blackjack": 0,
    "doubled": 0,
    "split": 0,
    "insured": 0,
    "surrender": 0
  }
}
