{
  "rounds": 100000000,
  "rules": {
    "game_type": "ahc",
    "soft17": "s17",
    "das": true,
    "bj_pays": 1.5,
    "double_down": "any_two",
    "surrender": "early_surrender",
    "play_ace_pairs": false,
    "max_splits": 4,
    "decks": 6,
    "penetration_cards": 250
  },
  "ev": -1.175946389999973,
  "stddev": 1.2636805505406912,
  "winning_distrib": {
    "-2.0": 55104641,
    "-1.0": 30775331,
    "+0.0": 2425041,
    "+2.0": 11694987
  },
  "hands": {
    "total": 100000000,
    "won": 11694987,
    "lost": 85879972,
    "push": 2425041,
    "busted": 53275494,
    "blackjack": 0,
    "doubled": 69224669,
    "split": 0,
    "insured": 0,
    "surrender": 0
  }
}
