{
  "rounds": 100000000,
  "rules": {
    "game_type": "ahc",
    "soft17": "s17",
    "das": true,
    "bj_pays": 1.5,
    "double_down": "any_two",
    "surrender": "early_surrender",
    "play_ace_pairs": false,
    "max_splits": 4,
    "decks": 6,
    "penetration_cards": 250
  },
  "ev": -0.027023670000000204,
  "stddev": 2.5666048073543335,
  "winning_distrib": {
    "-8.0": 1211,
    "-7.0": 19937,
    "-6.0": 163421,
    "-5.0": 803684,
    "-4.0": 3637675,
    "-3.0": 14208178,
    "-2.0": 25254644,
    "-1.0": 5623459,
    "+0.0": 4891993,
    "+1.0": 5282210,
    "+2.0": 18443767,
    "+3.0": 15090723,
    "+4.0": 5008909,
    "+5.0": 1201678,
    "+6.0": 315626,
    "+7.0": 48968,
    "+8.0": 3917
  },
  "hands": {
    "total": 218186328,
    "won": 98847622,
    "lost": 111349784,
    "push": 7988922,
    "busted": 0,
    "blackjack": 0,
    "doubled": 56774706,
    "split": 218186328,
    "insured": 0,
    "surrender": 0
  }
}
