{
  "rounds": 100000000,
  "rules": {
    "game_type": "enhc",
    "soft17": "s17",
    "das": false,
    "double_down": "any_two",
    "surrender": "no_surrender",
    "play_ace_pairs": false,
    "max_splits": 4,
    "decks": 6,
    "penetration_cards": 46
  },
  "ev": -0.3745090000000052,
  "stddev": 0.8748736003406552,
  "winning_distrib": {
    "-1.0": 64008490,
    "+0.0": 9433920,
    "+1.0": 26557590
  },
  "hands": {
    "total": 100000000,
    "won": 26557590,
    "lost": 64008490,
    "push": 9433920,
    "busted": 21313586,
    "blackjack": 0,
    "doubled": 0,
    "split": 0,
    "insured": 0,
    "surrender": 0
  }
}
