{
  "rounds": 100000000,
  "rules": {
    "game_type": "ahc",
    "soft17": "h17",
    "das": false,
    "double_down": "any_two",
    "surrender": "no_surrender",
    "play_ace_pairs": false,
    "max_splits": 4,
    "decks": 6,
    "penetration_cards": 46
  },
  "ev": -0.4196545699999981,
  "stddev": 0.8801166625079715,
  "winning_distrib": {
    "-1.0": 68518493,
    "+0.0": 4928471,
    "+1.0": 26553036
  },
  "hands": {
    "total": 100000000,
    "won": 26553036,
    "lost": 68518493,
    "push": 4928471,
    "busted": 53939452,
    "blackjack": 0,
    "doubled": 0,
    "split": 0,
    "insured": 0,
    "surrender": 0
  }
}
