{
  "rounds": 100000000,
  "rules": {
    "game_type": "ahc",
    "soft17": "s17",
    "das": true,
    "bj_pays": 1.5,
    "double_down": "any_two",
    "surrender": "early_surrender",
    "play_ace_pairs": false,
    "max_splits": 4,
    "decks": 6,
    "penetration_cards": 250
  },
  "ev": 0.1795054400000009,
  "stddev": 1.9468199287328867,
  "winning_distrib": {
    "-2.0": 43291489,
    "+0.0": 4441750,
    "+2.0": 52266761
  },
  "hands": {
    "total": 100000000,
    "won": 52266761,
    "lost": 43291489,
    "push": 4441750,
    "busted": 0,
    "blackjack": 0,
    "doubled": 100000000,
    "split": 0,
    "insured": 0,
    "surrender": 0
  }
}
