{
  "rounds": 100000000,
  "rules": {
    "game_type": "ahc",
    "soft17": "s17",
    "das": true,
    "bj_pays": 1.5,
    "double_down": "any_two",
    "surrender": "early_surrender",
    "play_ace_pairs": false,
    "max_splits": 4,
    "decks": 6,
    "penetration_cards": 250
  },
  "ev": -0.6833290799999959,
  "stddev": 1.812970590300651,
  "winning_distrib": {
    "-2.0": 64005739,
    "+0.0": 6154976,
    "+2.0": 29839285
  },
  "hands": {
    "total": 100000000,
    "won": 29839285,
    "lost": 64005739,
    "push": 6154976,
    "busted": 28990356,
    "blackjack": 0,
    "doubled": 100000000,
    "split": 0,
    "insured": 0,
    "surrender": 0
  }
}
