{
  "rounds": 100000000,
  "rules": {
    "game_type": "ahc",
    "soft17": "s17",
    "das": false,
    "double_down": "any_two",
    "surrender": "no_surrender",
    "play_ace_pairs": false,
    "max_splits": 4,
    "decks": 6,
    "penetration_cards": 46
  },
  "ev": 0.152302989999998,
  "stddev": 0.9287048820061116,
  "winning_distrib": {
    "-1.0": 36669298,
    "+0.0": 11431105,
    "+1.0": 51899597
  },
  "hands": {
    "total": 100000000,
    "won": 51899597,
    "lost": 36669298,
    "push": 11431105,
    "busted": 21318210,
    "blackjack": 0,
    "doubled": 0,
    "split": 0,
    "insured": 0,
    "surrender": 0
  }
}
