{
  "rounds": 100000000,
  "rules": {
    "game_type": "ahc",
    "soft17": "h17",
    "das": false,
    "double_down": "any_two",
    "surrender": "no_surrender",
    "play_ace_pairs": false,
    "max_splits": 4,
    "decks": 6,
    "penetration_cards": 46
  },
  "ev": -1.7080731200000199,
  "stddev": 1.0242087615440023,
  "winning_distrib": {
    "-2.0": 92283295,
    "+0.0": 837066,
    "+2.0": 6879639
  },
  "hands": {
    "total": 100000000,
    "won": 6879639,
    "lost": 92283295,
    "push": 837066,
    "busted": 92283295,
    "blackjack": 0,
    "doubled": 100000000,
    "split": 0,
    "insured": 0,
    "surrender": 0
  }
}
