{
  "rounds": 100000000,
  "rules": {
    "game_type": "ahc",
    "soft17": "s17",
    "das": true,
    "bj_pays": 1.5,
    "double_down": "any_two",
    "surrender": "early_surrender",
    "play_ace_pairs": false,
    "max_splits": 4,
    "decks": 6,
    "penetration_cards": 250
  },
  "ev": -0.7843342899999892,
  "stddev": 1.7197215708086677,
  "winning_distrib": {
    "-2.0": 61921847,
    "-1.0": 6251445,
    "+0.0": 5995853,
    "+2.0": 25830855
  },
  "hands": {
    "total": 100000000,
    "won": 25830855,
    "lost": 68173292,
    "push": 5995853,
    "busted": 33202674,
    "blackjack": 0,
    "doubled": 93748555,
    "split": 0,
    "insured": 0,
    "surrender": 0
  }
}
