{
  "rounds": 100000000,
  "rules": {
    "game_type": "ahc",
    "soft17": "s17",
    "das": true,
    "bj_pays": 1.5,
    "double_down": "any_two",
    "surrender": "early_surrender",
    "play_ace_pairs": false,
    "max_splits": 4,
    "decks": 6,
    "penetration_cards": 250
  },
  "ev": -0.48022082999999954,
  "stddev": 0.8607379344741457,
  "winning_distrib": {
    "-1.0": 72585133,
    "+0.0": 2851817,
    "+1.0": 24563050
  },
  "hands": {
    "total": 100000000,
    "won": 24563050,
    "lost": 72585133,
    "push": 2851817,
    "busted": 68998797,
    "blackjack": 0,
    "doubled": 0,
    "split": 0,
    "insured": 0,
    "surrender": 0
  }
}
