{
  "rounds": 100000000,
  "rules": {
    "game_type": "ahc",
    "soft17": "s17",
    "das": true,
    "bj_pays": 1.5,
    "double_down": "any_two",
    "surrender": "early_surrender",
    "play_ace_pairs": false,
    "max_splits": 4,
    "decks": 6,
    "penetration_cards": 250
  },
  "ev": 0.6873836099999971,
  "stddev": 0.6491558879940946,
  "winning_distrib": {
    "-1.0": 10325799,
    "+0.0": 10610041,
    "+1.0": 79064160
  },
  "hands": {
    "total": 100000000,
    "won": 79064160,
    "lost": 10325799,
    "push": 10610041,
    "busted": 0,
    "blackjack": 0,
    "doubled": 0,
    "split": 0,
    "insured": 0,
    "surrender": 0
  }
}
