{
  "rounds": 100000000,
  "rules": {
    "game_type": "ahc",
    "soft17": "s17",
    "das": true,
    "bj_pays": 1.5,
    "double_down": "any_two",
    "surrender": "early_surrender",
    "play_ace_pairs": false,
    "max_splits": 4,
    "decks": 6,
    "penetration_cards": 250
  },
  "ev": 0.24598172000000024,
  "stddev": 2.7017254350542204,
  "winning_distrib": {
    "-8.0": 2744,
    "-7.0": 32248,
    "-6.0": 214995,
    "-5.0": 887668,
    "-4.0": 4188162,
    "-3.0": 14596129,
    "-2.0": 20205330,
    "-1.0": 4782833,
    "+0.0": 4259970,
    "+1.0": 5728046,
    "+2.0": 17096318,
    "+3.0": 18563552,
    "+4.0": 7234230,
    "+5.0": 1600957,
    "+6.0": 502812,
    "+7.0": 93265,
    "+8.0": 10741
  },
  "hands": {
    "total": 216818754,
    "won": 108540439,
    "lost": 101021082,
    "push": 7257233,
    "busted": 0,
    "blackjack": 0,
    "doubled": 72420895,
    "split": 216818754,
    "insured": 0,
    "surrender": 0
  }
}
