{
  "rounds": 100000000,
  "rules": {
    "game_type": "ahc",
    "soft17": "s17",
    "das": true,
    "bj_pays": 1.5,
    "double_down": "any_two",
    "surrender": "early_surrender",
    "play_ace_pairs": false,
    "max_splits": 4,
    "decks": 6,
    "penetration_cards": 250
  },
  "ev": 0.1257204200000037,
  "stddev": 1.865254082098944,
  "winning_distrib": {
    "-2.0": 37482921,
    "-1.0": 8163462,
    "+0.0": 6502944,
    "+2.0": 47850673
  },
  "hands": {
    "total": 100000000,
    "won": 47850673,
    "lost": 45646383,
    "push": 6502944,
    "busted": 0,
    "blackjack": 0,
    "doubled": 91836538,
    "split": 0,
    "insured": 0,
    "surrender": 0
  }
}
