{
  "rounds": 100000000,
  "rules": {
    "game_type": "ahc",
    "soft17": "s17",
    "das": true,
    "bj_pays": 1.5,
    "double_down": "any_two",
    "surrender": "early_surrender",
    "play_ace_pairs": false,
    "max_splits": 4,
    "decks": 6,
    "penetration_cards": 250
  },
  "ev": -0.18696797000000223,
  "stddev": 0.9606542236531558,
  "winning_distrib": {
    "-1.0": 57239076,
    "+0.0": 4218645,
    "+1.0": 38542279
  },
  "hands": {
    "total": 100000000,
    "won": 38542279,
    "lost": 57239076,
    "push": 4218645,
    "busted": 34786110,
    "blackjack": 0,
    "doubled": 0,
    "split": 0,
    "insured": 0,
    "surrender": 0
  }
}
