{
  "rounds": 100000000,
  "rules": {
    "game_type": "ahc",
    "soft17": "h17",
    "das": false,
    "double_down": "any_two",
    "surrender": "no_surrender",
    "play_ace_pairs": false,
    "max_splits": 4,
    "decks": 6,
    "penetration_cards": 46
  },
  "ev": 0.7918268499999955,
  "stddev": 0.5511570671385982,
  "winning_distrib": {
    "-1.0": 6946851,
    "+0.0": 6923613,
    "+1.0": 86129536
  },
  "hands": {
    "total": 100000000,
    "won": 86129536,
    "lost": 6946851,
    "push": 6923613,
    "busted": 0,
    "blackjack": 0,
    "doubled": 0,
    "split": 0,
    "insured": 0,
    "surrender": 0
  }
}
