{
  "rounds": 100000000,
  "rules": {
    "game_type": "ahc",
    "soft17": "s17",
    "das": true,
    "bj_pays": 1.5,
    "double_down": "any_two",
    "surrender": "early_surrender",
    "play_ace_pairs": false,
    "max_splits": 4,
    "decks": 6,
    "penetration_cards": 250
  },
  "ev": 0.37303998999999666,
  "stddev": 0.8526104990734292,
  "winning_distrib": {
    "-1.0": 24653175,
    "+0.0": 13389651,
    "+1.0": 61957174
  },
  "hands": {
    "total": 100000000,
    "won": 61957174,
    "lost": 24653175,
    "push": 13389651,
    "busted": 0,
    "blackjack": 0,
    "doubled": 0,
    "split": 0,
    "insured": 0,
    "surrender": 0
  }
}
