{
  "rounds": 100000000,
  "rules": {
    "game_type": "ahc",
    "soft17": "s17",
    "das": true,
    "bj_pays": 1.5,
    "double_down": "any_two",
    "surrender": "early_surrender",
    "play_ace_pairs": false,
    "max_splits": 4,
    "decks": 6,
    "penetration_cards": 250
  },
  "ev": -0.08165427999999884,
  "stddev": 0.9501458243793021,
  "winning_distrib": {
    "-1.0": 49554939,
    "+0.0": 9055550,
    "+1.0": 41389511
  },
  "hands": {
    "total": 100000000,
    "won": 41389511,
    "lost": 49554939,
    "push": 9055550,
    "busted": 39087960,
    "blackjack": 0,
    "doubled": 0,
    "split": 0,
    "insured": 0,
    "surrender": 0
  }
}
