{
  "rounds": 100000000,
  "rules": {
    "game_type": "ahc",
    "soft17": "s17",
    "das": true,
    "bj_pays": 1.5,
    "double_down": "any_two",
    "surrender": "early_surrender",
    "play_ace_pairs": false,
    "max_splits": 4,
    "decks": 6,
    "penetration_cards": 250
  },
  "ev": 0.0862614800000013,
  "stddev": 1.9436568305249524,
  "winning_distrib": {
    "-2.0": 45158999,
    "+0.0": 5368928,
    "+2.0": 49472073
  },
  "hands": {
    "total": 100000000,
    "won": 49472073,
    "lost": 45158999,
    "push": 5368928,
    "busted": 0,
    "blackjack": 0,
    "doubled": 100000000,
    "split": 0,
    "insured": 0,
    "surrender": 0
  }
}
