{
  "rounds": 100000000,
  "rules": {
    "game_type": "ahc",
    "soft17": "s17",
    "das": true,
    "bj_pays": 1.5,
    "double_down": "any_two",
    "surrender": "early_surrender",
    "play_ace_pairs": false,
    "max_splits": 4,
    "decks": 6,
    "penetration_cards": 250
  },
  "ev": -0.7176086199999799,
  "stddev": 1.7809901797093186,
  "winning_distrib": {
    "-2.0": 64026317,
    "+0.0": 7827797,
    "+2.0": 28145886
  },
  "hands": {
    "total": 100000000,
    "won": 28145886,
    "lost": 64026317,
    "push": 7827797,
    "busted": 0,
    "blackjack": 0,
    "doubled": 100000000,
    "split": 0,
    "insured": 0,
    "surrender": 0
  }
}
