{
  "rounds": 100000000,
  "rules": {
    "game_type": "enhc",
    "soft17": "s17",
    "das": true,
    "double_down": "any_two",
    "surrender": "no_surrender",
    "play_ace_pairs": false,
    "max_splits": 4,
    "decks": 6,
    "penetration_cards": 46
  },
  "ev": -0.2258536099999995,
  "stddev": 1.7360065918616645,
  "winning_distrib": {
    "-4.0": 472995,
    "-3.0": 6272585,
    "-2.0": 24508412,
    "-1.0": 11720912,
    "+0.0": 26048073,
    "+1.0": 11235674,
    "+2.0": 12486294,
    "+3.0": 6366372,
    "+4.0": 888683
  },
  "hands": {
    "total": 200000000,
    "won": 76968011,
    "lost": 104550070,
    "push": 18481919,
    "busted": 68831493,
    "blackjack": 0,
    "doubled": 30846810,
    "split": 200000000,
    "insured": 0,
    "surrender": 0
  }
}
