{
  "rounds": 100000000,
  "rules": {
    "game_type": "ahc",
    "soft17": "s17",
    "das": false,
    "double_down": "any_two",
    "surrender": "no_surrender",
    "play_ace_pairs": false,
    "max_splits": 4,
    "decks": 6,
    "penetration_cards": 46
  },
  "ev": 0.08295524000000024,
  "stddev": 0.9569713461303323,
  "winning_distrib": {
    "-1.0": 41986024,
    "+0.0": 7732428,
    "+1.0": 50281548
  },
  "hands": {
    "total": 100000000,
    "won": 50281548,
    "lost": 41986024,
    "push": 7732428,
    "busted": 10528352,
    "blackjack": 0,
    "doubled": 0,
    "split": 0,
    "insured": 0,
    "surrender": 0
  }
}
