{
  "rounds": 100000000,
  "rules": {
    "game_type": "ahc",
    "soft17": "s17",
    "das": true,
    "bj_pays": 1.5,
    "double_down": "any_two",
    "surrender": "early_surrender",
    "play_ace_pairs": false,
    "max_splits": 4,
    "decks": 6,
    "penetration_cards": 250
  },
  "ev": 0.7361217800000033,
  "stddev": 1.7839793487693605,
  "winning_distrib": {
    "-2.0": 28152675,
    "+0.0": 6888561,
    "+2.0": 64958764
  },
  "hands": {
    "total": 100000000,
    "won": 64958764,
    "lost": 28152675,
    "push": 6888561,
    "busted": 0,
    "blackjack": 0,
    "doubled": 100000000,
    "split": 0,
    "insured": 0,
    "surrender": 0
  }
}
