{
  "rounds": 100000000,
  "rules": {
    "game_type": "ahc",
    "soft17": "h17",
    "das": true,
    "double_down": "any_two",
    "surrender": "no_surrender",
    "play_ace_pairs": false,
    "max_splits": 4,
    "decks": 6,
    "penetration_cards": 46
  },
  "ev": 0.5246504299999942,
  "stddev": 1.5721137875536235,
  "winning_distrib": {
    "-2.0": 18311430,
    "-1.0": 8870240,
    "+0.0": 22163126,
    "+1.0": 3352265,
    "+2.0": 47302939
  },
  "hands": {
    "total": 200000000,
    "won": 118728037,
    "lost": 66262994,
    "push": 15008969,
    "busted": 0,
    "blackjack": 0,
    "doubled": 0,
    "split": 200000000,
    "insured": 0,
    "surrender": 0
  }
}
