{
  "rounds": 100000000,
  "rules": {
    "game_type": "ahc",
    "soft17": "s17",
    "das": true,
    "bj_pays": 1.5,
    "double_down": "any_two",
    "surrender": "early_surrender",
    "play_ace_pairs": false,
    "max_splits": 4,
    "decks": 6,
    "penetration_cards": 250
  },
  "ev": -0.8707192999999803,
  "stddev": 1.7506648255036719,
  "winning_distrib": {
    "-2.0": 69555225,
    "+0.0": 4425515,
    "+2.0": 26019260
  },
  "hands": {
    "total": 100000000,
    "won": 26019260,
    "lost": 69555225,
    "push": 4425515,
    "busted": 56004016,
    "blackjack": 0,
    "doubled": 100000000,
    "split": 0,
    "insured": 0,
    "surrender": 0
  }
}
