{
  "rounds": 100000000,
  "rules": {
    "game_type": "ahc",
    "soft17": "h17",
    "das": false,
    "double_down": "any_two",
    "surrender": "no_surrender",
    "play_ace_pairs": false,
    "max_splits": 4,
    "decks": 6,
    "penetration_cards": 46
  },
  "ev": -0.9136745800000036,
  "stddev": 1.7258761345033755,
  "winning_distrib": {
    "-2.0": 70509985,
    "+0.0": 4663759,
    "+2.0": 24826256
  },
  "hands": {
    "total": 100000000,
    "won": 24826256,
    "lost": 70509985,
    "push": 4663759,
    "busted": 61406230,
    "blackjack": 0,
    "doubled": 100000000,
    "split": 0,
    "insured": 0,
    "surrender": 0
  }
}
