{
  "rounds": 100000000,
  "rules": {
    "game_type": "ahc",
    "soft17": "s17",
    "das": false,
    "double_down": "any_two",
    "surrender": "no_surrender",
    "play_ace_pairs": false,
    "max_splits": 4,
    "decks": 6,
    "penetration_cards": 46
  },
  "ev": 0.3413793299999964,
  "stddev": 1.4849546946286318,
  "winning_distrib": {
    "-2.0": 18504986,
    "-1.0": 8169413,
    "+0.0": 29336459,
    "+1.0": 8660966,
    "+2.0": 35328176
  },
  "hands": {
    "total": 200000000,
    "won": 106818410,
    "lost": 72680477,
    "push": 20501113,
    "busted": 45836523,
    "blackjack": 0,
    "doubled": 0,
    "split": 200000000,
    "insured": 0,
    "surrender": 0
  }
}
