{
  "rounds": 100000000,
  "rules": {
    "game_type": "enhc",
    "soft17": "s17",
    "das": false,
    "double_down": "any_two",
    "surrender": "no_surrender",
    "play_ace_pairs": false,
    "max_splits": 4,
    "decks": 6,
    "penetration_cards": 46
  },
  "ev": -0.33463901999999257,
  "stddev": 0.9177665142705899,
  "winning_distrib": {
    "-1.0": 64445883,
    "+0.0": 4572136,
    "+1.0": 30981981
  },
  "hands": {
    "total": 100000000,
    "won": 30981981,
    "lost": 64445883,
    "push": 4572136,
    "busted": 46214801,
    "blackjack": 0,
    "doubled": 0,
    "split": 0,
    "insured": 0,
    "surrender": 0
  }
}
