{
  "rounds": 100000000,
  "rules": {
    "game_type": "ahc",
    "soft17": "s17",
    "das": true,
    "bj_pays": 1.5,
    "double_down": "any_two",
    "surrender": "early_surrender",
    "play_ace_pairs": false,
    "max_splits": 4,
    "decks": 6,
    "penetration_cards": 250
  },
  "ev": -0.32407259000000627,
  "stddev": 0.9258859297901447,
  "winning_distrib": {
    "-1.0": 64318019,
    "+0.0": 3771221,
    "+1.0": 31910760
  },
  "hands": {
    "total": 100000000,
    "won": 31910760,
    "lost": 64318019,
    "push": 3771221,
    "busted": 50000970,
    "blackjack": 0,
    "doubled": 0,
    "split": 0,
    "insured": 0,
    "surrender": 0
  }
}
