{
  "rounds": 100000000,
  "rules": {
    "game_type": "enhc",
    "soft17": "h17",
    "das": true,
    "double_down": "any_two",
    "surrender": "no_surrender",
    "play_ace_pairs": false,
    "max_splits": 4,
    "decks": 6,
    "penetration_cards": 46
  },
  "ev": -0.2851882800000004,
  "stddev": 0.9038144129850111,
  "winning_distrib": {
    "-1.0": 59170056,
    "+0.0": 10178716,
    "+1.0": 30651228
  },
  "hands": {
    "total": 100000000,
    "won": 30651228,
    "lost": 59170056,
    "push": 10178716,
    "busted": 27877107,
    "blackjack": 0,
    "doubled": 0,
    "split": 0,
    "insured": 0,
    "surrender": 0
  }
}
