{
  "rounds": 100000000,
  "rules": {
    "game_type": "ahc",
    "soft17": "s17",
    "das": true,
    "bj_pays": 1.5,
    "double_down": "any_two",
    "surrender": "early_surrender",
    "play_ace_pairs": false,
    "max_splits": 4,
    "decks": 6,
    "penetration_cards": 250
  },
  "ev": -0.32425944999999523,
  "stddev": 0.9258276986876537,
  "winning_distrib": {
    "-1.0": 64328028,
    "+0.0": 3769889,
    "+1.0": 31902083
  },
  "hands": {
    "total": 100000000,
    "won": 31902083,
    "lost": 64328028,
    "push": 3769889,
    "busted": 50011761,
    "blackjack": 0,
    "doubled": 0,
    "split": 0,
    "insured": 0,
    "surrender": 0
  }
}
