{
  "rounds": 100000000,
  "rules": {
    "game_type": "enhc",
    "soft17": "h17",
    "das": true,
    "double_down": "any_two",
    "surrender": "no_surrender",
    "play_ace_pairs": false,
    "max_splits": 4,
    "decks": 6,
    "penetration_cards": 46
  },
  "ev": 0.4156272600000132,
  "stddev": 0.839265290470519,
  "winning_distrib": {
    "-1.0": 23074249,
    "+0.0": 12288776,
    "+1.0": 64636975
  },
  "hands": {
    "total": 100000000,
    "won": 64636975,
    "lost": 23074249,
    "push": 12288776,
    "busted": 0,
    "blackjack": 0,
    "doubled": 0,
    "split": 0,
    "insured": 0,
    "surrender": 0
  }
}
