{
  "rounds": 100000000,
  "rules": {
    "game_type": "ahc",
    "soft17": "s17",
    "das": true,
    "bj_pays": 1.5,
    "double_down": "any_two",
    "surrender": "early_surrender",
    "play_ace_pairs": false,
    "max_splits": 4,
    "decks": 6,
    "penetration_cards": 250
  },
  "ev": 0.24124846000000355,
  "stddev": 0.9357909752207972,
  "winning_distrib": {
    "-1.0": 34632855,
    "+0.0": 6609444,
    "+1.0": 58757701
  },
  "hands": {
    "total": 100000000,
    "won": 58757701,
    "lost": 34632855,
    "push": 6609444,
    "busted": 0,
    "blackjack": 0,
    "doubled": 0,
    "split": 0,
    "insured": 0,
    "surrender": 0
  }
}
