{
  "rounds": 100000000,
  "rules": {
    "game_type": "ahc",
    "soft17": "s17",
    "das": true,
    "bj_pays": 1.5,
    "double_down": "any_two",
    "surrender": "early_surrender",
    "play_ace_pairs": false,
    "max_splits": 4,
    "decks": 6,
    "penetration_cards": 250
  },
  "ev": -1.0397927800000106,
  "stddev": 1.6633112042927976,
  "winning_distrib": {
    "-2.0": 74091984,
    "+0.0": 3805671,
    "+2.0": 22102345
  },
  "hands": {
    "total": 100000000,
    "won": 22102345,
    "lost": 74091984,
    "push": 3805671,
    "busted": 68876430,
    "blackjack": 0,
    "doubled": 100000000,
    "split": 0,
    "insured": 0,
    "surrender": 0
  }
}
