{
  "rounds": 100000000,
  "rules": {
    "game_type": "ahc",
    "soft17": "s17",
    "das": false,
    "double_down": "any_two",
    "surrender": "no_surrender",
    "play_ace_pairs": false,
    "max_splits": 4,
    "decks": 6,
    "penetration_cards": 46
  },
  "ev": 0.4405516799999972,
  "stddev": 0.8295347154462303,
  "winning_distrib": {
    "-1.0": 22083097,
    "+0.0": 11778638,
    "+1.0": 66138265
  },
  "hands": {
    "total": 100000000,
    "won": 66138265,
    "lost": 22083097,
    "push": 11778638,
    "busted": 0,
    "blackjack": 0,
    "doubled": 0,
    "split": 0,
    "insured": 0,
    "surrender": 0
  }
}
