{
  "rounds": 100000000,
  "rules": {
    "game_type": "ahc",
    "soft17": "s17",
    "das": true,
    "bj_pays": 1.5,
    "double_down": "any_two",
    "surrender": "early_surrender",
    "play_ace_pairs": false,
    "max_splits": 4,
    "decks": 6,
    "penetration_cards": 250
  },
  "ev": -0.7292668100000024,
  "stddev": 0.6704945147635847,
  "winning_distrib": {
    "-1.0": 85532989,
    "+0.0": 1860703,
    "+1.0": 12606308
  },
  "hands": {
    "total": 100000000,
    "won": 12606308,
    "lost": 85532989,
    "push": 1860703,
    "busted": 84624709,
    "blackjack": 0,
    "doubled": 0,
    "split": 0,
    "insured": 0,
    "surrender": 0
  }
}
