{
  "rounds": 100000000,
  "rules": {
    "game_type": "ahc",
    "soft17": "s17",
    "das": true,
    "bj_pays": 1.5,
    "double_down": "any_two",
    "surrender": "early_surrender",
    "play_ace_pairs": false,
    "max_splits": 4,
    "decks": 6,
    "penetration_cards": 250
  },
  "ev": -0.49842805,
  "stddev": 0.8394090993188437,
  "winning_distrib": {
    "-1.0": 72573310,
    "+0.0": 4696185,
    "+1.0": 22730505
  },
  "hands": {
    "total": 100000000,
    "won": 22730505,
    "lost": 72573310,
    "push": 4696185,
    "busted": 63200892,
    "blackjack": 0,
    "doubled": 0,
    "split": 0,
    "insured": 0,
    "surrender": 0
  }
}
