{
  "rounds": 100000000,
  "rules": {
    "game_type": "enhc",
    "soft17": "h17",
    "das": true,
    "bj_pays": 1.5,
    "double_down": "any_two",
    "surrender": "no_surrender",
    "play_ace_pairs": false,
    "max_splits": 4,
    "decks": 6,
    "penetration_cards": 250
  },
  "ev": -0.5525672800000156,
  "stddev": 1.9116590484753495,
  "winning_distrib": {
    "-2.0": 63311318,
    "+0.0": 1005728,
    "+2.0": 35682954
  },
  "hands": {
    "total": 100000000,
    "won": 35682954,
    "lost": 63311318,
    "push": 1005728,
    "busted": 0,
    "blackjack": 0,
    "doubled": 100000000,
    "split": 0,
    "insured": 0,
    "surrender": 0
  }
}
