{
  "rounds": 100000000,
  "rules": {
    "game_type": "ahc",
    "soft17": "s17",
    "das": true,
    "bj_pays": 1.5,
    "double_down": "any_two",
    "surrender": "early_surrender",
    "play_ace_pairs": false,
    "max_splits": 4,
    "decks": 6,
    "penetration_cards": 250
  },
  "ev": -1.3283802499999682,
  "stddev": 1.1443105585916837,
  "winning_distrib": {
    "-2.0": 60761998,
    "-1.0": 28994713,
    "+0.0": 1402947,
    "+2.0": 8840342
  },
  "hands": {
    "total": 100000000,
    "won": 8840342,
    "lost": 89756711,
    "push": 1402947,
    "busted": 60371440,
    "blackjack": 0,
    "doubled": 71005287,
    "split": 0,
    "insured": 0,
    "surrender": 0
  }
}
