{
  "rounds": 100000000,
  "rules": {
    "game_type": "enhc",
    "soft17": "s17",
    "das": false,
    "double_down": "any_two",
    "surrender": "no_surrender",
    "play_ace_pairs": false,
    "max_splits": 4,
    "decks": 6,
    "penetration_cards": 46
  },
  "ev": -1.7021636199999672,
  "stddev": 1.0397752937821683,
  "winning_distrib": {
    "-2.0": 92285261,
    "+0.0": 537659,
    "+2.0": 7177080
  },
  "hands": {
    "total": 100000000,
    "won": 7177080,
    "lost": 92285261,
    "push": 537659,
    "busted": 92285261,
    "blackjack": 0,
    "doubled": 100000000,
    "split": 0,
    "insured": 0,
    "surrender": 0
  }
}
