{
  "rounds": 100000000,
  "rules": {
    "game_type": "ahc",
    "soft17": "s17",
    "das": true,
    "double_down": "any_two",
    "surrender": "no_surrender",
    "play_ace_pairs": false,
    "max_splits": 4,
    "decks": 6,
    "penetration_cards": 46
  },
  "ev": -0.00888613999999977,
  "stddev": 1.951675873347363,
  "winning_distrib": {
    "-2.0": 47836124,
    "+0.0": 4772059,
    "+2.0": 47391817
  },
  "hands": {
    "total": 100000000,
    "won": 47391817,
    "lost": 47836124,
    "push": 4772059,
    "busted": 0,
    "blackjack": 0,
    "doubled": 100000000,
    "split": 0,
    "insured": 0,
    "surrender": 0
  }
}
