{
  "rounds": 100000000,
  "rules": {
    "game_type": "ahc",
    "soft17": "s17",
    "das": true,
    "bj_pays": 1.5,
    "double_down": "any_two",
    "surrender": "early_surrender",
    "play_ace_pairs": false,
    "max_splits": 4,
    "decks": 6,
    "penetration_cards": 250
  },
  "ev": -0.46470581000000616,
  "stddev": 0.8507360033463733,
  "winning_distrib": {
    "-1.0": 70220452,
    "+0.0": 6029677,
    "+1.0": 23749871
  },
  "hands": {
    "total": 100000000,
    "won": 23749871,
    "lost": 70220452,
    "push": 6029677,
    "busted": 26565718,
    "blackjack": 0,
    "doubled": 0,
    "split": 0,
    "insured": 0,
    "surrender": 0
  }
}
