{
  "rounds": 100000000,
  "rules": {
    "game_type": "ahc",
    "soft17": "s17",
    "das": true,
    "bj_pays": 1.5,
    "double_down": "any_two",
    "surrender": "early_surrender",
    "play_ace_pairs": false,
    "max_splits": 4,
    "decks": 6,
    "penetration_cards": 250
  },
  "ev": -0.5544302299999915,
  "stddev": 0.7977563640775742,
  "winning_distrib": {
    "-1.0": 74911916,
    "+0.0": 5619191,
    "+1.0": 19468893
  },
  "hands": {
    "total": 100000000,
    "won": 19468893,
    "lost": 74911916,
    "push": 5619191,
    "busted": 54690103,
    "blackjack": 0,
    "doubled": 0,
    "split": 0,
    "insured": 0,
    "surrender": 0
  }
}
