{
  "rounds": 100000000,
  "rules": {
    "game_type": "ahc",
    "soft17": "s17",
    "das": true,
    "bj_pays": 1.5,
    "double_down": "any_two",
    "surrender": "early_surrender",
    "play_ace_pairs": false,
    "max_splits": 4,
    "decks": 6,
    "penetration_cards": 250
  },
  "ev": 0.20497392000000242,
  "stddev": 1.9511299419026231,
  "winning_distrib": {
    "-2.0": 42987181,
    "+0.0": 3776942,
    "+2.0": 53235877
  },
  "hands": {
    "total": 100000000,
    "won": 53235877,
    "lost": 42987181,
    "push": 3776942,
    "busted": 0,
    "blackjack": 0,
    "doubled": 100000000,
    "split": 0,
    "insured": 0,
    "surrender": 0
  }
}
