{
  "rounds": 100000000,
  "rules": {
    "game_type": "ahc",
    "soft17": "s17",
    "das": false,
    "double_down": "any_two",
    "surrender": "no_surrender",
    "play_ace_pairs": false,
    "max_splits": 4,
    "decks": 6,
    "penetration_cards": 46
  },
  "ev": -0.022292900000000285,
  "stddev": 0.9749407449248867,
  "winning_distrib": {
    "-1.0": 48664966,
    "+0.0": 4899358,
    "+1.0": 46435676
  },
  "hands": {
    "total": 100000000,
    "won": 46435676,
    "lost": 48664966,
    "push": 4899358,
    "busted": 2573250,
    "blackjack": 0,
    "doubled": 0,
    "split": 0,
    "insured": 0,
    "surrender": 0
  }
}
