{
  "rounds": 100000000,
  "rules": {
    "game_type": "ahc",
    "soft17": "h17",
    "das": true,
    "double_down": "any_two",
    "surrender": "no_surrender",
    "play_ace_pairs": false,
    "max_splits": 4,
    "decks": 6,
    "penetration_cards": 46
  },
  "ev": -0.04806537999999974,
  "stddev": 1.8781909685975495,
  "winning_distrib": {
    "-8.0": 98,
    "-7.0": 2239,
    "-6.0": 27536,
    "-5.0": 198815,
    "-4.0": 1241676,
    "-3.0": 6776897,
    "-2.0": 19758015,
    "-1.0": 11570340,
    "+0.0": 23910185,
    "+1.0": 12536039,
    "+2.0": 14123831,
    "+3.0": 7823219,
    "+4.0": 1717511,
    "+5.0": 258751,
    "+6.0": 48573,
    "+7.0": 5820,
    "+8.0": 455
  },
  "hands": {
    "total": 216704164,
    "won": 92370375,
    "lost": 105020164,
    "push": 19313625,
    "busted": 72945358,
    "blackjack": 0,
    "doubled": 36045579,
    "split": 216704164,
    "insured": 0,
    "surrender": 0
  }
}
