{
  "rounds": 100000000,
  "rules": {
    "game_type": "ahc",
    "soft17": "h17",
    "das": false,
    "double_down": "any_two",
    "surrender": "no_surrender",
    "play_ace_pairs": false,
    "max_splits": 4,
    "decks": 6,
    "penetration_cards": 46
  },
  "ev": -0.45131863999999533,
  "stddev": 1.886487572388646,
  "winning_distrib": {
    "-2.0": 58314514,
    "+0.0": 5936904,
    "+2.0": 35748582
  },
  "hands": {
    "total": 100000000,
    "won": 35748582,
    "lost": 58314514,
    "push": 5936904,
    "busted": 0,
    "blackjack": 0,
    "doubled": 100000000,
    "split": 0,
    "insured": 0,
    "surrender": 0
  }
}
