{
  "rounds": 100000000,
  "rules": {
    "game_type": "ahc",
    "soft17": "s17",
    "das": true,
    "bj_pays": 1.5,
    "double_down": "any_two",
    "surrender": "early_surrender",
    "play_ace_pairs": false,
    "max_splits": 4,
    "decks": 6,
    "penetration_cards": 250
  },
  "ev": 0.27234455999999846,
  "stddev": 0.9042372746214544,
  "winning_distrib": {
    "-1.0": 30973602,
    "+0.0": 10818340,
    "+1.0": 58208058
  },
  "hands": {
    "total": 100000000,
    "won": 58208058,
    "lost": 30973602,
    "push": 10818340,
    "busted": 0,
    "blackjack": 0,
    "doubled": 0,
    "split": 0,
    "insured": 0,
    "surrender": 0
  }
}
