{
  "rounds": 100000000,
  "rules": {
    "game_type": "ahc",
    "soft17": "s17",
    "das": true,
    "bj_pays": 1.5,
    "double_down": "any_two",
    "surrender": "early_surrender",
    "play_ace_pairs": false,
    "max_splits": 4,
    "decks": 6,
    "penetration_cards": 250
  },
  "ev": 0.08833762000000138,
  "stddev": 1.9466042799669185,
  "winning_distrib": {
    "-2.0": 45254956,
    "+0.0": 5073207,
    "+2.0": 49671837
  },
  "hands": {
    "total": 100000000,
    "won": 49671837,
    "lost": 45254956,
    "push": 5073207,
    "busted": 0,
    "blackjack": 0,
    "doubled": 100000000,
    "split": 0,
    "insured": 0,
    "surrender": 0
  }
}
