{
  "rounds": 100000000,
  "rules": {
    "game_type": "ahc",
    "soft17": "s17",
    "das": true,
    "bj_pays": 1.5,
    "double_down": "any_two",
    "surrender": "early_surrender",
    "play_ace_pairs": false,
    "max_splits": 4,
    "decks": 6,
    "penetration_cards": 250
  },
  "ev": 0.08140787999999803,
  "stddev": 0.9684629917829181,
  "winning_distrib": {
    "-1.0": 43156996,
    "+0.0": 5545220,
    "+1.0": 51297784
  },
  "hands": {
    "total": 100000000,
    "won": 51297784,
    "lost": 43156996,
    "push": 5545220,
    "busted": 3482008,
    "blackjack": 0,
    "doubled": 0,
    "split": 0,
    "insured": 0,
    "surrender": 0
  }
}
