{
  "rounds": 100000000,
  "rules": {
    "game_type": "ahc",
    "soft17": "s17",
    "das": true,
    "bj_pays": 1.5,
    "double_down": "any_two",
    "surrender": "early_surrender",
    "play_ace_pairs": false,
    "max_splits": 4,
    "decks": 6,
    "penetration_cards": 250
  },
  "ev": 0.20826519999999885,
  "stddev": 1.9186667983998442,
  "winning_distrib": {
    "-2.0": 41351578,
    "+0.0": 6883584,
    "+2.0": 51764838
  },
  "hands": {
    "total": 100000000,
    "won": 51764838,
    "lost": 41351578,
    "push": 6883584,
    "busted": 0,
    "blackjack": 0,
    "doubled": 100000000,
    "split": 0,
    "insured": 0,
    "surrender": 0
  }
}
