{
  "rounds": 100000000,
  "rules": {
    "game_type": "enhc",
    "soft17": "h17",
    "das": true,
    "double_down": "any_two",
    "surrender": "no_surrender",
    "play_ace_pairs": false,
    "max_splits": 4,
    "decks": 6,
    "penetration_cards": 46
  },
  "ev": 0.06390732000000128,
  "stddev": 1.9529606787109013,
  "winning_distrib": {
    "-2.0": 46129061,
    "+0.0": 4546512,
    "+2.0": 49324427
  },
  "hands": {
    "total": 100000000,
    "won": 49324427,
    "lost": 46129061,
    "push": 4546512,
    "busted": 0,
    "blackjack": 0,
    "doubled": 100000000,
    "split": 0,
    "insured": 0,
    "surrender": 0
  }
}
