{
  "rounds": 100000000,
  "rules": {
    "game_type": "ahc",
    "soft17": "s17",
    "das": true,
    "bj_pays": 1.5,
    "double_down": "any_two",
    "surrender": "early_surrender",
    "play_ace_pairs": false,
    "max_splits": 4,
    "decks": 6,
    "penetration_cards": 250
  },
  "ev": 0.04793196000000033,
  "stddev": 0.9638969117605719,
  "winning_distrib": {
    "-1.0": 44173138,
    "+0.0": 6860528,
    "+1.0": 48966334
  },
  "hands": {
    "total": 100000000,
    "won": 48966334,
    "lost": 44173138,
    "push": 6860528,
    "busted": 3050709,
    "blackjack": 0,
    "doubled": 0,
    "split": 0,
    "insured": 0,
    "surrender": 0
  }
}
