{
  "rounds": 100000000,
  "rules": {
    "game_type": "ahc",
    "soft17": "s17",
    "das": true,
    "bj_pays": 1.5,
    "double_down": "any_two",
    "surrender": "early_surrender",
    "play_ace_pairs": false,
    "max_splits": 4,
    "decks": 6,
    "penetration_cards": 250
  },
  "ev": 0.14169018999999897,
  "stddev": 0.9754998357630584,
  "winning_distrib": {
    "-1.0": 41499292,
    "+0.0": 2832397,
    "+1.0": 55668311
  },
  "hands": {
    "total": 100000000,
    "won": 55668311,
    "lost": 41499292,
    "push": 2832397,
    "busted": 0,
    "blackjack": 0,
    "doubled": 0,
    "split": 0,
    "insured": 0,
    "surrender": 0
  }
}
