{
  "rounds": 100000000,
  "rules": {
    "game_type": "enhc",
    "soft17": "s17",
    "das": true,
    "double_down": "any_two",
    "surrender": "no_surrender",
    "play_ace_pairs": false,
    "max_splits": 4,
    "decks": 6,
    "penetration_cards": 46
  },
  "ev": 0.12060186000000243,
  "stddev": 1.9178847275442212,
  "winning_distrib": {
    "-2.0": 43145286,
    "+0.0": 7679335,
    "+2.0": 49175379
  },
  "hands": {
    "total": 100000000,
    "won": 49175379,
    "lost": 43145286,
    "push": 7679335,
    "busted": 0,
    "blackjack": 0,
    "doubled": 100000000,
    "split": 0,
    "insured": 0,
    "surrender": 0
  }
}
