{
  "rounds": 100000000,
  "rules": {
    "game_type": "enhc",
    "soft17": "s17",
    "das": false,
    "double_down": "any_two",
    "surrender": "no_surrender",
    "play_ace_pairs": false,
    "max_splits": 4,
    "decks": 6,
    "penetration_cards": 46
  },
  "ev": -0.09183092999999963,
  "stddev": 1.5423473843734827,
  "winning_distrib": {
    "-4.0": 285332,
    "-3.0": 2021962,
    "-2.0": 21692274,
    "-1.0": 16129587,
    "+0.0": 27434309,
    "+1.0": 9731312,
    "+2.0": 20573975,
    "+3.0": 1866002,
    "+4.0": 265247
  },
  "hands": {
    "total": 216683724,
    "won": 84961050,
    "lost": 94144143,
    "push": 37578531,
    "busted": 53492665,
    "blackjack": 0,
    "doubled": 0,
    "split": 216683724,
    "insured": 0,
    "surrender": 0
  }
}
