{
  "rounds": 100000000,
  "rules": {
    "game_type": "ahc",
    "soft17": "s17",
    "das": true,
    "bj_pays": 1.5,
    "double_down": "any_two",
    "surrender": "early_surrender",
    "play_ace_pairs": false,
    "max_splits": 4,
    "decks": 6,
    "penetration_cards": 250
  },
  "ev": 0.0494245099999999,
  "stddev": 0.9706691080039769,
  "winning_distrib": {
    "-1.0": 44760839,
    "+0.0": 5535871,
    "+1.0": 49703290
  },
  "hands": {
    "total": 100000000,
    "won": 49703290,
    "lost": 44760839,
    "push": 5535871,
    "busted": 2968740,
    "blackjack": 0,
    "doubled": 0,
    "split": 0,
    "insured": 0,
    "surrender": 0
  }
}
