{
  "rounds": 100000000,
  "rules": {
    "game_type": "ahc",
    "soft17": "s17",
    "das": true,
    "bj_pays": 1.5,
    "double_down": "any_two",
    "surrender": "early_surrender",
    "play_ace_pairs": false,
    "max_splits": 4,
    "decks": 6,
    "penetration_cards": 250
  },
  "ev": 0.08367524999999769,
  "stddev": 2.435298232628611,
  "winning_distrib": {
    "-8.0": 472,
    "-7.0": 9360,
    "-6.0": 86074,
    "-5.0": 482624,
    "-4.0": 2640071,
    "-3.0": 12147628,
    "-2.0": 24741354,
    "-1.0": 6013281,
    "+0.0": 7480205,
    "+1.0": 6640084,
    "+2.0": 19048551,
    "+3.0": 15081951,
    "+4.0": 4531818,
    "+5.0": 858332,
    "+6.0": 206210,
    "+7.0": 29569,
    "+8.0": 2416
  },
  "hands": {
    "total": 214202130,
    "won": 100187494,
    "lost": 105544653,
    "push": 8469983,
    "busted": 8666460,
    "blackjack": 0,
    "doubled": 53471931,
    "split": 214202130,
    "insured": 0,
    "surrender": 0
  }
}
