{
  "rounds": 100000000,
  "rules": {
    "game_type": "ahc",
    "soft17": "s17",
    "das": true,
    "bj_pays": 1.5,
    "double_down": "any_two",
    "surrender": "early_surrender",
    "play_ace_pairs": false,
    "max_splits": 4,
    "decks": 6,
    "penetration_cards": 250
  },
  "ev": -0.10802269000000185,
  "stddev": 0.791690466478466,
  "winning_distrib": {
    "-1.0": 37323269,
    "+0.0": 36155731,
    "+1.0": 26521000
  },
  "hands": {
    "total": 100000000,
    "won": 26521000,
    "lost": 37323269,
    "push": 36155731,
    "busted": 0,
    "blackjack": 0,
    "doubled": 0,
    "split": 0,
    "insured": 0,
    "surrender": 0
  }
}
