{
  "rounds": 100000000,
  "rules": {
    "game_type": "ahc",
    "soft17": "s17",
    "das": true,
    "double_down": "any_two",
    "surrender": "no_surrender",
    "play_ace_pairs": false,
    "max_splits": 4,
    "decks": 6,
    "penetration_cards": 46
  },
  "ev": -0.6160465399999826,
  "stddev": 0.7544748281065147,
  "winning_distrib": {
    "-1.0": 78239607,
    "+0.0": 5125440,
    "+1.0": 16634953
  },
  "hands": {
    "total": 100000000,
    "won": 16634953,
    "lost": 78239607,
    "push": 5125440,
    "busted": 38475361,
    "blackjack": 0,
    "doubled": 0,
    "split": 0,
    "insured": 0,
    "surrender": 0
  }
}
