{
  "rounds": 100000000,
  "rules": {
    "game_type": "ahc",
    "soft17": "s17",
    "das": true,
    "bj_pays": 1.5,
    "double_down": "any_two",
    "surrender": "early_surrender",
    "play_ace_pairs": false,
    "max_splits": 4,
    "decks": 6,
    "penetration_cards": 250
  },
  "ev": 0.11993313000000355,
  "stddev": 0.926973819976164,
  "winning_distrib": {
    "-1.0": 37686564,
    "+0.0": 12633559,
    "+1.0": 49679877
  },
  "hands": {
    "total": 100000000,
    "won": 49679877,
    "lost": 37686564,
    "push": 12633559,
    "busted": 0,
    "blackjack": 0,
    "doubled": 0,
    "split": 0,
    "insured": 0,
    "surrender": 0
  }
}
