{
  "rounds": 100000000,
  "rules": {
    "game_type": "ahc",
    "soft17": "s17",
    "das": true,
    "bj_pays": 1.5,
    "double_down": "any_two",
    "surrender": "early_surrender",
    "play_ace_pairs": false,
    "max_splits": 4,
    "decks": 6,
    "penetration_cards": 250
  },
  "ev": 0.1515507499999993,
  "stddev": 0.9200084503082547,
  "winning_distrib": {
    "-1.0": 35891621,
    "+0.0": 13061683,
    "+1.0": 51046696
  },
  "hands": {
    "total": 100000000,
    "won": 51046696,
    "lost": 35891621,
    "push": 13061683,
    "busted": 0,
    "blackjack": 0,
    "doubled": 0,
    "split": 0,
    "insured": 0,
    "surrender": 0
  }
}
