{
  "rounds": 100000000,
  "rules": {
    "game_type": "enhc",
    "soft17": "h17",
    "das": false,
    "double_down": "any_two",
    "surrender": "no_surrender",
    "play_ace_pairs": false,
    "max_splits": 4,
    "decks": 6,
    "penetration_cards": 46
  },
  "ev": -0.4623262900000016,
  "stddev": 0.8017320238100646,
  "winning_distrib": {
    "-1.0": 65942306,
    "+0.0": 14348017,
    "+1.0": 19709677
  },
  "hands": {
    "total": 100000000,
    "won": 19709677,
    "lost": 65942306,
    "push": 14348017,
    "busted": 0,
    "blackjack": 0,
    "doubled": 0,
    "split": 0,
    "insured": 0,
    "surrender": 0
  }
}
