{
  "rounds": 100000000,
  "rules": {
    "game_type": "ahc",
    "soft17": "s17",
    "das": true,
    "bj_pays": 1.5,
    "double_down": "any_two",
    "surrender": "early_surrender",
    "play_ace_pairs": false,
    "max_splits": 4,
    "decks": 6,
    "penetration_cards": 250
  },
  "ev": 0.41444623000000624,
  "stddev": 0.8714973436757407,
  "winning_distrib": {
    "-1.0": 25841353,
    "+0.0": 6872671,
    "+1.0": 67285976
  },
  "hands": {
    "total": 100000000,
    "won": 67285976,
    "lost": 25841353,
    "push": 6872671,
    "busted": 0,
    "blackjack": 0,
    "doubled": 0,
    "split": 0,
    "insured": 0,
    "surrender": 0
  }
}
