{
  "rounds": 100000000,
  "rules": {
    "game_type": "enhc",
    "soft17": "h17",
    "das": true,
    "double_down": "any_two",
    "surrender": "no_surrender",
    "play_ace_pairs": false,
    "max_splits": 4,
    "decks": 6,
    "penetration_cards": 46
  },
  "ev": 0.2920555900000029,
  "stddev": 2.3170096409024863,
  "winning_distrib": {
    "-8.0": 110,
    "-7.0": 3361,
    "-6.0": 46015,
    "-5.0": 341196,
    "-4.0": 1858228,
    "-3.0": 8908593,
    "-2.0": 23908601,
    "-1.0": 7711858,
    "+0.0": 6263745,
    "+1.0": 4817826,
    "+2.0": 27796259,
    "+3.0": 13945623,
    "+4.0": 3502488,
    "+5.0": 748543,
    "+6.0": 133580,
    "+7.0": 13365,
    "+8.0": 609
  },
  "hands": {
    "total": 216710773,
    "won": 109980746,
    "lost": 90987388,
    "push": 15742639,
    "busted": 0,
    "blackjack": 0,
    "doubled": 36053290,
    "split": 216710773,
    "insured": 0,
    "surrender": 0
  }
}
