{
  "rounds": 100000000,
  "rules": {
    "game_type": "ahc",
    "soft17": "s17",
    "das": true,
    "bj_pays": 1.5,
    "double_down": "any_two",
    "surrender": "early_surrender",
    "play_ace_pairs": false,
    "max_splits": 4,
    "decks": 6,
    "penetration_cards": 250
  },
  "ev": 0.08272407000000104,
  "stddev": 0.9592880419587082,
  "winning_distrib": {
    "-1.0": 42217637,
    "+0.0": 7292319,
    "+1.0": 50490044
  },
  "hands": {
    "total": 100000000,
    "won": 50490044,
    "lost": 42217637,
    "push": 7292319,
    "busted": 0,
    "blackjack": 0,
    "doubled": 0,
    "split": 0,
    "insured": 0,
    "surrender": 0
  }
}
