{
  "rounds": 100000000,
  "rules": {
    "game_type": "enhc",
    "soft17": "s17",
    "das": false,
    "double_down": "any_two",
    "surrender": "no_surrender",
    "play_ace_pairs": false,
    "max_splits": 4,
    "decks": 6,
    "penetration_cards": 46
  },
  "ev": -0.381926989999992,
  "stddev": 1.3908871858117116,
  "winning_distrib": {
    "-2.0": 32231333,
    "-1.0": 10608983,
    "+0.0": 36095870,
    "+1.0": 5248678,
    "+2.0": 15815136
  },
  "hands": {
    "total": 200000000,
    "won": 71908576,
    "lost": 110101275,
    "push": 17990149,
    "busted": 83945267,
    "blackjack": 0,
    "doubled": 0,
    "split": 200000000,
    "insured": 0,
    "surrender": 0
  }
}
