{
  "rounds": 100000000,
  "rules": {
    "game_type": "ahc",
    "soft17": "s17",
    "das": true,
    "bj_pays": 1.5,
    "double_down": "any_two",
    "surrender": "early_surrender",
    "play_ace_pairs": false,
    "max_splits": 4,
    "decks": 6,
    "penetration_cards": 250
  },
  "ev": -0.06697658999999948,
  "stddev": 0.9334783420657317,
  "winning_distrib": {
    "-1.0": 47142213,
    "+0.0": 12413233,
    "+1.0": 40444554
  },
  "hands": {
    "total": 100000000,
    "won": 40444554,
    "lost": 47142213,
    "push": 12413233,
    "busted": 0,
    "blackjack": 0,
    "doubled": 0,
    "split": 0,
    "insured": 0,
    "surrender": 0
  }
}
