{
  "rounds": 100000000,
  "rules": {
    "game_type": "ahc",
    "soft17": "s17",
    "das": true,
    "bj_pays": 1.5,
    "double_down": "any_two",
    "surrender": "early_surrender",
    "play_ace_pairs": false,
    "max_splits": 4,
    "decks": 6,
    "penetration_cards": 250
  },
  "ev": 0.12725842000000137,
  "stddev": 1.9501972650405965,
  "winning_distrib": {
    "-2.0": 44561840,
    "+0.0": 4513399,
    "+2.0": 50924761
  },
  "hands": {
    "total": 100000000,
    "won": 50924761,
    "lost": 44561840,
    "push": 4513399,
    "busted": 0,
    "blackjack": 0,
    "doubled": 100000000,
    "split": 0,
    "insured": 0,
    "surrender": 0
  }
}
