{
  "rounds": 100000000,
  "rules": {
    "game_type": "ahc",
    "soft17": "s17",
    "das": true,
    "bj_pays": 1.5,
    "double_down": "any_two",
    "surrender": "early_surrender",
    "play_ace_pairs": false,
    "max_splits": 4,
    "decks": 6,
    "penetration_cards": 250
  },
  "ev": -0.06899496999999857,
  "stddev": 0.9781696650800746,
  "winning_distrib": {
    "-1.0": 51528558,
    "+0.0": 3842381,
    "+1.0": 44629061
  },
  "hands": {
    "total": 100000000,
    "won": 44629061,
    "lost": 51528558,
    "push": 3842381,
    "busted": 3984192,
    "blackjack": 0,
    "doubled": 0,
    "split": 0,
    "insured": 0,
    "surrender": 0
  }
}
