{
  "rounds": 100000000,
  "rules": {
    "game_type": "ahc",
    "soft17": "s17",
    "das": true,
    "bj_pays": 1.5,
    "double_down": "any_two",
    "surrender": "early_surrender",
    "play_ace_pairs": false,
    "max_splits": 4,
    "decks": 6,
    "penetration_cards": 250
  },
  "ev": -0.05302508000000145,
  "stddev": 0.9596527341180795,
  "winning_distrib": {
    "-1.0": 48838505,
    "+0.0": 7625498,
    "+1.0": 43535997
  },
  "hands": {
    "total": 100000000,
    "won": 43535997,
    "lost": 48838505,
    "push": 7625498,
    "busted": 40504498,
    "blackjack": 0,
    "doubled": 0,
    "split": 0,
    "insured": 0,
    "surrender": 0
  }
}
