{
  "rounds": 100000000,
  "rules": {
    "game_type": "ahc",
    "soft17": "s17",
    "das": true,
    "bj_pays": 1.5,
    "double_down": "any_two",
    "surrender": "early_surrender",
    "play_ace_pairs": false,
    "max_splits": 4,
    "decks": 6,
    "penetration_cards": 250
  },
  "ev": -0.2879714599999907,
  "stddev": 0.8992241135064798,
  "winning_distrib": {
    "-1.0": 58975151,
    "+0.0": 10846844,
    "+1.0": 30178005
  },
  "hands": {
    "total": 100000000,
    "won": 30178005,
    "lost": 58975151,
    "push": 10846844,
    "busted": 0,
    "blackjack": 0,
    "doubled": 0,
    "split": 0,
    "insured": 0,
    "surrender": 0
  }
}
