{
  "rounds": 100000000,
  "rules": {
    "game_type": "ahc",
    "soft17": "h17",
    "das": false,
    "double_down": "any_two",
    "surrender": "no_surrender",
    "play_ace_pairs": false,
    "max_splits": 4,
    "decks": 6,
    "penetration_cards": 46
  },
  "ev": -0.3214438500000094,
  "stddev": 0.9231998753358741,
  "winning_distrib": {
    "-1.0": 63853400,
    "+0.0": 4437585,
    "+1.0": 31709015
  },
  "hands": {
    "total": 100000000,
    "won": 31709015,
    "lost": 63853400,
    "push": 4437585,
    "busted": 46312629,
    "blackjack": 0,
    "doubled": 0,
    "split": 0,
    "insured": 0,
    "surrender": 0
  }
}
