{
  "rounds": 100000000,
  "rules": {
    "game_type": "enhc",
    "soft17": "s17",
    "das": false,
    "double_down": "any_two",
    "surrender": "no_surrender",
    "play_ace_pairs": false,
    "max_splits": 4,
    "decks": 6,
    "penetration_cards": 46
  },
  "ev": -0.5929979799999853,
  "stddev": 1.8497387139623815,
  "winning_distrib": {
    "-2.0": 61989698,
    "+0.0": 5670503,
    "+2.0": 32339799
  },
  "hands": {
    "total": 100000000,
    "won": 32339799,
    "lost": 61989698,
    "push": 5670503,
    "busted": 38584500,
    "blackjack": 0,
    "doubled": 100000000,
    "split": 0,
    "insured": 0,
    "surrender": 0
  }
}
