{
  "rounds": 100000000,
  "rules": {
    "game_type": "ahc",
    "soft17": "s17",
    "das": true,
    "bj_pays": 1.5,
    "double_down": "any_two",
    "surrender": "early_surrender",
    "play_ace_pairs": false,
    "max_splits": 4,
    "decks": 6,
    "penetration_cards": 250
  },
  "ev": 0.20494592000000064,
  "stddev": 0.9344697633458712,
  "winning_distrib": {
    "-1.0": 35514532,
    "+0.0": 8476344,
    "+1.0": 56009124
  },
  "hands": {
    "total": 100000000,
    "won": 56009124,
    "lost": 35514532,
    "push": 8476344,
    "busted": 2310554,
    "blackjack": 0,
    "doubled": 0,
    "split": 0,
    "insured": 0,
    "surrender": 0
  }
}
