{
  "rounds": 100000000,
  "rules": {
    "game_type": "enhc",
    "soft17": "h17",
    "das": true,
    "double_down": "any_two",
    "surrender": "no_surrender",
    "play_ace_pairs": false,
    "max_splits": 4,
    "decks": 6,
    "penetration_cards": 46
  },
  "ev": 0.37383259999999185,
  "stddev": 2.4997642388164274,
  "winning_distrib": {
    "-8.0": 744,
    "-7.0": 12270,
    "-6.0": 108276,
    "-5.0": 565893,
    "-4.0": 2732683,
    "-3.0": 11148102,
    "-2.0": 20987340,
    "-1.0": 6614801,
    "+0.0": 5158417,
    "+1.0": 4684938,
    "+2.0": 23625347,
    "+3.0": 17416888,
    "+4.0": 5384734,
    "+5.0": 1214168,
    "+6.0": 298559,
    "+7.0": 43404,
    "+8.0": 3436
  },
  "hands": {
    "total": 216702265,
    "won": 112348685,
    "lost": 90256388,
    "push": 14097192,
    "busted": 0,
    "blackjack": 0,
    "doubled": 54072083,
    "split": 216702265,
    "insured": 0,
    "surrender": 0
  }
}
