{
  "rounds": 100000000,
  "rules": {
    "game_type": "enhc",
    "soft17": "s17",
    "das": false,
    "double_down": "any_two",
    "surrender": "no_surrender",
    "play_ace_pairs": false,
    "max_splits": 4,
    "decks": 6,
    "penetration_cards": 46
  },
  "ev": -0.39632219999998486,
  "stddev": 1.8689273577953933,
  "winning_distrib": {
    "-2.0": 55532564,
    "+0.0": 8750982,
    "+2.0": 35716454
  },
  "hands": {
    "total": 100000000,
    "won": 35716454,
    "lost": 55532564,
    "push": 8750982,
    "busted": 0,
    "blackjack": 0,
    "doubled": 100000000,
    "split": 0,
    "insured": 0,
    "surrender": 0
  }
}
