{
  "rounds": 100000000,
  "rules": {
    "game_type": "enhc",
    "soft17": "s17",
    "das": true,
    "double_down": "any_two",
    "surrender": "no_surrender",
    "play_ace_pairs": false,
    "max_splits": 4,
    "decks": 6,
    "penetration_cards": 46
  },
  "ev": 0.3187763000000095,
  "stddev": 1.9807199019020423,
  "winning_distrib": {
    "-8.0": 91,
    "-7.0": 2207,
    "-6.0": 28899,
    "-5.0": 207491,
    "-4.0": 1260517,
    "-3.0": 6130698,
    "-2.0": 16366942,
    "-1.0": 10485397,
    "+0.0": 17860049,
    "+1.0": 12069258,
    "+2.0": 22364253,
    "+3.0": 10488084,
    "+4.0": 2268762,
    "+5.0": 391474,
    "+6.0": 67881,
    "+7.0": 7597,
    "+8.0": 400
  },
  "hands": {
    "total": 216720695,
    "won": 107543732,
    "lost": 83416044,
    "push": 25760919,
    "busted": 38943611,
    "blackjack": 0,
    "doubled": 36049925,
    "split": 216720695,
    "insured": 0,
    "surrender": 0
  }
}
