{
  "rounds": 100000000,
  "rules": {
    "game_type": "ahc",
    "soft17": "h17",
    "das": true,
    "double_down": "any_two",
    "surrender": "no_surrender",
    "play_ace_pairs": false,
    "max_splits": 4,
    "decks": 6,
    "penetration_cards": 46
  },
  "ev": 0.05403829000000047,
  "stddev": 0.9112784215146071,
  "winning_distrib": {
    "-1.0": 38965510,
    "+0.0": 16665151,
    "+1.0": 44369339
  },
  "hands": {
    "total": 100000000,
    "won": 44369339,
    "lost": 38965510,
    "push": 16665151,
    "busted": 21215723,
    "blackjack": 0,
    "doubled": 0,
    "split": 0,
    "insured": 0,
    "surrender": 0
  }
}
