{
  "rounds": 100000000,
  "rules": {
    "game_type": "ahc",
    "soft17": "s17",
    "das": true,
    "bj_pays": 1.5,
    "double_down": "any_two",
    "surrender": "early_surrender",
    "play_ace_pairs": false,
    "max_splits": 4,
    "decks": 6,
    "penetration_cards": 250
  },
  "ev": -0.44507807000000105,
  "stddev": 0.852507647398406,
  "winning_distrib": {
    "-1.0": 68497092,
    "+0.0": 7513623,
    "+1.0": 23989285
  },
  "hands": {
    "total": 100000000,
    "won": 23989285,
    "lost": 68497092,
    "push": 7513623,
    "busted": 43723311,
    "blackjack": 0,
    "doubled": 0,
    "split": 0,
    "insured": 0,
    "surrender": 0
  }
}
