{
  "rounds": 100000000,
  "rules": {
    "game_type": "ahc",
    "soft17": "s17",
    "das": true,
    "bj_pays": 1.5,
    "double_down": "any_two",
    "surrender": "early_surrender",
    "play_ace_pairs": false,
    "max_splits": 4,
    "decks": 6,
    "penetration_cards": 250
  },
  "ev": 0.1605157200000008,
  "stddev": 1.9387295482401952,
  "winning_distrib": {
    "-2.0": 43292576,
    "+0.0": 5389062,
    "+2.0": 51318362
  },
  "hands": {
    "total": 100000000,
    "won": 51318362,
    "lost": 43292576,
    "push": 5389062,
    "busted": 0,
    "blackjack": 0,
    "doubled": 100000000,
    "split": 0,
    "insured": 0,
    "surrender": 0
  }
}
