{
  "rounds": 100000000,
  "rules": {
    "game_type": "ahc",
    "soft17": "s17",
    "das": true,
    "double_down": "any_two",
    "surrender": "no_surrender",
    "play_ace_pairs": false,
    "max_splits": 4,
    "decks": 6,
    "penetration_cards": 46
  },
  "ev": -0.38628296000000567,
  "stddev": 2.0143760114215827,
  "winning_distrib": {
    "-8.0": 109,
    "-7.0": 3264,
    "-6.0": 43693,
    "-5.0": 333558,
    "-4.0": 1958730,
    "-3.0": 9910243,
    "-2.0": 27570670,
    "-1.0": 12235253,
    "+0.0": 14725168,
    "+1.0": 9830329,
    "+2.0": 14185183,
    "+3.0": 7160322,
    "+4.0": 1697334,
    "+5.0": 286960,
    "+6.0": 52828,
    "+7.0": 5999,
    "+8.0": 357
  },
  "hands": {
    "total": 216666637,
    "won": 74656281,
    "lost": 116712611,
    "push": 25297745,
    "busted": 38927742,
    "blackjack": 0,
    "doubled": 36032832,
    "split": 216666637,
    "insured": 0,
    "surrender": 0
  }
}
