{
  "rounds": 100000000,
  "rules": {
    "game_type": "ahc",
    "soft17": "s17",
    "das": true,
    "bj_pays": 1.5,
    "double_down": "any_two",
    "surrender": "early_surrender",
    "play_ace_pairs": false,
    "max_splits": 4,
    "decks": 6,
    "penetration_cards": 250
  },
  "ev": 0.0810966000000008,
  "stddev": 1.9523669377413966,
  "winning_distrib": {
    "-2.0": 45701501,
    "+0.0": 4542168,
    "+2.0": 49756331
  },
  "hands": {
    "total": 100000000,
    "won": 49756331,
    "lost": 45701501,
    "push": 4542168,
    "busted": 0,
    "blackjack": 0,
    "doubled": 100000000,
    "split": 0,
    "insured": 0,
    "surrender": 0
  }
}
