{
  "rounds": 100000000,
  "rules": {
    "game_type": "enhc",
    "soft17": "s17",
    "das": true,
    "double_down": "any_two",
    "surrender": "no_surrender",
    "play_ace_pairs": false,
    "max_splits": 4,
    "decks": 6,
    "penetration_cards": 46
  },
  "ev": -0.9014350900000017,
  "stddev": 0.42832295099760037,
  "winning_distrib": {
    "-1.0": 94874043,
    "+0.0": 395423,
    "+1.0": 4730534
  },
  "hands": {
    "total": 100000000,
    "won": 4730534,
    "lost": 94874043,
    "push": 395423,
    "busted": 92575628,
    "blackjack": 0,
    "doubled": 0,
    "split": 0,
    "insured": 0,
    "surrender": 0
  }
}
