{
  "rounds": 100000000,
  "rules": {
    "game_type": "ahc",
    "soft17": "s17",
    "das": true,
    "bj_pays": 1.5,
    "double_down": "any_two",
    "surrender": "early_surrender",
    "play_ace_pairs": false,
    "max_splits": 4,
    "decks": 6,
    "penetration_cards": 250
  },
  "ev": 0.6981341400000034,
  "stddev": 0.6411672376825136,
  "winning_distrib": {
    "-1.0": 10017628,
    "+0.0": 10151330,
    "+1.0": 79831042
  },
  "hands": {
    "total": 100000000,
    "won": 79831042,
    "lost": 10017628,
    "push": 10151330,
    "busted": 0,
    "blackjack": 0,
    "doubled": 0,
    "split": 0,
    "insured": 0,
    "surrender": 0
  }
}
