{
  "rounds": 100000000,
  "rules": {
    "game_type": "ahc",
    "soft17": "h17",
    "das": true,
    "double_down": "any_two",
    "surrender": "no_surrender",
    "play_ace_pairs": false,
    "max_splits": 4,
    "decks": 6,
    "penetration_cards": 46
  },
  "ev": -0.3100077599999991,
  "stddev": 1.916111631783163,
  "winning_distrib": {
    "-2.0": 54845051,
    "+0.0": 5810286,
    "+2.0": 39344663
  },
  "hands": {
    "total": 100000000,
    "won": 39344663,
    "lost": 54845051,
    "push": 5810286,
    "busted": 0,
    "blackjack": 0,
    "doubled": 100000000,
    "split": 0,
    "insured": 0,
    "surrender": 0
  }
}
