{
  "rounds": 100000000,
  "rules": {
    "game_type": "ahc",
    "soft17": "s17",
    "das": true,
    "bj_pays": 1.5,
    "double_down": "any_two",
    "surrender": "early_surrender",
    "play_ace_pairs": false,
    "max_splits": 4,
    "decks": 6,
    "penetration_cards": 250
  },
  "ev": -0.3929558299999972,
  "stddev": 0.8900464221549583,
  "winning_distrib": {
    "-1.0": 66977637,
    "+0.0": 5340309,
    "+1.0": 27682054
  },
  "hands": {
    "total": 100000000,
    "won": 27682054,
    "lost": 66977637,
    "push": 5340309,
    "busted": 60416093,
    "blackjack": 0,
    "doubled": 0,
    "split": 0,
    "insured": 0,
    "surrender": 0
  }
}
