{
  "rounds": 100000000,
  "rules": {
    "game_type": "enhc",
    "soft17": "s17",
    "das": true,
    "double_down": "any_two",
    "surrender": "no_surrender",
    "play_ace_pairs": false,
    "max_splits": 4,
    "decks": 6,
    "penetration_cards": 46
  },
  "ev": -0.6181881199999958,
  "stddev": 1.84095524176496,
  "winning_distrib": {
    "-2.0": 62595612,
    "+0.0": 5718182,
    "+2.0": 31686206
  },
  "hands": {
    "total": 100000000,
    "won": 31686206,
    "lost": 62595612,
    "push": 5718182,
    "busted": 30863902,
    "blackjack": 0,
    "doubled": 100000000,
    "split": 0,
    "insured": 0,
    "surrender": 0
  }
}
