{
  "rounds": 100000000,
  "rules": {
    "game_type": "ahc",
    "soft17": "s17",
    "das": true,
    "bj_pays": 1.5,
    "double_down": "any_two",
    "surrender": "early_surrender",
    "play_ace_pairs": false,
    "max_splits": 4,
    "decks": 6,
    "penetration_cards": 250
  },
  "ev": -0.5545174400000011,
  "stddev": 0.7976752441305472,
  "winning_distrib": {
    "-1.0": 74914641,
    "+0.0": 5622462,
    "+1.0": 19462897
  },
  "hands": {
    "total": 100000000,
    "won": 19462897,
    "lost": 74914641,
    "push": 5622462,
    "busted": 54696376,
    "blackjack": 0,
    "doubled": 0,
    "split": 0,
    "insured": 0,
    "surrender": 0
  }
}
