{
  "rounds": 100000000,
  "rules": {
    "game_type": "ahc",
    "soft17": "s17",
    "das": true,
    "bj_pays": 1.5,
    "double_down": "any_two",
    "surrender": "early_surrender",
    "play_ace_pairs": false,
    "max_splits": 4,
    "decks": 6,
    "penetration_cards": 250
  },
  "ev": -1.676968999999989,
  "stddev": 1.0738328848429588,
  "winning_distrib": {
    "-2.0": 91491001,
    "+0.0": 866448,
    "+2.0": 7642551
  },
  "hands": {
    "total": 100000000,
    "won": 7642551,
    "lost": 91491001,
    "push": 866448,
    "busted": 91491001,
    "blackjack": 0,
    "doubled": 100000000,
    "split": 0,
    "insured": 0,
    "surrender": 0
  }
}
