{
  "rounds": 100000000,
  "rules": {
    "game_type": "ahc",
    "soft17": "s17",
    "das": true,
    "bj_pays": 1.5,
    "double_down": "any_two",
    "surrender": "early_surrender",
    "play_ace_pairs": false,
    "max_splits": 4,
    "decks": 6,
    "penetration_cards": 250
  },
  "ev": -0.3769443599999936,
  "stddev": 1.9100417654979942,
  "winning_distrib": {
    "-2.0": 56802941,
    "+0.0": 5241336,
    "+2.0": 37955723
  },
  "hands": {
    "total": 100000000,
    "won": 37955723,
    "lost": 56802941,
    "push": 5241336,
    "busted": 0,
    "blackjack": 0,
    "doubled": 100000000,
    "split": 0,
    "insured": 0,
    "surrender": 0
  }
}
