{
  "rounds": 100000000,
  "rules": {
    "game_type": "ahc",
    "soft17": "h17",
    "das": false,
    "double_down": "any_two",
    "surrender": "no_surrender",
    "play_ace_pairs": false,
    "max_splits": 4,
    "decks": 6,
    "penetration_cards": 46
  },
  "ev": 0.2576759000000023,
  "stddev": 0.9132224476538734,
  "winning_distrib": {
    "-1.0": 32134810,
    "+0.0": 9962790,
    "+1.0": 57902400
  },
  "hands": {
    "total": 100000000,
    "won": 57902400,
    "lost": 32134810,
    "push": 9962790,
    "busted": 21329446,
    "blackjack": 0,
    "doubled": 0,
    "split": 0,
    "insured": 0,
    "surrender": 0
  }
}
