{
  "rounds": 100000000,
  "rules": {
    "game_type": "ahc",
    "soft17": "s17",
    "das": true,
    "bj_pays": 1.5,
    "double_down": "any_two",
    "surrender": "early_surrender",
    "play_ace_pairs": false,
    "max_splits": 4,
    "decks": 6,
    "penetration_cards": 250
  },
  "ev": -0.353524380000004,
  "stddev": 0.8890817738826303,
  "winning_distrib": {
    "-1.0": 63448513,
    "+0.0": 8455412,
    "+1.0": 28096075
  },
  "hands": {
    "total": 100000000,
    "won": 28096075,
    "lost": 63448513,
    "push": 8455412,
    "busted": 37548025,
    "blackjack": 0,
    "doubled": 0,
    "split": 0,
    "insured": 0,
    "surrender": 0
  }
}
