{
  "rounds": 100000000,
  "rules": {
    "game_type": "enhc",
    "soft17": "h17",
    "das": true,
    "double_down": "any_two",
    "surrender": "no_surrender",
    "play_ace_pairs": false,
    "max_splits": 4,
    "decks": 6,
    "penetration_cards": 46
  },
  "ev": 0.4084191200000164,
  "stddev": 1.8826887416308575,
  "winning_distrib": {
    "-2.0": 36181060,
    "+0.0": 7216924,
    "+2.0": 56602016
  },
  "hands": {
    "total": 100000000,
    "won": 56602016,
    "lost": 36181060,
    "push": 7216924,
    "busted": 0,
    "blackjack": 0,
    "doubled": 100000000,
    "split": 0,
    "insured": 0,
    "surrender": 0
  }
}
