{
  "rounds": 100000000,
  "rules": {
    "game_type": "enhc",
    "soft17": "s17",
    "das": false,
    "double_down": "any_two",
    "surrender": "no_surrender",
    "play_ace_pairs": false,
    "max_splits": 4,
    "decks": 6,
    "penetration_cards": 46
  },
  "ev": 0.5939048399999933,
  "stddev": 0.7200862630336811,
  "winning_distrib": {
    "-1.0": 13867117,
    "+0.0": 12875282,
    "+1.0": 73257601
  },
  "hands": {
    "total": 100000000,
    "won": 73257601,
    "lost": 13867117,
    "push": 12875282,
    "busted": 0,
    "blackjack": 0,
    "doubled": 0,
    "split": 0,
    "insured": 0,
    "surrender": 0
  }
}
