{
  "rounds": 100000000,
  "rules": {
    "game_type": "ahc",
    "soft17": "s17",
    "das": true,
    "bj_pays": 1.5,
    "double_down": "any_two",
    "surrender": "early_surrender",
    "play_ace_pairs": false,
    "max_splits": 4,
    "decks": 6,
    "penetration_cards": 250
  },
  "ev": -1.239470540000028,
  "stddev": 1.533060404542137,
  "winning_distrib": {
    "-2.0": 79568781,
    "+0.0": 2835965,
    "+2.0": 17595254
  },
  "hands": {
    "total": 100000000,
    "won": 17595254,
    "lost": 79568781,
    "push": 2835965,
    "busted": 77081542,
    "blackjack": 0,
    "doubled": 100000000,
    "split": 0,
    "insured": 0,
    "surrender": 0
  }
}
