{
  "rounds": 100000000,
  "rules": {
    "game_type": "ahc",
    "soft17": "s17",
    "das": true,
    "bj_pays": 1.5,
    "double_down": "any_two",
    "surrender": "early_surrender",
    "play_ace_pairs": false,
    "max_splits": 4,
    "decks": 6,
    "penetration_cards": 250
  },
  "ev": -0.11845869000000007,
  "stddev": 2.2893760113130943,
  "winning_distrib": {
    "-8.0": 86,
    "-7.0": 3687,
    "-6.0": 52934,
    "-5.0": 413405,
    "-4.0": 2220970,
    "-3.0": 10415396,
    "-2.0": 29433336,
    "-1.0": 8124578,
    "+0.0": 7086872,
    "+1.0": 5954010,
    "+2.0": 21678794,
    "+3.0": 10972132,
    "+4.0": 2897171,
    "+5.0": 622118,
    "+6.0": 112761,
    "+7.0": 11259,
    "+8.0": 491
  },
  "hands": {
    "total": 217797593,
    "won": 90232539,
    "lost": 109878210,
    "push": 17686844,
    "busted": 5978069,
    "blackjack": 0,
    "doubled": 35131666,
    "split": 217797593,
    "insured": 0,
    "surrender": 0
  }
}
