{
  "rounds": 100000000,
  "rules": {
    "game_type": "ahc",
    "soft17": "s17",
    "das": true,
    "bj_pays": 1.5,
    "double_down": "any_two",
    "surrender": "early_surrender",
    "play_ace_pairs": false,
    "max_splits": 4,
    "decks": 6,
    "penetration_cards": 250
  },
  "ev": 0.1322589699999989,
  "stddev": 0.9013391609037449,
  "winning_distrib": {
    "-1.0": 34882287,
    "+0.0": 17009529,
    "+1.0": 48108184
  },
  "hands": {
    "total": 100000000,
    "won": 48108184,
    "lost": 34882287,
    "push": 17009529,
    "busted": 18806380,
    "blackjack": 8328888,
    "doubled": 0,
    "split": 0,
    "insured": 0,
    "surrender": 0
  }
}
