{
  "rounds": 100000000,
  "rules": {
    "game_type": "ahc",
    "soft17": "s17",
    "das": true,
    "bj_pays": 1.5,
    "double_down": "any_two",
    "surrender": "early_surrender",
    "play_ace_pairs": false,
    "max_splits": 4,
    "decks": 6,
    "penetration_cards": 250
  },
  "ev": 0.28412139000000314,
  "stddev": 0.9222693935343785,
  "winning_distrib": {
    "-1.0": 32359220,
    "+0.0": 6869421,
    "+1.0": 60771359
  },
  "hands": {
    "total": 100000000,
    "won": 60771359,
    "lost": 32359220,
    "push": 6869421,
    "busted": 0,
    "blackjack": 0,
    "doubled": 0,
    "split": 0,
    "insured": 0,
    "surrender": 0
  }
}
