{
  "rounds": 100000000,
  "rules": {
    "game_type": "ahc",
    "soft17": "h17",
    "das": false,
    "double_down": "any_two",
    "surrender": "no_surrender",
    "play_ace_pairs": false,
    "max_splits": 4,
    "decks": 6,
    "penetration_cards": 46
  },
  "ev": 0.46794544000000743,
  "stddev": 1.8671272854427203,
  "winning_distrib": {
    "-2.0": 34615579,
    "+0.0": 7371570,
    "+2.0": 58012851
  },
  "hands": {
    "total": 100000000,
    "won": 58012851,
    "lost": 34615579,
    "push": 7371570,
    "busted": 0,
    "blackjack": 0,
    "doubled": 100000000,
    "split": 0,
    "insured": 0,
    "surrender": 0
  }
}
