{
  "rounds": 100000000,
  "rules": {
    "game_type": "enhc",
    "soft17": "s17",
    "das": false,
    "double_down": "any_two",
    "surrender": "no_surrender",
    "play_ace_pairs": false,
    "max_splits": 4,
    "decks": 6,
    "penetration_cards": 46
  },
  "ev": -0.5824196600000175,
  "stddev": 1.863192929988808,
  "winning_distrib": {
    "-2.0": 62194248,
    "+0.0": 4732487,
    "+2.0": 33073265
  },
  "hands": {
    "total": 100000000,
    "won": 33073265,
    "lost": 62194248,
    "push": 4732487,
    "busted": 38589878,
    "blackjack": 0,
    "doubled": 100000000,
    "split": 0,
    "insured": 0,
    "surrender": 0
  }
}
