{
  "rounds": 100000000,
  "rules": {
    "game_type": "ahc",
    "soft17": "h17",
    "das": false,
    "double_down": "any_two",
    "surrender": "no_surrender",
    "play_ace_pairs": false,
    "max_splits": 4,
    "decks": 6,
    "penetration_cards": 46
  },
  "ev": -0.4822800000000008,
  "stddev": 1.896280938457918,
  "winning_distrib": {
    "-2.0": 59912942,
    "+0.0": 4288116,
    "+2.0": 35798942
  },
  "hands": {
    "total": 100000000,
    "won": 35798942,
    "lost": 59912942,
    "push": 4288116,
    "busted": 38594094,
    "blackjack": 0,
    "doubled": 100000000,
    "split": 0,
    "insured": 0,
    "surrender": 0
  }
}
