{
  "rounds": 100000000,
  "rules": {
    "game_type": "enhc",
    "soft17": "s17",
    "das": false,
    "double_down": "any_two",
    "surrender": "no_surrender",
    "play_ace_pairs": false,
    "max_splits": 4,
    "decks": 6,
    "penetration_cards": 46
  },
  "ev": -0.6418219200000133,
  "stddev": 0.7351958979840982,
  "winning_distrib": {
    "-1.0": 79713515,
    "+0.0": 4755162,
    "+1.0": 15531323
  },
  "hands": {
    "total": 100000000,
    "won": 15531323,
    "lost": 79713515,
    "push": 4755162,
    "busted": 58629765,
    "blackjack": 0,
    "doubled": 0,
    "split": 0,
    "insured": 0,
    "surrender": 0
  }
}
