{
  "rounds": 100000000,
  "rules": {
    "game_type": "ahc",
    "soft17": "s17",
    "das": true,
    "bj_pays": 1.5,
    "double_down": "any_two",
    "surrender": "early_surrender",
    "play_ace_pairs": false,
    "max_splits": 4,
    "decks": 6,
    "penetration_cards": 250
  },
  "ev": -1.2486307600000082,
  "stddev": 1.5348612604205882,
  "winning_distrib": {
    "-2.0": 80151742,
    "+0.0": 2128054,
    "+2.0": 17720204
  },
  "hands": {
    "total": 100000000,
    "won": 17720204,
    "lost": 80151742,
    "push": 2128054,
    "busted": 77958304,
    "blackjack": 0,
    "doubled": 100000000,
    "split": 0,
    "insured": 0,
    "surrender": 0
  }
}
