{
  "rounds": 100000000,
  "rules": {
    "game_type": "ahc",
    "soft17": "s17",
    "das": true,
    "bj_pays": 1.5,
    "double_down": "any_two",
    "surrender": "early_surrender",
    "play_ace_pairs": false,
    "max_splits": 4,
    "decks": 6,
    "penetration_cards": 250
  },
  "ev": -0.45997644000000043,
  "stddev": 0.8348178852984136,
  "winning_distrib": {
    "-1.0": 68423783,
    "+0.0": 9150078,
    "+1.0": 22426139
  },
  "hands": {
    "total": 100000000,
    "won": 22426139,
    "lost": 68423783,
    "push": 9150078,
    "busted": 16638493,
    "blackjack": 0,
    "doubled": 0,
    "split": 0,
    "insured": 0,
    "surrender": 0
  }
}
