{
  "rounds": 100000000,
  "rules": {
    "game_type": "ahc",
    "soft17": "s17",
    "das": true,
    "bj_pays": 1.5,
    "double_down": "any_two",
    "surrender": "early_surrender",
    "play_ace_pairs": false,
    "max_splits": 4,
    "decks": 6,
    "penetration_cards": 250
  },
  "ev": -0.07469305999999751,
  "stddev": 0.9420607069942938,
  "winning_distrib": {
    "-1.0": 48387524,
    "+0.0": 10694258,
    "+1.0": 40918218
  },
  "hands": {
    "total": 100000000,
    "won": 40918218,
    "lost": 48387524,
    "push": 10694258,
    "busted": 33907857,
    "blackjack": 0,
    "doubled": 0,
    "split": 0,
    "insured": 0,
    "surrender": 0
  }
}
