{
  "rounds": 100000000,
  "rules": {
    "game_type": "ahc",
    "soft17": "s17",
    "das": true,
    "bj_pays": 1.5,
    "double_down": "any_two",
    "surrender": "early_surrender",
    "play_ace_pairs": false,
    "max_splits": 4,
    "decks": 6,
    "penetration_cards": 250
  },
  "ev": 0.18308441000000075,
  "stddev": 0.9312100716199729,
  "winning_distrib": {
    "-1.0": 35879384,
    "+0.0": 9932791,
    "+1.0": 54187825
  },
  "hands": {
    "total": 100000000,
    "won": 54187825,
    "lost": 35879384,
    "push": 9932791,
    "busted": 20739426,
    "blackjack": 0,
    "doubled": 0,
    "split": 0,
    "insured": 0,
    "surrender": 0
  }
}
