{
  "rounds": 100000000,
  "rules": {
    "game_type": "enhc",
    "soft17": "h17",
    "das": false,
    "double_down": "any_two",
    "surrender": "no_surrender",
    "play_ace_pairs": false,
    "max_splits": 4,
    "decks": 6,
    "penetration_cards": 46
  },
  "ev": -0.2743290599999927,
  "stddev": 0.9201543866690767,
  "winning_distrib": {
    "-1.0": 59813479,
    "+0.0": 7805948,
    "+1.0": 32380573
  },
  "hands": {
    "total": 100000000,
    "won": 32380573,
    "lost": 59813479,
    "push": 7805948,
    "busted": 48486427,
    "blackjack": 0,
    "doubled": 0,
    "split": 0,
    "insured": 0,
    "surrender": 0
  }
}
