{
  "rounds": 100000000,
  "rules": {
    "game_type": "ahc",
    "soft17": "s17",
    "das": true,
    "bj_pays": 1.5,
    "double_down": "any_two",
    "surrender": "early_surrender",
    "play_ace_pairs": false,
    "max_splits": 4,
    "decks": 6,
    "penetration_cards": 250
  },
  "ev": -0.4481024600000035,
  "stddev": 0.8666855328510994,
  "winning_distrib": {
    "-1.0": 70002104,
    "+0.0": 4806038,
    "+1.0": 25191858
  },
  "hands": {
    "total": 100000000,
    "won": 25191858,
    "lost": 70002104,
    "push": 4806038,
    "busted": 60996901,
    "blackjack": 0,
    "doubled": 0,
    "split": 0,
    "insured": 0,
    "surrender": 0
  }
}
