{
  "rounds": 100000000,
  "rules": {
    "game_type": "ahc",
    "soft17": "s17",
    "das": true,
    "bj_pays": 1.5,
    "double_down": "any_two",
    "surrender": "early_surrender",
    "play_ace_pairs": false,
    "max_splits": 4,
    "decks": 6,
    "penetration_cards": 250
  },
  "ev": -0.1646036700000007,
  "stddev": 0.9651750676111457,
  "winning_distrib": {
    "-1.0": 56163047,
    "+0.0": 4134273,
    "+1.0": 39702680
  },
  "hands": {
    "total": 100000000,
    "won": 39702680,
    "lost": 56163047,
    "push": 4134273,
    "busted": 33330328,
    "blackjack": 0,
    "doubled": 0,
    "split": 0,
    "insured": 0,
    "surrender": 0
  }
}
