{
  "rounds": 100000000,
  "rules": {
    "game_type": "ahc",
    "soft17": "s17",
    "das": true,
    "bj_pays": 1.5,
    "double_down": "any_two",
    "surrender": "early_surrender",
    "play_ace_pairs": false,
    "max_splits": 4,
    "decks": 6,
    "penetration_cards": 250
  },
  "ev": -0.9430038000000007,
  "stddev": 1.698157195910593,
  "winning_distrib": {
    "-2.0": 70737520,
    "+0.0": 5675150,
    "+2.0": 23587330
  },
  "hands": {
    "total": 100000000,
    "won": 23587330,
    "lost": 70737520,
    "push": 5675150,
    "busted": 62352949,
    "blackjack": 0,
    "doubled": 100000000,
    "split": 0,
    "insured": 0,
    "surrender": 0
  }
}
