{
  "rounds": 100000000,
  "rules": {
    "game_type": "enhc",
    "soft17": "s17",
    "das": true,
    "double_down": "any_two",
    "surrender": "no_surrender",
    "play_ace_pairs": false,
    "max_splits": 4,
    "decks": 6,
    "penetration_cards": 46
  },
  "ev": -1.348113000000024,
  "stddev": 1.4251945549793306,
  "winning_distrib": {
    "-2.0": 81810177,
    "+0.0": 3785296,
    "+2.0": 14404527
  },
  "hands": {
    "total": 100000000,
    "won": 14404527,
    "lost": 81810177,
    "push": 3785296,
    "busted": 76853745,
    "blackjack": 0,
    "doubled": 100000000,
    "split": 0,
    "insured": 0,
    "surrender": 0
  }
}
