{
  "rounds": 100000000,
  "rules": {
    "game_type": "ahc",
    "soft17": "s17",
    "das": true,
    "bj_pays": 1.5,
    "double_down": "any_two",
    "surrender": "early_surrender",
    "play_ace_pairs": false,
    "max_splits": 4,
    "decks": 6,
    "penetration_cards": 250
  },
  "ev": 0.24711340999999504,
  "stddev": 0.9299958608763327,
  "winning_distrib": {
    "-1.0": 33942196,
    "+0.0": 7404267,
    "+1.0": 58653537
  },
  "hands": {
    "total": 100000000,
    "won": 58653537,
    "lost": 33942196,
    "push": 7404267,
    "busted": 0,
    "blackjack": 0,
    "doubled": 0,
    "split": 0,
    "insured": 0,
    "surrender": 0
  }
}
