{
  "rounds": 100000000,
  "rules": {
    "game_type": "ahc",
    "soft17": "s17",
    "das": true,
    "bj_pays": 1.5,
    "double_down": "any_two",
    "surrender": "early_surrender",
    "play_ace_pairs": false,
    "max_splits": 4,
    "decks": 6,
    "penetration_cards": 250
  },
  "ev": 0.06967442999999858,
  "stddev": 2.738455681364167,
  "winning_distrib": {
    "-8.0": 3925,
    "-7.0": 43810,
    "-6.0": 277702,
    "-5.0": 1091807,
    "-4.0": 4829999,
    "-3.0": 15949515,
    "-2.0": 21079763,
    "-1.0": 4949434,
    "+0.0": 4116431,
    "+1.0": 5351031,
    "+2.0": 15782456,
    "+3.0": 17342209,
    "+4.0": 6908692,
    "+5.0": 1632740,
    "+6.0": 527759,
    "+7.0": 101147,
    "+8.0": 11580
  },
  "hands": {
    "total": 218196952,
    "won": 102630606,
    "lost": 107893307,
    "push": 7673039,
    "busted": 0,
    "blackjack": 0,
    "doubled": 73324393,
    "split": 218196952,
    "insured": 0,
    "surrender": 0
  }
}
