{
  "rounds": 100000000,
  "rules": {
    "game_type": "enhc",
    "soft17": "s17",
    "das": true,
    "double_down": "any_two",
    "surrender": "no_surrender",
    "play_ace_pairs": false,
    "max_splits": 4,
    "decks": 6,
    "penetration_cards": 46
  },
  "ev": 0.011399869999999953,
  "stddev": 0.9133592400070413,
  "winning_distrib": {
    "-1.0": 41147759,
    "+0.0": 16564495,
    "+1.0": 42287746
  },
  "hands": {
    "total": 100000000,
    "won": 42287746,
    "lost": 41147759,
    "push": 16564495,
    "busted": 0,
    "blackjack": 0,
    "doubled": 0,
    "split": 0,
    "insured": 0,
    "surrender": 0
  }
}
