{
  "rounds": 100000000,
  "rules": {
    "game_type": "enhc",
    "soft17": "h17",
    "das": false,
    "double_down": "any_two",
    "surrender": "no_surrender",
    "play_ace_pairs": false,
    "max_splits": 4,
    "decks": 6,
    "penetration_cards": 46
  },
  "ev": 0.010985420000000199,
  "stddev": 2.014571746335295,
  "winning_distrib": {
    "-4.0": 750095,
    "-3.0": 4230719,
    "-2.0": 34648438,
    "-1.0": 8071909,
    "+0.0": 7622664,
    "+1.0": 2179220,
    "+2.0": 36519038,
    "+3.0": 4969100,
    "+4.0": 1008817
  },
  "hands": {
    "total": 216714051,
    "won": 101623944,
    "lost": 100525402,
    "push": 14564705,
    "busted": 0,
    "blackjack": 0,
    "doubled": 0,
    "split": 216714051,
    "insured": 0,
    "surrender": 0
  }
}
