{
  "rounds": 100000000,
  "rules": {
    "game_type": "ahc",
    "soft17": "s17",
    "das": true,
    "bj_pays": 1.5,
    "double_down": "any_two",
    "surrender": "early_surrender",
    "play_ace_pairs": false,
    "max_splits": 4,
    "decks": 6,
    "penetration_cards": 250
  },
  "ev": -0.11701342000000214,
  "stddev": 0.9382122618801993,
  "winning_distrib": {
    "-1.0": 50547390,
    "+0.0": 10606562,
    "+1.0": 38846048
  },
  "hands": {
    "total": 100000000,
    "won": 38846048,
    "lost": 50547390,
    "push": 10606562,
    "busted": 27152164,
    "blackjack": 0,
    "doubled": 0,
    "split": 0,
    "insured": 0,
    "surrender": 0
  }
}
