{
  "rounds": 100000000,
  "rules": {
    "game_type": "ahc",
    "soft17": "s17",
    "das": false,
    "double_down": "any_two",
    "surrender": "no_surrender",
    "play_ace_pairs": false,
    "max_splits": 4,
    "decks": 6,
    "penetration_cards": 46
  },
  "ev": -0.4561149899999885,
  "stddev": 0.8633847539490291,
  "winning_distrib": {
    "-1.0": 70479455,
    "+0.0": 4652589,
    "+1.0": 24867956
  },
  "hands": {
    "total": 100000000,
    "won": 24867956,
    "lost": 70479455,
    "push": 4652589,
    "busted": 61505084,
    "blackjack": 0,
    "doubled": 0,
    "split": 0,
    "insured": 0,
    "surrender": 0
  }
}
