{
  "rounds": 100000000,
  "rules": {
    "game_type": "ahc",
    "soft17": "s17",
    "das": true,
    "bj_pays": 1.5,
    "double_down": "any_two",
    "surrender": "early_surrender",
    "play_ace_pairs": false,
    "max_splits": 4,
    "decks": 6,
    "penetration_cards": 250
  },
  "ev": -0.22019136000000022,
  "stddev": 0.9135323712527968,
  "winning_distrib": {
    "-1.0": 55160849,
    "+0.0": 11697438,
    "+1.0": 33141713
  },
  "hands": {
    "total": 100000000,
    "won": 33141713,
    "lost": 55160849,
    "push": 11697438,
    "busted": 0,
    "blackjack": 0,
    "doubled": 0,
    "split": 0,
    "insured": 0,
    "surrender": 0
  }
}
