{
  "rounds": 100000000,
  "rules": {
    "game_type": "enhc",
    "soft17": "s17",
    "das": true,
    "double_down": "any_two",
    "surrender": "no_surrender",
    "play_ace_pairs": false,
    "max_splits": 4,
    "decks": 6,
    "penetration_cards": 46
  },
  "ev": 0.2986415199999995,
  "stddev": 1.901891331991417,
  "winning_distrib": {
    "-2.0": 38863679,
    "+0.0": 7340566,
    "+2.0": 53795755
  },
  "hands": {
    "total": 100000000,
    "won": 53795755,
    "lost": 38863679,
    "push": 7340566,
    "busted": 0,
    "blackjack": 0,
    "doubled": 100000000,
    "split": 0,
    "insured": 0,
    "surrender": 0
  }
}
