{
  "rounds": 100000000,
  "rules": {
    "game_type": "ahc",
    "soft17": "s17",
    "das": true,
    "bj_pays": 1.5,
    "double_down": "any_two",
    "surrender": "early_surrender",
    "play_ace_pairs": false,
    "max_splits": 4,
    "decks": 6,
    "penetration_cards": 250
  },
  "ev": -0.13935405000000414,
  "stddev": 1.7723106923334253,
  "winning_distrib": {
    "-4.0": 583656,
    "-3.0": 6584856,
    "-2.0": 22173012,
    "-1.0": 12014308,
    "+0.0": 25279297,
    "+1.0": 11215173,
    "+2.0": 14115248,
    "+3.0": 7069350,
    "+4.0": 965100
  },
  "hands": {
    "total": 200000000,
    "won": 81235048,
    "lost": 99344963,
    "push": 19419989,
    "busted": 60829653,
    "blackjack": 0,
    "doubled": 32653104,
    "split": 200000000,
    "insured": 0,
    "surrender": 0
  }
}
