{
  "rounds": 100000000,
  "rules": {
    "game_type": "enhc",
    "soft17": "s17",
    "das": false,
    "double_down": "any_two",
    "surrender": "no_surrender",
    "play_ace_pairs": false,
    "max_splits": 4,
    "decks": 6,
    "penetration_cards": 46
  },
  "ev": -0.1909814199999978,
  "stddev": 0.9586468309053232,
  "winning_distrib": {
    "-1.0": 57322953,
    "+0.0": 4452236,
    "+1.0": 38224811
  },
  "hands": {
    "total": 100000000,
    "won": 38224811,
    "lost": 57322953,
    "push": 4452236,
    "busted": 30868447,
    "blackjack": 0,
    "doubled": 0,
    "split": 0,
    "insured": 0,
    "surrender": 0
  }
}
