{
  "rounds": 100000000,
  "rules": {
    "game_type": "ahc",
    "soft17": "s17",
    "das": true,
    "bj_pays": 1.5,
    "double_down": "any_two",
    "surrender": "early_surrender",
    "play_ace_pairs": false,
    "max_splits": 4,
    "decks": 6,
    "penetration_cards": 250
  },
  "ev": 0.28494755000001276,
  "stddev": 0.7481272013140252,
  "winning_distrib": {
    "-1.0": 17797093,
    "+0.0": 35911059,
    "+1.0": 46291848
  },
  "hands": {
    "total": 100000000,
    "won": 46291848,
    "lost": 17797093,
    "push": 35911059,
    "busted": 0,
    "blackjack": 0,
    "doubled": 0,
    "split": 0,
    "insured": 0,
    "surrender": 0
  }
}
