{
  "rounds": 100000000,
  "rules": {
    "game_type": "enhc",
    "soft17": "s17",
    "das": true,
    "double_down": "any_two",
    "surrender": "no_surrender",
    "play_ace_pairs": false,
    "max_splits": 4,
    "decks": 6,
    "penetration_cards": 46
  },
  "ev": 0.29336868000000316,
  "stddev": 0.9197558622018063,
  "winning_distrib": {
    "-1.0": 31932367,
    "+0.0": 6798398,
    "+1.0": 61269235
  },
  "hands": {
    "total": 100000000,
    "won": 61269235,
    "lost": 31932367,
    "push": 6798398,
    "busted": 0,
    "blackjack": 0,
    "doubled": 0,
    "split": 0,
    "insured": 0,
    "surrender": 0
  }
}
