{
  "rounds": 100000000,
  "rules": {
    "game_type": "ahc",
    "soft17": "h17",
    "das": false,
    "double_down": "any_two",
    "surrender": "no_surrender",
    "play_ace_pairs": false,
    "max_splits": 4,
    "decks": 6,
    "penetration_cards": 46
  },
  "ev": -0.6140902300000001,
  "stddev": 0.772368633091787,
  "winning_distrib": {
    "-1.0": 79387517,
    "+0.0": 2633989,
    "+1.0": 17978494
  },
  "hands": {
    "total": 100000000,
    "won": 17978494,
    "lost": 79387517,
    "push": 2633989,
    "busted": 76835250,
    "blackjack": 0,
    "doubled": 0,
    "split": 0,
    "insured": 0,
    "surrender": 0
  }
}
