{
  "rounds": 100000000,
  "rules": {
    "game_type": "ahc",
    "soft17": "s17",
    "das": true,
    "bj_pays": 1.5,
    "double_down": "any_two",
    "surrender": "early_surrender",
    "play_ace_pairs": false,
    "max_splits": 4,
    "decks": 6,
    "penetration_cards": 250
  },
  "ev": -0.33610383999999893,
  "stddev": 0.9046297015468847,
  "winning_distrib": {
    "-1.0": 63371226,
    "+0.0": 6867932,
    "+1.0": 29760842
  },
  "hands": {
    "total": 100000000,
    "won": 29760842,
    "lost": 63371226,
    "push": 6867932,
    "busted": 53573786,
    "blackjack": 0,
    "doubled": 0,
    "split": 0,
    "insured": 0,
    "surrender": 0
  }
}
