{
  "rounds": 100000000,
  "rules": {
    "game_type": "ahc",
    "soft17": "s17",
    "das": true,
    "bj_pays": 1.5,
    "double_down": "any_two",
    "surrender": "early_surrender",
    "play_ace_pairs": false,
    "max_splits": 4,
    "decks": 6,
    "penetration_cards": 250
  },
  "ev": 0.6355495999999909,
  "stddev": 0.6858137434050545,
  "winning_distrib": {
    "-1.0": 11935709,
    "+0.0": 12573622,
    "+1.0": 75490669
  },
  "hands": {
    "total": 100000000,
    "won": 75490669,
    "lost": 11935709,
    "push": 12573622,
    "busted": 0,
    "blackjack": 0,
    "doubled": 0,
    "split": 0,
    "insured": 0,
    "surrender": 0
  }
}
