{
  "rounds": 100000000,
  "rules": {
    "game_type": "enhc",
    "soft17": "h17",
    "das": true,
    "double_down": "any_two",
    "surrender": "no_surrender",
    "play_ace_pairs": false,
    "max_splits": 4,
    "decks": 6,
    "penetration_cards": 46
  },
  "ev": 0.08138574000000005,
  "stddev": 0.9569714679563985,
  "winning_distrib": {
    "-1.0": 42051614,
    "+0.0": 7758198,
    "+1.0": 50190188
  },
  "hands": {
    "total": 100000000,
    "won": 50190188,
    "lost": 42051614,
    "push": 7758198,
    "busted": 10523970,
    "blackjack": 0,
    "doubled": 0,
    "split": 0,
    "insured": 0,
    "surrender": 0
  }
}
