{
  "rounds": 100000000,
  "rules": {
    "game_type": "ahc",
    "soft17": "s17",
    "das": true,
    "bj_pays": 1.5,
    "double_down": "any_two",
    "surrender": "early_surrender",
    "play_ace_pairs": false,
    "max_splits": 4,
    "decks": 6,
    "penetration_cards": 250
  },
  "ev": -0.004786920000000135,
  "stddev": 0.9838341196950998,
  "winning_distrib": {
    "-1.0": 48636970,
    "+0.0": 3204752,
    "+1.0": 48158278
  },
  "hands": {
    "total": 100000000,
    "won": 48158278,
    "lost": 48636970,
    "push": 3204752,
    "busted": 0,
    "blackjack": 0,
    "doubled": 0,
    "split": 0,
    "insured": 0,
    "surrender": 0
  }
}
