{
  "rounds": 100000000,
  "rules": {
    "game_type": "ahc",
    "soft17": "s17",
    "das": true,
    "bj_pays": 1.5,
    "double_down": "any_two",
    "surrender": "early_surrender",
    "play_ace_pairs": false,
    "max_splits": 4,
    "decks": 6,
    "penetration_cards": 250
  },
  "ev": 0.3698979599999977,
  "stddev": 1.8863843762001908,
  "winning_distrib": {
    "-2.0": 36943432,
    "+0.0": 7618238,
    "+2.0": 55438330
  },
  "hands": {
    "total": 100000000,
    "won": 55438330,
    "lost": 36943432,
    "push": 7618238,
    "busted": 0,
    "blackjack": 0,
    "doubled": 100000000,
    "split": 0,
    "insured": 0,
    "surrender": 0
  }
}
