{
  "rounds": 100000000,
  "rules": {
    "game_type": "ahc",
    "soft17": "h17",
    "das": true,
    "double_down": "any_two",
    "surrender": "no_surrender",
    "play_ace_pairs": false,
    "max_splits": 4,
    "decks": 6,
    "penetration_cards": 46
  },
  "ev": -0.049167099999999915,
  "stddev": 2.464602437923877,
  "winning_distrib": {
    "-8.0": 863,
    "-7.0": 14660,
    "-6.0": 124349,
    "-5.0": 650459,
    "-4.0": 3184984,
    "-3.0": 13305844,
    "-2.0": 24941333,
    "-1.0": 6453972,
    "+0.0": 7606183,
    "+1.0": 6204701,
    "+2.0": 17744747,
    "+3.0": 14127984,
    "+4.0": 4410164,
    "+5.0": 953222,
    "+6.0": 238149,
    "+7.0": 35586,
    "+8.0": 2800
  },
  "hands": {
    "total": 216645560,
    "won": 96460251,
    "lost": 111061315,
    "push": 9123994,
    "busted": 7826723,
    "blackjack": 0,
    "doubled": 54045801,
    "split": 216645560,
    "insured": 0,
    "surrender": 0
  }
}
