{
  "rounds": 100000000,
  "rules": {
    "game_type": "enhc",
    "soft17": "s17",
    "das": false,
    "double_down": "any_two",
    "surrender": "no_surrender",
    "play_ace_pairs": false,
    "max_splits": 4,
    "decks": 6,
    "penetration_cards": 46
  },
  "ev": 0.6708253699999971,
  "stddev": 0.6612314249463805,
  "winning_distrib": {
    "-1.0": 10820415,
    "+0.0": 11276633,
    "+1.0": 77902952
  },
  "hands": {
    "total": 100000000,
    "won": 77902952,
    "lost": 10820415,
    "push": 11276633,
    "busted": 0,
    "blackjack": 0,
    "doubled": 0,
    "split": 0,
    "insured": 0,
    "surrender": 0
  }
}
