{
  "rounds": 100000000,
  "rules": {
    "game_type": "ahc",
    "soft17": "s17",
    "das": true,
    "bj_pays": 1.5,
    "double_down": "any_two",
    "surrender": "early_surrender",
    "play_ace_pairs": false,
    "max_splits": 4,
    "decks": 6,
    "penetration_cards": 250
  },
  "ev": 0.2921526600000027,
  "stddev": 0.9029665726971337,
  "winning_distrib": {
    "-1.0": 30427457,
    "+0.0": 9929820,
    "+1.0": 59642723
  },
  "hands": {
    "total": 100000000,
    "won": 59642723,
    "lost": 30427457,
    "push": 9929820,
    "busted": 20108395,
    "blackjack": 0,
    "doubled": 0,
    "split": 0,
    "insured": 0,
    "surrender": 0
  }
}
