{
  "rounds": 100000000,
  "rules": {
    "game_type": "ahc",
    "soft17": "s17",
    "das": true,
    "bj_pays": 1.5,
    "double_down": "any_two",
    "surrender": "early_surrender",
    "play_ace_pairs": false,
    "max_splits": 4,
    "decks": 6,
    "penetration_cards": 250
  },
  "ev": -0.2519583600000023,
  "stddev": 0.9421855091770517,
  "winning_distrib": {
    "-1.0": 60157745,
    "+0.0": 4880346,
    "+1.0": 34961909
  },
  "hands": {
    "total": 100000000,
    "won": 34961909,
    "lost": 60157745,
    "push": 4880346,
    "busted": 31371457,
    "blackjack": 0,
    "doubled": 0,
    "split": 0,
    "insured": 0,
    "surrender": 0
  }
}
