{
  "rounds": 100000000,
  "rules": {
    "game_type": "ahc",
    "soft17": "s17",
    "das": true,
    "bj_pays": 1.5,
    "double_down": "any_two",
    "surrender": "early_surrender",
    "play_ace_pairs": false,
    "max_splits": 4,
    "decks": 6,
    "penetration_cards": 250
  },
  "ev": 0.6382268099999766,
  "stddev": 0.6825054678574783,
  "winning_distrib": {
    "-1.0": 11746018,
    "+0.0": 12685283,
    "+1.0": 75568699
  },
  "hands": {
    "total": 100000000,
    "won": 75568699,
    "lost": 11746018,
    "push": 12685283,
    "busted": 0,
    "blackjack": 0,
    "doubled": 0,
    "split": 0,
    "insured": 0,
    "surrender": 0
  }
}
