{
  "rounds": 100000000,
  "rules": {
    "game_type": "ahc",
    "soft17": "s17",
    "das": true,
    "bj_pays": 1.5,
    "double_down": "any_two",
    "surrender": "early_surrender",
    "play_ace_pairs": false,
    "max_splits": 4,
    "decks": 6,
    "penetration_cards": 250
  },
  "ev": 0.0072113299999998414,
  "stddev": 0.9610350440829626,
  "winning_distrib": {
    "-1.0": 45821451,
    "+0.0": 7635965,
    "+1.0": 46542584
  },
  "hands": {
    "total": 100000000,
    "won": 46542584,
    "lost": 45821451,
    "push": 7635965,
    "busted": 2437083,
    "blackjack": 0,
    "doubled": 0,
    "split": 0,
    "insured": 0,
    "surrender": 0
  }
}
