{
  "rounds": 100000000,
  "rules": {
    "game_type": "enhc",
    "soft17": "s17",
    "das": false,
    "double_down": "any_two",
    "surrender": "no_surrender",
    "play_ace_pairs": false,
    "max_splits": 4,
    "decks": 6,
    "penetration_cards": 46
  },
  "ev": 0.5229428000000077,
  "stddev": 1.6368103844732877,
  "winning_distrib": {
    "-2.0": 21090606,
    "-1.0": 8363018,
    "+0.0": 17556759,
    "+1.0": 3140724,
    "+2.0": 49848893
  },
  "hands": {
    "total": 200000000,
    "won": 119065653,
    "lost": 66771373,
    "push": 14162974,
    "busted": 0,
    "blackjack": 0,
    "doubled": 0,
    "split": 200000000,
    "insured": 0,
    "surrender": 0
  }
}
