{
  "rounds": 100000000,
  "rules": {
    "game_type": "ahc",
    "soft17": "s17",
    "das": true,
    "bj_pays": 1.5,
    "double_down": "any_two",
    "surrender": "early_surrender",
    "play_ace_pairs": false,
    "max_splits": 4,
    "decks": 6,
    "penetration_cards": 250
  },
  "ev": -0.3649961200000029,
  "stddev": 1.957550497613011,
  "winning_distrib": {
    "-2.0": 58690229,
    "+0.0": 869348,
    "+2.0": 40440423
  },
  "hands": {
    "total": 100000000,
    "won": 40440423,
    "lost": 58690229,
    "push": 869348,
    "busted": 0,
    "blackjack": 0,
    "doubled": 100000000,
    "split": 0,
    "insured": 0,
    "surrender": 0
  }
}
