{
  "rounds": 100000000,
  "rules": {
    "game_type": "ahc",
    "soft17": "s17",
    "das": true,
    "bj_pays": 1.5,
    "double_down": "any_two",
    "surrender": "early_surrender",
    "play_ace_pairs": false,
    "max_splits": 4,
    "decks": 6,
    "penetration_cards": 250
  },
  "ev": -0.9633501399999977,
  "stddev": 1.720163462392923,
  "winning_distrib": {
    "-2.0": 72671326,
    "+0.0": 2824855,
    "+2.0": 24503819
  },
  "hands": {
    "total": 100000000,
    "won": 24503819,
    "lost": 72671326,
    "push": 2824855,
    "busted": 69118586,
    "blackjack": 0,
    "doubled": 100000000,
    "split": 0,
    "insured": 0,
    "surrender": 0
  }
}
