{
  "rounds": 100000000,
  "rules": {
    "game_type": "ahc",
    "soft17": "h17",
    "das": false,
    "double_down": "any_two",
    "surrender": "no_surrender",
    "play_ace_pairs": false,
    "max_splits": 4,
    "decks": 6,
    "penetration_cards": 46
  },
  "ev": 0.1727474300000059,
  "stddev": 0.9314366345083094,
  "winning_distrib": {
    "-1.0": 36233422,
    "+0.0": 10258413,
    "+1.0": 53508165
  },
  "hands": {
    "total": 100000000,
    "won": 53508165,
    "lost": 36233422,
    "push": 10258413,
    "busted": 22786461,
    "blackjack": 0,
    "doubled": 0,
    "split": 0,
    "insured": 0,
    "surrender": 0
  }
}
