{
  "rounds": 100000000,
  "rules": {
    "game_type": "ahc",
    "soft17": "s17",
    "das": true,
    "double_down": "any_two",
    "surrender": "no_surrender",
    "play_ace_pairs": false,
    "max_splits": 4,
    "decks": 6,
    "penetration_cards": 46
  },
  "ev": -0.20831458000000252,
  "stddev": 0.9386168145571762,
  "winning_distrib": {
    "-1.0": 56635553,
    "+0.0": 7560352,
    "+1.0": 35804095
  },
  "hands": {
    "total": 100000000,
    "won": 35804095,
    "lost": 56635553,
    "push": 7560352,
    "busted": 14688650,
    "blackjack": 0,
    "doubled": 0,
    "split": 0,
    "insured": 0,
    "surrender": 0
  }
}
