{
  "rounds": 100000000,
  "rules": {
    "game_type": "ahc",
    "soft17": "s17",
    "das": true,
    "bj_pays": 1.5,
    "double_down": "any_two",
    "surrender": "early_surrender",
    "play_ace_pairs": false,
    "max_splits": 4,
    "decks": 6,
    "penetration_cards": 250
  },
  "ev": -1.30619588000001,
  "stddev": 1.4567095607193188,
  "winning_distrib": {
    "-2.0": 80506777,
    "+0.0": 4296240,
    "+2.0": 15196983
  },
  "hands": {
    "total": 100000000,
    "won": 15196983,
    "lost": 80506777,
    "push": 4296240,
    "busted": 78725173,
    "blackjack": 0,
    "doubled": 100000000,
    "split": 0,
    "insured": 0,
    "surrender": 0
  }
}
