{
  "rounds": 100000000,
  "rules": {
    "game_type": "ahc",
    "soft17": "s17",
    "das": true,
    "bj_pays": 1.5,
    "double_down": "any_two",
    "surrender": "early_surrender",
    "play_ace_pairs": false,
    "max_splits": 4,
    "decks": 6,
    "penetration_cards": 250
  },
  "ev": -0.6007857099999891,
  "stddev": 1.588521931197003,
  "winning_distrib": {
    "-2.0": 40917752,
    "-1.0": 27083221,
    "+0.0": 7578950,
    "+2.0": 24420077
  },
  "hands": {
    "total": 100000000,
    "won": 24420077,
    "lost": 68000973,
    "push": 7578950,
    "busted": 0,
    "blackjack": 0,
    "doubled": 72916779,
    "split": 0,
    "insured": 0,
    "surrender": 0
  }
}
