{
  "rounds": 100000000,
  "rules": {
    "game_type": "ahc",
    "soft17": "s17",
    "das": true,
    "bj_pays": 1.5,
    "double_down": "any_two",
    "surrender": "early_surrender",
    "play_ace_pairs": false,
    "max_splits": 4,
    "decks": 6,
    "penetration_cards": 250
  },
  "ev": -0.39680294000000926,
  "stddev": 1.897424945237533,
  "winning_distrib": {
    "-2.0": 56890998,
    "+0.0": 6058151,
    "+2.0": 37050851
  },
  "hands": {
    "total": 100000000,
    "won": 37050851,
    "lost": 56890998,
    "push": 6058151,
    "busted": 0,
    "blackjack": 0,
    "doubled": 100000000,
    "split": 0,
    "insured": 0,
    "surrender": 0
  }
}
