{
  "rounds": 100000000,
  "rules": {
    "game_type": "enhc",
    "soft17": "h17",
    "das": true,
    "double_down": "any_two",
    "surrender": "no_surrender",
    "play_ace_pairs": false,
    "max_splits": 4,
    "decks": 6,
    "penetration_cards": 46
  },
  "ev": 0.26152882000000177,
  "stddev": 2.7138436819313956,
  "winning_distrib": {
    "-8.0": 3021,
    "-7.0": 34406,
    "-6.0": 224091,
    "-5.0": 910642,
    "-4.0": 4298689,
    "-3.0": 14689103,
    "-2.0": 19708831,
    "-1.0": 4921407,
    "+0.0": 4169958,
    "+1.0": 5037240,
    "+2.0": 17560993,
    "+3.0": 18961453,
    "+4.0": 7249514,
    "+5.0": 1623366,
    "+6.0": 503460,
    "+7.0": 93057,
    "+8.0": 10769
  },
  "hands": {
    "total": 216739918,
    "won": 109758462,
    "lost": 99442659,
    "push": 7538797,
    "busted": 0,
    "blackjack": 0,
    "doubled": 72097687,
    "split": 216739918,
    "insured": 0,
    "surrender": 0
  }
}
