{
  "rounds": 100000000,
  "rules": {
    "game_type": "ahc",
    "soft17": "s17",
    "das": true,
    "bj_pays": 1.5,
    "double_down": "any_two",
    "surrender": "early_surrender",
    "play_ace_pairs": false,
    "max_splits": 4,
    "decks": 6,
    "penetration_cards": 250
  },
  "ev": -0.7368690200000013,
  "stddev": 1.7934180883240127,
  "winning_distrib": {
    "-2.0": 65413280,
    "+0.0": 6016891,
    "+2.0": 28569829
  },
  "hands": {
    "total": 100000000,
    "won": 28569829,
    "lost": 65413280,
    "push": 6016891,
    "busted": 32001368,
    "blackjack": 0,
    "doubled": 100000000,
    "split": 0,
    "insured": 0,
    "surrender": 0
  }
}
