{
  "rounds": 100000000,
  "rules": {
    "game_type": "ahc",
    "soft17": "s17",
    "das": true,
    "bj_pays": 1.5,
    "double_down": "any_two",
    "surrender": "early_surrender",
    "play_ace_pairs": false,
    "max_splits": 4,
    "decks": 6,
    "penetration_cards": 250
  },
  "ev": 0.14074195000000297,
  "stddev": 0.9356327603629041,
  "winning_distrib": {
    "-1.0": 37723750,
    "+0.0": 10478305,
    "+1.0": 51797945
  },
  "hands": {
    "total": 100000000,
    "won": 51797945,
    "lost": 37723750,
    "push": 10478305,
    "busted": 23379881,
    "blackjack": 0,
    "doubled": 0,
    "split": 0,
    "insured": 0,
    "surrender": 0
  }
}
