{
  "rounds": 100000000,
  "rules": {
    "game_type": "ahc",
    "soft17": "s17",
    "das": true,
    "bj_pays": 1.5,
    "double_down": "any_two",
    "surrender": "early_surrender",
    "play_ace_pairs": false,
    "max_splits": 4,
    "decks": 6,
    "penetration_cards": 250
  },
  "ev": -0.1688158999999969,
  "stddev": 0.918196264606878,
  "winning_distrib": {
    "-1.0": 52019954,
    "+0.0": 12841682,
    "+1.0": 35138364
  },
  "hands": {
    "total": 100000000,
    "won": 35138364,
    "lost": 52019954,
    "push": 12841682,
    "busted": 0,
    "blackjack": 0,
    "doubled": 0,
    "split": 0,
    "insured": 0,
    "surrender": 0
  }
}
