{
  "rounds": 100000000,
  "rules": {
    "game_type": "ahc",
    "soft17": "s17",
    "das": true,
    "bj_pays": 1.5,
    "double_down": "any_two",
    "surrender": "early_surrender",
    "play_ace_pairs": false,
    "max_splits": 4,
    "decks": 6,
    "penetration_cards": 250
  },
  "ev": -0.3001857599999947,
  "stddev": 1.836454841050769,
  "winning_distrib": {
    "-2.0": 50788117,
    "+0.0": 13433054,
    "+2.0": 35778829
  },
  "hands": {
    "total": 100000000,
    "won": 35778829,
    "lost": 50788117,
    "push": 13433054,
    "busted": 0,
    "blackjack": 0,
    "doubled": 100000000,
    "split": 0,
    "insured": 0,
    "surrender": 0
  }
}
