{
  "rounds": 100000000,
  "rules": {
    "game_type": "ahc",
    "soft17": "s17",
    "das": true,
    "bj_pays": 1.5,
    "double_down": "any_two",
    "surrender": "early_surrender",
    "play_ace_pairs": false,
    "max_splits": 4,
    "decks": 6,
    "penetration_cards": 250
  },
  "ev": -0.4062514800000039,
  "stddev": 0.8870202719588085,
  "winning_distrib": {
    "-1.0": 67904835,
    "+0.0": 4815478,
    "+1.0": 27279687
  },
  "hands": {
    "total": 100000000,
    "won": 27279687,
    "lost": 67904835,
    "push": 4815478,
    "busted": 53841964,
    "blackjack": 0,
    "doubled": 0,
    "split": 0,
    "insured": 0,
    "surrender": 0
  }
}
