{
  "rounds": 100000000,
  "rules": {
    "game_type": "ahc",
    "soft17": "s17",
    "das": true,
    "bj_pays": 1.5,
    "double_down": "any_two",
    "surrender": "early_surrender",
    "play_ace_pairs": false,
    "max_splits": 4,
    "decks": 6,
    "penetration_cards": 250
  },
  "ev": 0.4636353699999963,
  "stddev": 0.8211452005752323,
  "winning_distrib": {
    "-1.0": 21280091,
    "+0.0": 11076281,
    "+1.0": 67643628
  },
  "hands": {
    "total": 100000000,
    "won": 67643628,
    "lost": 21280091,
    "push": 11076281,
    "busted": 0,
    "blackjack": 0,
    "doubled": 0,
    "split": 0,
    "insured": 0,
    "surrender": 0
  }
}
