{
  "rounds": 100000000,
  "rules": {
    "game_type": "ahc",
    "soft17": "s17",
    "das": true,
    "bj_pays": 1.5,
    "double_down": "any_two",
    "surrender": "early_surrender",
    "play_ace_pairs": false,
    "max_splits": 4,
    "decks": 6,
    "penetration_cards": 250
  },
  "ev": -0.8350529899999829,
  "stddev": 0.5453556242179816,
  "winning_distrib": {
    "-1.0": 91488962,
    "+0.0": 527375,
    "+1.0": 7983663
  },
  "hands": {
    "total": 100000000,
    "won": 7983663,
    "lost": 91488962,
    "push": 527375,
    "busted": 91488962,
    "blackjack": 0,
    "doubled": 0,
    "split": 0,
    "insured": 0,
    "surrender": 0
  }
}
