{
  "rounds": 100000000,
  "rules": {
    "game_type": "ahc",
    "soft17": "s17",
    "das": true,
    "bj_pays": 1.5,
    "double_down": "any_two",
    "surrender": "early_surrender",
    "play_ace_pairs": false,
    "max_splits": 4,
    "decks": 6,
    "penetration_cards": 250
  },
  "ev": -0.6426731199999908,
  "stddev": 0.7538815202091368,
  "winning_distrib": {
    "-1.0": 81201960,
    "+0.0": 1863392,
    "+1.0": 16934648
  },
  "hands": {
    "total": 100000000,
    "won": 16934648,
    "lost": 81201960,
    "push": 1863392,
    "busted": 79127615,
    "blackjack": 0,
    "doubled": 0,
    "split": 0,
    "insured": 0,
    "surrender": 0
  }
}
