{
  "rounds": 100000000,
  "rules": {
    "game_type": "ahc",
    "soft17": "s17",
    "das": true,
    "bj_pays": 1.5,
    "double_down": "any_two",
    "surrender": "early_surrender",
    "play_ace_pairs": false,
    "max_splits": 4,
    "decks": 6,
    "penetration_cards": 250
  },
  "ev": 0.20477902999999797,
  "stddev": 0.9345085915096193,
  "winning_distrib": {
    "-1.0": 35523086,
    "+0.0": 8475925,
    "+1.0": 56000989
  },
  "hands": {
    "total": 100000000,
    "won": 56000989,
    "lost": 35523086,
    "push": 8475925,
    "busted": 2309527,
    "blackjack": 0,
    "doubled": 0,
    "split": 0,
    "insured": 0,
    "surrender": 0
  }
}
