{
  "rounds": 100000000,
  "rules": {
    "game_type": "enhc",
    "soft17": "h17",
    "das": true,
    "bj_pays": 1.5,
    "double_down": "any_two",
    "surrender": "no_surrender",
    "play_ace_pairs": false,
    "max_splits": 4,
    "decks": 6,
    "penetration_cards": 250
  },
  "ev": -0.4352174100000029,
  "stddev": 0.8611794374282242,
  "winning_distrib": {
    "-1.0": 68313081,
    "+0.0": 6895579,
    "+1.0": 24791340
  },
  "hands": {
    "total": 100000000,
    "won": 24791340,
    "lost": 68313081,
    "push": 6895579,
    "busted": 55560465,
    "blackjack": 0,
    "doubled": 0,
    "split": 0,
    "insured": 0,
    "surrender": 0
  }
}
