{
  "rounds": 100000000,
  "rules": {
    "game_type": "ahc",
    "soft17": "s17",
    "das": true,
    "bj_pays": 1.5,
    "double_down": "any_two",
    "surrender": "early_surrender",
    "play_ace_pairs": false,
    "max_splits": 4,
    "decks": 6,
    "penetration_cards": 250
  },
  "ev": -0.3052123699999968,
  "stddev": 0.9295585446004915,
  "winning_distrib": {
    "-1.0": 63122302,
    "+0.0": 4276633,
    "+1.0": 32601065
  },
  "hands": {
    "total": 100000000,
    "won": 32601065,
    "lost": 63122302,
    "push": 4276633,
    "busted": 47059486,
    "blackjack": 0,
    "doubled": 0,
    "split": 0,
    "insured": 0,
    "surrender": 0
  }
}
