{
  "rounds": 100000000,
  "rules": {
    "game_type": "ahc",
    "soft17": "s17",
    "das": true,
    "bj_pays": 1.5,
    "double_down": "any_two",
    "surrender": "early_surrender",
    "play_ace_pairs": false,
    "max_splits": 4,
    "decks": 6,
    "penetration_cards": 250
  },
  "ev": 0.10888577000000149,
  "stddev": 0.7906942173454247,
  "winning_distrib": {
    "-1.0": 26408384,
    "+0.0": 36294655,
    "+1.0": 37296961
  },
  "hands": {
    "total": 100000000,
    "won": 37296961,
    "lost": 26408384,
    "push": 36294655,
    "busted": 0,
    "blackjack": 0,
    "doubled": 0,
    "split": 0,
    "insured": 0,
    "surrender": 0
  }
}
