{
  "rounds": 100000000,
  "rules": {
    "game_type": "ahc",
    "soft17": "s17",
    "das": true,
    "bj_pays": 1.5,
    "double_down": "any_two",
    "surrender": "early_surrender",
    "play_ace_pairs": false,
    "max_splits": 4,
    "decks": 6,
    "penetration_cards": 250
  },
  "ev": -0.8476117700000065,
  "stddev": 0.5233917271956567,
  "winning_distrib": {
    "-1.0": 91999819,
    "+0.0": 761539,
    "+1.0": 7238642
  },
  "hands": {
    "total": 100000000,
    "won": 7238642,
    "lost": 91999819,
    "push": 761539,
    "busted": 91999819,
    "blackjack": 0,
    "doubled": 0,
    "split": 0,
    "insured": 0,
    "surrender": 0
  }
}
