{
  "rounds": 100000000,
  "rules": {
    "game_type": "ahc",
    "soft17": "h17",
    "das": false,
    "double_down": "any_two",
    "surrender": "no_surrender",
    "play_ace_pairs": false,
    "max_splits": 4,
    "decks": 6,
    "penetration_cards": 46
  },
  "ev": -0.84235593999999,
  "stddev": 1.7485757120931007,
  "winning_distrib": {
    "-2.0": 68147405,
    "+0.0": 5822987,
    "+2.0": 26029608
  },
  "hands": {
    "total": 100000000,
    "won": 26029608,
    "lost": 68147405,
    "push": 5822987,
    "busted": 53811625,
    "blackjack": 0,
    "doubled": 100000000,
    "split": 0,
    "insured": 0,
    "surrender": 0
  }
}
