{
  "rounds": 100000000,
  "rules": {
    "game_type": "ahc",
    "soft17": "s17",
    "das": true,
    "bj_pays": 1.5,
    "double_down": "any_two",
    "surrender": "early_surrender",
    "play_ace_pairs": false,
    "max_splits": 4,
    "decks": 6,
    "penetration_cards": 250
  },
  "ev": 0.09949395000000039,
  "stddev": 0.9221864087144651,
  "winning_distrib": {
    "-1.0": 38041643,
    "+0.0": 13967319,
    "+1.0": 47991038
  },
  "hands": {
    "total": 100000000,
    "won": 47991038,
    "lost": 38041643,
    "push": 13967319,
    "busted": 0,
    "blackjack": 0,
    "doubled": 0,
    "split": 0,
    "insured": 0,
    "surrender": 0
  }
}
