{
  "rounds": 100000000,
  "rules": {
    "game_type": "ahc",
    "soft17": "s17",
    "das": true,
    "bj_pays": 1.5,
    "double_down": "any_two",
    "surrender": "early_surrender",
    "play_ace_pairs": false,
    "max_splits": 4,
    "decks": 6,
    "penetration_cards": 250
  },
  "ev": 0.3126264599999979,
  "stddev": 0.7573185870181577,
  "winning_distrib": {
    "-1.0": 17932014,
    "+0.0": 32873326,
    "+1.0": 49194660
  },
  "hands": {
    "total": 100000000,
    "won": 49194660,
    "lost": 17932014,
    "push": 32873326,
    "busted": 0,
    "blackjack": 0,
    "doubled": 0,
    "split": 0,
    "insured": 0,
    "surrender": 0
  }
}
