{
  "rounds": 100000000,
  "rules": {
    "game_type": "ahc",
    "soft17": "s17",
    "das": true,
    "bj_pays": 1.5,
    "double_down": "any_two",
    "surrender": "early_surrender",
    "play_ace_pairs": false,
    "max_splits": 4,
    "decks": 6,
    "penetration_cards": 250
  },
  "ev": -0.21296923999999726,
  "stddev": 0.9372259874746015,
  "winning_distrib": {
    "-1.0": 56835884,
    "+0.0": 7625156,
    "+1.0": 35538960
  },
  "hands": {
    "total": 100000000,
    "won": 35538960,
    "lost": 56835884,
    "push": 7625156,
    "busted": 48310801,
    "blackjack": 0,
    "doubled": 0,
    "split": 0,
    "insured": 0,
    "surrender": 0
  }
}
