{
  "rounds": 100000000,
  "rules": {
    "game_type": "ahc",
    "soft17": "s17",
    "das": true,
    "bj_pays": 1.5,
    "double_down": "any_two",
    "surrender": "early_surrender",
    "play_ace_pairs": false,
    "max_splits": 4,
    "decks": 6,
    "penetration_cards": 250
  },
  "ev": -0.7387017999999909,
  "stddev": 1.5404161886988885,
  "winning_distrib": {
    "-2.0": 43734598,
    "-1.0": 29906604,
    "+0.0": 4605988,
    "+2.0": 21752810
  },
  "hands": {
    "total": 100000000,
    "won": 21752810,
    "lost": 73641202,
    "push": 4605988,
    "busted": 0,
    "blackjack": 0,
    "doubled": 70093396,
    "split": 0,
    "insured": 0,
    "surrender": 0
  }
}
