{
  "rounds": 100000000,
  "rules": {
    "game_type": "ahc",
    "soft17": "s17",
    "das": true,
    "bj_pays": 1.5,
    "double_down": "any_two",
    "surrender": "early_surrender",
    "play_ace_pairs": false,
    "max_splits": 4,
    "decks": 6,
    "penetration_cards": 250
  },
  "ev": -0.16183517999999936,
  "stddev": 1.912979960979545,
  "winning_distrib": {
    "-2.0": 50116916,
    "+0.0": 7857927,
    "+2.0": 42025157
  },
  "hands": {
    "total": 100000000,
    "won": 42025157,
    "lost": 50116916,
    "push": 7857927,
    "busted": 0,
    "blackjack": 0,
    "doubled": 100000000,
    "split": 0,
    "insured": 0,
    "surrender": 0
  }
}
