{
  "rounds": 100000000,
  "rules": {
    "game_type": "ahc",
    "soft17": "s17",
    "das": true,
    "bj_pays": 1.5,
    "double_down": "any_two",
    "surrender": "early_surrender",
    "play_ace_pairs": false,
    "max_splits": 4,
    "decks": 6,
    "penetration_cards": 250
  },
  "ev": -0.8337983500000067,
  "stddev": 0.5450977201462107,
  "winning_distrib": {
    "-1.0": 91307478,
    "+0.0": 764879,
    "+1.0": 7927643
  },
  "hands": {
    "total": 100000000,
    "won": 7927643,
    "lost": 91307478,
    "push": 764879,
    "busted": 91307478,
    "blackjack": 0,
    "doubled": 0,
    "split": 0,
    "insured": 0,
    "surrender": 0
  }
}
