{
  "rounds": 100000000,
  "rules": {
    "game_type": "ahc",
    "soft17": "s17",
    "das": true,
    "bj_pays": 1.5,
    "double_down": "any_two",
    "surrender": "early_surrender",
    "play_ace_pairs": false,
    "max_splits": 4,
    "decks": 6,
    "penetration_cards": 250
  },
  "ev": -0.3529560500000007,
  "stddev": 0.8812599415238275,
  "winning_distrib": {
    "-1.0": 62707655,
    "+0.0": 9880295,
    "+1.0": 27412050
  },
  "hands": {
    "total": 100000000,
    "won": 27412050,
    "lost": 62707655,
    "push": 9880295,
    "busted": 15573085,
    "blackjack": 0,
    "doubled": 0,
    "split": 0,
    "insured": 0,
    "surrender": 0
  }
}
