{
  "rounds": 100000000,
  "rules": {
    "game_type": "ahc",
    "soft17": "h17",
    "das": true,
    "double_down": "any_two",
    "surrender": "no_surrender",
    "play_ace_pairs": false,
    "max_splits": 4,
    "decks": 6,
    "penetration_cards": 46
  },
  "ev": -1.4626863599999818,
  "stddev": 1.336260569696588,
  "winning_distrib": {
    "-2.0": 85630205,
    "+0.0": 1873908,
    "+2.0": 12495887
  },
  "hands": {
    "total": 100000000,
    "won": 12495887,
    "lost": 85630205,
    "push": 1873908,
    "busted": 84711824,
    "blackjack": 0,
    "doubled": 100000000,
    "split": 0,
    "insured": 0,
    "surrender": 0
  }
}
