{
  "rounds": 100000000,
  "rules": {
    "game_type": "enhc",
    "soft17": "s17",
    "das": false,
    "double_down": "any_two",
    "surrender": "no_surrender",
    "play_ace_pairs": false,
    "max_splits": 4,
    "decks": 6,
    "penetration_cards": 46
  },
  "ev": -0.019050250000000164,
  "stddev": 0.9421577292850591,
  "winning_distrib": {
    "-1.0": 45353717,
    "+0.0": 11197591,
    "+1.0": 43448692
  },
  "hands": {
    "total": 100000000,
    "won": 43448692,
    "lost": 45353717,
    "push": 11197591,
    "busted": 0,
    "blackjack": 0,
    "doubled": 0,
    "split": 0,
    "insured": 0,
    "surrender": 0
  }
}
