{
  "rounds": 100000000,
  "rules": {
    "game_type": "ahc",
    "soft17": "s17",
    "das": true,
    "bj_pays": 1.5,
    "double_down": "any_two",
    "surrender": "early_surrender",
    "play_ace_pairs": false,
    "max_splits": 4,
    "decks": 6,
    "penetration_cards": 250
  },
  "ev": -0.24893544000000087,
  "stddev": 0.9164223562911882,
  "winning_distrib": {
    "-1.0": 57536711,
    "+0.0": 9820122,
    "+1.0": 32643167
  },
  "hands": {
    "total": 100000000,
    "won": 32643167,
    "lost": 57536711,
    "push": 9820122,
    "busted": 15286935,
    "blackjack": 0,
    "doubled": 0,
    "split": 0,
    "insured": 0,
    "surrender": 0
  }
}
