{
  "rounds": 100000000,
  "rules": {
    "game_type": "enhc",
    "soft17": "h17",
    "das": false,
    "double_down": "any_two",
    "surrender": "no_surrender",
    "play_ace_pairs": false,
    "max_splits": 4,
    "decks": 6,
    "penetration_cards": 46
  },
  "ev": -0.5077462200000311,
  "stddev": 0.8262732132309419,
  "winning_distrib": {
    "-1.0": 72413993,
    "+0.0": 5946636,
    "+1.0": 21639371
  },
  "hands": {
    "total": 100000000,
    "won": 21639371,
    "lost": 72413993,
    "push": 5946636,
    "busted": 61417089,
    "blackjack": 0,
    "doubled": 0,
    "split": 0,
    "insured": 0,
    "surrender": 0
  }
}
