{
  "rounds": 100000000,
  "rules": {
    "game_type": "ahc",
    "soft17": "h17",
    "das": false,
    "double_down": "any_two",
    "surrender": "no_surrender",
    "play_ace_pairs": false,
    "max_splits": 4,
    "decks": 6,
    "penetration_cards": 46
  },
  "ev": -0.9159861399999997,
  "stddev": 1.7249696638153242,
  "winning_distrib": {
    "-2.0": 70581540,
    "+0.0": 4636227,
    "+2.0": 24782233
  },
  "hands": {
    "total": 100000000,
    "won": 24782233,
    "lost": 70581540,
    "push": 4636227,
    "busted": 61510042,
    "blackjack": 0,
    "doubled": 100000000,
    "split": 0,
    "insured": 0,
    "surrender": 0
  }
}
