{
  "rounds": 100000000,
  "rules": {
    "game_type": "ahc",
    "soft17": "s17",
    "das": true,
    "bj_pays": 1.5,
    "double_down": "any_two",
    "surrender": "early_surrender",
    "play_ace_pairs": false,
    "max_splits": 4,
    "decks": 6,
    "penetration_cards": 250
  },
  "ev": -1.239997200000005,
  "stddev": 1.533182966086793,
  "winning_distrib": {
    "-2.0": 79602968,
    "+0.0": 2793924,
    "+2.0": 17603108
  },
  "hands": {
    "total": 100000000,
    "won": 17603108,
    "lost": 79602968,
    "push": 2793924,
    "busted": 76958344,
    "blackjack": 0,
    "doubled": 100000000,
    "split": 0,
    "insured": 0,
    "surrender": 0
  }
}
