{
  "rounds": 100000000,
  "rules": {
    "game_type": "enhc",
    "soft17": "s17",
    "das": true,
    "double_down": "any_two",
    "surrender": "no_surrender",
    "play_ace_pairs": false,
    "max_splits": 4,
    "decks": 6,
    "penetration_cards": 46
  },
  "ev": 0.3199888599999911,
  "stddev": 1.8970014458249798,
  "winning_distrib": {
    "-2.0": 38262870,
    "+0.0": 7474817,
    "+2.0": 54262313
  },
  "hands": {
    "total": 100000000,
    "won": 54262313,
    "lost": 38262870,
    "push": 7474817,
    "busted": 0,
    "blackjack": 0,
    "doubled": 100000000,
    "split": 0,
    "insured": 0,
    "surrender": 0
  }
}
