{
  "rounds": 100000000,
  "rules": {
    "game_type": "ahc",
    "soft17": "s17",
    "das": true,
    "bj_pays": 1.5,
    "double_down": "any_two",
    "surrender": "early_surrender",
    "play_ace_pairs": false,
    "max_splits": 4,
    "decks": 6,
    "penetration_cards": 250
  },
  "ev": -0.4064097400000084,
  "stddev": 0.8793760918777197,
  "winning_distrib": {
    "-1.0": 67244046,
    "+0.0": 6152882,
    "+1.0": 26603072
  },
  "hands": {
    "total": 100000000,
    "won": 26603072,
    "lost": 67244046,
    "push": 6152882,
    "busted": 58533302,
    "blackjack": 0,
    "doubled": 0,
    "split": 0,
    "insured": 0,
    "surrender": 0
  }
}
