{
  "rounds": 100000000,
  "rules": {
    "game_type": "ahc",
    "soft17": "s17",
    "das": true,
    "bj_pays": 1.5,
    "double_down": "any_two",
    "surrender": "early_surrender",
    "play_ace_pairs": false,
    "max_splits": 4,
    "decks": 6,
    "penetration_cards": 250
  },
  "ev": -0.5914694200000067,
  "stddev": 0.7937243170678698,
  "winning_distrib": {
    "-1.0": 78565189,
    "+0.0": 2016564,
    "+1.0": 19418247
  },
  "hands": {
    "total": 100000000,
    "won": 19418247,
    "lost": 78565189,
    "push": 2016564,
    "busted": 76966117,
    "blackjack": 0,
    "doubled": 0,
    "split": 0,
    "insured": 0,
    "surrender": 0
  }
}
