{
  "rounds": 100000000,
  "rules": {
    "game_type": "ahc",
    "soft17": "s17",
    "das": true,
    "bj_pays": 1.5,
    "double_down": "any_two",
    "surrender": "early_surrender",
    "play_ace_pairs": false,
    "max_splits": 4,
    "decks": 6,
    "penetration_cards": 250
  },
  "ev": -0.7225946499999887,
  "stddev": 0.6825929727522132,
  "winning_distrib": {
    "-1.0": 85533542,
    "+0.0": 1192381,
    "+1.0": 13274077
  },
  "hands": {
    "total": 100000000,
    "won": 13274077,
    "lost": 85533542,
    "push": 1192381,
    "busted": 84994321,
    "blackjack": 0,
    "doubled": 0,
    "split": 0,
    "insured": 0,
    "surrender": 0
  }
}
