{
  "rounds": 100000000,
  "rules": {
    "game_type": "ahc",
    "soft17": "s17",
    "das": true,
    "bj_pays": 1.5,
    "double_down": "any_two",
    "surrender": "early_surrender",
    "play_ace_pairs": false,
    "max_splits": 4,
    "decks": 6,
    "penetration_cards": 250
  },
  "ev": -0.3577437399999997,
  "stddev": 1.8707461750562786,
  "winning_distrib": {
    "-2.0": 54289491,
    "+0.0": 9308205,
    "+2.0": 36402304
  },
  "hands": {
    "total": 100000000,
    "won": 36402304,
    "lost": 54289491,
    "push": 9308205,
    "busted": 0,
    "blackjack": 0,
    "doubled": 100000000,
    "split": 0,
    "insured": 0,
    "surrender": 0
  }
}
