{
  "rounds": 100000000,
  "rules": {
    "game_type": "ahc",
    "soft17": "s17",
    "das": false,
    "double_down": "any_two",
    "surrender": "no_surrender",
    "play_ace_pairs": false,
    "max_splits": 4,
    "decks": 6,
    "penetration_cards": 46
  },
  "ev": -0.00510961999999998,
  "stddev": 1.9517131884258108,
  "winning_distrib": {
    "-2.0": 47742871,
    "+0.0": 4769739,
    "+2.0": 47487390
  },
  "hands": {
    "total": 100000000,
    "won": 47487390,
    "lost": 47742871,
    "push": 4769739,
    "busted": 0,
    "blackjack": 0,
    "doubled": 100000000,
    "split": 0,
    "insured": 0,
    "surrender": 0
  }
}
