{
  "rounds": 100000000,
  "rules": {
    "game_type": "ahc",
    "soft17": "s17",
    "das": true,
    "bj_pays": 1.5,
    "double_down": "any_two",
    "surrender": "early_surrender",
    "play_ace_pairs": false,
    "max_splits": 4,
    "decks": 6,
    "penetration_cards": 250
  },
  "ev": 0.17663538000000623,
  "stddev": 1.914066315248475,
  "winning_distrib": {
    "-2.0": 41769739,
    "+0.0": 7628753,
    "+2.0": 50601508
  },
  "hands": {
    "total": 100000000,
    "won": 50601508,
    "lost": 41769739,
    "push": 7628753,
    "busted": 0,
    "blackjack": 0,
    "doubled": 100000000,
    "split": 0,
    "insured": 0,
    "surrender": 0
  }
}
