{
  "rounds": 100000000,
  "rules": {
    "game_type": "ahc",
    "soft17": "s17",
    "das": true,
    "bj_pays": 1.5,
    "double_down": "any_two",
    "surrender": "early_surrender",
    "play_ace_pairs": false,
    "max_splits": 4,
    "decks": 6,
    "penetration_cards": 250
  },
  "ev": 0.3512846400000044,
  "stddev": 1.891410229821755,
  "winning_distrib": {
    "-2.0": 37478303,
    "+0.0": 7479162,
    "+2.0": 55042535
  },
  "hands": {
    "total": 100000000,
    "won": 55042535,
    "lost": 37478303,
    "push": 7479162,
    "busted": 0,
    "blackjack": 0,
    "doubled": 100000000,
    "split": 0,
    "insured": 0,
    "surrender": 0
  }
}
