{
  "rounds": 100000000,
  "rules": {
    "game_type": "ahc",
    "soft17": "s17",
    "das": true,
    "double_down": "any_two",
    "surrender": "no_surrender",
    "play_ace_pairs": false,
    "max_splits": 4,
    "decks": 6,
    "penetration_cards": 46
  },
  "ev": 0.054029639999998866,
  "stddev": 0.911270610908522,
  "winning_distrib": {
    "-1.0": 38965184,
    "+0.0": 16666668,
    "+1.0": 44368148
  },
  "hands": {
    "total": 100000000,
    "won": 44368148,
    "lost": 38965184,
    "push": 16666668,
    "busted": 21210601,
    "blackjack": 0,
    "doubled": 0,
    "split": 0,
    "insured": 0,
    "surrender": 0
  }
}
