{
  "rounds": 100000000,
  "rules": {
    "game_type": "ahc",
    "soft17": "s17",
    "das": true,
    "bj_pays": 1.5,
    "double_down": "any_two",
    "surrender": "early_surrender",
    "play_ace_pairs": false,
    "max_splits": 4,
    "decks": 6,
    "penetration_cards": 250
  },
  "ev": -0.9143512400000027,
  "stddev": 1.7193820283675108,
  "winning_distrib": {
    "-2.0": 70262690,
    "+0.0": 5192182,
    "+2.0": 24545128
  },
  "hands": {
    "total": 100000000,
    "won": 24545128,
    "lost": 70262690,
    "push": 5192182,
    "busted": 60708572,
    "blackjack": 0,
    "doubled": 100000000,
    "split": 0,
    "insured": 0,
    "surrender": 0
  }
}
