{
  "rounds": 100000000,
  "rules": {
    "game_type": "ahc",
    "soft17": "h17",
    "das": false,
    "double_down": "any_two",
    "surrender": "no_surrender",
    "play_ace_pairs": false,
    "max_splits": 4,
    "decks": 6,
    "penetration_cards": 46
  },
  "ev": -0.20538976000000286,
  "stddev": 0.9270443867912976,
  "winning_distrib": {
    "-1.0": 55349300,
    "+0.0": 9840376,
    "+1.0": 34810324
  },
  "hands": {
    "total": 100000000,
    "won": 34810324,
    "lost": 55349300,
    "push": 9840376,
    "busted": 31446611,
    "blackjack": 0,
    "doubled": 0,
    "split": 0,
    "insured": 0,
    "surrender": 0
  }
}
