{
  "rounds": 100000000,
  "rules": {
    "game_type": "ahc",
    "soft17": "s17",
    "das": true,
    "double_down": "any_two",
    "surrender": "no_surrender",
    "play_ace_pairs": false,
    "max_splits": 4,
    "decks": 6,
    "penetration_cards": 46
  },
  "ev": 0.14745956999999876,
  "stddev": 2.7037059822243155,
  "winning_distrib": {
    "-8.0": 2910,
    "-7.0": 34818,
    "-6.0": 228731,
    "-5.0": 940170,
    "-4.0": 4365393,
    "-3.0": 14973483,
    "-2.0": 21281951,
    "-1.0": 5514810,
    "+0.0": 3633202,
    "+1.0": 4941854,
    "+2.0": 17492567,
    "+3.0": 17505367,
    "+4.0": 7000590,
    "+5.0": 1510461,
    "+6.0": 476820,
    "+7.0": 86726,
    "+8.0": 10147
  },
  "hands": {
    "total": 216662586,
    "won": 101183107,
    "lost": 101631449,
    "push": 13848030,
    "busted": 0,
    "blackjack": 0,
    "doubled": 72075874,
    "split": 216662586,
    "insured": 0,
    "surrender": 0
  }
}
