{
  "rounds": 100000000,
  "rules": {
    "game_type": "ahc",
    "soft17": "h17",
    "das": true,
    "double_down": "any_two",
    "surrender": "no_surrender",
    "play_ace_pairs": false,
    "max_splits": 4,
    "decks": 6,
    "penetration_cards": 46
  },
  "ev": -0.1822044199999937,
  "stddev": 1.9124523382053875,
  "winning_distrib": {
    "-2.0": 50688515,
    "+0.0": 7733191,
    "+2.0": 41578294
  },
  "hands": {
    "total": 100000000,
    "won": 41578294,
    "lost": 50688515,
    "push": 7733191,
    "busted": 0,
    "blackjack": 0,
    "doubled": 100000000,
    "split": 0,
    "insured": 0,
    "surrender": 0
  }
}
