{
  "rounds": 100000000,
  "rules": {
    "game_type": "ahc",
    "soft17": "s17",
    "das": true,
    "bj_pays": 1.5,
    "double_down": "any_two",
    "surrender": "early_surrender",
    "play_ace_pairs": false,
    "max_splits": 4,
    "decks": 6,
    "penetration_cards": 250
  },
  "ev": 0.6362838599999967,
  "stddev": 1.8117128807640792,
  "winning_distrib": {
    "-2.0": 30182412,
    "+0.0": 7820983,
    "+2.0": 61996605
  },
  "hands": {
    "total": 100000000,
    "won": 61996605,
    "lost": 30182412,
    "push": 7820983,
    "busted": 0,
    "blackjack": 0,
    "doubled": 100000000,
    "split": 0,
    "insured": 0,
    "surrender": 0
  }
}
