{
  "rounds": 100000000,
  "rules": {
    "game_type": "ahc",
    "soft17": "s17",
    "das": true,
    "bj_pays": 1.5,
    "double_down": "any_two",
    "surrender": "early_surrender",
    "play_ace_pairs": false,
    "max_splits": 4,
    "decks": 6,
    "penetration_cards": 250
  },
  "ev": 0.24829713000000184,
  "stddev": 2.6859157390683404,
  "winning_distrib": {
    "-8.0": 2909,
    "-7.0": 33840,
    "-6.0": 222615,
    "-5.0": 903700,
    "-4.0": 4112736,
    "-3.0": 13929594,
    "-2.0": 20020184,
    "-1.0": 6216273,
    "+0.0": 4199598,
    "+1.0": 4999585,
    "+2.0": 18101453,
    "+3.0": 17762447,
    "+4.0": 7266036,
    "+5.0": 1605272,
    "+6.0": 517365,
    "+7.0": 95248,
    "+8.0": 11145
  },
  "hands": {
    "total": 217423444,
    "won": 103867171,
    "lost": 96748724,
    "push": 16807549,
    "busted": 0,
    "blackjack": 0,
    "doubled": 72303978,
    "split": 217423444,
    "insured": 0,
    "surrender": 0
  }
}
