{
  "rounds": 100000000,
  "rules": {
    "game_type": "ahc",
    "soft17": "s17",
    "das": true,
    "double_down": "any_two",
    "surrender": "no_surrender",
    "play_ace_pairs": false,
    "max_splits": 4,
    "decks": 6,
    "penetration_cards": 46
  },
  "ev": 0.12238862000000215,
  "stddev": 0.9221478266514754,
  "winning_distrib": {
    "-1.0": 37147348,
    "+0.0": 13466442,
    "+1.0": 49386210
  },
  "hands": {
    "total": 100000000,
    "won": 49386210,
    "lost": 37147348,
    "push": 13466442,
    "busted": 0,
    "blackjack": 0,
    "doubled": 0,
    "split": 0,
    "insured": 0,
    "surrender": 0
  }
}
