{
  "rounds": 100000000,
  "rules": {
    "game_type": "ahc",
    "soft17": "h17",
    "das": false,
    "double_down": "any_two",
    "surrender": "no_surrender",
    "play_ace_pairs": false,
    "max_splits": 4,
    "decks": 6,
    "penetration_cards": 46
  },
  "ev": 0.4376106900000024,
  "stddev": 0.8307769020017454,
  "winning_distrib": {
    "-1.0": 22204134,
    "+0.0": 11830663,
    "+1.0": 65965203
  },
  "hands": {
    "total": 100000000,
    "won": 65965203,
    "lost": 22204134,
    "push": 11830663,
    "busted": 0,
    "blackjack": 0,
    "doubled": 0,
    "split": 0,
    "insured": 0,
    "surrender": 0
  }
}
