{
  "rounds": 100000000,
  "rules": {
    "game_type": "ahc",
    "soft17": "s17",
    "das": true,
    "bj_pays": 1.5,
    "double_down": "any_two",
    "surrender": "early_surrender",
    "play_ace_pairs": false,
    "max_splits": 4,
    "decks": 6,
    "penetration_cards": 250
  },
  "ev": 0.18804889999999636,
  "stddev": 1.9298041787835014,
  "winning_distrib": {
    "-2.0": 42292609,
    "+0.0": 6012337,
    "+2.0": 51695054
  },
  "hands": {
    "total": 100000000,
    "won": 51695054,
    "lost": 42292609,
    "push": 6012337,
    "busted": 0,
    "blackjack": 0,
    "doubled": 100000000,
    "split": 0,
    "insured": 0,
    "surrender": 0
  }
}
