{
  "rounds": 100000000,
  "rules": {
    "game_type": "ahc",
    "soft17": "s17",
    "das": true,
    "bj_pays": 1.5,
    "double_down": "any_two",
    "surrender": "early_surrender",
    "play_ace_pairs": false,
    "max_splits": 4,
    "decks": 6,
    "penetration_cards": 250
  },
  "ev": -0.08392916000000097,
  "stddev": 0.782172872336817,
  "winning_distrib": {
    "-1.0": 35138383,
    "+0.0": 38116150,
    "+1.0": 26745467
  },
  "hands": {
    "total": 100000000,
    "won": 26745467,
    "lost": 35138383,
    "push": 38116150,
    "busted": 0,
    "blackjack": 0,
    "doubled": 0,
    "split": 0,
    "insured": 0,
    "surrender": 0
  }
}
