{
  "rounds": 100000000,
  "rules": {
    "game_type": "enhc",
    "soft17": "s17",
    "das": true,
    "double_down": "any_two",
    "surrender": "no_surrender",
    "play_ace_pairs": false,
    "max_splits": 4,
    "decks": 6,
    "penetration_cards": 46
  },
  "ev": 0.25804842000000333,
  "stddev": 0.9126653391386589,
  "winning_distrib": {
    "-1.0": 32074929,
    "+0.0": 10045300,
    "+1.0": 57879771
  },
  "hands": {
    "total": 100000000,
    "won": 57879771,
    "lost": 32074929,
    "push": 10045300,
    "busted": 21212050,
    "blackjack": 0,
    "doubled": 0,
    "split": 0,
    "insured": 0,
    "surrender": 0
  }
}
