{
  "rounds": 100000000,
  "rules": {
    "game_type": "ahc",
    "soft17": "s17",
    "das": true,
    "bj_pays": 1.5,
    "double_down": "any_two",
    "surrender": "early_surrender",
    "play_ace_pairs": false,
    "max_splits": 4,
    "decks": 6,
    "penetration_cards": 250
  },
  "ev": 0.2448619200000047,
  "stddev": 0.9258415462193025,
  "winning_distrib": {
    "-1.0": 33613900,
    "+0.0": 8286008,
    "+1.0": 58100092
  },
  "hands": {
    "total": 100000000,
    "won": 58100092,
    "lost": 33613900,
    "push": 8286008,
    "busted": 2272785,
    "blackjack": 0,
    "doubled": 0,
    "split": 0,
    "insured": 0,
    "surrender": 0
  }
}
