{
  "rounds": 100000000,
  "rules": {
    "game_type": "ahc",
    "soft17": "s17",
    "das": true,
    "bj_pays": 1.5,
    "double_down": "any_two",
    "surrender": "early_surrender",
    "play_ace_pairs": false,
    "max_splits": 4,
    "decks": 6,
    "penetration_cards": 250
  },
  "ev": -0.8523211500000021,
  "stddev": 0.5143088662543336,
  "winning_distrib": {
    "-1.0": 92164305,
    "+0.0": 903505,
    "+1.0": 6932190
  },
  "hands": {
    "total": 100000000,
    "won": 6932190,
    "lost": 92164305,
    "push": 903505,
    "busted": 92164305,
    "blackjack": 0,
    "doubled": 0,
    "split": 0,
    "insured": 0,
    "surrender": 0
  }
}
