{
  "rounds": 100000000,
  "rules": {
    "game_type": "enhc",
    "soft17": "h17",
    "das": true,
    "double_down": "any_two",
    "surrender": "no_surrender",
    "play_ace_pairs": false,
    "max_splits": 4,
    "decks": 6,
    "penetration_cards": 46
  },
  "ev": 0.20256220999999733,
  "stddev": 2.7406083770194294,
  "winning_distrib": {
    "-8.0": 2900,
    "-7.0": 34379,
    "-6.0": 228498,
    "-5.0": 947545,
    "-4.0": 4424552,
    "-3.0": 15393660,
    "-2.0": 21258846,
    "-1.0": 3871024,
    "+0.0": 3124608,
    "+1.0": 5221116,
    "+2.0": 17258233,
    "+3.0": 18736188,
    "+4.0": 7267398,
    "+5.0": 1620792,
    "+6.0": 505737,
    "+7.0": 93621,
    "+8.0": 10903
  },
  "hands": {
    "total": 216727224,
    "won": 107486408,
    "lost": 103341546,
    "push": 5899270,
    "busted": 0,
    "blackjack": 0,
    "doubled": 72097411,
    "split": 216727224,
    "insured": 0,
    "surrender": 0
  }
}
