{
  "rounds": 100000000,
  "rules": {
    "game_type": "ahc",
    "soft17": "s17",
    "das": true,
    "double_down": "any_two",
    "surrender": "no_surrender",
    "play_ace_pairs": false,
    "max_splits": 4,
    "decks": 6,
    "penetration_cards": 46
  },
  "ev": 0.03212416000000071,
  "stddev": 0.9548029469271537,
  "winning_distrib": {
    "-1.0": 44027823,
    "+0.0": 8731938,
    "+1.0": 47240239
  },
  "hands": {
    "total": 100000000,
    "won": 47240239,
    "lost": 44027823,
    "push": 8731938,
    "busted": 19645003,
    "blackjack": 0,
    "doubled": 0,
    "split": 0,
    "insured": 0,
    "surrender": 0
  }
}
