{
  "rounds": 100000000,
  "rules": {
    "game_type": "enhc",
    "soft17": "s17",
    "das": false,
    "double_down": "any_two",
    "surrender": "no_surrender",
    "play_ace_pairs": false,
    "max_splits": 4,
    "decks": 6,
    "penetration_cards": 46
  },
  "ev": -0.7250676999999986,
  "stddev": 0.6761829005446138,
  "winning_distrib": {
    "-1.0": 85400709,
    "+0.0": 1705352,
    "+1.0": 12893939
  },
  "hands": {
    "total": 100000000,
    "won": 12893939,
    "lost": 85400709,
    "push": 1705352,
    "busted": 84566068,
    "blackjack": 0,
    "doubled": 0,
    "split": 0,
    "insured": 0,
    "surrender": 0
  }
}
