{
  "rounds": 100000000,
  "rules": {
    "game_type": "enhc",
    "soft17": "s17",
    "das": true,
    "double_down": "any_two",
    "surrender": "no_surrender",
    "play_ace_pairs": false,
    "max_splits": 4,
    "decks": 6,
    "penetration_cards": 46
  },
  "ev": -0.03145460000000023,
  "stddev": 2.640971835875214,
  "winning_distrib": {
    "-8.0": 3108,
    "-7.0": 35344,
    "-6.0": 236895,
    "-5.0": 961879,
    "-4.0": 4534497,
    "-3.0": 15432416,
    "-2.0": 21739853,
    "-1.0": 6360598,
    "+0.0": 5821633,
    "+1.0": 6082269,
    "+2.0": 15321544,
    "+3.0": 15378390,
    "+4.0": 6284643,
    "+5.0": 1302281,
    "+6.0": 419212,
    "+7.0": 76163,
    "+8.0": 9275
  },
  "hands": {
    "total": 216724260,
    "won": 93049835,
    "lost": 107689756,
    "push": 15984669,
    "busted": 5587715,
    "blackjack": 0,
    "doubled": 72100880,
    "split": 216724260,
    "insured": 0,
    "surrender": 0
  }
}
