{
  "rounds": 100000000,
  "rules": {
    "game_type": "ahc",
    "soft17": "s17",
    "das": true,
    "bj_pays": 1.5,
    "double_down": "any_two",
    "surrender": "early_surrender",
    "play_ace_pairs": false,
    "max_splits": 4,
    "decks": 6,
    "penetration_cards": 250
  },
  "ev": 0.10389840000000199,
  "stddev": 0.933473701392369,
  "winning_distrib": {
    "-1.0": 38913481,
    "+0.0": 11783198,
    "+1.0": 49303321
  },
  "hands": {
    "total": 100000000,
    "won": 49303321,
    "lost": 38913481,
    "push": 11783198,
    "busted": 24435549,
    "blackjack": 0,
    "doubled": 0,
    "split": 0,
    "insured": 0,
    "surrender": 0
  }
}
