{
  "rounds": 100000000,
  "rules": {
    "game_type": "ahc",
    "soft17": "s17",
    "das": true,
    "bj_pays": 1.5,
    "double_down": "any_two",
    "surrender": "early_surrender",
    "play_ace_pairs": false,
    "max_splits": 4,
    "decks": 6,
    "penetration_cards": 250
  },
  "ev": -0.33570758000000683,
  "stddev": 1.8460846824592767,
  "winning_distrib": {
    "-2.0": 52401792,
    "+0.0": 11981795,
    "+2.0": 35616413
  },
  "hands": {
    "total": 100000000,
    "won": 35616413,
    "lost": 52401792,
    "push": 11981795,
    "busted": 0,
    "blackjack": 0,
    "doubled": 100000000,
    "split": 0,
    "insured": 0,
    "surrender": 0
  }
}
