{
  "rounds": 100000000,
  "rules": {
    "game_type": "ahc",
    "soft17": "s17",
    "das": true,
    "bj_pays": 1.5,
    "double_down": "any_two",
    "surrender": "early_surrender",
    "play_ace_pairs": false,
    "max_splits": 4,
    "decks": 6,
    "penetration_cards": 250
  },
  "ev": -0.9148969800000154,
  "stddev": 1.714032457500715,
  "winning_distrib": {
    "-2.0": 70059221,
    "+0.0": 5626407,
    "+2.0": 24314372
  },
  "hands": {
    "total": 100000000,
    "won": 24314372,
    "lost": 70059221,
    "push": 5626407,
    "busted": 48001500,
    "blackjack": 0,
    "doubled": 100000000,
    "split": 0,
    "insured": 0,
    "surrender": 0
  }
}
