{
  "rounds": 100000000,
  "rules": {
    "game_type": "ahc",
    "soft17": "s17",
    "das": true,
    "bj_pays": 1.5,
    "double_down": "any_two",
    "surrender": "early_surrender",
    "play_ace_pairs": false,
    "max_splits": 4,
    "decks": 6,
    "penetration_cards": 250
  },
  "ev": -0.43561152000000725,
  "stddev": 1.608814641133707,
  "winning_distrib": {
    "-2.0": 34078703,
    "-1.0": 30765624,
    "+0.0": 7474734,
    "+2.0": 27680939
  },
  "hands": {
    "total": 100000000,
    "won": 27680939,
    "lost": 64844327,
    "push": 7474734,
    "busted": 0,
    "blackjack": 0,
    "doubled": 69234376,
    "split": 0,
    "insured": 0,
    "surrender": 0
  }
}
