{
  "rounds": 100000000,
  "rules": {
    "game_type": "ahc",
    "soft17": "s17",
    "das": true,
    "bj_pays": 1.5,
    "double_down": "any_two",
    "surrender": "early_surrender",
    "play_ace_pairs": false,
    "max_splits": 4,
    "decks": 6,
    "penetration_cards": 250
  },
  "ev": -0.746309100000007,
  "stddev": 1.8080117034870762,
  "winning_distrib": {
    "-2.0": 66481272,
    "+0.0": 4352911,
    "+2.0": 29165817
  },
  "hands": {
    "total": 100000000,
    "won": 29165817,
    "lost": 66481272,
    "push": 4352911,
    "busted": 48976276,
    "blackjack": 0,
    "doubled": 100000000,
    "split": 0,
    "insured": 0,
    "surrender": 0
  }
}
