{
  "rounds": 100000000,
  "rules": {
    "game_type": "ahc",
    "soft17": "s17",
    "das": true,
    "bj_pays": 1.5,
    "double_down": "any_two",
    "surrender": "early_surrender",
    "play_ace_pairs": false,
    "max_splits": 4,
    "decks": 6,
    "penetration_cards": 250
  },
  "ev": -0.20265110000000014,
  "stddev": 0.9261805224937958,
  "winning_distrib": {
    "-1.0": 55076446,
    "+0.0": 10112218,
    "+1.0": 34811336
  },
  "hands": {
    "total": 100000000,
    "won": 34811336,
    "lost": 55076446,
    "push": 10112218,
    "busted": 30998266,
    "blackjack": 0,
    "doubled": 0,
    "split": 0,
    "insured": 0,
    "surrender": 0
  }
}
