{
  "rounds": 100000000,
  "rules": {
    "game_type": "enhc",
    "soft17": "h17",
    "das": false,
    "double_down": "any_two",
    "surrender": "no_surrender",
    "play_ace_pairs": false,
    "max_splits": 4,
    "decks": 6,
    "penetration_cards": 46
  },
  "ev": 0.10776799000000063,
  "stddev": 0.9193253062887831,
  "winning_distrib": {
    "-1.0": 37450248,
    "+0.0": 14322705,
    "+1.0": 48227047
  },
  "hands": {
    "total": 100000000,
    "won": 48227047,
    "lost": 37450248,
    "push": 14322705,
    "busted": 0,
    "blackjack": 0,
    "doubled": 0,
    "split": 0,
    "insured": 0,
    "surrender": 0
  }
}
