{
  "rounds": 100000000,
  "rules": {
    "game_type": "ahc",
    "soft17": "s17",
    "das": true,
    "bj_pays": 1.5,
    "double_down": "any_two",
    "surrender": "early_surrender",
    "play_ace_pairs": false,
    "max_splits": 4,
    "decks": 6,
    "penetration_cards": 250
  },
  "ev": 0.15123674999999753,
  "stddev": 0.9344305989109353,
  "winning_distrib": {
    "-1.0": 37239817,
    "+0.0": 10396691,
    "+1.0": 52363492
  },
  "hands": {
    "total": 100000000,
    "won": 52363492,
    "lost": 37239817,
    "push": 10396691,
    "busted": 23222651,
    "blackjack": 0,
    "doubled": 0,
    "split": 0,
    "insured": 0,
    "surrender": 0
  }
}
