{
  "rounds": 100000000,
  "rules": {
    "game_type": "ahc",
    "soft17": "s17",
    "das": true,
    "bj_pays": 1.5,
    "double_down": "any_two",
    "surrender": "early_surrender",
    "play_ace_pairs": false,
    "max_splits": 4,
    "decks": 6,
    "penetration_cards": 250
  },
  "ev": 0.056006479999999775,
  "stddev": 0.9382709219631318,
  "winning_distrib": {
    "-1.0": 41374128,
    "+0.0": 11651096,
    "+1.0": 46974776
  },
  "hands": {
    "total": 100000000,
    "won": 46974776,
    "lost": 41374128,
    "push": 11651096,
    "busted": 25110598,
    "blackjack": 0,
    "doubled": 0,
    "split": 0,
    "insured": 0,
    "surrender": 0
  }
}
