{
  "rounds": 100000000,
  "rules": {
    "game_type": "ahc",
    "soft17": "s17",
    "das": false,
    "double_down": "any_two",
    "surrender": "no_surrender",
    "play_ace_pairs": false,
    "max_splits": 4,
    "decks": 6,
    "penetration_cards": 46
  },
  "ev": -0.10695788000000199,
  "stddev": 0.9770239206138416,
  "winning_distrib": {
    "-1.0": 53648680,
    "+0.0": 3398428,
    "+1.0": 42952892
  },
  "hands": {
    "total": 100000000,
    "won": 42952892,
    "lost": 53648680,
    "push": 3398428,
    "busted": 3337351,
    "blackjack": 0,
    "doubled": 0,
    "split": 0,
    "insured": 0,
    "surrender": 0
  }
}
