{
  "rounds": 100000000,
  "rules": {
    "game_type": "ahc",
    "soft17": "s17",
    "das": true,
    "bj_pays": 1.5,
    "double_down": "any_two",
    "surrender": "early_surrender",
    "play_ace_pairs": false,
    "max_splits": 4,
    "decks": 6,
    "penetration_cards": 250
  },
  "ev": -0.9424084400000008,
  "stddev": 1.7068117299071954,
  "winning_distrib": {
    "-2.0": 71076960,
    "+0.0": 4966502,
    "+2.0": 23956538
  },
  "hands": {
    "total": 100000000,
    "won": 23956538,
    "lost": 71076960,
    "push": 4966502,
    "busted": 61539709,
    "blackjack": 0,
    "doubled": 100000000,
    "split": 0,
    "insured": 0,
    "surrender": 0
  }
}
