{
  "rounds": 100000000,
  "rules": {
    "game_type": "enhc",
    "soft17": "s17",
    "das": false,
    "double_down": "any_two",
    "surrender": "no_surrender",
    "play_ace_pairs": false,
    "max_splits": 4,
    "decks": 6,
    "penetration_cards": 46
  },
  "ev": -0.6649997699999792,
  "stddev": 0.7165916975760872,
  "winning_distrib": {
    "-1.0": 81036406,
    "+0.0": 4427165,
    "+1.0": 14536429
  },
  "hands": {
    "total": 100000000,
    "won": 14536429,
    "lost": 81036406,
    "push": 4427165,
    "busted": 61409324,
    "blackjack": 0,
    "doubled": 0,
    "split": 0,
    "insured": 0,
    "surrender": 0
  }
}
