{
  "rounds": 100000000,
  "rules": {
    "game_type": "ahc",
    "soft17": "s17",
    "das": true,
    "bj_pays": 1.5,
    "double_down": "any_two",
    "surrender": "early_surrender",
    "play_ace_pairs": false,
    "max_splits": 4,
    "decks": 6,
    "penetration_cards": 250
  },
  "ev": -0.6092873699999847,
  "stddev": 0.7774488644295257,
  "winning_distrib": {
    "-1.0": 79247260,
    "+0.0": 2434217,
    "+1.0": 18318523
  },
  "hands": {
    "total": 100000000,
    "won": 18318523,
    "lost": 79247260,
    "push": 2434217,
    "busted": 77043757,
    "blackjack": 0,
    "doubled": 0,
    "split": 0,
    "insured": 0,
    "surrender": 0
  }
}
