{
  "rounds": 10000000000,
  "rules": {
    "game_type": "ahc",
    "soft17": "s17",
    "das": true,
    "bj_pays": 1.5,
    "double_down": "any_two",
    "surrender": "no_surrender",
    "play_ace_pairs": false,
    "max_splits": 4,
    "decks": 6,
    "penetration_cards": 296
  },
  "ev": 0.1492183214000618,
  "stddev": 2.572192376320716,
  "winning_distrib": {
    "-14.0": 7,
    "-12.0": 2070,
    "-10.0": 218875,
    "-8.0": 8604431,
    "-6.0": 139193095,
    "-4.0": 1030562700,
    "-2.0": 2136415360,
    "+0.0": 2859672463,
    "+2.0": 2443397451,
    "+4.0": 1203669915,
    "+6.0": 167338771,
    "+8.0": 10644290,
    "+10.0": 277973,
    "+12.0": 2592,
    "+14.0": 7
  },
  "hands": {
    "total": 10000000000,
    "won": 5101529937,
    "lost": 4449136489,
    "push": 449333574,
    "busted": 0,
    "blackjack": 0,
    "doubled": 10000000000,
    "split": 0,
    "insured": 0,
    "surrender": 0
  }
}
