{
  "rounds": 100000000,
  "rules": {
    "game_type": "enhc",
    "soft17": "h17",
    "das": true,
    "double_down": "any_two",
    "surrender": "no_surrender",
    "play_ace_pairs": false,
    "max_splits": 4,
    "decks": 6,
    "penetration_cards": 46
  },
  "ev": -0.2154315099999987,
  "stddev": 0.9365937343753826,
  "winning_distrib": {
    "-1.0": 56952503,
    "+0.0": 7638145,
    "+1.0": 35409352
  },
  "hands": {
    "total": 100000000,
    "won": 35409352,
    "lost": 56952503,
    "push": 7638145,
    "busted": 48452118,
    "blackjack": 0,
    "doubled": 0,
    "split": 0,
    "insured": 0,
    "surrender": 0
  }
}
