{
  "rounds": 100000000,
  "rules": {
    "game_type": "ahc",
    "soft17": "s17",
    "das": true,
    "bj_pays": 1.5,
    "double_down": "any_two",
    "surrender": "early_surrender",
    "play_ace_pairs": false,
    "max_splits": 4,
    "decks": 6,
    "penetration_cards": 250
  },
  "ev": 0.3061118700000012,
  "stddev": 0.8986133880151947,
  "winning_distrib": {
    "-1.0": 29754931,
    "+0.0": 9878951,
    "+1.0": 60366118
  },
  "hands": {
    "total": 100000000,
    "won": 60366118,
    "lost": 29754931,
    "push": 9878951,
    "busted": 19645886,
    "blackjack": 0,
    "doubled": 0,
    "split": 0,
    "insured": 0,
    "surrender": 0
  }
}
