{
  "rounds": 100000000,
  "rules": {
    "game_type": "ahc",
    "soft17": "s17",
    "das": false,
    "double_down": "any_two",
    "surrender": "no_surrender",
    "play_ace_pairs": false,
    "max_splits": 4,
    "decks": 6,
    "penetration_cards": 46
  },
  "ev": 0.6492677700000142,
  "stddev": 0.6764545789741845,
  "winning_distrib": {
    "-1.0": 11493583,
    "+0.0": 12086057,
    "+1.0": 76420360
  },
  "hands": {
    "total": 100000000,
    "won": 76420360,
    "lost": 11493583,
    "push": 12086057,
    "busted": 0,
    "blackjack": 0,
    "doubled": 0,
    "split": 0,
    "insured": 0,
    "surrender": 0
  }
}
