{
  "rounds": 100000000,
  "rules": {
    "game_type": "ahc",
    "soft17": "s17",
    "das": true,
    "bj_pays": 1.5,
    "double_down": "any_two",
    "surrender": "early_surrender",
    "play_ace_pairs": false,
    "max_splits": 4,
    "decks": 6,
    "penetration_cards": 250
  },
  "ev": -0.17165171000000096,
  "stddev": 0.9634380881697602,
  "winning_distrib": {
    "-1.0": 56466448,
    "+0.0": 4232275,
    "+1.0": 39301277
  },
  "hands": {
    "total": 100000000,
    "won": 39301277,
    "lost": 56466448,
    "push": 4232275,
    "busted": 32656452,
    "blackjack": 0,
    "doubled": 0,
    "split": 0,
    "insured": 0,
    "surrender": 0
  }
}
