{
  "rounds": 100000000,
  "rules": {
    "game_type": "ahc",
    "soft17": "s17",
    "das": true,
    "bj_pays": 1.5,
    "double_down": "any_two",
    "surrender": "early_surrender",
    "play_ace_pairs": false,
    "max_splits": 4,
    "decks": 6,
    "penetration_cards": 250
  },
  "ev": -0.03426964000000076,
  "stddev": 1.9530096236109031,
  "winning_distrib": {
    "-2.0": 48549503,
    "+0.0": 4614476,
    "+2.0": 46836021
  },
  "hands": {
    "total": 100000000,
    "won": 46836021,
    "lost": 48549503,
    "push": 4614476,
    "busted": 0,
    "blackjack": 0,
    "doubled": 100000000,
    "split": 0,
    "insured": 0,
    "surrender": 0
  }
}
