{
  "rounds": 100000000,
  "rules": {
    "game_type": "ahc",
    "soft17": "h17",
    "das": false,
    "double_down": "any_two",
    "surrender": "no_surrender",
    "play_ace_pairs": false,
    "max_splits": 4,
    "decks": 6,
    "penetration_cards": 46
  },
  "ev": 0.5940586000000099,
  "stddev": 0.7199579466534434,
  "winning_distrib": {
    "-1.0": 13859323,
    "+0.0": 12875494,
    "+1.0": 73265183
  },
  "hands": {
    "total": 100000000,
    "won": 73265183,
    "lost": 13859323,
    "push": 12875494,
    "busted": 0,
    "blackjack": 0,
    "doubled": 0,
    "split": 0,
    "insured": 0,
    "surrender": 0
  }
}
