{
  "rounds": 100000000,
  "rules": {
    "game_type": "ahc",
    "soft17": "s17",
    "das": true,
    "bj_pays": 1.5,
    "double_down": "any_two",
    "surrender": "early_surrender",
    "play_ace_pairs": false,
    "max_splits": 4,
    "decks": 6,
    "penetration_cards": 250
  },
  "ev": -0.8229185200000094,
  "stddev": 1.775436763436757,
  "winning_distrib": {
    "-2.0": 68440095,
    "+0.0": 4265736,
    "+2.0": 27294169
  },
  "hands": {
    "total": 100000000,
    "won": 27294169,
    "lost": 68440095,
    "push": 4265736,
    "busted": 51066173,
    "blackjack": 0,
    "doubled": 100000000,
    "split": 0,
    "insured": 0,
    "surrender": 0
  }
}
