{
  "rounds": 100000000,
  "rules": {
    "game_type": "ahc",
    "soft17": "h17",
    "das": false,
    "double_down": "any_two",
    "surrender": "no_surrender",
    "play_ace_pairs": false,
    "max_splits": 4,
    "decks": 6,
    "penetration_cards": 46
  },
  "ev": -0.6331220999999928,
  "stddev": 0.7417187013909395,
  "winning_distrib": {
    "-1.0": 79205616,
    "+0.0": 4900978,
    "+1.0": 15893406
  },
  "hands": {
    "total": 100000000,
    "won": 15893406,
    "lost": 79205616,
    "push": 4900978,
    "busted": 38378292,
    "blackjack": 0,
    "doubled": 0,
    "split": 0,
    "insured": 0,
    "surrender": 0
  }
}
