{
  "rounds": 100000000,
  "rules": {
    "game_type": "ahc",
    "soft17": "h17",
    "das": false,
    "double_down": "any_two",
    "surrender": "no_surrender",
    "play_ace_pairs": false,
    "max_splits": 4,
    "decks": 6,
    "penetration_cards": 46
  },
  "ev": -0.18031371999999724,
  "stddev": 1.9339679521083413,
  "winning_distrib": {
    "-2.0": 51667156,
    "+0.0": 5681374,
    "+2.0": 42651470
  },
  "hands": {
    "total": 100000000,
    "won": 42651470,
    "lost": 51667156,
    "push": 5681374,
    "busted": 0,
    "blackjack": 0,
    "doubled": 100000000,
    "split": 0,
    "insured": 0,
    "surrender": 0
  }
}
