{
  "rounds": 100000000,
  "rules": {
    "game_type": "ahc",
    "soft17": "s17",
    "das": true,
    "bj_pays": 1.5,
    "double_down": "any_two",
    "surrender": "early_surrender",
    "play_ace_pairs": false,
    "max_splits": 4,
    "decks": 6,
    "penetration_cards": 250
  },
  "ev": 0.07289468,
  "stddev": 1.9120426151596681,
  "winning_distrib": {
    "-2.0": 43942890,
    "+0.0": 8469486,
    "+2.0": 47587624
  },
  "hands": {
    "total": 100000000,
    "won": 47587624,
    "lost": 43942890,
    "push": 8469486,
    "busted": 0,
    "blackjack": 0,
    "doubled": 100000000,
    "split": 0,
    "insured": 0,
    "surrender": 0
  }
}
