{
  "rounds": 100000000,
  "rules": {
    "game_type": "ahc",
    "soft17": "h17",
    "das": false,
    "double_down": "any_two",
    "surrender": "no_surrender",
    "play_ace_pairs": false,
    "max_splits": 4,
    "decks": 6,
    "penetration_cards": 46
  },
  "ev": 0.12385585999999853,
  "stddev": 1.9262074143369077,
  "winning_distrib": {
    "-2.0": 43473794,
    "+0.0": 6859619,
    "+2.0": 49666587
  },
  "hands": {
    "total": 100000000,
    "won": 49666587,
    "lost": 43473794,
    "push": 6859619,
    "busted": 0,
    "blackjack": 0,
    "doubled": 100000000,
    "split": 0,
    "insured": 0,
    "surrender": 0
  }
}
