{
  "rounds": 100000000,
  "rules": {
    "game_type": "ahc",
    "soft17": "s17",
    "das": true,
    "bj_pays": 1.5,
    "double_down": "any_two",
    "surrender": "early_surrender",
    "play_ace_pairs": false,
    "max_splits": 4,
    "decks": 6,
    "penetration_cards": 250
  },
  "ev": -0.6655050500000037,
  "stddev": 0.7296164497514489,
  "winning_distrib": {
    "-1.0": 82037109,
    "+0.0": 2476287,
    "+1.0": 15486604
  },
  "hands": {
    "total": 100000000,
    "won": 15486604,
    "lost": 82037109,
    "push": 2476287,
    "busted": 79131374,
    "blackjack": 0,
    "doubled": 0,
    "split": 0,
    "insured": 0,
    "surrender": 0
  }
}
