{
  "rounds": 100000000,
  "rules": {
    "game_type": "ahc",
    "soft17": "s17",
    "das": true,
    "bj_pays": 1.5,
    "double_down": "any_two",
    "surrender": "early_surrender",
    "play_ace_pairs": false,
    "max_splits": 4,
    "decks": 6,
    "penetration_cards": 250
  },
  "ev": 0.4340626600000037,
  "stddev": 0.8322467627573404,
  "winning_distrib": {
    "-1.0": 22349120,
    "+0.0": 11895494,
    "+1.0": 65755386
  },
  "hands": {
    "total": 100000000,
    "won": 65755386,
    "lost": 22349120,
    "push": 11895494,
    "busted": 0,
    "blackjack": 0,
    "doubled": 0,
    "split": 0,
    "insured": 0,
    "surrender": 0
  }
}
