{
  "rounds": 100000000,
  "rules": {
    "game_type": "ahc",
    "soft17": "s17",
    "das": false,
    "double_down": "any_two",
    "surrender": "no_surrender",
    "play_ace_pairs": false,
    "max_splits": 4,
    "decks": 6,
    "penetration_cards": 46
  },
  "ev": 0.03679324000000083,
  "stddev": 0.9572718875293524,
  "winning_distrib": {
    "-1.0": 44046498,
    "+0.0": 8227680,
    "+1.0": 47725822
  },
  "hands": {
    "total": 100000000,
    "won": 47725822,
    "lost": 44046498,
    "push": 8227680,
    "busted": 34570644,
    "blackjack": 0,
    "doubled": 0,
    "split": 0,
    "insured": 0,
    "surrender": 0
  }
}
