{
  "rounds": 100000000,
  "rules": {
    "game_type": "ahc",
    "soft17": "s17",
    "das": true,
    "bj_pays": 1.5,
    "double_down": "any_two",
    "surrender": "early_surrender",
    "play_ace_pairs": false,
    "max_splits": 4,
    "decks": 6,
    "penetration_cards": 250
  },
  "ev": 0.2358003800000015,
  "stddev": 0.9178106063974374,
  "winning_distrib": {
    "-1.0": 33108887,
    "+0.0": 10202188,
    "+1.0": 56688925
  },
  "hands": {
    "total": 100000000,
    "won": 56688925,
    "lost": 33108887,
    "push": 10202188,
    "busted": 21529246,
    "blackjack": 0,
    "doubled": 0,
    "split": 0,
    "insured": 0,
    "surrender": 0
  }
}
