{
  "rounds": 100000000,
  "rules": {
    "game_type": "ahc",
    "soft17": "s17",
    "das": true,
    "bj_pays": 1.5,
    "double_down": "any_two",
    "surrender": "early_surrender",
    "play_ace_pairs": false,
    "max_splits": 4,
    "decks": 6,
    "penetration_cards": 250
  },
  "ev": 0.22701933000000124,
  "stddev": 0.935109652688211,
  "winning_distrib": {
    "-1.0": 34947425,
    "+0.0": 7403217,
    "+1.0": 57649358
  },
  "hands": {
    "total": 100000000,
    "won": 57649358,
    "lost": 34947425,
    "push": 7403217,
    "busted": 0,
    "blackjack": 0,
    "doubled": 0,
    "split": 0,
    "insured": 0,
    "surrender": 0
  }
}
