{
  "rounds": 100000000,
  "rules": {
    "game_type": "ahc",
    "soft17": "s17",
    "das": true,
    "bj_pays": 1.5,
    "double_down": "any_two",
    "surrender": "early_surrender",
    "play_ace_pairs": false,
    "max_splits": 4,
    "decks": 6,
    "penetration_cards": 250
  },
  "ev": -0.1288191799999992,
  "stddev": 1.7830403783022966,
  "winning_distrib": {
    "-4.0": 625777,
    "-3.0": 6750118,
    "-2.0": 21804658,
    "-1.0": 12051948,
    "+0.0": 25020684,
    "+1.0": 11187914,
    "+2.0": 14326650,
    "+3.0": 7237410,
    "+4.0": 994841
  },
  "hands": {
    "total": 200000000,
    "won": 81848549,
    "lost": 98639310,
    "push": 19512141,
    "busted": 59508142,
    "blackjack": 0,
    "doubled": 33335679,
    "split": 200000000,
    "insured": 0,
    "surrender": 0
  }
}
