{
  "rounds": 100000000,
  "rules": {
    "game_type": "ahc",
    "soft17": "s17",
    "das": true,
    "bj_pays": 1.5,
    "double_down": "any_two",
    "surrender": "early_surrender",
    "play_ace_pairs": false,
    "max_splits": 4,
    "decks": 6,
    "penetration_cards": 250
  },
  "ev": -0.19224845999999163,
  "stddev": 1.7656345547146197,
  "winning_distrib": {
    "-4.0": 579806,
    "-3.0": 6741367,
    "-2.0": 23282668,
    "-1.0": 11872597,
    "+0.0": 25426161,
    "+1.0": 11179688,
    "+2.0": 13142907,
    "+3.0": 6808314,
    "+4.0": 966492
  },
  "hands": {
    "total": 200000000,
    "won": 78875983,
    "lost": 102314855,
    "push": 18809162,
    "busted": 64723436,
    "blackjack": 0,
    "doubled": 32657739,
    "split": 200000000,
    "insured": 0,
    "surrender": 0
  }
}
