{
  "rounds": 100000000,
  "rules": {
    "game_type": "ahc",
    "soft17": "h17",
    "das": false,
    "double_down": "any_two",
    "surrender": "no_surrender",
    "play_ace_pairs": false,
    "max_splits": 4,
    "decks": 6,
    "penetration_cards": 46
  },
  "ev": 0.4117293400000013,
  "stddev": 1.8773695176571747,
  "winning_distrib": {
    "-2.0": 35882233,
    "+0.0": 7649067,
    "+2.0": 56468700
  },
  "hands": {
    "total": 100000000,
    "won": 56468700,
    "lost": 35882233,
    "push": 7649067,
    "busted": 0,
    "blackjack": 0,
    "doubled": 100000000,
    "split": 0,
    "insured": 0,
    "surrender": 0
  }
}
