{
  "rounds": 100000000,
  "rules": {
    "game_type": "ahc",
    "soft17": "s17",
    "das": true,
    "double_down": "any_two",
    "surrender": "no_surrender",
    "play_ace_pairs": false,
    "max_splits": 4,
    "decks": 6,
    "penetration_cards": 46
  },
  "ev": 0.06334238000000145,
  "stddev": 0.9546034318022274,
  "winning_distrib": {
    "-1.0": 42596879,
    "+0.0": 8472004,
    "+1.0": 48931117
  },
  "hands": {
    "total": 100000000,
    "won": 48931117,
    "lost": 42596879,
    "push": 8472004,
    "busted": 2393447,
    "blackjack": 0,
    "doubled": 0,
    "split": 0,
    "insured": 0,
    "surrender": 0
  }
}
