{
  "rounds": 100000000,
  "rules": {
    "game_type": "ahc",
    "soft17": "s17",
    "das": true,
    "bj_pays": 1.5,
    "double_down": "any_two",
    "surrender": "early_surrender",
    "play_ace_pairs": false,
    "max_splits": 4,
    "decks": 6,
    "penetration_cards": 250
  },
  "ev": -0.35112334999999495,
  "stddev": 0.9077449594047969,
  "winning_distrib": {
    "-1.0": 64920593,
    "+0.0": 5271149,
    "+1.0": 29808258
  },
  "hands": {
    "total": 100000000,
    "won": 29808258,
    "lost": 64920593,
    "push": 5271149,
    "busted": 44994382,
    "blackjack": 0,
    "doubled": 0,
    "split": 0,
    "insured": 0,
    "surrender": 0
  }
}
