{
  "rounds": 100000000,
  "rules": {
    "game_type": "ahc",
    "soft17": "s17",
    "das": true,
    "bj_pays": 1.5,
    "double_down": "any_two",
    "surrender": "early_surrender",
    "play_ace_pairs": false,
    "max_splits": 4,
    "decks": 6,
    "penetration_cards": 250
  },
  "ev": -1.6926760400000014,
  "stddev": 1.046991611509774,
  "winning_distrib": {
    "-2.0": 91833696,
    "+0.0": 966410,
    "+2.0": 7199894
  },
  "hands": {
    "total": 100000000,
    "won": 7199894,
    "lost": 91833696,
    "push": 966410,
    "busted": 91833696,
    "blackjack": 0,
    "doubled": 100000000,
    "split": 0,
    "insured": 0,
    "surrender": 0
  }
}
