{
  "rounds": 100000000,
  "rules": {
    "game_type": "enhc",
    "soft17": "s17",
    "das": true,
    "double_down": "any_two",
    "surrender": "no_surrender",
    "play_ace_pairs": false,
    "max_splits": 4,
    "decks": 6,
    "penetration_cards": 46
  },
  "ev": -0.1168395099999992,
  "stddev": 0.9250853622562583,
  "winning_distrib": {
    "-1.0": 49313695,
    "+0.0": 13056561,
    "+1.0": 37629744
  },
  "hands": {
    "total": 100000000,
    "won": 37629744,
    "lost": 49313695,
    "push": 13056561,
    "busted": 0,
    "blackjack": 0,
    "doubled": 0,
    "split": 0,
    "insured": 0,
    "surrender": 0
  }
}
