{
  "rounds": 100000000,
  "rules": {
    "game_type": "ahc",
    "soft17": "h17",
    "das": false,
    "double_down": "any_two",
    "surrender": "no_surrender",
    "play_ace_pairs": false,
    "max_splits": 4,
    "decks": 6,
    "penetration_cards": 46
  },
  "ev": 0.26150232999998907,
  "stddev": 0.9277470398830254,
  "winning_distrib": {
    "-1.0": 33379785,
    "+0.0": 7090197,
    "+1.0": 59530018
  },
  "hands": {
    "total": 100000000,
    "won": 59530018,
    "lost": 33379785,
    "push": 7090197,
    "busted": 0,
    "blackjack": 0,
    "doubled": 0,
    "split": 0,
    "insured": 0,
    "surrender": 0
  }
}
