{
  "rounds": 100000000,
  "rules": {
    "game_type": "ahc",
    "soft17": "h17",
    "das": false,
    "double_down": "any_two",
    "surrender": "no_surrender",
    "play_ace_pairs": false,
    "max_splits": 4,
    "decks": 6,
    "penetration_cards": 46
  },
  "ev": -0.5447671500000192,
  "stddev": 0.8026071945370633,
  "winning_distrib": {
    "-1.0": 74285835,
    "+0.0": 5905045,
    "+1.0": 19809120
  },
  "hands": {
    "total": 100000000,
    "won": 19809120,
    "lost": 74285835,
    "push": 5905045,
    "busted": 54102332,
    "blackjack": 0,
    "doubled": 0,
    "split": 0,
    "insured": 0,
    "surrender": 0
  }
}
