{
  "rounds": 100000000,
  "rules": {
    "game_type": "ahc",
    "soft17": "s17",
    "das": true,
    "bj_pays": 1.5,
    "double_down": "any_two",
    "surrender": "early_surrender",
    "play_ace_pairs": false,
    "max_splits": 4,
    "decks": 6,
    "penetration_cards": 250
  },
  "ev": 0.2613554400000029,
  "stddev": 0.9126501971246848,
  "winning_distrib": {
    "-1.0": 31994080,
    "+0.0": 9876296,
    "+1.0": 58129624
  },
  "hands": {
    "total": 100000000,
    "won": 58129624,
    "lost": 31994080,
    "push": 9876296,
    "busted": 20736253,
    "blackjack": 0,
    "doubled": 0,
    "split": 0,
    "insured": 0,
    "surrender": 0
  }
}
