{
  "rounds": 100000000,
  "rules": {
    "game_type": "ahc",
    "soft17": "s17",
    "das": true,
    "bj_pays": 1.5,
    "double_down": "any_two",
    "surrender": "early_surrender",
    "play_ace_pairs": false,
    "max_splits": 4,
    "decks": 6,
    "penetration_cards": 250
  },
  "ev": 0.023019700000000073,
  "stddev": 1.9466210754292494,
  "winning_distrib": {
    "-2.0": 46797801,
    "+0.0": 5253413,
    "+2.0": 47948786
  },
  "hands": {
    "total": 100000000,
    "won": 47948786,
    "lost": 46797801,
    "push": 5253413,
    "busted": 0,
    "blackjack": 0,
    "doubled": 100000000,
    "split": 0,
    "insured": 0,
    "surrender": 0
  }
}
