{
  "rounds": 100000000,
  "rules": {
    "game_type": "enhc",
    "soft17": "s17",
    "das": false,
    "double_down": "any_two",
    "surrender": "no_surrender",
    "play_ace_pairs": false,
    "max_splits": 4,
    "decks": 6,
    "penetration_cards": 46
  },
  "ev": -0.6154539900000083,
  "stddev": 0.7582540616063765,
  "winning_distrib": {
    "-1.0": 78459341,
    "+0.0": 4626717,
    "+1.0": 16913942
  },
  "hands": {
    "total": 100000000,
    "won": 16913942,
    "lost": 78459341,
    "push": 4626717,
    "busted": 69119720,
    "blackjack": 0,
    "doubled": 0,
    "split": 0,
    "insured": 0,
    "surrender": 0
  }
}
