{
  "rounds": 100000000,
  "rules": {
    "game_type": "ahc",
    "soft17": "s17",
    "das": true,
    "bj_pays": 1.5,
    "double_down": "any_two",
    "surrender": "early_surrender",
    "play_ace_pairs": false,
    "max_splits": 4,
    "decks": 6,
    "penetration_cards": 250
  },
  "ev": 0.7640888399999956,
  "stddev": 0.5441418083076828,
  "winning_distrib": {
    "-1.0": 5791661,
    "+0.0": 12007794,
    "+1.0": 82200545
  },
  "hands": {
    "total": 100000000,
    "won": 82200545,
    "lost": 5791661,
    "push": 12007794,
    "busted": 0,
    "blackjack": 0,
    "doubled": 0,
    "split": 0,
    "insured": 0,
    "surrender": 0
  }
}
