{
  "rounds": 100000000,
  "rules": {
    "game_type": "ahc",
    "soft17": "s17",
    "das": true,
    "bj_pays": 1.5,
    "double_down": "any_two",
    "surrender": "early_surrender",
    "play_ace_pairs": false,
    "max_splits": 4,
    "decks": 6,
    "penetration_cards": 250
  },
  "ev": -0.20038004000000006,
  "stddev": 2.2997104279574825,
  "winning_distrib": {
    "-8.0": 197,
    "-7.0": 5815,
    "-6.0": 72091,
    "-5.0": 495855,
    "-4.0": 2513092,
    "-3.0": 11481746,
    "-2.0": 28987455,
    "-1.0": 7538148,
    "+0.0": 9320001,
    "+1.0": 5780690,
    "+2.0": 19044858,
    "+3.0": 10966579,
    "+4.0": 2974086,
    "+5.0": 672065,
    "+6.0": 132058,
    "+7.0": 14510,
    "+8.0": 754
  },
  "hands": {
    "total": 218611837,
    "won": 90978132,
    "lost": 117317387,
    "push": 10316318,
    "busted": 8149280,
    "blackjack": 0,
    "doubled": 38753136,
    "split": 218611837,
    "insured": 0,
    "surrender": 0
  }
}
