{
  "rounds": 100000000,
  "rules": {
    "game_type": "ahc",
    "soft17": "s17",
    "das": true,
    "bj_pays": 1.5,
    "double_down": "any_two",
    "surrender": "early_surrender",
    "play_ace_pairs": false,
    "max_splits": 4,
    "decks": 6,
    "penetration_cards": 250
  },
  "ev": 0.04185538999999845,
  "stddev": 0.9653840508562334,
  "winning_distrib": {
    "-1.0": 44593142,
    "+0.0": 6628177,
    "+1.0": 48778681
  },
  "hands": {
    "total": 100000000,
    "won": 48778681,
    "lost": 44593142,
    "push": 6628177,
    "busted": 0,
    "blackjack": 0,
    "doubled": 0,
    "split": 0,
    "insured": 0,
    "surrender": 0
  }
}
