{
  "rounds": 100000000,
  "rules": {
    "game_type": "ahc",
    "soft17": "h17",
    "das": false,
    "double_down": "any_two",
    "surrender": "no_surrender",
    "play_ace_pairs": false,
    "max_splits": 4,
    "decks": 6,
    "penetration_cards": 46
  },
  "ev": 0.10508558000000175,
  "stddev": 0.7930797609104812,
  "winning_distrib": {
    "-1.0": 26746645,
    "+0.0": 35998152,
    "+1.0": 37255203
  },
  "hands": {
    "total": 100000000,
    "won": 37255203,
    "lost": 26746645,
    "push": 35998152,
    "busted": 0,
    "blackjack": 0,
    "doubled": 0,
    "split": 0,
    "insured": 0,
    "surrender": 0
  }
}
