{
  "rounds": 100000000,
  "rules": {
    "game_type": "ahc",
    "soft17": "h17",
    "das": false,
    "double_down": "any_two",
    "surrender": "no_surrender",
    "play_ace_pairs": false,
    "max_splits": 4,
    "decks": 6,
    "penetration_cards": 46
  },
  "ev": 0.12709993000000122,
  "stddev": 0.9625818858983624,
  "winning_distrib": {
    "-1.0": 40780917,
    "+0.0": 5728173,
    "+1.0": 53490910
  },
  "hands": {
    "total": 100000000,
    "won": 53490910,
    "lost": 40780917,
    "push": 5728173,
    "busted": 0,
    "blackjack": 0,
    "doubled": 0,
    "split": 0,
    "insured": 0,
    "surrender": 0
  }
}
