{
  "rounds": 10000000000,
  "rules": {
    "game_type": "ahc",
    "soft17": "s17",
    "das": true,
    "bj_pays": 1.5,
    "double_down": "any_two",
    "surrender": "no_surrender",
    "play_ace_pairs": false,
    "max_splits": 4,
    "decks": 6,
    "penetration_cards": 296
  },
  "ev": -0.22424331869997066,
  "stddev": 1.208806598948354,
  "winning_distrib": {
    "-7.0": 8,
    "-6.0": 3886,
    "-5.0": 341035,
    "-4.0": 11958686,
    "-3.0": 178657973,
    "-2.0": 1237761013,
    "-1.0": 2646944440,
    "+0.0": 3449153118,
    "+1.0": 1608263450,
    "+2.0": 751113518,
    "+3.0": 108342267,
    "+4.0": 7252112,
    "+5.0": 206218,
    "+6.0": 2268,
    "+7.0": 8
  },
  "hands": {
    "total": 10000000000,
    "won": 3600715030,
    "lost": 5920077975,
    "push": 479206995,
    "busted": 3088290179,
    "blackjack": 0,
    "doubled": 0,
    "split": 0,
    "insured": 0,
    "surrender": 0
  }
}
