{
  "rounds": 100000000,
  "rules": {
    "game_type": "enhc",
    "soft17": "s17",
    "das": false,
    "double_down": "any_two",
    "surrender": "no_surrender",
    "play_ace_pairs": false,
    "max_splits": 4,
    "decks": 6,
    "penetration_cards": 46
  },
  "ev": -0.46393670000000303,
  "stddev": 1.8956910967585452,
  "winning_distrib": {
    "-2.0": 59209442,
    "+0.0": 4777951,
    "+2.0": 36012607
  },
  "hands": {
    "total": 100000000,
    "won": 36012607,
    "lost": 59209442,
    "push": 4777951,
    "busted": 30864249,
    "blackjack": 0,
    "doubled": 100000000,
    "split": 0,
    "insured": 0,
    "surrender": 0
  }
}
