{
  "rounds": 100000000,
  "rules": {
    "game_type": "ahc",
    "soft17": "h17",
    "das": false,
    "double_down": "any_two",
    "surrender": "no_surrender",
    "play_ace_pairs": false,
    "max_splits": 4,
    "decks": 6,
    "penetration_cards": 46
  },
  "ev": -0.4353282400000029,
  "stddev": 0.8611207643959019,
  "winning_distrib": {
    "-1.0": 68318394,
    "+0.0": 6896036,
    "+1.0": 24785570
  },
  "hands": {
    "total": 100000000,
    "won": 24785570,
    "lost": 68318394,
    "push": 6896036,
    "busted": 55568743,
    "blackjack": 0,
    "doubled": 0,
    "split": 0,
    "insured": 0,
    "surrender": 0
  }
}
