{
  "rounds": 100000000,
  "rules": {
    "game_type": "ahc",
    "soft17": "h17",
    "das": true,
    "double_down": "any_two",
    "surrender": "no_surrender",
    "play_ace_pairs": false,
    "max_splits": 4,
    "decks": 6,
    "penetration_cards": 46
  },
  "ev": 0.5219047400000149,
  "stddev": 1.6381238442803971,
  "winning_distrib": {
    "-2.0": 21143642,
    "-1.0": 8392052,
    "+0.0": 17467994,
    "+1.0": 3122814,
    "+2.0": 49873498
  },
  "hands": {
    "total": 200000000,
    "won": 119001677,
    "lost": 66811203,
    "push": 14187120,
    "busted": 0,
    "blackjack": 0,
    "doubled": 0,
    "split": 200000000,
    "insured": 0,
    "surrender": 0
  }
}
