{
  "rounds": 100000000,
  "rules": {
    "game_type": "enhc",
    "soft17": "h17",
    "das": true,
    "double_down": "any_two",
    "surrender": "no_surrender",
    "play_ace_pairs": false,
    "max_splits": 4,
    "decks": 6,
    "penetration_cards": 46
  },
  "ev": -0.20526805000000228,
  "stddev": 0.9270216751742665,
  "winning_distrib": {
    "-1.0": 55338610,
    "+0.0": 9849585,
    "+1.0": 34811805
  },
  "hands": {
    "total": 100000000,
    "won": 34811805,
    "lost": 55338610,
    "push": 9849585,
    "busted": 34011681,
    "blackjack": 0,
    "doubled": 0,
    "split": 0,
    "insured": 0,
    "surrender": 0
  }
}
