{
  "rounds": 100000000,
  "rules": {
    "game_type": "ahc",
    "soft17": "s17",
    "das": true,
    "bj_pays": 1.5,
    "double_down": "any_two",
    "surrender": "early_surrender",
    "play_ace_pairs": false,
    "max_splits": 4,
    "decks": 6,
    "penetration_cards": 250
  },
  "ev": -1.6866702400000115,
  "stddev": 1.0560307157703017,
  "winning_distrib": {
    "-2.0": 91667473,
    "+0.0": 998566,
    "+2.0": 7333961
  },
  "hands": {
    "total": 100000000,
    "won": 7333961,
    "lost": 91667473,
    "push": 998566,
    "busted": 91667473,
    "blackjack": 0,
    "doubled": 100000000,
    "split": 0,
    "insured": 0,
    "surrender": 0
  }
}
