{
  "rounds": 100000000,
  "rules": {
    "game_type": "ahc",
    "soft17": "s17",
    "das": true,
    "bj_pays": 1.5,
    "double_down": "any_two",
    "surrender": "early_surrender",
    "play_ace_pairs": false,
    "max_splits": 4,
    "decks": 6,
    "penetration_cards": 250
  },
  "ev": 0.36386736999999225,
  "stddev": 0.8921689386035223,
  "winning_distrib": {
    "-1.0": 28224875,
    "+0.0": 7163513,
    "+1.0": 64611612
  },
  "hands": {
    "total": 100000000,
    "won": 64611612,
    "lost": 28224875,
    "push": 7163513,
    "busted": 0,
    "blackjack": 0,
    "doubled": 0,
    "split": 0,
    "insured": 0,
    "surrender": 0
  }
}
