{
  "rounds": 100000000,
  "rules": {
    "game_type": "ahc",
    "soft17": "s17",
    "das": true,
    "bj_pays": 1.5,
    "double_down": "any_two",
    "surrender": "early_surrender",
    "play_ace_pairs": false,
    "max_splits": 4,
    "decks": 6,
    "penetration_cards": 250
  },
  "ev": -0.38451543999999455,
  "stddev": 0.8823961832350972,
  "winning_distrib": {
    "-1.0": 65549529,
    "+0.0": 7352486,
    "+1.0": 27097985
  },
  "hands": {
    "total": 100000000,
    "won": 27097985,
    "lost": 65549529,
    "push": 7352486,
    "busted": 25017362,
    "blackjack": 0,
    "doubled": 0,
    "split": 0,
    "insured": 0,
    "surrender": 0
  }
}
