{
  "rounds": 100000000,
  "rules": {
    "game_type": "ahc",
    "soft17": "s17",
    "das": true,
    "double_down": "any_two",
    "surrender": "no_surrender",
    "play_ace_pairs": false,
    "max_splits": 4,
    "decks": 6,
    "penetration_cards": 46
  },
  "ev": 0.12586339999999915,
  "stddev": 1.951066960052126,
  "winning_distrib": {
    "-2.0": 44634713,
    "+0.0": 4437404,
    "+2.0": 50927883
  },
  "hands": {
    "total": 100000000,
    "won": 50927883,
    "lost": 44634713,
    "push": 4437404,
    "busted": 0,
    "blackjack": 0,
    "doubled": 100000000,
    "split": 0,
    "insured": 0,
    "surrender": 0
  }
}
