{
  "rounds": 100000000,
  "rules": {
    "game_type": "enhc",
    "soft17": "h17",
    "das": true,
    "double_down": "any_two",
    "surrender": "no_surrender",
    "play_ace_pairs": false,
    "max_splits": 4,
    "decks": 6,
    "penetration_cards": 46
  },
  "ev": 0.006993510000000005,
  "stddev": 0.9870660011168977,
  "winning_distrib": {
    "-1.0": 48367734,
    "+0.0": 2565181,
    "+1.0": 49067085
  },
  "hands": {
    "total": 100000000,
    "won": 49067085,
    "lost": 48367734,
    "push": 2565181,
    "busted": 0,
    "blackjack": 0,
    "doubled": 0,
    "split": 0,
    "insured": 0,
    "surrender": 0
  }
}
