{
  "rounds": 100000000,
  "rules": {
    "game_type": "ahc",
    "soft17": "s17",
    "das": true,
    "bj_pays": 1.5,
    "double_down": "any_two",
    "surrender": "early_surrender",
    "play_ace_pairs": false,
    "max_splits": 4,
    "decks": 6,
    "penetration_cards": 250
  },
  "ev": -1.0424989999999965,
  "stddev": 1.5717995800051991,
  "winning_distrib": {
    "-2.0": 67338362,
    "-1.0": 8509570,
    "+0.0": 4683871,
    "+2.0": 19468197
  },
  "hands": {
    "total": 100000000,
    "won": 19468197,
    "lost": 75847932,
    "push": 4683871,
    "busted": 46698273,
    "blackjack": 0,
    "doubled": 91490430,
    "split": 0,
    "insured": 0,
    "surrender": 0
  }
}
