{
  "rounds": 100000000,
  "rules": {
    "game_type": "ahc",
    "soft17": "s17",
    "das": true,
    "bj_pays": 1.5,
    "double_down": "any_two",
    "surrender": "early_surrender",
    "play_ace_pairs": false,
    "max_splits": 4,
    "decks": 6,
    "penetration_cards": 250
  },
  "ev": -0.5269944099999991,
  "stddev": 0.8267573336015939,
  "winning_distrib": {
    "-1.0": 74412260,
    "+0.0": 3874921,
    "+1.0": 21712819
  },
  "hands": {
    "total": 100000000,
    "won": 21712819,
    "lost": 74412260,
    "push": 3874921,
    "busted": 69007741,
    "blackjack": 0,
    "doubled": 0,
    "split": 0,
    "insured": 0,
    "surrender": 0
  }
}
