{
  "rounds": 100000000,
  "rules": {
    "game_type": "ahc",
    "soft17": "s17",
    "das": true,
    "bj_pays": 1.5,
    "double_down": "any_two",
    "surrender": "early_surrender",
    "play_ace_pairs": false,
    "max_splits": 4,
    "decks": 6,
    "penetration_cards": 250
  },
  "ev": 0.32091423999999474,
  "stddev": 1.5045854356609312,
  "winning_distrib": {
    "-2.0": 19172117,
    "-1.0": 8087903,
    "+0.0": 30904616,
    "+1.0": 5147167,
    "+2.0": 36688197
  },
  "hands": {
    "total": 200000000,
    "won": 108363251,
    "lost": 76271827,
    "push": 15364922,
    "busted": 0,
    "blackjack": 0,
    "doubled": 0,
    "split": 200000000,
    "insured": 0,
    "surrender": 0
  }
}
