{
  "rounds": 100000000,
  "rules": {
    "game_type": "ahc",
    "soft17": "s17",
    "das": true,
    "bj_pays": 1.5,
    "double_down": "any_two",
    "surrender": "early_surrender",
    "play_ace_pairs": false,
    "max_splits": 4,
    "decks": 6,
    "penetration_cards": 250
  },
  "ev": -1.2744751400000072,
  "stddev": 1.4857612929393584,
  "winning_distrib": {
    "-2.0": 79759047,
    "+0.0": 4205663,
    "+2.0": 16035290
  },
  "hands": {
    "total": 100000000,
    "won": 16035290,
    "lost": 79759047,
    "push": 4205663,
    "busted": 77956240,
    "blackjack": 0,
    "doubled": 100000000,
    "split": 0,
    "insured": 0,
    "surrender": 0
  }
}
