{
  "rounds": 100000000,
  "rules": {
    "game_type": "ahc",
    "soft17": "h17",
    "das": false,
    "double_down": "any_two",
    "surrender": "no_surrender",
    "play_ace_pairs": false,
    "max_splits": 4,
    "decks": 6,
    "penetration_cards": 46
  },
  "ev": -0.2096569999999971,
  "stddev": 0.9162879627861807,
  "winning_distrib": {
    "-1.0": 54659834,
    "+0.0": 11646032,
    "+1.0": 33694134
  },
  "hands": {
    "total": 100000000,
    "won": 33694134,
    "lost": 54659834,
    "push": 11646032,
    "busted": 24477890,
    "blackjack": 0,
    "doubled": 0,
    "split": 0,
    "insured": 0,
    "surrender": 0
  }
}
