{
  "rounds": 100000000,
  "rules": {
    "game_type": "enhc",
    "soft17": "h17",
    "das": true,
    "double_down": "any_two",
    "surrender": "no_surrender",
    "play_ace_pairs": false,
    "max_splits": 4,
    "decks": 6,
    "penetration_cards": 46
  },
  "ev": 0.028906330000000084,
  "stddev": 0.9734244519023991,
  "winning_distrib": {
    "-1.0": 45974220,
    "+0.0": 5160927,
    "+1.0": 48864853
  },
  "hands": {
    "total": 100000000,
    "won": 48864853,
    "lost": 45974220,
    "push": 5160927,
    "busted": 2772369,
    "blackjack": 0,
    "doubled": 0,
    "split": 0,
    "insured": 0,
    "surrender": 0
  }
}
