{
  "rounds": 100000000,
  "rules": {
    "game_type": "ahc",
    "soft17": "s17",
    "das": true,
    "bj_pays": 1.5,
    "double_down": "any_two",
    "surrender": "early_surrender",
    "play_ace_pairs": false,
    "max_splits": 4,
    "decks": 6,
    "penetration_cards": 250
  },
  "ev": -0.4565446000000022,
  "stddev": 0.863158754610806,
  "winning_distrib": {
    "-1.0": 70501030,
    "+0.0": 4652400,
    "+1.0": 24846570
  },
  "hands": {
    "total": 100000000,
    "won": 24846570,
    "lost": 70501030,
    "push": 4652400,
    "busted": 61540378,
    "blackjack": 0,
    "doubled": 0,
    "split": 0,
    "insured": 0,
    "surrender": 0
  }
}
