{
  "rounds": 100000000,
  "rules": {
    "game_type": "ahc",
    "soft17": "s17",
    "das": true,
    "bj_pays": 1.5,
    "double_down": "any_two",
    "surrender": "early_surrender",
    "play_ace_pairs": false,
    "max_splits": 4,
    "decks": 6,
    "penetration_cards": 250
  },
  "ev": 0.08400310999999855,
  "stddev": 0.9725731936308439,
  "winning_distrib": {
    "-1.0": 43447601,
    "+0.0": 4704487,
    "+1.0": 51847912
  },
  "hands": {
    "total": 100000000,
    "won": 51847912,
    "lost": 43447601,
    "push": 4704487,
    "busted": 0,
    "blackjack": 0,
    "doubled": 0,
    "split": 0,
    "insured": 0,
    "surrender": 0
  }
}
