{
  "rounds": 100000000,
  "rules": {
    "game_type": "ahc",
    "soft17": "h17",
    "das": true,
    "double_down": "any_two",
    "surrender": "no_surrender",
    "play_ace_pairs": false,
    "max_splits": 4,
    "decks": 6,
    "penetration_cards": 46
  },
  "ev": 0.523626179999998,
  "stddev": 1.8507958768792132,
  "winning_distrib": {
    "-2.0": 33154717,
    "+0.0": 7509257,
    "+2.0": 59336026
  },
  "hands": {
    "total": 100000000,
    "won": 59336026,
    "lost": 33154717,
    "push": 7509257,
    "busted": 0,
    "blackjack": 0,
    "doubled": 100000000,
    "split": 0,
    "insured": 0,
    "surrender": 0
  }
}
