{
  "rounds": 100000000,
  "rules": {
    "game_type": "ahc",
    "soft17": "s17",
    "das": true,
    "bj_pays": 1.5,
    "double_down": "any_two",
    "surrender": "early_surrender",
    "play_ace_pairs": false,
    "max_splits": 4,
    "decks": 6,
    "penetration_cards": 250
  },
  "ev": -0.1976548799999998,
  "stddev": 1.9343448156492427,
  "winning_distrib": {
    "-2.0": 52200838,
    "+0.0": 5481068,
    "+2.0": 42318094
  },
  "hands": {
    "total": 100000000,
    "won": 42318094,
    "lost": 52200838,
    "push": 5481068,
    "busted": 0,
    "blackjack": 0,
    "doubled": 100000000,
    "split": 0,
    "insured": 0,
    "surrender": 0
  }
}
