{
  "rounds": 100000000,
  "rules": {
    "game_type": "ahc",
    "soft17": "s17",
    "das": true,
    "bj_pays": 1.5,
    "double_down": "any_two",
    "surrender": "early_surrender",
    "play_ace_pairs": false,
    "max_splits": 4,
    "decks": 6,
    "penetration_cards": 250
  },
  "ev": 0.11696590000000058,
  "stddev": 1.9497395149742627,
  "winning_distrib": {
    "-2.0": 44765417,
    "+0.0": 4620871,
    "+2.0": 50613712
  },
  "hands": {
    "total": 100000000,
    "won": 50613712,
    "lost": 44765417,
    "push": 4620871,
    "busted": 0,
    "blackjack": 0,
    "doubled": 100000000,
    "split": 0,
    "insured": 0,
    "surrender": 0
  }
}
