{
  "rounds": 100000000,
  "rules": {
    "game_type": "ahc",
    "soft17": "s17",
    "das": true,
    "bj_pays": 1.5,
    "double_down": "any_two",
    "surrender": "early_surrender",
    "play_ace_pairs": false,
    "max_splits": 4,
    "decks": 6,
    "penetration_cards": 250
  },
  "ev": -0.4759364999999991,
  "stddev": 1.8893892038607678,
  "winning_distrib": {
    "-2.0": 59352251,
    "+0.0": 5092323,
    "+2.0": 35555426
  },
  "hands": {
    "total": 100000000,
    "won": 35555426,
    "lost": 59352251,
    "push": 5092323,
    "busted": 34042657,
    "blackjack": 0,
    "doubled": 100000000,
    "split": 0,
    "insured": 0,
    "surrender": 0
  }
}
