{
  "rounds": 100000000,
  "rules": {
    "game_type": "ahc",
    "soft17": "s17",
    "das": true,
    "bj_pays": 1.5,
    "double_down": "any_two",
    "surrender": "early_surrender",
    "play_ace_pairs": false,
    "max_splits": 4,
    "decks": 6,
    "penetration_cards": 250
  },
  "ev": -1.0151201800000007,
  "stddev": 1.6852695358778997,
  "winning_distrib": {
    "-2.0": 73760534,
    "+0.0": 3234941,
    "+2.0": 23004525
  },
  "hands": {
    "total": 100000000,
    "won": 23004525,
    "lost": 73760534,
    "push": 3234941,
    "busted": 69116136,
    "blackjack": 0,
    "doubled": 100000000,
    "split": 0,
    "insured": 0,
    "surrender": 0
  }
}
