{
  "rounds": 100000000,
  "rules": {
    "game_type": "ahc",
    "soft17": "h17",
    "das": true,
    "double_down": "any_two",
    "surrender": "no_surrender",
    "play_ace_pairs": false,
    "max_splits": 4,
    "decks": 6,
    "penetration_cards": 46
  },
  "ev": -0.1580257600000019,
  "stddev": 0.9391324230352799,
  "winning_distrib": {
    "-1.0": 53248380,
    "+0.0": 9305816,
    "+1.0": 37445804
  },
  "hands": {
    "total": 100000000,
    "won": 37445804,
    "lost": 53248380,
    "push": 9305816,
    "busted": 39696055,
    "blackjack": 0,
    "doubled": 0,
    "split": 0,
    "insured": 0,
    "surrender": 0
  }
}
