{
  "rounds": 100000000,
  "rules": {
    "game_type": "ahc",
    "soft17": "s17",
    "das": true,
    "bj_pays": 1.5,
    "double_down": "any_two",
    "surrender": "early_surrender",
    "play_ace_pairs": false,
    "max_splits": 4,
    "decks": 6,
    "penetration_cards": 250
  },
  "ev": -0.6075476999999817,
  "stddev": 0.7621330054742205,
  "winning_distrib": {
    "-1.0": 77875431,
    "+0.0": 5003908,
    "+1.0": 17120661
  },
  "hands": {
    "total": 100000000,
    "won": 17120661,
    "lost": 77875431,
    "push": 5003908,
    "busted": 36701949,
    "blackjack": 0,
    "doubled": 0,
    "split": 0,
    "insured": 0,
    "surrender": 0
  }
}
