{
  "rounds": 100000000,
  "rules": {
    "game_type": "enhc",
    "soft17": "h17",
    "das": true,
    "double_down": "any_two",
    "surrender": "no_surrender",
    "play_ace_pairs": false,
    "max_splits": 4,
    "decks": 6,
    "penetration_cards": 46
  },
  "ev": 0.1013792500000003,
  "stddev": 0.9547225077395012,
  "winning_distrib": {
    "-1.0": 41019678,
    "+0.0": 7822719,
    "+1.0": 51157603
  },
  "hands": {
    "total": 100000000,
    "won": 51157603,
    "lost": 41019678,
    "push": 7822719,
    "busted": 2538461,
    "blackjack": 0,
    "doubled": 0,
    "split": 0,
    "insured": 0,
    "surrender": 0
  }
}
