{
  "rounds": 100000000,
  "rules": {
    "game_type": "enhc",
    "soft17": "s17",
    "das": true,
    "double_down": "any_two",
    "surrender": "no_surrender",
    "play_ace_pairs": false,
    "max_splits": 4,
    "decks": 6,
    "penetration_cards": 46
  },
  "ev": -0.07123553999999944,
  "stddev": 0.9833998106119587,
  "winning_distrib": {
    "-1.0": 52169261,
    "+0.0": 2785032,
    "+1.0": 45045707
  },
  "hands": {
    "total": 100000000,
    "won": 45045707,
    "lost": 52169261,
    "push": 2785032,
    "busted": 0,
    "blackjack": 0,
    "doubled": 0,
    "split": 0,
    "insured": 0,
    "surrender": 0
  }
}
