{
  "rounds": 100000000,
  "rules": {
    "game_type": "ahc",
    "soft17": "s17",
    "das": true,
    "bj_pays": 1.5,
    "double_down": "any_two",
    "surrender": "early_surrender",
    "play_ace_pairs": false,
    "max_splits": 4,
    "decks": 6,
    "penetration_cards": 250
  },
  "ev": -0.6623107200000088,
  "stddev": 1.8487396962123994,
  "winning_distrib": {
    "-2.0": 64763942,
    "+0.0": 3587652,
    "+2.0": 31648406
  },
  "hands": {
    "total": 100000000,
    "won": 31648406,
    "lost": 64763942,
    "push": 3587652,
    "busted": 51060856,
    "blackjack": 0,
    "doubled": 100000000,
    "split": 0,
    "insured": 0,
    "surrender": 0
  }
}
