{
  "rounds": 100000000,
  "rules": {
    "game_type": "ahc",
    "soft17": "s17",
    "das": false,
    "double_down": "any_two",
    "surrender": "no_surrender",
    "play_ace_pairs": false,
    "max_splits": 4,
    "decks": 6,
    "penetration_cards": 46
  },
  "ev": -0.3493047899999942,
  "stddev": 0.8951821276681948,
  "winning_distrib": {
    "-1.0": 63633483,
    "+0.0": 7663513,
    "+1.0": 28703004
  },
  "hands": {
    "total": 100000000,
    "won": 28703004,
    "lost": 63633483,
    "push": 7663513,
    "busted": 21826914,
    "blackjack": 0,
    "doubled": 0,
    "split": 0,
    "insured": 0,
    "surrender": 0
  }
}
