{
  "rounds": 100000000,
  "rules": {
    "game_type": "ahc",
    "soft17": "s17",
    "das": true,
    "double_down": "any_two",
    "surrender": "no_surrender",
    "play_ace_pairs": false,
    "max_splits": 4,
    "decks": 6,
    "penetration_cards": 46
  },
  "ev": -0.9098943000000049,
  "stddev": 1.7276829433308654,
  "winning_distrib": {
    "-2.0": 70407307,
    "+0.0": 4680101,
    "+2.0": 24912592
  },
  "hands": {
    "total": 100000000,
    "won": 24912592,
    "lost": 70407307,
    "push": 4680101,
    "busted": 61408927,
    "blackjack": 0,
    "doubled": 100000000,
    "split": 0,
    "insured": 0,
    "surrender": 0
  }
}
