{
  "rounds": 100000000,
  "rules": {
    "game_type": "ahc",
    "soft17": "h17",
    "das": true,
    "double_down": "any_two",
    "surrender": "no_surrender",
    "play_ace_pairs": false,
    "max_splits": 4,
    "decks": 6,
    "penetration_cards": 46
  },
  "ev": -0.5675195999999958,
  "stddev": 1.6930282432018662,
  "winning_distrib": {
    "-4.0": 528265,
    "-3.0": 7722786,
    "-2.0": 32280212,
    "-1.0": 11657392,
    "+0.0": 23451877,
    "+1.0": 10452913,
    "+2.0": 8235988,
    "+3.0": 4859883,
    "+4.0": 810684
  },
  "hands": {
    "total": 200000000,
    "won": 61786282,
    "lost": 121517171,
    "push": 16696547,
    "busted": 81520207,
    "blackjack": 0,
    "doubled": 30871219,
    "split": 200000000,
    "insured": 0,
    "surrender": 0
  }
}
