{
  "rounds": 10000000000,
  "rules": {
    "game_type": "ahc",
    "soft17": "s17",
    "das": true,
    "bj_pays": 1.5,
    "double_down": "any_two",
    "surrender": "no_surrender",
    "play_ace_pairs": false,
    "max_splits": 4,
    "decks": 6,
    "penetration_cards": 296
  },
  "ev": 0.0725337531999892,
  "stddev": 1.122771898903274,
  "winning_distrib": {
    "-6.0": 44,
    "-5.0": 16830,
    "-4.0": 1811841,
    "-3.0": 61962403,
    "-2.0": 761473696,
    "-1.0": 2140795978,
    "+0.0": 3521032937,
    "+1.0": 2523209652,
    "+2.0": 912245867,
    "+3.0": 75224976,
    "+4.0": 2205347,
    "+5.0": 20387,
    "+6.0": 42
  },
  "hands": {
    "total": 10000000000,
    "won": 4966737567,
    "lost": 4224937479,
    "push": 808324954,
    "busted": 256897126,
    "blackjack": 0,
    "doubled": 0,
    "split": 0,
    "insured": 0,
    "surrender": 0
  }
}
