{
  "rounds": 100000000,
  "rules": {
    "game_type": "ahc",
    "soft17": "s17",
    "das": true,
    "bj_pays": 1.5,
    "double_down": "any_two",
    "surrender": "early_surrender",
    "play_ace_pairs": false,
    "max_splits": 4,
    "decks": 6,
    "penetration_cards": 250
  },
  "ev": -0.904014780000017,
  "stddev": 1.7238961184653085,
  "winning_distrib": {
    "-2.0": 69963626,
    "+0.0": 5273487,
    "+2.0": 24762887
  },
  "hands": {
    "total": 100000000,
    "won": 24762887,
    "lost": 69963626,
    "push": 5273487,
    "busted": 60421092,
    "blackjack": 0,
    "doubled": 100000000,
    "split": 0,
    "insured": 0,
    "surrender": 0
  }
}
