{
  "rounds": 100000000,
  "rules": {
    "game_type": "ahc",
    "soft17": "s17",
    "das": true,
    "bj_pays": 1.5,
    "double_down": "any_two",
    "surrender": "early_surrender",
    "play_ace_pairs": false,
    "max_splits": 4,
    "decks": 6,
    "penetration_cards": 250
  },
  "ev": -1.6952070200000369,
  "stddev": 1.0468480741261472,
  "winning_distrib": {
    "-2.0": 92000397,
    "+0.0": 759557,
    "+2.0": 7240046
  },
  "hands": {
    "total": 100000000,
    "won": 7240046,
    "lost": 92000397,
    "push": 759557,
    "busted": 92000397,
    "blackjack": 0,
    "doubled": 100000000,
    "split": 0,
    "insured": 0,
    "surrender": 0
  }
}
