{
  "rounds": 100000000,
  "rules": {
    "game_type": "ahc",
    "soft17": "s17",
    "das": true,
    "bj_pays": 1.5,
    "double_down": "any_two",
    "surrender": "early_surrender",
    "play_ace_pairs": false,
    "max_splits": 4,
    "decks": 6,
    "penetration_cards": 250
  },
  "ev": 0.2345503200000025,
  "stddev": 1.909425993288785,
  "winning_distrib": {
    "-2.0": 40397760,
    "+0.0": 7476964,
    "+2.0": 52125276
  },
  "hands": {
    "total": 100000000,
    "won": 52125276,
    "lost": 40397760,
    "push": 7476964,
    "busted": 0,
    "blackjack": 0,
    "doubled": 100000000,
    "split": 0,
    "insured": 0,
    "surrender": 0
  }
}
