{
  "rounds": 100000000,
  "rules": {
    "game_type": "enhc",
    "soft17": "s17",
    "das": true,
    "double_down": "any_two",
    "surrender": "no_surrender",
    "play_ace_pairs": false,
    "max_splits": 4,
    "decks": 6,
    "penetration_cards": 46
  },
  "ev": -0.7145144999999818,
  "stddev": 0.6897430927868778,
  "winning_distrib": {
    "-1.0": 85039550,
    "+0.0": 1372350,
    "+1.0": 13588100
  },
  "hands": {
    "total": 100000000,
    "won": 13588100,
    "lost": 85039550,
    "push": 1372350,
    "busted": 84567726,
    "blackjack": 0,
    "doubled": 0,
    "split": 0,
    "insured": 0,
    "surrender": 0
  }
}
