{
  "rounds": 100000000,
  "rules": {
    "game_type": "ahc",
    "soft17": "s17",
    "das": true,
    "bj_pays": 1.5,
    "double_down": "any_two",
    "surrender": "early_surrender",
    "play_ace_pairs": false,
    "max_splits": 4,
    "decks": 6,
    "penetration_cards": 250
  },
  "ev": 0.8273186000000315,
  "stddev": 1.7435996457029437,
  "winning_distrib": {
    "-2.0": 25874482,
    "+0.0": 6885106,
    "+2.0": 67240412
  },
  "hands": {
    "total": 100000000,
    "won": 67240412,
    "lost": 25874482,
    "push": 6885106,
    "busted": 0,
    "blackjack": 0,
    "doubled": 100000000,
    "split": 0,
    "insured": 0,
    "surrender": 0
  }
}
