{
  "rounds": 100000000,
  "rules": {
    "game_type": "ahc",
    "soft17": "s17",
    "das": true,
    "bj_pays": 1.5,
    "double_down": "any_two",
    "surrender": "early_surrender",
    "play_ace_pairs": false,
    "max_splits": 4,
    "decks": 6,
    "penetration_cards": 250
  },
  "ev": 0.12286292000000106,
  "stddev": 0.9615977912494369,
  "winning_distrib": {
    "-1.0": 40845134,
    "+0.0": 6023440,
    "+1.0": 53131426
  },
  "hands": {
    "total": 100000000,
    "won": 53131426,
    "lost": 40845134,
    "push": 6023440,
    "busted": 0,
    "blackjack": 0,
    "doubled": 0,
    "split": 0,
    "insured": 0,
    "surrender": 0
  }
}
