{
  "rounds": 100000000,
  "rules": {
    "game_type": "ahc",
    "soft17": "s17",
    "das": true,
    "bj_pays": 1.5,
    "double_down": "any_two",
    "surrender": "early_surrender",
    "play_ace_pairs": false,
    "max_splits": 4,
    "decks": 6,
    "penetration_cards": 250
  },
  "ev": -0.1718225899999984,
  "stddev": 1.7578129361410229,
  "winning_distrib": {
    "-4.0": 486221,
    "-3.0": 6204335,
    "-2.0": 24006172,
    "-1.0": 10699193,
    "+0.0": 26287048,
    "+1.0": 11507631,
    "+2.0": 12874457,
    "+3.0": 6909150,
    "+4.0": 1025793
  },
  "hands": {
    "total": 200000000,
    "won": 79893715,
    "lost": 103339658,
    "push": 16766627,
    "busted": 74260520,
    "blackjack": 0,
    "doubled": 31998280,
    "split": 200000000,
    "insured": 0,
    "surrender": 0
  }
}
