{
  "rounds": 100000000,
  "rules": {
    "game_type": "ahc",
    "soft17": "h17",
    "das": true,
    "double_down": "any_two",
    "surrender": "no_surrender",
    "play_ace_pairs": false,
    "max_splits": 4,
    "decks": 6,
    "penetration_cards": 46
  },
  "ev": 0.12197871999999792,
  "stddev": 0.9473330253092394,
  "winning_distrib": {
    "-1.0": 39516997,
    "+0.0": 8768134,
    "+1.0": 51714869
  },
  "hands": {
    "total": 100000000,
    "won": 51714869,
    "lost": 39516997,
    "push": 8768134,
    "busted": 29359940,
    "blackjack": 0,
    "doubled": 0,
    "split": 0,
    "insured": 0,
    "surrender": 0
  }
}
