{
  "rounds": 100000000,
  "rules": {
    "game_type": "ahc",
    "soft17": "h17",
    "das": true,
    "double_down": "any_two",
    "surrender": "no_surrender",
    "play_ace_pairs": false,
    "max_splits": 4,
    "decks": 6,
    "penetration_cards": 46
  },
  "ev": 0.20196668000000048,
  "stddev": 1.9458890353857763,
  "winning_distrib": {
    "-2.0": 42791766,
    "+0.0": 4318134,
    "+2.0": 52890100
  },
  "hands": {
    "total": 100000000,
    "won": 52890100,
    "lost": 42791766,
    "push": 4318134,
    "busted": 0,
    "blackjack": 0,
    "doubled": 100000000,
    "split": 0,
    "insured": 0,
    "surrender": 0
  }
}
