{
  "rounds": 100000000,
  "rules": {
    "game_type": "ahc",
    "soft17": "s17",
    "das": true,
    "bj_pays": 1.5,
    "double_down": "any_two",
    "surrender": "early_surrender",
    "play_ace_pairs": false,
    "max_splits": 4,
    "decks": 6,
    "penetration_cards": 250
  },
  "ev": -0.4414568500000072,
  "stddev": 0.842782360215786,
  "winning_distrib": {
    "-1.0": 67331155,
    "+0.0": 9483375,
    "+1.0": 23185470
  },
  "hands": {
    "total": 100000000,
    "won": 23185470,
    "lost": 67331155,
    "push": 9483375,
    "busted": 17316720,
    "blackjack": 0,
    "doubled": 0,
    "split": 0,
    "insured": 0,
    "surrender": 0
  }
}
