{
  "rounds": 100000000,
  "rules": {
    "game_type": "ahc",
    "soft17": "s17",
    "das": true,
    "bj_pays": 1.5,
    "double_down": "any_two",
    "surrender": "early_surrender",
    "play_ace_pairs": false,
    "max_splits": 4,
    "decks": 6,
    "penetration_cards": 250
  },
  "ev": 0.09905157999999673,
  "stddev": 0.9521704435476825,
  "winning_distrib": {
    "-1.0": 40869409,
    "+0.0": 8356024,
    "+1.0": 50774567
  },
  "hands": {
    "total": 100000000,
    "won": 50774567,
    "lost": 40869409,
    "push": 8356024,
    "busted": 2328816,
    "blackjack": 0,
    "doubled": 0,
    "split": 0,
    "insured": 0,
    "surrender": 0
  }
}
