{
  "rounds": 100000000,
  "rules": {
    "game_type": "ahc",
    "soft17": "h17",
    "das": true,
    "double_down": "any_two",
    "surrender": "no_surrender",
    "play_ace_pairs": false,
    "max_splits": 4,
    "decks": 6,
    "penetration_cards": 46
  },
  "ev": -0.5753717100000116,
  "stddev": 0.782365228938913,
  "winning_distrib": {
    "-1.0": 75925983,
    "+0.0": 5685205,
    "+1.0": 18388812
  },
  "hands": {
    "total": 100000000,
    "won": 18388812,
    "lost": 75925983,
    "push": 5685205,
    "busted": 33578085,
    "blackjack": 0,
    "doubled": 0,
    "split": 0,
    "insured": 0,
    "surrender": 0
  }
}
