{
  "rounds": 100000000,
  "rules": {
    "game_type": "ahc",
    "soft17": "s17",
    "das": true,
    "bj_pays": 1.5,
    "double_down": "any_two",
    "surrender": "early_surrender",
    "play_ace_pairs": false,
    "max_splits": 4,
    "decks": 6,
    "penetration_cards": 250
  },
  "ev": 0.7762921599999877,
  "stddev": 1.7640727063933708,
  "winning_distrib": {
    "-2.0": 27024971,
    "+0.0": 7135450,
    "+2.0": 65839579
  },
  "hands": {
    "total": 100000000,
    "won": 65839579,
    "lost": 27024971,
    "push": 7135450,
    "busted": 0,
    "blackjack": 0,
    "doubled": 100000000,
    "split": 0,
    "insured": 0,
    "surrender": 0
  }
}
