{
  "rounds": 100000000,
  "rules": {
    "game_type": "ahc",
    "soft17": "s17",
    "das": true,
    "bj_pays": 1.5,
    "double_down": "any_two",
    "surrender": "early_surrender",
    "play_ace_pairs": false,
    "max_splits": 4,
    "decks": 6,
    "penetration_cards": 250
  },
  "ev": -0.4960025400000102,
  "stddev": 1.8222315422357134,
  "winning_distrib": {
    "-2.0": 54495774,
    "-1.0": 6629648,
    "+0.0": 5864107,
    "+2.0": 33010471
  },
  "hands": {
    "total": 100000000,
    "won": 33010471,
    "lost": 61125422,
    "push": 5864107,
    "busted": 0,
    "blackjack": 0,
    "doubled": 93370352,
    "split": 0,
    "insured": 0,
    "surrender": 0
  }
}
