{
  "rounds": 100000000,
  "rules": {
    "game_type": "ahc",
    "soft17": "s17",
    "das": false,
    "double_down": "any_two",
    "surrender": "no_surrender",
    "play_ace_pairs": false,
    "max_splits": 4,
    "decks": 6,
    "penetration_cards": 46
  },
  "ev": -1.014313660000026,
  "stddev": 1.6862556234367554,
  "winning_distrib": {
    "-2.0": 73761469,
    "+0.0": 3192745,
    "+2.0": 23045786
  },
  "hands": {
    "total": 100000000,
    "won": 23045786,
    "lost": 73761469,
    "push": 3192745,
    "busted": 69100488,
    "blackjack": 0,
    "doubled": 100000000,
    "split": 0,
    "insured": 0,
    "surrender": 0
  }
}
