{
  "rounds": 100000000,
  "rules": {
    "game_type": "enhc",
    "soft17": "s17",
    "das": false,
    "double_down": "any_two",
    "surrender": "no_surrender",
    "play_ace_pairs": false,
    "max_splits": 4,
    "decks": 6,
    "penetration_cards": 46
  },
  "ev": -0.20988935000000222,
  "stddev": 0.9162151598566021,
  "winning_distrib": {
    "-1.0": 54669655,
    "+0.0": 11649625,
    "+1.0": 33680720
  },
  "hands": {
    "total": 100000000,
    "won": 33680720,
    "lost": 54669655,
    "push": 11649625,
    "busted": 24480786,
    "blackjack": 0,
    "doubled": 0,
    "split": 0,
    "insured": 0,
    "surrender": 0
  }
}
