{
  "rounds": 100000000,
  "rules": {
    "game_type": "ahc",
    "soft17": "s17",
    "das": true,
    "bj_pays": 1.5,
    "double_down": "any_two",
    "surrender": "early_surrender",
    "play_ace_pairs": false,
    "max_splits": 4,
    "decks": 6,
    "penetration_cards": 250
  },
  "ev": -0.22772391999999866,
  "stddev": 0.9306609075926195,
  "winning_distrib": {
    "-1.0": 57285591,
    "+0.0": 8201210,
    "+1.0": 34513199
  },
  "hands": {
    "total": 100000000,
    "won": 34513199,
    "lost": 57285591,
    "push": 8201210,
    "busted": 45272234,
    "blackjack": 0,
    "doubled": 0,
    "split": 0,
    "insured": 0,
    "surrender": 0
  }
}
