{
  "rounds": 100000000,
  "rules": {
    "game_type": "ahc",
    "soft17": "s17",
    "das": true,
    "bj_pays": 1.5,
    "double_down": "any_two",
    "surrender": "early_surrender",
    "play_ace_pairs": false,
    "max_splits": 4,
    "decks": 6,
    "penetration_cards": 250
  },
  "ev": -0.0609136199999999,
  "stddev": 0.9107421804182696,
  "winning_distrib": {
    "-1.0": 44703770,
    "+0.0": 16683822,
    "+1.0": 38612408
  },
  "hands": {
    "total": 100000000,
    "won": 38612408,
    "lost": 44703770,
    "push": 16683822,
    "busted": 24703077,
    "blackjack": 0,
    "doubled": 0,
    "split": 0,
    "insured": 0,
    "surrender": 0
  }
}
