{
  "rounds": 100000000,
  "rules": {
    "game_type": "ahc",
    "soft17": "h17",
    "das": false,
    "double_down": "any_two",
    "surrender": "no_surrender",
    "play_ace_pairs": false,
    "max_splits": 4,
    "decks": 6,
    "penetration_cards": 46
  },
  "ev": -1.1337562299999955,
  "stddev": 1.3375222461050453,
  "winning_distrib": {
    "-2.0": 55203129,
    "-1.0": 30854369,
    "+2.0": 13942502
  },
  "hands": {
    "total": 100000000,
    "won": 13942502,
    "lost": 86057498,
    "push": 0,
    "busted": 0,
    "blackjack": 0,
    "doubled": 69145631,
    "split": 0,
    "insured": 0,
    "surrender": 0
  }
}
