{
  "rounds": 100000000,
  "rules": {
    "game_type": "ahc",
    "soft17": "s17",
    "das": false,
    "double_down": "any_two",
    "surrender": "no_surrender",
    "play_ace_pairs": false,
    "max_splits": 4,
    "decks": 6,
    "penetration_cards": 46
  },
  "ev": -0.6490490800000309,
  "stddev": 1.8439519206727568,
  "winning_distrib": {
    "-2.0": 63994019,
    "+0.0": 4464416,
    "+2.0": 31541565
  },
  "hands": {
    "total": 100000000,
    "won": 31541565,
    "lost": 63994019,
    "push": 4464416,
    "busted": 46313738,
    "blackjack": 0,
    "doubled": 100000000,
    "split": 0,
    "insured": 0,
    "surrender": 0
  }
}
