{
  "rounds": 100000000,
  "rules": {
    "game_type": "ahc",
    "soft17": "h17",
    "das": true,
    "double_down": "any_two",
    "surrender": "no_surrender",
    "play_ace_pairs": false,
    "max_splits": 4,
    "decks": 6,
    "penetration_cards": 46
  },
  "ev": -0.9122144599999924,
  "stddev": 1.7129819521261647,
  "winning_distrib": {
    "-2.0": 69885891,
    "+0.0": 5838941,
    "+2.0": 24275168
  },
  "hands": {
    "total": 100000000,
    "won": 24275168,
    "lost": 69885891,
    "push": 5838941,
    "busted": 61373289,
    "blackjack": 0,
    "doubled": 100000000,
    "split": 0,
    "insured": 0,
    "surrender": 0
  }
}
