{
  "rounds": 100000000,
  "rules": {
    "game_type": "ahc",
    "soft17": "s17",
    "das": true,
    "bj_pays": 1.5,
    "double_down": "any_two",
    "surrender": "early_surrender",
    "play_ace_pairs": false,
    "max_splits": 4,
    "decks": 6,
    "penetration_cards": 250
  },
  "ev": -0.42954866999999525,
  "stddev": 0.8597048781367697,
  "winning_distrib": {
    "-1.0": 67657660,
    "+0.0": 7639547,
    "+1.0": 24702793
  },
  "hands": {
    "total": 100000000,
    "won": 24702793,
    "lost": 67657660,
    "push": 7639547,
    "busted": 42887461,
    "blackjack": 0,
    "doubled": 0,
    "split": 0,
    "insured": 0,
    "surrender": 0
  }
}
