{
  "rounds": 100000000,
  "rules": {
    "game_type": "ahc",
    "soft17": "s17",
    "das": true,
    "bj_pays": 1.5,
    "double_down": "any_two",
    "surrender": "early_surrender",
    "play_ace_pairs": false,
    "max_splits": 4,
    "decks": 6,
    "penetration_cards": 250
  },
  "ev": -1.1823364799999971,
  "stddev": 1.5908366834369803,
  "winning_distrib": {
    "-2.0": 78666923,
    "+0.0": 1782978,
    "+2.0": 19550099
  },
  "hands": {
    "total": 100000000,
    "won": 19550099,
    "lost": 78666923,
    "push": 1782978,
    "busted": 76919054,
    "blackjack": 0,
    "doubled": 100000000,
    "split": 0,
    "insured": 0,
    "surrender": 0
  }
}
