{
  "rounds": 10000000000,
  "rules": {
    "game_type": "ahc",
    "soft17": "s17",
    "das": true,
    "bj_pays": 1.5,
    "double_down": "any_two",
    "surrender": "no_surrender",
    "play_ace_pairs": false,
    "max_splits": 4,
    "decks": 6,
    "penetration_cards": 296
  },
  "ev": 0.14926827199997836,
  "stddev": 2.5721318374567863,
  "winning_distrib": {
    "-14.0": 4,
    "-12.0": 2011,
    "-10.0": 219777,
    "-8.0": 8611461,
    "-6.0": 139156125,
    "-4.0": 1030458344,
    "-2.0": 2136436582,
    "+0.0": 2859753074,
    "+2.0": 2443457348,
    "+4.0": 1203664307,
    "+6.0": 167313528,
    "+8.0": 10646630,
    "+10.0": 278101,
    "+12.0": 2699,
    "+14.0": 9
  },
  "hands": {
    "total": 10000000000,
    "won": 5101600929,
    "lost": 4449133161,
    "push": 449265910,
    "busted": 0,
    "blackjack": 0,
    "doubled": 10000000000,
    "split": 0,
    "insured": 0,
    "surrender": 0
  }
}
