{
  "rounds": 100000000,
  "rules": {
    "game_type": "ahc",
    "soft17": "s17",
    "das": false,
    "double_down": "any_two",
    "surrender": "no_surrender",
    "play_ace_pairs": false,
    "max_splits": 4,
    "decks": 6,
    "penetration_cards": 46
  },
  "ev": 0.07426268000000169,
  "stddev": 0.9558482533831847,
  "winning_distrib": {
    "-1.0": 42244907,
    "+0.0": 8083918,
    "+1.0": 49671175
  },
  "hands": {
    "total": 100000000,
    "won": 49671175,
    "lost": 42244907,
    "push": 8083918,
    "busted": 2570552,
    "blackjack": 0,
    "doubled": 0,
    "split": 0,
    "insured": 0,
    "surrender": 0
  }
}
