{
  "rounds": 100000000,
  "rules": {
    "game_type": "ahc",
    "soft17": "s17",
    "das": true,
    "bj_pays": 1.5,
    "double_down": "any_two",
    "surrender": "early_surrender",
    "play_ace_pairs": false,
    "max_splits": 4,
    "decks": 6,
    "penetration_cards": 250
  },
  "ev": -0.11671647000000049,
  "stddev": 0.9505925965769892,
  "winning_distrib": {
    "-1.0": 51698274,
    "+0.0": 8275099,
    "+1.0": 40026627
  },
  "hands": {
    "total": 100000000,
    "won": 40026627,
    "lost": 51698274,
    "push": 8275099,
    "busted": 43087796,
    "blackjack": 0,
    "doubled": 0,
    "split": 0,
    "insured": 0,
    "surrender": 0
  }
}
