{
  "rounds": 100000000,
  "rules": {
    "game_type": "ahc",
    "soft17": "s17",
    "das": true,
    "bj_pays": 1.5,
    "double_down": "any_two",
    "surrender": "early_surrender",
    "play_ace_pairs": false,
    "max_splits": 4,
    "decks": 6,
    "penetration_cards": 250
  },
  "ev": 0.25390011999998835,
  "stddev": 1.9039040851136497,
  "winning_distrib": {
    "-2.0": 39768947,
    "+0.0": 7767100,
    "+2.0": 52463953
  },
  "hands": {
    "total": 100000000,
    "won": 52463953,
    "lost": 39768947,
    "push": 7767100,
    "busted": 0,
    "blackjack": 0,
    "doubled": 100000000,
    "split": 0,
    "insured": 0,
    "surrender": 0
  }
}
