{
  "rounds": 100000000,
  "rules": {
    "game_type": "ahc",
    "soft17": "s17",
    "das": true,
    "bj_pays": 1.5,
    "double_down": "any_two",
    "surrender": "early_surrender",
    "play_ace_pairs": false,
    "max_splits": 4,
    "decks": 6,
    "penetration_cards": 250
  },
  "ev": 0.08985113999999965,
  "stddev": 0.788462312896074,
  "winning_distrib": {
    "-1.0": 26994745,
    "+0.0": 37025396,
    "+1.0": 35979859
  },
  "hands": {
    "total": 100000000,
    "won": 35979859,
    "lost": 26994745,
    "push": 37025396,
    "busted": 14978200,
    "blackjack": 29003240,
    "doubled": 0,
    "split": 0,
    "insured": 0,
    "surrender": 0
  }
}
