{
  "rounds": 100000000,
  "rules": {
    "game_type": "ahc",
    "soft17": "s17",
    "das": true,
    "bj_pays": 1.5,
    "double_down": "any_two",
    "surrender": "early_surrender",
    "play_ace_pairs": false,
    "max_splits": 4,
    "decks": 6,
    "penetration_cards": 250
  },
  "ev": -0.0978236200000016,
  "stddev": 2.2856645886071747,
  "winning_distrib": {
    "-8.0": 94,
    "-7.0": 3059,
    "-6.0": 47841,
    "-5.0": 398137,
    "-4.0": 2168317,
    "-3.0": 10014082,
    "-2.0": 29773895,
    "-1.0": 7933658,
    "+0.0": 6918495,
    "+1.0": 5767237,
    "+2.0": 22483800,
    "+3.0": 10863998,
    "+4.0": 2879419,
    "+5.0": 628740,
    "+6.0": 108678,
    "+7.0": 10179,
    "+8.0": 371
  },
  "hands": {
    "total": 218610521,
    "won": 91599868,
    "lost": 109486733,
    "push": 17523920,
    "busted": 5800408,
    "blackjack": 0,
    "doubled": 32941205,
    "split": 218610521,
    "insured": 0,
    "surrender": 0
  }
}
