{
  "rounds": 100000000,
  "rules": {
    "game_type": "ahc",
    "soft17": "h17",
    "das": true,
    "double_down": "any_two",
    "surrender": "no_surrender",
    "play_ace_pairs": false,
    "max_splits": 4,
    "decks": 6,
    "penetration_cards": 46
  },
  "ev": -0.5145929799999995,
  "stddev": 1.8861435736735301,
  "winning_distrib": {
    "-2.0": 60644118,
    "+0.0": 4441413,
    "+2.0": 34914469
  },
  "hands": {
    "total": 100000000,
    "won": 34914469,
    "lost": 60644118,
    "push": 4441413,
    "busted": 38604619,
    "blackjack": 0,
    "doubled": 100000000,
    "split": 0,
    "insured": 0,
    "surrender": 0
  }
}
