{
  "rounds": 100000000,
  "rules": {
    "game_type": "ahc",
    "soft17": "s17",
    "das": true,
    "double_down": "any_two",
    "surrender": "no_surrender",
    "play_ace_pairs": false,
    "max_splits": 4,
    "decks": 6,
    "penetration_cards": 46
  },
  "ev": 0.05833727000000029,
  "stddev": 0.9754057527219714,
  "winning_distrib": {
    "-1.0": 44824117,
    "+0.0": 4518039,
    "+1.0": 50657844
  },
  "hands": {
    "total": 100000000,
    "won": 50657844,
    "lost": 44824117,
    "push": 4518039,
    "busted": 0,
    "blackjack": 0,
    "doubled": 0,
    "split": 0,
    "insured": 0,
    "surrender": 0
  }
}
