{
  "rounds": 100000000,
  "rules": {
    "game_type": "ahc",
    "soft17": "s17",
    "das": true,
    "bj_pays": 1.5,
    "double_down": "any_two",
    "surrender": "early_surrender",
    "play_ace_pairs": false,
    "max_splits": 4,
    "decks": 6,
    "penetration_cards": 250
  },
  "ev": 0.04005724000000007,
  "stddev": 2.6982131402702976,
  "winning_distrib": {
    "-8.0": 2414,
    "-7.0": 30028,
    "-6.0": 211510,
    "-5.0": 922463,
    "-4.0": 4344830,
    "-3.0": 15840276,
    "-2.0": 23773535,
    "-1.0": 4027917,
    "+0.0": 2963038,
    "+1.0": 5524015,
    "+2.0": 16828362,
    "+3.0": 17205105,
    "+4.0": 6427549,
    "+5.0": 1398493,
    "+6.0": 418180,
    "+7.0": 74333,
    "+8.0": 7952
  },
  "hands": {
    "total": 216200709,
    "won": 100401192,
    "lost": 109666688,
    "push": 6132829,
    "busted": 0,
    "blackjack": 0,
    "doubled": 68817496,
    "split": 216200709,
    "insured": 0,
    "surrender": 0
  }
}
