{
  "rounds": 100000000,
  "rules": {
    "game_type": "ahc",
    "soft17": "s17",
    "das": true,
    "bj_pays": 1.5,
    "double_down": "any_two",
    "surrender": "early_surrender",
    "play_ace_pairs": false,
    "max_splits": 4,
    "decks": 6,
    "penetration_cards": 250
  },
  "ev": -0.85431297999999,
  "stddev": 1.666906716043022,
  "winning_distrib": {
    "-2.0": 61952439,
    "-1.0": 8695316,
    "+0.0": 5767797,
    "+2.0": 23584448
  },
  "hands": {
    "total": 100000000,
    "won": 23584448,
    "lost": 70647755,
    "push": 5767797,
    "busted": 31743323,
    "blackjack": 0,
    "doubled": 91304684,
    "split": 0,
    "insured": 0,
    "surrender": 0
  }
}
