{
  "rounds": 100000000,
  "rules": {
    "game_type": "ahc",
    "soft17": "s17",
    "das": true,
    "bj_pays": 1.5,
    "double_down": "any_two",
    "surrender": "early_surrender",
    "play_ace_pairs": false,
    "max_splits": 4,
    "decks": 6,
    "penetration_cards": 250
  },
  "ev": 0.237327430000001,
  "stddev": 0.9243590695795565,
  "winning_distrib": {
    "-1.0": 33671828,
    "+0.0": 8923601,
    "+1.0": 57404571
  },
  "hands": {
    "total": 100000000,
    "won": 57404571,
    "lost": 33671828,
    "push": 8923601,
    "busted": 2183186,
    "blackjack": 0,
    "doubled": 0,
    "split": 0,
    "insured": 0,
    "surrender": 0
  }
}
