{
  "rounds": 100000000,
  "rules": {
    "game_type": "ahc",
    "soft17": "s17",
    "das": true,
    "bj_pays": 1.5,
    "double_down": "any_two",
    "surrender": "early_surrender",
    "play_ace_pairs": false,
    "max_splits": 4,
    "decks": 6,
    "penetration_cards": 250
  },
  "ev": -0.6706205100000019,
  "stddev": 0.7160409811557535,
  "winning_distrib": {
    "-1.0": 81653353,
    "+0.0": 3755345,
    "+1.0": 14591302
  },
  "hands": {
    "total": 100000000,
    "won": 14591302,
    "lost": 81653353,
    "push": 3755345,
    "busted": 71288729,
    "blackjack": 0,
    "doubled": 0,
    "split": 0,
    "insured": 0,
    "surrender": 0
  }
}
