{
  "rounds": 100000000,
  "rules": {
    "game_type": "ahc",
    "soft17": "s17",
    "das": true,
    "bj_pays": 1.5,
    "double_down": "any_two",
    "surrender": "early_surrender",
    "play_ace_pairs": false,
    "max_splits": 4,
    "decks": 6,
    "penetration_cards": 250
  },
  "ev": -0.6992526700000204,
  "stddev": 0.6866130629490266,
  "winning_distrib": {
    "-1.0": 82982223,
    "+0.0": 3960821,
    "+1.0": 13056956
  },
  "hands": {
    "total": 100000000,
    "won": 13056956,
    "lost": 82982223,
    "push": 3960821,
    "busted": 42552914,
    "blackjack": 0,
    "doubled": 0,
    "split": 0,
    "insured": 0,
    "surrender": 0
  }
}
