{
  "rounds": 100000000,
  "rules": {
    "game_type": "ahc",
    "soft17": "h17",
    "das": true,
    "double_down": "any_two",
    "surrender": "no_surrender",
    "play_ace_pairs": false,
    "max_splits": 4,
    "decks": 6,
    "penetration_cards": 46
  },
  "ev": 0.5728190800000145,
  "stddev": 1.8386900596336928,
  "winning_distrib": {
    "-2.0": 32040808,
    "+0.0": 7277430,
    "+2.0": 60681762
  },
  "hands": {
    "total": 100000000,
    "won": 60681762,
    "lost": 32040808,
    "push": 7277430,
    "busted": 0,
    "blackjack": 0,
    "doubled": 100000000,
    "split": 0,
    "insured": 0,
    "surrender": 0
  }
}
