{
  "rounds": 100000000,
  "rules": {
    "game_type": "ahc",
    "soft17": "s17",
    "das": true,
    "double_down": "any_two",
    "surrender": "no_surrender",
    "play_ace_pairs": false,
    "max_splits": 4,
    "decks": 6,
    "penetration_cards": 46
  },
  "ev": -0.2420173300000009,
  "stddev": 0.9108841804953931,
  "winning_distrib": {
    "-1.0": 56514985,
    "+0.0": 11171763,
    "+1.0": 32313252
  },
  "hands": {
    "total": 100000000,
    "won": 32313252,
    "lost": 56514985,
    "push": 11171763,
    "busted": 0,
    "blackjack": 0,
    "doubled": 0,
    "split": 0,
    "insured": 0,
    "surrender": 0
  }
}
