{
  "rounds": 100000000,
  "rules": {
    "game_type": "ahc",
    "soft17": "s17",
    "das": true,
    "bj_pays": 1.5,
    "double_down": "any_two",
    "surrender": "early_surrender",
    "play_ace_pairs": false,
    "max_splits": 4,
    "decks": 6,
    "penetration_cards": 250
  },
  "ev": -0.7922139399999996,
  "stddev": 1.7898729858026212,
  "winning_distrib": {
    "-2.0": 67695951,
    "+0.0": 4218795,
    "+2.0": 28085254
  },
  "hands": {
    "total": 100000000,
    "won": 28085254,
    "lost": 67695951,
    "push": 4218795,
    "busted": 54895115,
    "blackjack": 0,
    "doubled": 100000000,
    "split": 0,
    "insured": 0,
    "surrender": 0
  }
}
