{
  "rounds": 100000000,
  "rules": {
    "game_type": "enhc",
    "soft17": "s17",
    "das": true,
    "double_down": "any_two",
    "surrender": "no_surrender",
    "play_ace_pairs": false,
    "max_splits": 4,
    "decks": 6,
    "penetration_cards": 46
  },
  "ev": 0.44036901000000467,
  "stddev": 0.829615387944463,
  "winning_distrib": {
    "-1.0": 22090877,
    "+0.0": 11781345,
    "+1.0": 66127778
  },
  "hands": {
    "total": 100000000,
    "won": 66127778,
    "lost": 22090877,
    "push": 11781345,
    "busted": 0,
    "blackjack": 0,
    "doubled": 0,
    "split": 0,
    "insured": 0,
    "surrender": 0
  }
}
