{
  "rounds": 100000000,
  "rules": {
    "game_type": "ahc",
    "soft17": "s17",
    "das": true,
    "bj_pays": 1.5,
    "double_down": "any_two",
    "surrender": "early_surrender",
    "play_ace_pairs": false,
    "max_splits": 4,
    "decks": 6,
    "penetration_cards": 250
  },
  "ev": -0.7252222400000106,
  "stddev": 0.6648722035323246,
  "winning_distrib": {
    "-1.0": 84661229,
    "+0.0": 3199766,
    "+1.0": 12139005
  },
  "hands": {
    "total": 100000000,
    "won": 12139005,
    "lost": 84661229,
    "push": 3199766,
    "busted": 47864822,
    "blackjack": 0,
    "doubled": 0,
    "split": 0,
    "insured": 0,
    "surrender": 0
  }
}
