{
  "rounds": 100000000,
  "rules": {
    "game_type": "ahc",
    "soft17": "s17",
    "das": true,
    "bj_pays": 1.5,
    "double_down": "any_two",
    "surrender": "early_surrender",
    "play_ace_pairs": false,
    "max_splits": 4,
    "decks": 6,
    "penetration_cards": 250
  },
  "ev": 0.1531727600000028,
  "stddev": 1.905826472141597,
  "winning_distrib": {
    "-2.0": 41866136,
    "+0.0": 8609090,
    "+2.0": 49524774
  },
  "hands": {
    "total": 100000000,
    "won": 49524774,
    "lost": 41866136,
    "push": 8609090,
    "busted": 0,
    "blackjack": 0,
    "doubled": 100000000,
    "split": 0,
    "insured": 0,
    "surrender": 0
  }
}
