{
  "rounds": 100000000,
  "rules": {
    "game_type": "ahc",
    "soft17": "s17",
    "das": true,
    "bj_pays": 1.5,
    "double_down": "any_two",
    "surrender": "early_surrender",
    "play_ace_pairs": false,
    "max_splits": 4,
    "decks": 6,
    "penetration_cards": 250
  },
  "ev": -0.4821960200000031,
  "stddev": 0.8407719698973852,
  "winning_distrib": {
    "-1.0": 71080326,
    "+0.0": 6058950,
    "+1.0": 22860724
  },
  "hands": {
    "total": 100000000,
    "won": 22860724,
    "lost": 71080326,
    "push": 6058950,
    "busted": 60708408,
    "blackjack": 0,
    "doubled": 0,
    "split": 0,
    "insured": 0,
    "surrender": 0
  }
}
