{
  "rounds": 100000000,
  "rules": {
    "game_type": "ahc",
    "soft17": "s17",
    "das": true,
    "bj_pays": 1.5,
    "double_down": "any_two",
    "surrender": "early_surrender",
    "play_ace_pairs": false,
    "max_splits": 4,
    "decks": 6,
    "penetration_cards": 250
  },
  "ev": -0.6474603099999808,
  "stddev": 0.6652253763950702,
  "winning_distrib": {
    "-1.0": 75459498,
    "+0.0": 13827035,
    "+1.0": 10713467
  },
  "hands": {
    "total": 100000000,
    "won": 10713467,
    "lost": 75459498,
    "push": 13827035,
    "busted": 0,
    "blackjack": 0,
    "doubled": 0,
    "split": 0,
    "insured": 0,
    "surrender": 0
  }
}
