{
  "rounds": 100000000,
  "rules": {
    "game_type": "ahc",
    "soft17": "s17",
    "das": true,
    "bj_pays": 1.5,
    "double_down": "any_two",
    "surrender": "early_surrender",
    "play_ace_pairs": false,
    "max_splits": 4,
    "decks": 6,
    "penetration_cards": 250
  },
  "ev": -0.7310513500000017,
  "stddev": 0.6690099387445085,
  "winning_distrib": {
    "-1.0": 85653086,
    "+0.0": 1798963,
    "+1.0": 12547951
  },
  "hands": {
    "total": 100000000,
    "won": 12547951,
    "lost": 85653086,
    "push": 1798963,
    "busted": 84806148,
    "blackjack": 0,
    "doubled": 0,
    "split": 0,
    "insured": 0,
    "surrender": 0
  }
}
