{
  "rounds": 100000000,
  "rules": {
    "game_type": "ahc",
    "soft17": "s17",
    "das": true,
    "bj_pays": 1.5,
    "double_down": "any_two",
    "surrender": "early_surrender",
    "play_ace_pairs": false,
    "max_splits": 4,
    "decks": 6,
    "penetration_cards": 250
  },
  "ev": -1.0672792700000189,
  "stddev": 1.6315094472440335,
  "winning_distrib": {
    "-2.0": 71704684,
    "-1.0": 6636397,
    "+2.0": 21658919
  },
  "hands": {
    "total": 100000000,
    "won": 21658919,
    "lost": 78341081,
    "push": 0,
    "busted": 0,
    "blackjack": 0,
    "doubled": 93363603,
    "split": 0,
    "insured": 0,
    "surrender": 0
  }
}
