{
  "rounds": 100000000,
  "rules": {
    "game_type": "ahc",
    "soft17": "s17",
    "das": true,
    "bj_pays": 1.5,
    "double_down": "any_two",
    "surrender": "early_surrender",
    "play_ace_pairs": false,
    "max_splits": 4,
    "decks": 6,
    "penetration_cards": 250
  },
  "ev": -1.06948887999995,
  "stddev": 1.3667687127809598,
  "winning_distrib": {
    "-2.0": 53862785,
    "-1.0": 28060604,
    "+0.0": 3657968,
    "+2.0": 14418643
  },
  "hands": {
    "total": 100000000,
    "won": 14418643,
    "lost": 81923389,
    "push": 3657968,
    "busted": 49572213,
    "blackjack": 0,
    "doubled": 71939396,
    "split": 0,
    "insured": 0,
    "surrender": 0
  }
}
