{
  "rounds": 100000000,
  "rules": {
    "game_type": "ahc",
    "soft17": "s17",
    "das": true,
    "bj_pays": 1.5,
    "double_down": "any_two",
    "surrender": "early_surrender",
    "play_ace_pairs": false,
    "max_splits": 4,
    "decks": 6,
    "penetration_cards": 250
  },
  "ev": -0.471509289999999,
  "stddev": 0.8490873728028094,
  "winning_distrib": {
    "-1.0": 70738983,
    "+0.0": 5672963,
    "+1.0": 23588054
  },
  "hands": {
    "total": 100000000,
    "won": 23588054,
    "lost": 70738983,
    "push": 5672963,
    "busted": 62352469,
    "blackjack": 0,
    "doubled": 0,
    "split": 0,
    "insured": 0,
    "surrender": 0
  }
}
