{
  "rounds": 100000000,
  "rules": {
    "game_type": "ahc",
    "soft17": "h17",
    "das": false,
    "double_down": "any_two",
    "surrender": "no_surrender",
    "play_ace_pairs": false,
    "max_splits": 4,
    "decks": 6,
    "penetration_cards": 46
  },
  "ev": -0.2739462500000003,
  "stddev": 0.9206978497790699,
  "winning_distrib": {
    "-1.0": 59833866,
    "+0.0": 7726893,
    "+1.0": 32439241
  },
  "hands": {
    "total": 100000000,
    "won": 32439241,
    "lost": 59833866,
    "push": 7726893,
    "busted": 48496915,
    "blackjack": 0,
    "doubled": 0,
    "split": 0,
    "insured": 0,
    "surrender": 0
  }
}
