{
  "rounds": 100000000,
  "rules": {
    "game_type": "ahc",
    "soft17": "s17",
    "das": true,
    "bj_pays": 1.5,
    "double_down": "any_two",
    "surrender": "early_surrender",
    "play_ace_pairs": false,
    "max_splits": 4,
    "decks": 6,
    "penetration_cards": 250
  },
  "ev": -0.44447418000000216,
  "stddev": 1.886736838806892,
  "winning_distrib": {
    "-2.0": 58078519,
    "+0.0": 6066671,
    "+2.0": 35854810
  },
  "hands": {
    "total": 100000000,
    "won": 35854810,
    "lost": 58078519,
    "push": 6066671,
    "busted": 0,
    "blackjack": 0,
    "doubled": 100000000,
    "split": 0,
    "insured": 0,
    "surrender": 0
  }
}
