{
  "rounds": 100000000,
  "rules": {
    "game_type": "ahc",
    "soft17": "s17",
    "das": true,
    "bj_pays": 1.5,
    "double_down": "any_two",
    "surrender": "early_surrender",
    "play_ace_pairs": false,
    "max_splits": 4,
    "decks": 6,
    "penetration_cards": 250
  },
  "ev": -0.7648741900000041,
  "stddev": 1.7315519031939635,
  "winning_distrib": {
    "-2.0": 61287064,
    "-1.0": 7002925,
    "+0.0": 5165194,
    "+2.0": 26544817
  },
  "hands": {
    "total": 100000000,
    "won": 26544817,
    "lost": 68289989,
    "push": 5165194,
    "busted": 0,
    "blackjack": 0,
    "doubled": 92997075,
    "split": 0,
    "insured": 0,
    "surrender": 0
  }
}
