{
  "rounds": 100000000,
  "rules": {
    "game_type": "ahc",
    "soft17": "s17",
    "das": true,
    "bj_pays": 1.5,
    "double_down": "any_two",
    "surrender": "early_surrender",
    "play_ace_pairs": false,
    "max_splits": 4,
    "decks": 6,
    "penetration_cards": 250
  },
  "ev": -0.406692439999996,
  "stddev": 0.8739645798800899,
  "winning_distrib": {
    "-1.0": 66795263,
    "+0.0": 7078718,
    "+1.0": 26126019
  },
  "hands": {
    "total": 100000000,
    "won": 26126019,
    "lost": 66795263,
    "push": 7078718,
    "busted": 53913030,
    "blackjack": 0,
    "doubled": 0,
    "split": 0,
    "insured": 0,
    "surrender": 0
  }
}
