{
  "rounds": 100000000,
  "rules": {
    "game_type": "ahc",
    "soft17": "s17",
    "das": true,
    "bj_pays": 1.5,
    "double_down": "any_two",
    "surrender": "early_surrender",
    "play_ace_pairs": false,
    "max_splits": 4,
    "decks": 6,
    "penetration_cards": 250
  },
  "ev": -0.4827955600000024,
  "stddev": 0.8438298491786039,
  "winning_distrib": {
    "-1.0": 71396796,
    "+0.0": 5485964,
    "+1.0": 23117240
  },
  "hands": {
    "total": 100000000,
    "won": 23117240,
    "lost": 71396796,
    "push": 5485964,
    "busted": 65961858,
    "blackjack": 0,
    "doubled": 0,
    "split": 0,
    "insured": 0,
    "surrender": 0
  }
}
