{
  "rounds": 10000000000,
  "rules": {
    "game_type": "ahc",
    "soft17": "s17",
    "das": true,
    "bj_pays": 1.5,
    "double_down": "any_two",
    "surrender": "no_surrender",
    "play_ace_pairs": false,
    "max_splits": 4,
    "decks": 6,
    "penetration_cards": 296
  },
  "ev": 0.7222085496999566,
  "stddev": 1.0066575731310634,
  "winning_distrib": {
    "-6.0": 123,
    "-5.0": 21787,
    "-4.0": 1281795,
    "-3.0": 28283534,
    "-2.0": 257153014,
    "-1.0": 551884903,
    "+0.0": 3101522165,
    "+1.0": 3970185949,
    "+2.0": 1870783433,
    "+3.0": 209092293,
    "+4.0": 9621857,
    "+5.0": 168125,
    "+6.0": 1018,
    "+7.0": 4
  },
  "hands": {
    "total": 10000000000,
    "won": 7790425923,
    "lost": 1081565311,
    "push": 1128008766,
    "busted": 0,
    "blackjack": 0,
    "doubled": 0,
    "split": 0,
    "insured": 0,
    "surrender": 0
  }
}
