{
  "rounds": 100000000,
  "rules": {
    "game_type": "ahc",
    "soft17": "s17",
    "das": false,
    "double_down": "any_two",
    "surrender": "no_surrender",
    "play_ace_pairs": false,
    "max_splits": 4,
    "decks": 6,
    "penetration_cards": 46
  },
  "ev": -0.8504450200000166,
  "stddev": 0.5215695070434546,
  "winning_distrib": {
    "-1.0": 92286825,
    "+0.0": 470852,
    "+1.0": 7242323
  },
  "hands": {
    "total": 100000000,
    "won": 7242323,
    "lost": 92286825,
    "push": 470852,
    "busted": 92286825,
    "blackjack": 0,
    "doubled": 0,
    "split": 0,
    "insured": 0,
    "surrender": 0
  }
}
