{
  "rounds": 100000000,
  "rules": {
    "game_type": "ahc",
    "soft17": "h17",
    "das": false,
    "double_down": "any_two",
    "surrender": "no_surrender",
    "play_ace_pairs": false,
    "max_splits": 4,
    "decks": 6,
    "penetration_cards": 46
  },
  "ev": 0.5239272000000087,
  "stddev": 1.8506576569829178,
  "winning_distrib": {
    "-2.0": 33144738,
    "+0.0": 7514164,
    "+2.0": 59341098
  },
  "hands": {
    "total": 100000000,
    "won": 59341098,
    "lost": 33144738,
    "push": 7514164,
    "busted": 0,
    "blackjack": 0,
    "doubled": 100000000,
    "split": 0,
    "insured": 0,
    "surrender": 0
  }
}
