{
  "rounds": 100000000,
  "rules": {
    "game_type": "ahc",
    "soft17": "s17",
    "das": true,
    "double_down": "any_two",
    "surrender": "no_surrender",
    "play_ace_pairs": false,
    "max_splits": 4,
    "decks": 6,
    "penetration_cards": 46
  },
  "ev": -0.4497754200000034,
  "stddev": 0.8677266269357506,
  "winning_distrib": {
    "-1.0": 70251142,
    "+0.0": 4475258,
    "+1.0": 25273600
  },
  "hands": {
    "total": 100000000,
    "won": 25273600,
    "lost": 70251142,
    "push": 4475258,
    "busted": 61516285,
    "blackjack": 0,
    "doubled": 0,
    "split": 0,
    "insured": 0,
    "surrender": 0
  }
}
