{
  "rounds": 100000000,
  "rules": {
    "game_type": "ahc",
    "soft17": "s17",
    "das": true,
    "double_down": "any_two",
    "surrender": "no_surrender",
    "play_ace_pairs": false,
    "max_splits": 4,
    "decks": 6,
    "penetration_cards": 46
  },
  "ev": 0.5804556799999845,
  "stddev": 1.8414226775686655,
  "winning_distrib": {
    "-2.0": 32085686,
    "+0.0": 6805844,
    "+2.0": 61108470
  },
  "hands": {
    "total": 100000000,
    "won": 61108470,
    "lost": 32085686,
    "push": 6805844,
    "busted": 0,
    "blackjack": 0,
    "doubled": 100000000,
    "split": 0,
    "insured": 0,
    "surrender": 0
  }
}
