{
  "rounds": 100000000,
  "rules": {
    "game_type": "ahc",
    "soft17": "s17",
    "das": true,
    "bj_pays": 1.5,
    "double_down": "any_two",
    "surrender": "early_surrender",
    "play_ace_pairs": false,
    "max_splits": 4,
    "decks": 6,
    "penetration_cards": 250
  },
  "ev": -0.019226080000000523,
  "stddev": 1.9197551496746845,
  "winning_distrib": {
    "-2.0": 46553520,
    "+0.0": 7854264,
    "+2.0": 45592216
  },
  "hands": {
    "total": 100000000,
    "won": 45592216,
    "lost": 46553520,
    "push": 7854264,
    "busted": 0,
    "blackjack": 0,
    "doubled": 100000000,
    "split": 0,
    "insured": 0,
    "surrender": 0
  }
}
