{
  "rounds": 100000000,
  "rules": {
    "game_type": "enhc",
    "soft17": "s17",
    "das": true,
    "double_down": "any_two",
    "surrender": "no_surrender",
    "play_ace_pairs": false,
    "max_splits": 4,
    "decks": 6,
    "penetration_cards": 46
  },
  "ev": -0.06008568000000031,
  "stddev": 0.9829121124088911,
  "winning_distrib": {
    "-1.0": 51490609,
    "+0.0": 3027350,
    "+1.0": 45482041
  },
  "hands": {
    "total": 100000000,
    "won": 45482041,
    "lost": 51490609,
    "push": 3027350,
    "busted": 0,
    "blackjack": 0,
    "doubled": 0,
    "split": 0,
    "insured": 0,
    "surrender": 0
  }
}
