{
  "rounds": 100000000,
  "rules": {
    "game_type": "enhc",
    "soft17": "h17",
    "das": true,
    "double_down": "any_two",
    "surrender": "no_surrender",
    "play_ace_pairs": false,
    "max_splits": 4,
    "decks": 6,
    "penetration_cards": 46
  },
  "ev": -0.5450804900000081,
  "stddev": 0.8009017017311196,
  "winning_distrib": {
    "-1.0": 74181838,
    "+0.0": 6144373,
    "+1.0": 19673789
  },
  "hands": {
    "total": 100000000,
    "won": 19673789,
    "lost": 74181838,
    "push": 6144373,
    "busted": 44215412,
    "blackjack": 0,
    "doubled": 0,
    "split": 0,
    "insured": 0,
    "surrender": 0
  }
}
