{
  "rounds": 100000000,
  "rules": {
    "game_type": "enhc",
    "soft17": "s17",
    "das": true,
    "double_down": "any_two",
    "surrender": "no_surrender",
    "play_ace_pairs": false,
    "max_splits": 4,
    "decks": 6,
    "penetration_cards": 46
  },
  "ev": 0.5731062000000061,
  "stddev": 1.83881943576146,
  "winning_distrib": {
    "-2.0": 32043690,
    "+0.0": 7257310,
    "+2.0": 60699000
  },
  "hands": {
    "total": 100000000,
    "won": 60699000,
    "lost": 32043690,
    "push": 7257310,
    "busted": 0,
    "blackjack": 0,
    "doubled": 100000000,
    "split": 0,
    "insured": 0,
    "surrender": 0
  }
}
