{
  "rounds": 100000000,
  "rules": {
    "game_type": "ahc",
    "soft17": "s17",
    "das": true,
    "bj_pays": 1.5,
    "double_down": "any_two",
    "surrender": "early_surrender",
    "play_ace_pairs": false,
    "max_splits": 4,
    "decks": 6,
    "penetration_cards": 250
  },
  "ev": 0.25352631000000153,
  "stddev": 2.0373480266379644,
  "winning_distrib": {
    "-8.0": 2,
    "-7.0": 242,
    "-6.0": 8246,
    "-5.0": 127283,
    "-4.0": 1023101,
    "-3.0": 5482105,
    "-2.0": 23593739,
    "-1.0": 9191916,
    "+0.0": 13515672,
    "+1.0": 5062771,
    "+2.0": 30758265,
    "+3.0": 8949279,
    "+4.0": 1937935,
    "+5.0": 318573,
    "+6.0": 29511,
    "+7.0": 1344,
    "+8.0": 16
  },
  "hands": {
    "total": 218612657,
    "won": 111088149,
    "lost": 90277851,
    "push": 17246657,
    "busted": 5398252,
    "blackjack": 0,
    "doubled": 16470019,
    "split": 218612657,
    "insured": 0,
    "surrender": 0
  }
}
