{
  "rounds": 100000000,
  "rules": {
    "game_type": "ahc",
    "soft17": "s17",
    "das": true,
    "double_down": "any_two",
    "surrender": "no_surrender",
    "play_ace_pairs": false,
    "max_splits": 4,
    "decks": 6,
    "penetration_cards": 46
  },
  "ev": 0.5240586599999976,
  "stddev": 1.8552528979356524,
  "winning_distrib": {
    "-2.0": 33356043,
    "+0.0": 7084981,
    "+2.0": 59558976
  },
  "hands": {
    "total": 100000000,
    "won": 59558976,
    "lost": 33356043,
    "push": 7084981,
    "busted": 0,
    "blackjack": 0,
    "doubled": 100000000,
    "split": 0,
    "insured": 0,
    "surrender": 0
  }
}
