{
  "rounds": 100000000,
  "rules": {
    "game_type": "enhc",
    "soft17": "s17",
    "das": true,
    "double_down": "any_two",
    "surrender": "no_surrender",
    "play_ace_pairs": false,
    "max_splits": 4,
    "decks": 6,
    "penetration_cards": 46
  },
  "ev": -0.30746752999998883,
  "stddev": 0.9003966326585444,
  "winning_distrib": {
    "-1.0": 60635895,
    "+0.0": 9474963,
    "+1.0": 29889142
  },
  "hands": {
    "total": 100000000,
    "won": 29889142,
    "lost": 60635895,
    "push": 9474963,
    "busted": 24481775,
    "blackjack": 0,
    "doubled": 0,
    "split": 0,
    "insured": 0,
    "surrender": 0
  }
}
