{
  "rounds": 100000000,
  "rules": {
    "game_type": "ahc",
    "soft17": "h17",
    "das": true,
    "double_down": "any_two",
    "surrender": "no_surrender",
    "play_ace_pairs": false,
    "max_splits": 4,
    "decks": 6,
    "penetration_cards": 46
  },
  "ev": -0.5894396499999891,
  "stddev": 0.7951267794070047,
  "winning_distrib": {
    "-1.0": 78455267,
    "+0.0": 2033431,
    "+1.0": 19511302
  },
  "hands": {
    "total": 100000000,
    "won": 19511302,
    "lost": 78455267,
    "push": 2033431,
    "busted": 76845856,
    "blackjack": 0,
    "doubled": 0,
    "split": 0,
    "insured": 0,
    "surrender": 0
  }
}
