{
  "rounds": 100000000,
  "rules": {
    "game_type": "enhc",
    "soft17": "h17",
    "das": true,
    "double_down": "any_two",
    "surrender": "no_surrender",
    "play_ace_pairs": false,
    "max_splits": 4,
    "decks": 6,
    "penetration_cards": 46
  },
  "ev": -0.040011959999999305,
  "stddev": 0.9664781592968132,
  "winning_distrib": {
    "-1.0": 48784647,
    "+0.0": 6431902,
    "+1.0": 44783451
  },
  "hands": {
    "total": 100000000,
    "won": 44783451,
    "lost": 48784647,
    "push": 6431902,
    "busted": 0,
    "blackjack": 0,
    "doubled": 0,
    "split": 0,
    "insured": 0,
    "surrender": 0
  }
}
