{
  "rounds": 100000000,
  "rules": {
    "game_type": "ahc",
    "soft17": "s17",
    "das": true,
    "bj_pays": 1.5,
    "double_down": "any_two",
    "surrender": "early_surrender",
    "play_ace_pairs": false,
    "max_splits": 4,
    "decks": 6,
    "penetration_cards": 250
  },
  "ev": -0.01903202000000053,
  "stddev": 1.8974891035838186,
  "winning_distrib": {
    "-8.0": 39,
    "-7.0": 1640,
    "-6.0": 25100,
    "-5.0": 212905,
    "-4.0": 1263822,
    "-3.0": 6295712,
    "-2.0": 20579023,
    "-1.0": 12282161,
    "+0.0": 20171671,
    "+1.0": 13818488,
    "+2.0": 15720143,
    "+3.0": 7501397,
    "+4.0": 1763599,
    "+5.0": 303362,
    "+6.0": 54725,
    "+7.0": 5879,
    "+8.0": 334
  },
  "hands": {
    "total": 219036157,
    "won": 83256592,
    "lost": 94395802,
    "push": 41383763,
    "busted": 46285620,
    "blackjack": 0,
    "doubled": 31763802,
    "split": 219036157,
    "insured": 0,
    "surrender": 0
  }
}
