{
  "rounds": 100000000,
  "rules": {
    "game_type": "ahc",
    "soft17": "s17",
    "das": true,
    "bj_pays": 1.5,
    "double_down": "any_two",
    "surrender": "early_surrender",
    "play_ace_pairs": false,
    "max_splits": 4,
    "decks": 6,
    "penetration_cards": 250
  },
  "ev": -0.5126576400000068,
  "stddev": 1.877687135655648,
  "winning_distrib": {
    "-2.0": 60173026,
    "+0.0": 5286830,
    "+2.0": 34540144
  },
  "hands": {
    "total": 100000000,
    "won": 34540144,
    "lost": 60173026,
    "push": 5286830,
    "busted": 0,
    "blackjack": 0,
    "doubled": 100000000,
    "split": 0,
    "insured": 0,
    "surrender": 0
  }
}
