{
  "rounds": 100000000,
  "rules": {
    "game_type": "ahc",
    "soft17": "s17",
    "das": true,
    "bj_pays": 1.5,
    "double_down": "any_two",
    "surrender": "early_surrender",
    "play_ace_pairs": false,
    "max_splits": 4,
    "decks": 6,
    "penetration_cards": 250
  },
  "ev": -0.5939856799999995,
  "stddev": 0.7926245758475412,
  "winning_distrib": {
    "-1.0": 78752919,
    "+0.0": 1892730,
    "+1.0": 19354351
  },
  "hands": {
    "total": 100000000,
    "won": 19354351,
    "lost": 78752919,
    "push": 1892730,
    "busted": 77033843,
    "blackjack": 0,
    "doubled": 0,
    "split": 0,
    "insured": 0,
    "surrender": 0
  }
}
