{
  "rounds": 100000000,
  "rules": {
    "game_type": "ahc",
    "soft17": "s17",
    "das": true,
    "bj_pays": 1.5,
    "double_down": "any_two",
    "surrender": "early_surrender",
    "play_ace_pairs": false,
    "max_splits": 4,
    "decks": 6,
    "penetration_cards": 250
  },
  "ev": -0.4264774400000024,
  "stddev": 0.8728274977275321,
  "winning_distrib": {
    "-1.0": 68509414,
    "+0.0": 5628916,
    "+1.0": 25861670
  },
  "hands": {
    "total": 100000000,
    "won": 25861670,
    "lost": 68509414,
    "push": 5628916,
    "busted": 62343378,
    "blackjack": 0,
    "doubled": 0,
    "split": 0,
    "insured": 0,
    "surrender": 0
  }
}
