{
  "rounds": 100000000,
  "rules": {
    "game_type": "ahc",
    "soft17": "s17",
    "das": true,
    "bj_pays": 1.5,
    "double_down": "any_two",
    "surrender": "early_surrender",
    "play_ace_pairs": false,
    "max_splits": 4,
    "decks": 6,
    "penetration_cards": 250
  },
  "ev": 0.02656426000000023,
  "stddev": 0.9466667360018628,
  "winning_distrib": {
    "-1.0": 43515965,
    "+0.0": 10311644,
    "+1.0": 46172391
  },
  "hands": {
    "total": 100000000,
    "won": 46172391,
    "lost": 43515965,
    "push": 10311644,
    "busted": 31152024,
    "blackjack": 0,
    "doubled": 0,
    "split": 0,
    "insured": 0,
    "surrender": 0
  }
}
