{
  "rounds": 100000000,
  "rules": {
    "game_type": "enhc",
    "soft17": "h17",
    "das": true,
    "bj_pays": 1.5,
    "double_down": "any_two",
    "surrender": "no_surrender",
    "play_ace_pairs": false,
    "max_splits": 4,
    "decks": 6,
    "penetration_cards": 250
  },
  "ev": -0.7156793399999856,
  "stddev": 1.7869573789627275,
  "winning_distrib": {
    "-2.0": 64209653,
    "+0.0": 7364661,
    "+2.0": 28425686
  },
  "hands": {
    "total": 100000000,
    "won": 28425686,
    "lost": 64209653,
    "push": 7364661,
    "busted": 0,
    "blackjack": 0,
    "doubled": 100000000,
    "split": 0,
    "insured": 0,
    "surrender": 0
  }
}
