{
  "rounds": 100000000,
  "rules": {
    "game_type": "ahc",
    "soft17": "s17",
    "das": true,
    "bj_pays": 1.5,
    "double_down": "any_two",
    "surrender": "early_surrender",
    "play_ace_pairs": false,
    "max_splits": 4,
    "decks": 6,
    "penetration_cards": 250
  },
  "ev": -0.46034380000000996,
  "stddev": 0.8371112786297429,
  "winning_distrib": {
    "-1.0": 68650775,
    "+0.0": 8732830,
    "+1.0": 22616395
  },
  "hands": {
    "total": 100000000,
    "won": 22616395,
    "lost": 68650775,
    "push": 8732830,
    "busted": 16111602,
    "blackjack": 0,
    "doubled": 0,
    "split": 0,
    "insured": 0,
    "surrender": 0
  }
}
