{
  "rounds": 100000000,
  "rules": {
    "game_type": "enhc",
    "soft17": "h17",
    "das": true,
    "bj_pays": 1.5,
    "double_down": "any_two",
    "surrender": "no_surrender",
    "play_ace_pairs": false,
    "max_splits": 4,
    "decks": 6,
    "penetration_cards": 250
  },
  "ev": -0.21508365999999884,
  "stddev": 0.9367993424298121,
  "winning_distrib": {
    "-1.0": 56946882,
    "+0.0": 7614602,
    "+1.0": 35438516
  },
  "hands": {
    "total": 100000000,
    "won": 35438516,
    "lost": 56946882,
    "push": 7614602,
    "busted": 48487123,
    "blackjack": 0,
    "doubled": 0,
    "split": 0,
    "insured": 0,
    "surrender": 0
  }
}
