{
  "rounds": 100000000,
  "rules": {
    "game_type": "ahc",
    "soft17": "h17",
    "das": false,
    "double_down": "any_two",
    "surrender": "no_surrender",
    "play_ace_pairs": false,
    "max_splits": 4,
    "decks": 6,
    "penetration_cards": 46
  },
  "ev": -0.24907906000000266,
  "stddev": 1.779562905192727,
  "winning_distrib": {
    "-2.0": 44371530,
    "-1.0": 6212088,
    "+0.0": 13940639,
    "+1.0": 904244,
    "+2.0": 34571499
  },
  "hands": {
    "total": 200000000,
    "won": 83764731,
    "lost": 108672637,
    "push": 7562632,
    "busted": 7176297,
    "blackjack": 0,
    "doubled": 0,
    "split": 200000000,
    "insured": 0,
    "surrender": 0
  }
}
