{
  "rounds": 100000000,
  "rules": {
    "game_type": "ahc",
    "soft17": "s17",
    "das": true,
    "bj_pays": 1.5,
    "double_down": "any_two",
    "surrender": "early_surrender",
    "play_ace_pairs": false,
    "max_splits": 4,
    "decks": 6,
    "penetration_cards": 250
  },
  "ev": -0.09085984000000005,
  "stddev": 1.946051049522154,
  "winning_distrib": {
    "-2.0": 49713623,
    "+0.0": 5115746,
    "+2.0": 45170631
  },
  "hands": {
    "total": 100000000,
    "won": 45170631,
    "lost": 49713623,
    "push": 5115746,
    "busted": 0,
    "blackjack": 0,
    "doubled": 100000000,
    "split": 0,
    "insured": 0,
    "surrender": 0
  }
}
