{
  "rounds": 100000000,
  "rules": {
    "game_type": "enhc",
    "soft17": "s17",
    "das": true,
    "double_down": "any_two",
    "surrender": "no_surrender",
    "play_ace_pairs": false,
    "max_splits": 4,
    "decks": 6,
    "penetration_cards": 46
  },
  "ev": 0.4177051400000002,
  "stddev": 1.8763901756367265,
  "winning_distrib": {
    "-2.0": 35748842,
    "+0.0": 7617059,
    "+2.0": 56634099
  },
  "hands": {
    "total": 100000000,
    "won": 56634099,
    "lost": 35748842,
    "push": 7617059,
    "busted": 0,
    "blackjack": 0,
    "doubled": 100000000,
    "split": 0,
    "insured": 0,
    "surrender": 0
  }
}
