{
  "rounds": 100000000,
  "rules": {
    "game_type": "ahc",
    "soft17": "s17",
    "das": true,
    "bj_pays": 1.5,
    "double_down": "any_two",
    "surrender": "early_surrender",
    "play_ace_pairs": false,
    "max_splits": 4,
    "decks": 6,
    "penetration_cards": 250
  },
  "ev": 0.6213941699999945,
  "stddev": 0.6975171111559259,
  "winning_distrib": {
    "-1.0": 12563333,
    "+0.0": 12733917,
    "+1.0": 74702750
  },
  "hands": {
    "total": 100000000,
    "won": 74702750,
    "lost": 12563333,
    "push": 12733917,
    "busted": 0,
    "blackjack": 0,
    "doubled": 0,
    "split": 0,
    "insured": 0,
    "surrender": 0
  }
}
