{
  "rounds": 100000000,
  "rules": {
    "game_type": "ahc",
    "soft17": "h17",
    "das": false,
    "double_down": "any_two",
    "surrender": "no_surrender",
    "play_ace_pairs": false,
    "max_splits": 4,
    "decks": 6,
    "penetration_cards": 46
  },
  "ev": -1.2345640999999887,
  "stddev": 1.5383080662387256,
  "winning_distrib": {
    "-2.0": 79495855,
    "+0.0": 2736495,
    "+2.0": 17767650
  },
  "hands": {
    "total": 100000000,
    "won": 17767650,
    "lost": 79495855,
    "push": 2736495,
    "busted": 76842014,
    "blackjack": 0,
    "doubled": 100000000,
    "split": 0,
    "insured": 0,
    "surrender": 0
  }
}
