{
  "rounds": 100000000,
  "rules": {
    "game_type": "enhc",
    "soft17": "h17",
    "das": true,
    "bj_pays": 1.5,
    "double_down": "any_two",
    "surrender": "no_surrender",
    "play_ace_pairs": false,
    "max_splits": 4,
    "decks": 6,
    "penetration_cards": 250
  },
  "ev": -0.00884855999999986,
  "stddev": 0.9840783773003331,
  "winning_distrib": {
    "-1.0": 48866855,
    "+0.0": 3151146,
    "+1.0": 47981999
  },
  "hands": {
    "total": 100000000,
    "won": 47981999,
    "lost": 48866855,
    "push": 3151146,
    "busted": 0,
    "blackjack": 0,
    "doubled": 0,
    "split": 0,
    "insured": 0,
    "surrender": 0
  }
}
