{
  "rounds": 100000000,
  "rules": {
    "game_type": "ahc",
    "soft17": "s17",
    "das": true,
    "bj_pays": 1.5,
    "double_down": "any_two",
    "surrender": "early_surrender",
    "play_ace_pairs": false,
    "max_splits": 4,
    "decks": 6,
    "penetration_cards": 250
  },
  "ev": -0.5427834499999875,
  "stddev": 0.8040611810498374,
  "winning_distrib": {
    "-1.0": 74195585,
    "+0.0": 5887175,
    "+1.0": 19917240
  },
  "hands": {
    "total": 100000000,
    "won": 19917240,
    "lost": 74195585,
    "push": 5887175,
    "busted": 54086932,
    "blackjack": 0,
    "doubled": 0,
    "split": 0,
    "insured": 0,
    "surrender": 0
  }
}
