{
  "rounds": 100000000,
  "rules": {
    "game_type": "ahc",
    "soft17": "s17",
    "das": true,
    "bj_pays": 1.5,
    "double_down": "any_two",
    "surrender": "early_surrender",
    "play_ace_pairs": false,
    "max_splits": 4,
    "decks": 6,
    "penetration_cards": 250
  },
  "ev": 0.43663647999999894,
  "stddev": 0.834782229867058,
  "winning_distrib": {
    "-1.0": 22543815,
    "+0.0": 11248722,
    "+1.0": 66207463
  },
  "hands": {
    "total": 100000000,
    "won": 66207463,
    "lost": 22543815,
    "push": 11248722,
    "busted": 0,
    "blackjack": 0,
    "doubled": 0,
    "split": 0,
    "insured": 0,
    "surrender": 0
  }
}
