{
  "rounds": 100000000,
  "rules": {
    "game_type": "ahc",
    "soft17": "s17",
    "das": true,
    "double_down": "any_two",
    "surrender": "no_surrender",
    "play_ace_pairs": false,
    "max_splits": 4,
    "decks": 6,
    "penetration_cards": 46
  },
  "ev": -0.07158229999999874,
  "stddev": 1.8542416802318062,
  "winning_distrib": {
    "-2.0": 44831260,
    "+0.0": 13916595,
    "+2.0": 41252145
  },
  "hands": {
    "total": 100000000,
    "won": 41252145,
    "lost": 44831260,
    "push": 13916595,
    "busted": 0,
    "blackjack": 0,
    "doubled": 100000000,
    "split": 0,
    "insured": 0,
    "surrender": 0
  }
}
