{
  "rounds": 100000000,
  "rules": {
    "game_type": "ahc",
    "soft17": "s17",
    "das": true,
    "bj_pays": 1.5,
    "double_down": "any_two",
    "surrender": "early_surrender",
    "play_ace_pairs": false,
    "max_splits": 4,
    "decks": 6,
    "penetration_cards": 250
  },
  "ev": -0.3612836999999921,
  "stddev": 0.8988258430826236,
  "winning_distrib": {
    "-1.0": 64984875,
    "+0.0": 6158620,
    "+1.0": 28856505
  },
  "hands": {
    "total": 100000000,
    "won": 28856505,
    "lost": 64984875,
    "push": 6158620,
    "busted": 57952081,
    "blackjack": 0,
    "doubled": 0,
    "split": 0,
    "insured": 0,
    "surrender": 0
  }
}
