{
  "rounds": 100000000,
  "rules": {
    "game_type": "ahc",
    "soft17": "h17",
    "das": true,
    "double_down": "any_two",
    "surrender": "no_surrender",
    "play_ace_pairs": false,
    "max_splits": 4,
    "decks": 6,
    "penetration_cards": 46
  },
  "ev": -0.7144943600000142,
  "stddev": 1.5471262823261487,
  "winning_distrib": {
    "-2.0": 42592365,
    "-1.0": 30856714,
    "+0.0": 4254917,
    "+2.0": 22296004
  },
  "hands": {
    "total": 100000000,
    "won": 22296004,
    "lost": 73449079,
    "push": 4254917,
    "busted": 0,
    "blackjack": 0,
    "doubled": 69143286,
    "split": 0,
    "insured": 0,
    "surrender": 0
  }
}
