{
  "rounds": 100000000,
  "rules": {
    "game_type": "enhc",
    "soft17": "s17",
    "das": false,
    "double_down": "any_two",
    "surrender": "no_surrender",
    "play_ace_pairs": false,
    "max_splits": 4,
    "decks": 6,
    "penetration_cards": 46
  },
  "ev": -0.3995760399999966,
  "stddev": 0.8770184239510173,
  "winning_distrib": {
    "-1.0": 66419918,
    "+0.0": 7117768,
    "+1.0": 26462314
  },
  "hands": {
    "total": 100000000,
    "won": 26462314,
    "lost": 66419918,
    "push": 7117768,
    "busted": 36390447,
    "blackjack": 0,
    "doubled": 0,
    "split": 0,
    "insured": 0,
    "surrender": 0
  }
}
