{
  "rounds": 100000000,
  "rules": {
    "game_type": "ahc",
    "soft17": "s17",
    "das": true,
    "bj_pays": 1.5,
    "double_down": "any_two",
    "surrender": "early_surrender",
    "play_ace_pairs": false,
    "max_splits": 4,
    "decks": 6,
    "penetration_cards": 250
  },
  "ev": -0.8888749400000008,
  "stddev": 1.4394087194952658,
  "winning_distrib": {
    "-2.0": 46785371,
    "-1.0": 29897210,
    "+0.0": 6027190,
    "+2.0": 17290229
  },
  "hands": {
    "total": 100000000,
    "won": 17290229,
    "lost": 76682581,
    "push": 6027190,
    "busted": 0,
    "blackjack": 0,
    "doubled": 70102790,
    "split": 0,
    "insured": 0,
    "surrender": 0
  }
}
