{
  "rounds": 100000000,
  "rules": {
    "game_type": "enhc",
    "soft17": "s17",
    "das": false,
    "double_down": "any_two",
    "surrender": "no_surrender",
    "play_ace_pairs": false,
    "max_splits": 4,
    "decks": 6,
    "penetration_cards": 46
  },
  "ev": 0.01082204999999983,
  "stddev": 2.0119360113365103,
  "winning_distrib": {
    "-4.0": 747296,
    "-3.0": 4211540,
    "-2.0": 34542622,
    "-1.0": 8168427,
    "+0.0": 7718006,
    "+1.0": 2230869,
    "+2.0": 36421591,
    "+3.0": 4952967,
    "+4.0": 1006682
  },
  "hands": {
    "total": 216713070,
    "won": 101480234,
    "lost": 100398029,
    "push": 14834807,
    "busted": 0,
    "blackjack": 0,
    "doubled": 0,
    "split": 216713070,
    "insured": 0,
    "surrender": 0
  }
}
