{
  "rounds": 100000000,
  "rules": {
    "game_type": "ahc",
    "soft17": "s17",
    "das": true,
    "bj_pays": 1.5,
    "double_down": "any_two",
    "surrender": "early_surrender",
    "play_ace_pairs": false,
    "max_splits": 4,
    "decks": 6,
    "penetration_cards": 250
  },
  "ev": 0.12098301000000082,
  "stddev": 0.9600365985253139,
  "winning_distrib": {
    "-1.0": 40766207,
    "+0.0": 6369285,
    "+1.0": 52864508
  },
  "hands": {
    "total": 100000000,
    "won": 52864508,
    "lost": 40766207,
    "push": 6369285,
    "busted": 0,
    "blackjack": 0,
    "doubled": 0,
    "split": 0,
    "insured": 0,
    "surrender": 0
  }
}
