{
  "rounds": 100000000,
  "rules": {
    "game_type": "enhc",
    "soft17": "s17",
    "das": false,
    "double_down": "any_two",
    "surrender": "no_surrender",
    "play_ace_pairs": false,
    "max_splits": 4,
    "decks": 6,
    "penetration_cards": 46
  },
  "ev": 0.24215595999999937,
  "stddev": 1.9075417393660326,
  "winning_distrib": {
    "-2.0": 40163038,
    "+0.0": 7566126,
    "+2.0": 52270836
  },
  "hands": {
    "total": 100000000,
    "won": 52270836,
    "lost": 40163038,
    "push": 7566126,
    "busted": 0,
    "blackjack": 0,
    "doubled": 100000000,
    "split": 0,
    "insured": 0,
    "surrender": 0
  }
}
