{
  "rounds": 100000000,
  "rules": {
    "game_type": "ahc",
    "soft17": "s17",
    "das": true,
    "bj_pays": 1.5,
    "double_down": "any_two",
    "surrender": "early_surrender",
    "play_ace_pairs": false,
    "max_splits": 4,
    "decks": 6,
    "penetration_cards": 250
  },
  "ev": 0.05103109000000099,
  "stddev": 2.702820025622422,
  "winning_distrib": {
    "-8.0": 3233,
    "-7.0": 37647,
    "-6.0": 249585,
    "-5.0": 1014058,
    "-4.0": 4575061,
    "-3.0": 15466871,
    "-2.0": 21877128,
    "-1.0": 5789043,
    "+0.0": 3831062,
    "+1.0": 5106948,
    "+2.0": 16664035,
    "+3.0": 16545961,
    "+4.0": 6756432,
    "+5.0": 1501341,
    "+6.0": 482405,
    "+7.0": 88826,
    "+8.0": 10364
  },
  "hands": {
    "total": 217424096,
    "won": 97312968,
    "lost": 105427347,
    "push": 14683781,
    "busted": 0,
    "blackjack": 0,
    "doubled": 72299762,
    "split": 217424096,
    "insured": 0,
    "surrender": 0
  }
}
