{
  "rounds": 100000000,
  "rules": {
    "game_type": "ahc",
    "soft17": "s17",
    "das": true,
    "bj_pays": 1.5,
    "double_down": "any_two",
    "surrender": "early_surrender",
    "play_ace_pairs": false,
    "max_splits": 4,
    "decks": 6,
    "penetration_cards": 250
  },
  "ev": -0.3673299799999952,
  "stddev": 0.8839899397660516,
  "winning_distrib": {
    "-1.0": 64184975,
    "+0.0": 8363048,
    "+1.0": 27451977
  },
  "hands": {
    "total": 100000000,
    "won": 27451977,
    "lost": 64184975,
    "push": 8363048,
    "busted": 41056254,
    "blackjack": 0,
    "doubled": 0,
    "split": 0,
    "insured": 0,
    "surrender": 0
  }
}
