{
  "rounds": 100000000,
  "rules": {
    "game_type": "enhc",
    "soft17": "s17",
    "das": false,
    "double_down": "any_two",
    "surrender": "no_surrender",
    "play_ace_pairs": false,
    "max_splits": 4,
    "decks": 6,
    "penetration_cards": 46
  },
  "ev": -0.5077636000000082,
  "stddev": 0.8262398037747615,
  "winning_distrib": {
    "-1.0": 72412984,
    "+0.0": 5950392,
    "+1.0": 21636624
  },
  "hands": {
    "total": 100000000,
    "won": 21636624,
    "lost": 72412984,
    "push": 5950392,
    "busted": 61416539,
    "blackjack": 0,
    "doubled": 0,
    "split": 0,
    "insured": 0,
    "surrender": 0
  }
}
