{
  "rounds": 100000000,
  "rules": {
    "game_type": "ahc",
    "soft17": "s17",
    "das": true,
    "bj_pays": 1.5,
    "double_down": "any_two",
    "surrender": "early_surrender",
    "play_ace_pairs": false,
    "max_splits": 4,
    "decks": 6,
    "penetration_cards": 250
  },
  "ev": -1.443708360000001,
  "stddev": 1.3709159675414873,
  "winning_distrib": {
    "-2.0": 85639014,
    "+0.0": 907390,
    "+2.0": 13453596
  },
  "hands": {
    "total": 100000000,
    "won": 13453596,
    "lost": 85639014,
    "push": 907390,
    "busted": 85111010,
    "blackjack": 0,
    "doubled": 100000000,
    "split": 0,
    "insured": 0,
    "surrender": 0
  }
}
