{
  "rounds": 100000000,
  "rules": {
    "game_type": "ahc",
    "soft17": "h17",
    "das": false,
    "double_down": "any_two",
    "surrender": "no_surrender",
    "play_ace_pairs": false,
    "max_splits": 4,
    "decks": 6,
    "penetration_cards": 46
  },
  "ev": -0.11329435000000108,
  "stddev": 0.9726902640200242,
  "winning_distrib": {
    "-1.0": 53612815,
    "+0.0": 4103805,
    "+1.0": 42283380
  },
  "hands": {
    "total": 100000000,
    "won": 42283380,
    "lost": 53612815,
    "push": 4103805,
    "busted": 3847042,
    "blackjack": 0,
    "doubled": 0,
    "split": 0,
    "insured": 0,
    "surrender": 0
  }
}
