{
  "rounds": 100000000,
  "rules": {
    "game_type": "ahc",
    "soft17": "s17",
    "das": false,
    "double_down": "any_two",
    "surrender": "no_surrender",
    "play_ace_pairs": false,
    "max_splits": 4,
    "decks": 6,
    "penetration_cards": 46
  },
  "ev": -0.3432810099999965,
  "stddev": 0.8959438744701237,
  "winning_distrib": {
    "-1.0": 63191914,
    "+0.0": 7944273,
    "+1.0": 28863813
  },
  "hands": {
    "total": 100000000,
    "won": 28863813,
    "lost": 63191914,
    "push": 7944273,
    "busted": 48514166,
    "blackjack": 0,
    "doubled": 0,
    "split": 0,
    "insured": 0,
    "surrender": 0
  }
}
