{
  "rounds": 100000000,
  "rules": {
    "game_type": "ahc",
    "soft17": "s17",
    "das": true,
    "bj_pays": 1.5,
    "double_down": "any_two",
    "surrender": "early_surrender",
    "play_ace_pairs": false,
    "max_splits": 4,
    "decks": 6,
    "penetration_cards": 250
  },
  "ev": 0.013883460000000264,
  "stddev": 0.9592503733332781,
  "winning_distrib": {
    "-1.0": 45323528,
    "+0.0": 7964598,
    "+1.0": 46711874
  },
  "hands": {
    "total": 100000000,
    "won": 46711874,
    "lost": 45323528,
    "push": 7964598,
    "busted": 35788235,
    "blackjack": 0,
    "doubled": 0,
    "split": 0,
    "insured": 0,
    "surrender": 0
  }
}
