{
  "rounds": 100000000,
  "rules": {
    "game_type": "ahc",
    "soft17": "s17",
    "das": true,
    "bj_pays": 1.5,
    "double_down": "any_two",
    "surrender": "early_surrender",
    "play_ace_pairs": false,
    "max_splits": 4,
    "decks": 6,
    "penetration_cards": 250
  },
  "ev": 0.1386317000000023,
  "stddev": 1.8546936475207878,
  "winning_distrib": {
    "-2.0": 39773048,
    "+0.0": 13522319,
    "+2.0": 46704633
  },
  "hands": {
    "total": 100000000,
    "won": 46704633,
    "lost": 39773048,
    "push": 13522319,
    "busted": 0,
    "blackjack": 6993418,
    "doubled": 93006582,
    "split": 0,
    "insured": 0,
    "surrender": 0
  }
}
