{
  "rounds": 100000000,
  "rules": {
    "game_type": "enhc",
    "soft17": "h17",
    "das": true,
    "double_down": "any_two",
    "surrender": "no_surrender",
    "play_ace_pairs": false,
    "max_splits": 4,
    "decks": 6,
    "penetration_cards": 46
  },
  "ev": 0.6558265300000191,
  "stddev": 0.6723879066946553,
  "winning_distrib": {
    "-1.0": 11319370,
    "+0.0": 11778607,
    "+1.0": 76902023
  },
  "hands": {
    "total": 100000000,
    "won": 76902023,
    "lost": 11319370,
    "push": 11778607,
    "busted": 0,
    "blackjack": 0,
    "doubled": 0,
    "split": 0,
    "insured": 0,
    "surrender": 0
  }
}
