{
  "rounds": 100000000,
  "rules": {
    "game_type": "ahc",
    "soft17": "s17",
    "das": true,
    "bj_pays": 1.5,
    "double_down": "any_two",
    "surrender": "early_surrender",
    "play_ace_pairs": false,
    "max_splits": 4,
    "decks": 6,
    "penetration_cards": 250
  },
  "ev": 0.057756379999998796,
  "stddev": 0.9585422837607784,
  "winning_distrib": {
    "-1.0": 43219136,
    "+0.0": 7786090,
    "+1.0": 48994774
  },
  "hands": {
    "total": 100000000,
    "won": 48994774,
    "lost": 43219136,
    "push": 7786090,
    "busted": 2450519,
    "blackjack": 0,
    "doubled": 0,
    "split": 0,
    "insured": 0,
    "surrender": 0
  }
}
