{
  "rounds": 100000000,
  "rules": {
    "game_type": "ahc",
    "soft17": "s17",
    "das": true,
    "bj_pays": 1.5,
    "double_down": "any_two",
    "surrender": "early_surrender",
    "play_ace_pairs": false,
    "max_splits": 4,
    "decks": 6,
    "penetration_cards": 250
  },
  "ev": -0.004058039999999951,
  "stddev": 1.9616680582587827,
  "winning_distrib": {
    "-2.0": 48203426,
    "+0.0": 3796050,
    "+2.0": 48000524
  },
  "hands": {
    "total": 100000000,
    "won": 48000524,
    "lost": 48203426,
    "push": 3796050,
    "busted": 0,
    "blackjack": 0,
    "doubled": 100000000,
    "split": 0,
    "insured": 0,
    "surrender": 0
  }
}
