{
  "rounds": 100000000,
  "rules": {
    "game_type": "ahc",
    "soft17": "h17",
    "das": false,
    "double_down": "any_two",
    "surrender": "no_surrender",
    "play_ace_pairs": false,
    "max_splits": 4,
    "decks": 6,
    "penetration_cards": 46
  },
  "ev": -0.5894051699999903,
  "stddev": 0.7951685745175042,
  "winning_distrib": {
    "-1.0": 78454834,
    "+0.0": 2030849,
    "+1.0": 19514317
  },
  "hands": {
    "total": 100000000,
    "won": 19514317,
    "lost": 78454834,
    "push": 2030849,
    "busted": 76846065,
    "blackjack": 0,
    "doubled": 0,
    "split": 0,
    "insured": 0,
    "surrender": 0
  }
}
