{
  "rounds": 100000000,
  "rules": {
    "game_type": "ahc",
    "soft17": "s17",
    "das": true,
    "bj_pays": 1.5,
    "double_down": "any_two",
    "surrender": "early_surrender",
    "play_ace_pairs": false,
    "max_splits": 4,
    "decks": 6,
    "penetration_cards": 250
  },
  "ev": 0.3220985400000157,
  "stddev": 1.9351401933652315,
  "winning_distrib": {
    "-2.0": 40053974,
    "+0.0": 3787125,
    "+2.0": 56158901
  },
  "hands": {
    "total": 100000000,
    "won": 56158901,
    "lost": 40053974,
    "push": 3787125,
    "busted": 0,
    "blackjack": 0,
    "doubled": 100000000,
    "split": 0,
    "insured": 0,
    "surrender": 0
  }
}
