{
  "rounds": 100000000,
  "rules": {
    "game_type": "ahc",
    "soft17": "s17",
    "das": true,
    "double_down": "any_two",
    "surrender": "no_surrender",
    "play_ace_pairs": false,
    "max_splits": 4,
    "decks": 6,
    "penetration_cards": 46
  },
  "ev": -0.02102684999999943,
  "stddev": 0.9851778475406534,
  "winning_distrib": {
    "-1.0": 49602218,
    "+0.0": 2898249,
    "+1.0": 47499533
  },
  "hands": {
    "total": 100000000,
    "won": 47499533,
    "lost": 49602218,
    "push": 2898249,
    "busted": 0,
    "blackjack": 0,
    "doubled": 0,
    "split": 0,
    "insured": 0,
    "surrender": 0
  }
}
