{
  "rounds": 100000000,
  "rules": {
    "game_type": "ahc",
    "soft17": "s17",
    "das": true,
    "bj_pays": 1.5,
    "double_down": "any_two",
    "surrender": "early_surrender",
    "play_ace_pairs": false,
    "max_splits": 4,
    "decks": 6,
    "penetration_cards": 250
  },
  "ev": -0.8964394400000043,
  "stddev": 1.7332660385684162,
  "winning_distrib": {
    "-2.0": 70008671,
    "+0.0": 4804630,
    "+2.0": 25186699
  },
  "hands": {
    "total": 100000000,
    "won": 25186699,
    "lost": 70008671,
    "push": 4804630,
    "busted": 61000183,
    "blackjack": 0,
    "doubled": 100000000,
    "split": 0,
    "insured": 0,
    "surrender": 0
  }
}
