{
  "rounds": 100000000,
  "rules": {
    "game_type": "ahc",
    "soft17": "s17",
    "das": false,
    "double_down": "any_two",
    "surrender": "no_surrender",
    "play_ace_pairs": false,
    "max_splits": 4,
    "decks": 6,
    "penetration_cards": 46
  },
  "ev": 0.35791177,
  "stddev": 1.5171677355893873,
  "winning_distrib": {
    "-2.0": 19008471,
    "-1.0": 8031056,
    "+0.0": 29664178,
    "+1.0": 4753415,
    "+2.0": 38542880
  },
  "hands": {
    "total": 200000000,
    "won": 110446641,
    "lost": 74655464,
    "push": 14897895,
    "busted": 0,
    "blackjack": 0,
    "doubled": 0,
    "split": 200000000,
    "insured": 0,
    "surrender": 0
  }
}
