{
  "rounds": 100000000,
  "rules": {
    "game_type": "enhc",
    "soft17": "s17",
    "das": true,
    "double_down": "any_two",
    "surrender": "no_surrender",
    "play_ace_pairs": false,
    "max_splits": 4,
    "decks": 6,
    "penetration_cards": 46
  },
  "ev": 0.010532429999999832,
  "stddev": 0.9611159696705248,
  "winning_distrib": {
    "-1.0": 45666120,
    "+0.0": 7614517,
    "+1.0": 46719363
  },
  "hands": {
    "total": 100000000,
    "won": 46719363,
    "lost": 45666120,
    "push": 7614517,
    "busted": 2657880,
    "blackjack": 0,
    "doubled": 0,
    "split": 0,
    "insured": 0,
    "surrender": 0
  }
}
