{
  "rounds": 100000000,
  "rules": {
    "game_type": "ahc",
    "soft17": "h17",
    "das": true,
    "double_down": "any_two",
    "surrender": "no_surrender",
    "play_ace_pairs": false,
    "max_splits": 4,
    "decks": 6,
    "penetration_cards": 46
  },
  "ev": -0.6715991999999942,
  "stddev": 1.8349180658080062,
  "winning_distrib": {
    "-2.0": 64514602,
    "+0.0": 4550756,
    "+2.0": 30934642
  },
  "hands": {
    "total": 100000000,
    "won": 30934642,
    "lost": 64514602,
    "push": 4550756,
    "busted": 46213843,
    "blackjack": 0,
    "doubled": 100000000,
    "split": 0,
    "insured": 0,
    "surrender": 0
  }
}
