{
  "rounds": 100000000,
  "rules": {
    "game_type": "ahc",
    "soft17": "s17",
    "das": true,
    "bj_pays": 1.5,
    "double_down": "any_two",
    "surrender": "early_surrender",
    "play_ace_pairs": false,
    "max_splits": 4,
    "decks": 6,
    "penetration_cards": 250
  },
  "ev": 0.12588704000000223,
  "stddev": 0.9031379303941502,
  "winning_distrib": {
    "-1.0": 35280931,
    "+0.0": 16849434,
    "+1.0": 47869635
  },
  "hands": {
    "total": 100000000,
    "won": 47869635,
    "lost": 35280931,
    "push": 16849434,
    "busted": 19051407,
    "blackjack": 8163012,
    "doubled": 0,
    "split": 0,
    "insured": 0,
    "surrender": 0
  }
}
