{
  "rounds": 100000000,
  "rules": {
    "game_type": "ahc",
    "soft17": "s17",
    "das": true,
    "double_down": "any_two",
    "surrender": "no_surrender",
    "play_ace_pairs": false,
    "max_splits": 4,
    "decks": 6,
    "penetration_cards": 46
  },
  "ev": -0.007733760000000141,
  "stddev": 1.9516583684256772,
  "winning_distrib": {
    "-2.0": 47806221,
    "+0.0": 4774246,
    "+2.0": 47419533
  },
  "hands": {
    "total": 100000000,
    "won": 47419533,
    "lost": 47806221,
    "push": 4774246,
    "busted": 0,
    "blackjack": 0,
    "doubled": 100000000,
    "split": 0,
    "insured": 0,
    "surrender": 0
  }
}
