{
  "rounds": 100000000,
  "rules": {
    "game_type": "enhc",
    "soft17": "h17",
    "das": false,
    "double_down": "any_two",
    "surrender": "no_surrender",
    "play_ace_pairs": false,
    "max_splits": 4,
    "decks": 6,
    "penetration_cards": 46
  },
  "ev": 0.028984360000000067,
  "stddev": 0.9734632383155052,
  "winning_distrib": {
    "-1.0": 45974320,
    "+0.0": 5152924,
    "+1.0": 48872756
  },
  "hands": {
    "total": 100000000,
    "won": 48872756,
    "lost": 45974320,
    "push": 5152924,
    "busted": 2774412,
    "blackjack": 0,
    "doubled": 0,
    "split": 0,
    "insured": 0,
    "surrender": 0
  }
}
