{
  "rounds": 100000000,
  "rules": {
    "game_type": "ahc",
    "soft17": "s17",
    "das": true,
    "bj_pays": 1.5,
    "double_down": "any_two",
    "surrender": "early_surrender",
    "play_ace_pairs": false,
    "max_splits": 4,
    "decks": 6,
    "penetration_cards": 250
  },
  "ev": -0.299964079999996,
  "stddev": 1.9372728636513739,
  "winning_distrib": {
    "-2.0": 55536659,
    "+0.0": 3924886,
    "+2.0": 40538455
  },
  "hands": {
    "total": 100000000,
    "won": 40538455,
    "lost": 55536659,
    "push": 3924886,
    "busted": 34785808,
    "blackjack": 0,
    "doubled": 100000000,
    "split": 0,
    "insured": 0,
    "surrender": 0
  }
}
