{
  "rounds": 100000000,
  "rules": {
    "game_type": "enhc",
    "soft17": "h17",
    "das": false,
    "double_down": "any_two",
    "surrender": "no_surrender",
    "play_ace_pairs": false,
    "max_splits": 4,
    "decks": 6,
    "penetration_cards": 46
  },
  "ev": -0.3837602699999972,
  "stddev": 0.8507105220970292,
  "winning_distrib": {
    "-1.0": 62737030,
    "+0.0": 12901967,
    "+1.0": 24361003
  },
  "hands": {
    "total": 100000000,
    "won": 24361003,
    "lost": 62737030,
    "push": 12901967,
    "busted": 0,
    "blackjack": 0,
    "doubled": 0,
    "split": 0,
    "insured": 0,
    "surrender": 0
  }
}
