{
  "rounds": 100000000,
  "rules": {
    "game_type": "ahc",
    "soft17": "s17",
    "das": true,
    "bj_pays": 1.5,
    "double_down": "any_two",
    "surrender": "early_surrender",
    "play_ace_pairs": false,
    "max_splits": 4,
    "decks": 6,
    "penetration_cards": 250
  },
  "ev": -0.903833060000015,
  "stddev": 1.7240147648362163,
  "winning_distrib": {
    "-2.0": 69960090,
    "+0.0": 5271473,
    "+2.0": 24768437
  },
  "hands": {
    "total": 100000000,
    "won": 24768437,
    "lost": 69960090,
    "push": 5271473,
    "busted": 60410608,
    "blackjack": 0,
    "doubled": 100000000,
    "split": 0,
    "insured": 0,
    "surrender": 0
  }
}
