{
  "rounds": 100000000,
  "rules": {
    "game_type": "ahc",
    "soft17": "s17",
    "das": true,
    "bj_pays": 1.5,
    "double_down": "any_two",
    "surrender": "early_surrender",
    "play_ace_pairs": false,
    "max_splits": 4,
    "decks": 6,
    "penetration_cards": 250
  },
  "ev": -0.5594733300000019,
  "stddev": 0.7953855350363777,
  "winning_distrib": {
    "-1.0": 75256094,
    "+0.0": 5435145,
    "+1.0": 19308761
  },
  "hands": {
    "total": 100000000,
    "won": 19308761,
    "lost": 75256094,
    "push": 5435145,
    "busted": 65202282,
    "blackjack": 0,
    "doubled": 0,
    "split": 0,
    "insured": 0,
    "surrender": 0
  }
}
