{
  "rounds": 100000000,
  "rules": {
    "game_type": "ahc",
    "soft17": "s17",
    "das": true,
    "bj_pays": 1.5,
    "double_down": "any_two",
    "surrender": "early_surrender",
    "play_ace_pairs": false,
    "max_splits": 4,
    "decks": 6,
    "penetration_cards": 250
  },
  "ev": -0.5015703400000026,
  "stddev": 1.9250095041554882,
  "winning_distrib": {
    "-2.0": 62004688,
    "+0.0": 1069141,
    "+2.0": 36926171
  },
  "hands": {
    "total": 100000000,
    "won": 36926171,
    "lost": 62004688,
    "push": 1069141,
    "busted": 0,
    "blackjack": 0,
    "doubled": 100000000,
    "split": 0,
    "insured": 0,
    "surrender": 0
  }
}
