{
  "rounds": 100000000,
  "rules": {
    "game_type": "enhc",
    "soft17": "h17",
    "das": true,
    "double_down": "any_two",
    "surrender": "no_surrender",
    "play_ace_pairs": false,
    "max_splits": 4,
    "decks": 6,
    "penetration_cards": 46
  },
  "ev": 0.08245499000000046,
  "stddev": 0.9355119525564214,
  "winning_distrib": {
    "-1.0": 39976322,
    "+0.0": 11801857,
    "+1.0": 48221821
  },
  "hands": {
    "total": 100000000,
    "won": 48221821,
    "lost": 39976322,
    "push": 11801857,
    "busted": 24462381,
    "blackjack": 0,
    "doubled": 0,
    "split": 0,
    "insured": 0,
    "surrender": 0
  }
}
