{
  "rounds": 100000000,
  "rules": {
    "game_type": "ahc",
    "soft17": "s17",
    "das": true,
    "bj_pays": 1.5,
    "double_down": "any_two",
    "surrender": "early_surrender",
    "play_ace_pairs": false,
    "max_splits": 4,
    "decks": 6,
    "penetration_cards": 250
  },
  "ev": -0.35453160000000544,
  "stddev": 0.8923014135164492,
  "winning_distrib": {
    "-1.0": 63821303,
    "+0.0": 7810554,
    "+1.0": 28368143
  },
  "hands": {
    "total": 100000000,
    "won": 28368143,
    "lost": 63821303,
    "push": 7810554,
    "busted": 24536888,
    "blackjack": 0,
    "doubled": 0,
    "split": 0,
    "insured": 0,
    "surrender": 0
  }
}
