{
  "rounds": 100000000,
  "rules": {
    "game_type": "ahc",
    "soft17": "s17",
    "das": true,
    "bj_pays": 1.5,
    "double_down": "any_two",
    "surrender": "early_surrender",
    "play_ace_pairs": false,
    "max_splits": 4,
    "decks": 6,
    "penetration_cards": 250
  },
  "ev": -0.12640193999999563,
  "stddev": 0.9326897116744387,
  "winning_distrib": {
    "-1.0": 50614474,
    "+0.0": 11411246,
    "+1.0": 37974280
  },
  "hands": {
    "total": 100000000,
    "won": 37974280,
    "lost": 50614474,
    "push": 11411246,
    "busted": 23039950,
    "blackjack": 0,
    "doubled": 0,
    "split": 0,
    "insured": 0,
    "surrender": 0
  }
}
