{
  "rounds": 100000000,
  "rules": {
    "game_type": "ahc",
    "soft17": "s17",
    "das": true,
    "double_down": "any_two",
    "surrender": "no_surrender",
    "play_ace_pairs": false,
    "max_splits": 4,
    "decks": 6,
    "penetration_cards": 46
  },
  "ev": -0.7244540400000127,
  "stddev": 1.810075063827834,
  "winning_distrib": {
    "-2.0": 65626418,
    "+0.0": 4969866,
    "+2.0": 29403716
  },
  "hands": {
    "total": 100000000,
    "won": 29403716,
    "lost": 65626418,
    "push": 4969866,
    "busted": 46214159,
    "blackjack": 0,
    "doubled": 100000000,
    "split": 0,
    "insured": 0,
    "surrender": 0
  }
}
