{
  "rounds": 100000000,
  "rules": {
    "game_type": "ahc",
    "soft17": "s17",
    "das": false,
    "double_down": "any_two",
    "surrender": "no_surrender",
    "play_ace_pairs": false,
    "max_splits": 4,
    "decks": 6,
    "penetration_cards": 46
  },
  "ev": -0.620795919999995,
  "stddev": 0.7654878781346348,
  "winning_distrib": {
    "-1.0": 79607759,
    "+0.0": 2864074,
    "+1.0": 17528167
  },
  "hands": {
    "total": 100000000,
    "won": 17528167,
    "lost": 79607759,
    "push": 2864074,
    "busted": 76848134,
    "blackjack": 0,
    "doubled": 0,
    "split": 0,
    "insured": 0,
    "surrender": 0
  }
}
