{
  "rounds": 100000000,
  "rules": {
    "game_type": "ahc",
    "soft17": "s17",
    "das": true,
    "double_down": "any_two",
    "surrender": "no_surrender",
    "play_ace_pairs": false,
    "max_splits": 4,
    "decks": 6,
    "penetration_cards": 46
  },
  "ev": -0.5204311100000166,
  "stddev": 0.8153340520252215,
  "winning_distrib": {
    "-1.0": 72802463,
    "+0.0": 6438185,
    "+1.0": 20759352
  },
  "hands": {
    "total": 100000000,
    "won": 20759352,
    "lost": 72802463,
    "push": 6438185,
    "busted": 30625960,
    "blackjack": 0,
    "doubled": 0,
    "split": 0,
    "insured": 0,
    "surrender": 0
  }
}
