{
  "rounds": 100000000,
  "rules": {
    "game_type": "ahc",
    "soft17": "s17",
    "das": true,
    "bj_pays": 1.5,
    "double_down": "any_two",
    "surrender": "early_surrender",
    "play_ace_pairs": false,
    "max_splits": 4,
    "decks": 6,
    "penetration_cards": 250
  },
  "ev": 0.1256050300000006,
  "stddev": 0.7735944237280771,
  "winning_distrib": {
    "-1.0": 24430996,
    "+0.0": 38577505,
    "+1.0": 36991499
  },
  "hands": {
    "total": 100000000,
    "won": 36991499,
    "lost": 24430996,
    "push": 38577505,
    "busted": 0,
    "blackjack": 0,
    "doubled": 0,
    "split": 0,
    "insured": 0,
    "surrender": 0
  }
}
