{
  "rounds": 100000000,
  "rules": {
    "game_type": "ahc",
    "soft17": "h17",
    "das": true,
    "double_down": "any_two",
    "surrender": "no_surrender",
    "play_ace_pairs": false,
    "max_splits": 4,
    "decks": 6,
    "penetration_cards": 46
  },
  "ev": -0.7144026799999946,
  "stddev": 0.6898747825280399,
  "winning_distrib": {
    "-1.0": 85035054,
    "+0.0": 1370160,
    "+1.0": 13594786
  },
  "hands": {
    "total": 100000000,
    "won": 13594786,
    "lost": 85035054,
    "push": 1370160,
    "busted": 84562734,
    "blackjack": 0,
    "doubled": 0,
    "split": 0,
    "insured": 0,
    "surrender": 0
  }
}
