{
  "rounds": 100000000,
  "rules": {
    "game_type": "ahc",
    "soft17": "s17",
    "das": true,
    "bj_pays": 1.5,
    "double_down": "any_two",
    "surrender": "early_surrender",
    "play_ace_pairs": false,
    "max_splits": 4,
    "decks": 6,
    "penetration_cards": 250
  },
  "ev": 0.09739918000000201,
  "stddev": 1.9478804782834258,
  "winning_distrib": {
    "-2.0": 45111582,
    "+0.0": 4906877,
    "+2.0": 49981541
  },
  "hands": {
    "total": 100000000,
    "won": 49981541,
    "lost": 45111582,
    "push": 4906877,
    "busted": 0,
    "blackjack": 0,
    "doubled": 100000000,
    "split": 0,
    "insured": 0,
    "surrender": 0
  }
}
