{
  "rounds": 100000000,
  "rules": {
    "game_type": "ahc",
    "soft17": "s17",
    "das": true,
    "bj_pays": 1.5,
    "double_down": "any_two",
    "surrender": "early_surrender",
    "play_ace_pairs": false,
    "max_splits": 4,
    "decks": 6,
    "penetration_cards": 250
  },
  "ev": -0.30083426000000324,
  "stddev": 0.908642865083176,
  "winning_distrib": {
    "-1.0": 60848368,
    "+0.0": 8386690,
    "+1.0": 30764942
  },
  "hands": {
    "total": 100000000,
    "won": 30764942,
    "lost": 60848368,
    "push": 8386690,
    "busted": 20973260,
    "blackjack": 0,
    "doubled": 0,
    "split": 0,
    "insured": 0,
    "surrender": 0
  }
}
