{
  "rounds": 100000000,
  "rules": {
    "game_type": "ahc",
    "soft17": "s17",
    "das": true,
    "bj_pays": 1.5,
    "double_down": "any_two",
    "surrender": "early_surrender",
    "play_ace_pairs": false,
    "max_splits": 4,
    "decks": 6,
    "penetration_cards": 250
  },
  "ev": 0.6826072799999967,
  "stddev": 0.6526667185867149,
  "winning_distrib": {
    "-1.0": 10465963,
    "+0.0": 10807346,
    "+1.0": 78726691
  },
  "hands": {
    "total": 100000000,
    "won": 78726691,
    "lost": 10465963,
    "push": 10807346,
    "busted": 0,
    "blackjack": 0,
    "doubled": 0,
    "split": 0,
    "insured": 0,
    "surrender": 0
  }
}
