{
  "rounds": 100000000,
  "rules": {
    "game_type": "ahc",
    "soft17": "s17",
    "das": true,
    "bj_pays": 1.5,
    "double_down": "any_two",
    "surrender": "early_surrender",
    "play_ace_pairs": false,
    "max_splits": 4,
    "decks": 6,
    "penetration_cards": 250
  },
  "ev": 0.533119739999993,
  "stddev": 0.7869054511277331,
  "winning_distrib": {
    "-1.0": 18515855,
    "+0.0": 9656316,
    "+1.0": 71827829
  },
  "hands": {
    "total": 100000000,
    "won": 71827829,
    "lost": 18515855,
    "push": 9656316,
    "busted": 0,
    "blackjack": 0,
    "doubled": 0,
    "split": 0,
    "insured": 0,
    "surrender": 0
  }
}
