{
  "rounds": 100000000,
  "rules": {
    "game_type": "ahc",
    "soft17": "s17",
    "das": true,
    "bj_pays": 1.5,
    "double_down": "any_two",
    "surrender": "early_surrender",
    "play_ace_pairs": false,
    "max_splits": 4,
    "decks": 6,
    "penetration_cards": 250
  },
  "ev": -0.7163623799999941,
  "stddev": 1.7834067770214592,
  "winning_distrib": {
    "-2.0": 64080494,
    "+0.0": 7657131,
    "+2.0": 28262375
  },
  "hands": {
    "total": 100000000,
    "won": 28262375,
    "lost": 64080494,
    "push": 7657131,
    "busted": 0,
    "blackjack": 0,
    "doubled": 100000000,
    "split": 0,
    "insured": 0,
    "surrender": 0
  }
}
