{
  "rounds": 100000000,
  "rules": {
    "game_type": "ahc",
    "soft17": "h17",
    "das": true,
    "double_down": "any_two",
    "surrender": "no_surrender",
    "play_ace_pairs": false,
    "max_splits": 4,
    "decks": 6,
    "penetration_cards": 46
  },
  "ev": -0.008057010000000041,
  "stddev": 0.9406005015080453,
  "winning_distrib": {
    "-1.0": 44642561,
    "+0.0": 11520579,
    "+1.0": 43836860
  },
  "hands": {
    "total": 100000000,
    "won": 43836860,
    "lost": 44642561,
    "push": 11520579,
    "busted": 0,
    "blackjack": 0,
    "doubled": 0,
    "split": 0,
    "insured": 0,
    "surrender": 0
  }
}
