{
  "rounds": 100000000,
  "rules": {
    "game_type": "ahc",
    "soft17": "s17",
    "das": true,
    "bj_pays": 1.5,
    "double_down": "any_two",
    "surrender": "early_surrender",
    "play_ace_pairs": false,
    "max_splits": 4,
    "decks": 6,
    "penetration_cards": 250
  },
  "ev": -0.8520284400000148,
  "stddev": 0.5210727589754945,
  "winning_distrib": {
    "-1.0": 92474886,
    "+0.0": 253072,
    "+1.0": 7272042
  },
  "hands": {
    "total": 100000000,
    "won": 7272042,
    "lost": 92474886,
    "push": 253072,
    "busted": 84316237,
    "blackjack": 0,
    "doubled": 0,
    "split": 0,
    "insured": 0,
    "surrender": 0
  }
}
