{
  "rounds": 100000000,
  "rules": {
    "game_type": "ahc",
    "soft17": "h17",
    "das": false,
    "double_down": "any_two",
    "surrender": "no_surrender",
    "play_ace_pairs": false,
    "max_splits": 4,
    "decks": 6,
    "penetration_cards": 46
  },
  "ev": 0.08256270000000017,
  "stddev": 0.9355145799615295,
  "winning_distrib": {
    "-1.0": 39972071,
    "+0.0": 11799588,
    "+1.0": 48228341
  },
  "hands": {
    "total": 100000000,
    "won": 48228341,
    "lost": 39972071,
    "push": 11799588,
    "busted": 24452178,
    "blackjack": 0,
    "doubled": 0,
    "split": 0,
    "insured": 0,
    "surrender": 0
  }
}
