{
  "rounds": 100000000,
  "rules": {
    "game_type": "ahc",
    "soft17": "s17",
    "das": true,
    "bj_pays": 1.5,
    "double_down": "any_two",
    "surrender": "early_surrender",
    "play_ace_pairs": false,
    "max_splits": 4,
    "decks": 6,
    "penetration_cards": 250
  },
  "ev": 0.4959298599999982,
  "stddev": 1.6002095673901906,
  "winning_distrib": {
    "-2.0": 19605001,
    "-1.0": 9698241,
    "+0.0": 19216645,
    "+1.0": 4458997,
    "+2.0": 47021116
  },
  "hands": {
    "total": 200000000,
    "won": 115712489,
    "lost": 66119503,
    "push": 18168008,
    "busted": 4247884,
    "blackjack": 0,
    "doubled": 0,
    "split": 200000000,
    "insured": 0,
    "surrender": 0
  }
}
