{
  "rounds": 100000000,
  "rules": {
    "game_type": "enhc",
    "soft17": "h17",
    "das": true,
    "double_down": "any_two",
    "surrender": "no_surrender",
    "play_ace_pairs": false,
    "max_splits": 4,
    "decks": 6,
    "penetration_cards": 46
  },
  "ev": 0.47692159000000717,
  "stddev": 1.5745000005660188,
  "winning_distrib": {
    "-2.0": 18910166,
    "-1.0": 9148489,
    "+0.0": 22880520,
    "+1.0": 3460670,
    "+2.0": 45600155
  },
  "hands": {
    "total": 200000000,
    "won": 116108213,
    "lost": 68416054,
    "push": 15475733,
    "busted": 0,
    "blackjack": 0,
    "doubled": 0,
    "split": 200000000,
    "insured": 0,
    "surrender": 0
  }
}
