{
  "rounds": 100000000,
  "rules": {
    "game_type": "ahc",
    "soft17": "h17",
    "das": true,
    "double_down": "any_two",
    "surrender": "no_surrender",
    "play_ace_pairs": false,
    "max_splits": 4,
    "decks": 6,
    "penetration_cards": 46
  },
  "ev": 0.016767439999999596,
  "stddev": 0.985776832083918,
  "winning_distrib": {
    "-1.0": 47763483,
    "+0.0": 2796290,
    "+1.0": 49440227
  },
  "hands": {
    "total": 100000000,
    "won": 49440227,
    "lost": 47763483,
    "push": 2796290,
    "busted": 0,
    "blackjack": 0,
    "doubled": 0,
    "split": 0,
    "insured": 0,
    "surrender": 0
  }
}
