{
  "rounds": 100000000,
  "rules": {
    "game_type": "ahc",
    "soft17": "s17",
    "das": true,
    "bj_pays": 1.5,
    "double_down": "any_two",
    "surrender": "early_surrender",
    "play_ace_pairs": false,
    "max_splits": 4,
    "decks": 6,
    "penetration_cards": 250
  },
  "ev": 0.0009417799999999512,
  "stddev": 1.9591126745114855,
  "winning_distrib": {
    "-2.0": 47952997,
    "+0.0": 4046917,
    "+2.0": 48000086
  },
  "hands": {
    "total": 100000000,
    "won": 48000086,
    "lost": 47952997,
    "push": 4046917,
    "busted": 0,
    "blackjack": 0,
    "doubled": 100000000,
    "split": 0,
    "insured": 0,
    "surrender": 0
  }
}
