{
  "rounds": 100000000,
  "rules": {
    "game_type": "enhc",
    "soft17": "s17",
    "das": true,
    "double_down": "any_two",
    "surrender": "no_surrender",
    "play_ace_pairs": false,
    "max_splits": 4,
    "decks": 6,
    "penetration_cards": 46
  },
  "ev": 0.46575944000000424,
  "stddev": 1.8673932041545014,
  "winning_distrib": {
    "-2.0": 34657129,
    "+0.0": 7397770,
    "+2.0": 57945101
  },
  "hands": {
    "total": 100000000,
    "won": 57945101,
    "lost": 34657129,
    "push": 7397770,
    "busted": 0,
    "blackjack": 0,
    "doubled": 100000000,
    "split": 0,
    "insured": 0,
    "surrender": 0
  }
}
