{
  "rounds": 100000000,
  "rules": {
    "game_type": "ahc",
    "soft17": "s17",
    "das": false,
    "double_down": "any_two",
    "surrender": "no_surrender",
    "play_ace_pairs": false,
    "max_splits": 4,
    "decks": 6,
    "penetration_cards": 46
  },
  "ev": 0.46105514000000947,
  "stddev": 1.8690264398376064,
  "winning_distrib": {
    "-2.0": 34796517,
    "+0.0": 7354209,
    "+2.0": 57849274
  },
  "hands": {
    "total": 100000000,
    "won": 57849274,
    "lost": 34796517,
    "push": 7354209,
    "busted": 0,
    "blackjack": 0,
    "doubled": 100000000,
    "split": 0,
    "insured": 0,
    "surrender": 0
  }
}
