{
  "rounds": 100000000,
  "rules": {
    "game_type": "ahc",
    "soft17": "s17",
    "das": true,
    "bj_pays": 1.5,
    "double_down": "any_two",
    "surrender": "early_surrender",
    "play_ace_pairs": false,
    "max_splits": 4,
    "decks": 6,
    "penetration_cards": 250
  },
  "ev": -0.3598054199999999,
  "stddev": 0.8559433550562989,
  "winning_distrib": {
    "-1.0": 61095219,
    "+0.0": 13790104,
    "+1.0": 25114677
  },
  "hands": {
    "total": 100000000,
    "won": 25114677,
    "lost": 61095219,
    "push": 13790104,
    "busted": 0,
    "blackjack": 0,
    "doubled": 0,
    "split": 0,
    "insured": 0,
    "surrender": 0
  }
}
