{
  "rounds": 100000000,
  "rules": {
    "game_type": "ahc",
    "soft17": "s17",
    "das": true,
    "bj_pays": 1.5,
    "double_down": "any_two",
    "surrender": "early_surrender",
    "play_ace_pairs": false,
    "max_splits": 4,
    "decks": 6,
    "penetration_cards": 250
  },
  "ev": -0.42690606000000536,
  "stddev": 0.8796476929277379,
  "winning_distrib": {
    "-1.0": 69146745,
    "+0.0": 4397116,
    "+1.0": 26456139
  },
  "hands": {
    "total": 100000000,
    "won": 26456139,
    "lost": 69146745,
    "push": 4397116,
    "busted": 61266026,
    "blackjack": 0,
    "doubled": 0,
    "split": 0,
    "insured": 0,
    "surrender": 0
  }
}
