{
  "rounds": 100000000,
  "rules": {
    "game_type": "enhc",
    "soft17": "s17",
    "das": false,
    "double_down": "any_two",
    "surrender": "no_surrender",
    "play_ace_pairs": false,
    "max_splits": 4,
    "decks": 6,
    "penetration_cards": 46
  },
  "ev": -0.4512986199999974,
  "stddev": 1.810005377988513,
  "winning_distrib": {
    "-2.0": 54779839,
    "+0.0": 13005253,
    "+2.0": 32214908
  },
  "hands": {
    "total": 100000000,
    "won": 32214908,
    "lost": 54779839,
    "push": 13005253,
    "busted": 0,
    "blackjack": 0,
    "doubled": 100000000,
    "split": 0,
    "insured": 0,
    "surrender": 0
  }
}
