{
  "rounds": 100000000,
  "rules": {
    "game_type": "ahc",
    "soft17": "s17",
    "das": true,
    "bj_pays": 1.5,
    "double_down": "any_two",
    "surrender": "early_surrender",
    "play_ace_pairs": false,
    "max_splits": 4,
    "decks": 6,
    "penetration_cards": 250
  },
  "ev": -0.4231360100000026,
  "stddev": 0.8812318848106903,
  "winning_distrib": {
    "-1.0": 68937486,
    "+0.0": 4438629,
    "+1.0": 26623885
  },
  "hands": {
    "total": 100000000,
    "won": 26623885,
    "lost": 68937486,
    "push": 4438629,
    "busted": 61008200,
    "blackjack": 0,
    "doubled": 0,
    "split": 0,
    "insured": 0,
    "surrender": 0
  }
}
