{
  "rounds": 100000000,
  "rules": {
    "game_type": "ahc",
    "soft17": "s17",
    "das": true,
    "bj_pays": 1.5,
    "double_down": "any_two",
    "surrender": "early_surrender",
    "play_ace_pairs": false,
    "max_splits": 4,
    "decks": 6,
    "penetration_cards": 250
  },
  "ev": 0.13122917000000472,
  "stddev": 0.9734677726650829,
  "winning_distrib": {
    "-1.0": 41681571,
    "+0.0": 3513941,
    "+1.0": 54804488
  },
  "hands": {
    "total": 100000000,
    "won": 54804488,
    "lost": 41681571,
    "push": 3513941,
    "busted": 0,
    "blackjack": 0,
    "doubled": 0,
    "split": 0,
    "insured": 0,
    "surrender": 0
  }
}
