{
  "rounds": 100000000,
  "rules": {
    "game_type": "ahc",
    "soft17": "s17",
    "das": true,
    "double_down": "any_two",
    "surrender": "no_surrender",
    "play_ace_pairs": false,
    "max_splits": 4,
    "decks": 6,
    "penetration_cards": 46
  },
  "ev": -0.05322779000000066,
  "stddev": 0.9164777797475704,
  "winning_distrib": {
    "-1.0": 44799625,
    "+0.0": 15723529,
    "+1.0": 39476846
  },
  "hands": {
    "total": 100000000,
    "won": 39476846,
    "lost": 44799625,
    "push": 15723529,
    "busted": 19558799,
    "blackjack": 0,
    "doubled": 0,
    "split": 0,
    "insured": 0,
    "surrender": 0
  }
}
