{
  "rounds": 100000000,
  "rules": {
    "game_type": "ahc",
    "soft17": "s17",
    "das": true,
    "bj_pays": 1.5,
    "double_down": "any_two",
    "surrender": "early_surrender",
    "play_ace_pairs": false,
    "max_splits": 4,
    "decks": 6,
    "penetration_cards": 250
  },
  "ev": 0.17031814999999856,
  "stddev": 0.9313147408121765,
  "winning_distrib": {
    "-1.0": 36301863,
    "+0.0": 10364459,
    "+1.0": 53333678
  },
  "hands": {
    "total": 100000000,
    "won": 53333678,
    "lost": 36301863,
    "push": 10364459,
    "busted": 21659715,
    "blackjack": 0,
    "doubled": 0,
    "split": 0,
    "insured": 0,
    "surrender": 0
  }
}
