{
  "rounds": 100000000,
  "rules": {
    "game_type": "ahc",
    "soft17": "s17",
    "das": true,
    "bj_pays": 1.5,
    "double_down": "any_two",
    "surrender": "early_surrender",
    "play_ace_pairs": false,
    "max_splits": 4,
    "decks": 6,
    "penetration_cards": 250
  },
  "ev": 0.46971540000000567,
  "stddev": 2.636449459502584,
  "winning_distrib": {
    "-8.0": 1952,
    "-7.0": 26293,
    "-6.0": 187932,
    "-5.0": 808315,
    "-4.0": 3398940,
    "-3.0": 11798427,
    "-2.0": 18997652,
    "-1.0": 6300844,
    "+0.0": 4217239,
    "+1.0": 4488183,
    "+2.0": 21216297,
    "+3.0": 18767564,
    "+4.0": 7326832,
    "+5.0": 1801298,
    "+6.0": 555210,
    "+7.0": 97160,
    "+8.0": 9862
  },
  "hands": {
    "total": 219488211,
    "won": 113262746,
    "lost": 88236212,
    "push": 17989253,
    "busted": 0,
    "blackjack": 0,
    "doubled": 66139070,
    "split": 219488211,
    "insured": 0,
    "surrender": 0
  }
}
