{
  "rounds": 100000000,
  "rules": {
    "game_type": "ahc",
    "soft17": "h17",
    "das": false,
    "double_down": "any_two",
    "surrender": "no_surrender",
    "play_ace_pairs": false,
    "max_splits": 4,
    "decks": 6,
    "penetration_cards": 46
  },
  "ev": -0.7484936800000082,
  "stddev": 1.7922946529862778,
  "winning_distrib": {
    "-2.0": 65869378,
    "+0.0": 5685928,
    "+2.0": 28444694
  },
  "hands": {
    "total": 100000000,
    "won": 28444694,
    "lost": 65869378,
    "push": 5685928,
    "busted": 53817060,
    "blackjack": 0,
    "doubled": 100000000,
    "split": 0,
    "insured": 0,
    "surrender": 0
  }
}
