{
  "rounds": 100000000,
  "rules": {
    "game_type": "ahc",
    "soft17": "h17",
    "das": false,
    "double_down": "any_two",
    "surrender": "no_surrender",
    "play_ace_pairs": false,
    "max_splits": 4,
    "decks": 6,
    "penetration_cards": 46
  },
  "ev": 0.3950426199999974,
  "stddev": 1.901119839601412,
  "winning_distrib": {
    "-4.0": 454519,
    "-3.0": 2784687,
    "-2.0": 24860674,
    "-1.0": 8071383,
    "+0.0": 12537594,
    "+1.0": 2715954,
    "+2.0": 42048522,
    "+3.0": 5450536,
    "+4.0": 1076131
  },
  "hands": {
    "total": 216652809,
    "won": 121233411,
    "lost": 81729149,
    "push": 13690249,
    "busted": 0,
    "blackjack": 0,
    "doubled": 0,
    "split": 216652809,
    "insured": 0,
    "surrender": 0
  }
}
