{
  "rounds": 100000000,
  "rules": {
    "game_type": "ahc",
    "soft17": "s17",
    "das": false,
    "double_down": "any_two",
    "surrender": "no_surrender",
    "play_ace_pairs": false,
    "max_splits": 4,
    "decks": 6,
    "penetration_cards": 46
  },
  "ev": 0.18210458000000018,
  "stddev": 1.9469568664583854,
  "winning_distrib": {
    "-2.0": 43244924,
    "+0.0": 4404923,
    "+2.0": 52350153
  },
  "hands": {
    "total": 100000000,
    "won": 52350153,
    "lost": 43244924,
    "push": 4404923,
    "busted": 0,
    "blackjack": 0,
    "doubled": 100000000,
    "split": 0,
    "insured": 0,
    "surrender": 0
  }
}
