{
  "rounds": 100000000,
  "rules": {
    "game_type": "ahc",
    "soft17": "s17",
    "das": true,
    "bj_pays": 1.5,
    "double_down": "any_two",
    "surrender": "early_surrender",
    "play_ace_pairs": false,
    "max_splits": 4,
    "decks": 6,
    "penetration_cards": 250
  },
  "ev": 0.17385955999999575,
  "stddev": 0.947750812386312,
  "winning_distrib": {
    "-1.0": 37729959,
    "+0.0": 7154126,
    "+1.0": 55115915
  },
  "hands": {
    "total": 100000000,
    "won": 55115915,
    "lost": 37729959,
    "push": 7154126,
    "busted": 0,
    "blackjack": 0,
    "doubled": 0,
    "split": 0,
    "insured": 0,
    "surrender": 0
  }
}
