{
  "rounds": 100000000,
  "rules": {
    "game_type": "ahc",
    "soft17": "s17",
    "das": true,
    "bj_pays": 1.5,
    "double_down": "any_two",
    "surrender": "early_surrender",
    "play_ace_pairs": false,
    "max_splits": 4,
    "decks": 6,
    "penetration_cards": 250
  },
  "ev": -0.392178479999993,
  "stddev": 0.8976428175407511,
  "winning_distrib": {
    "-1.0": 67587253,
    "+0.0": 4043342,
    "+1.0": 28369405
  },
  "hands": {
    "total": 100000000,
    "won": 28369405,
    "lost": 67587253,
    "push": 4043342,
    "busted": 51066892,
    "blackjack": 0,
    "doubled": 0,
    "split": 0,
    "insured": 0,
    "surrender": 0
  }
}
