{
  "rounds": 100000000,
  "rules": {
    "game_type": "enhc",
    "soft17": "s17",
    "das": false,
    "double_down": "any_two",
    "surrender": "no_surrender",
    "play_ace_pairs": false,
    "max_splits": 4,
    "decks": 6,
    "penetration_cards": 46
  },
  "ev": 0.13134771999999878,
  "stddev": 0.9544109730927212,
  "winning_distrib": {
    "-1.0": 39840240,
    "+0.0": 7184748,
    "+1.0": 52975012
  },
  "hands": {
    "total": 100000000,
    "won": 52975012,
    "lost": 39840240,
    "push": 7184748,
    "busted": 0,
    "blackjack": 0,
    "doubled": 0,
    "split": 0,
    "insured": 0,
    "surrender": 0
  }
}
