{
  "rounds": 100000000,
  "rules": {
    "game_type": "ahc",
    "soft17": "s17",
    "das": true,
    "bj_pays": 1.5,
    "double_down": "any_two",
    "surrender": "early_surrender",
    "play_ace_pairs": false,
    "max_splits": 4,
    "decks": 6,
    "penetration_cards": 250
  },
  "ev": -0.5058991999999952,
  "stddev": 0.8432921240891404,
  "winning_distrib": {
    "-1.0": 73648740,
    "+0.0": 3292440,
    "+1.0": 23058820
  },
  "hands": {
    "total": 100000000,
    "won": 23058820,
    "lost": 73648740,
    "push": 3292440,
    "busted": 69001811,
    "blackjack": 0,
    "doubled": 0,
    "split": 0,
    "insured": 0,
    "surrender": 0
  }
}
