{
  "rounds": 100000000,
  "rules": {
    "game_type": "ahc",
    "soft17": "s17",
    "das": true,
    "bj_pays": 1.5,
    "double_down": "any_two",
    "surrender": "early_surrender",
    "play_ace_pairs": false,
    "max_splits": 4,
    "decks": 6,
    "penetration_cards": 250
  },
  "ev": 0.8676389200000018,
  "stddev": 1.7284713519110844,
  "winning_distrib": {
    "-2.0": 25064158,
    "+0.0": 6489738,
    "+2.0": 68446104
  },
  "hands": {
    "total": 100000000,
    "won": 68446104,
    "lost": 25064158,
    "push": 6489738,
    "busted": 0,
    "blackjack": 0,
    "doubled": 100000000,
    "split": 0,
    "insured": 0,
    "surrender": 0
  }
}
