{
  "rounds": 100000000,
  "rules": {
    "game_type": "ahc",
    "soft17": "h17",
    "das": true,
    "double_down": "any_two",
    "surrender": "no_surrender",
    "play_ace_pairs": false,
    "max_splits": 4,
    "decks": 6,
    "penetration_cards": 46
  },
  "ev": 0.40713043999999987,
  "stddev": 1.878636878196086,
  "winning_distrib": {
    "-2.0": 36009635,
    "+0.0": 7624208,
    "+2.0": 56366157
  },
  "hands": {
    "total": 100000000,
    "won": 56366157,
    "lost": 36009635,
    "push": 7624208,
    "busted": 0,
    "blackjack": 0,
    "doubled": 100000000,
    "split": 0,
    "insured": 0,
    "surrender": 0
  }
}
