{
  "rounds": 100000000,
  "rules": {
    "game_type": "ahc",
    "soft17": "h17",
    "das": true,
    "double_down": "any_two",
    "surrender": "no_surrender",
    "play_ace_pairs": false,
    "max_splits": 4,
    "decks": 6,
    "penetration_cards": 46
  },
  "ev": -0.009802889999999722,
  "stddev": 2.339319659232551,
  "winning_distrib": {
    "-8.0": 893,
    "-7.0": 13732,
    "-6.0": 112683,
    "-5.0": 566920,
    "-4.0": 2869643,
    "-3.0": 11808958,
    "-2.0": 21261301,
    "-1.0": 8370577,
    "+0.0": 13051882,
    "+1.0": 8027705,
    "+2.0": 15752630,
    "+3.0": 13085382,
    "+4.0": 4024627,
    "+5.0": 811307,
    "+6.0": 206961,
    "+7.0": 32010,
    "+8.0": 2789
  },
  "hands": {
    "total": 216706674,
    "won": 96839059,
    "lost": 107401037,
    "push": 12466578,
    "busted": 24979462,
    "blackjack": 0,
    "doubled": 54045940,
    "split": 216706674,
    "insured": 0,
    "surrender": 0
  }
}
