{
  "rounds": 100000000,
  "rules": {
    "game_type": "ahc",
    "soft17": "s17",
    "das": false,
    "double_down": "any_two",
    "surrender": "no_surrender",
    "play_ace_pairs": false,
    "max_splits": 4,
    "decks": 6,
    "penetration_cards": 46
  },
  "ev": -0.9268056000000091,
  "stddev": 1.7171281516805703,
  "winning_distrib": {
    "-2.0": 70763861,
    "+0.0": 4812558,
    "+2.0": 24423581
  },
  "hands": {
    "total": 100000000,
    "won": 24423581,
    "lost": 70763861,
    "push": 4812558,
    "busted": 61513423,
    "blackjack": 0,
    "doubled": 100000000,
    "split": 0,
    "insured": 0,
    "surrender": 0
  }
}
