{
  "rounds": 100000000,
  "rules": {
    "game_type": "ahc",
    "soft17": "s17",
    "das": true,
    "bj_pays": 1.5,
    "double_down": "any_two",
    "surrender": "early_surrender",
    "play_ace_pairs": false,
    "max_splits": 4,
    "decks": 6,
    "penetration_cards": 250
  },
  "ev": -1.3121726900000203,
  "stddev": 1.114373920206535,
  "winning_distrib": {
    "-2.0": 57604480,
    "-1.0": 32653779,
    "+0.0": 1419006,
    "+2.0": 8322735
  },
  "hands": {
    "total": 100000000,
    "won": 8322735,
    "lost": 90258259,
    "push": 1419006,
    "busted": 57191898,
    "blackjack": 0,
    "doubled": 67346221,
    "split": 0,
    "insured": 0,
    "surrender": 0
  }
}
