{
  "rounds": 100000000,
  "rules": {
    "game_type": "ahc",
    "soft17": "s17",
    "das": true,
    "bj_pays": 1.5,
    "double_down": "any_two",
    "surrender": "early_surrender",
    "play_ace_pairs": false,
    "max_splits": 4,
    "decks": 6,
    "penetration_cards": 250
  },
  "ev": -0.328877219999997,
  "stddev": 1.9303888135370697,
  "winning_distrib": {
    "-2.0": 56153945,
    "+0.0": 4135971,
    "+2.0": 39710084
  },
  "hands": {
    "total": 100000000,
    "won": 39710084,
    "lost": 56153945,
    "push": 4135971,
    "busted": 33337369,
    "blackjack": 0,
    "doubled": 100000000,
    "split": 0,
    "insured": 0,
    "surrender": 0
  }
}
