{
  "rounds": 100000000,
  "rules": {
    "game_type": "ahc",
    "soft17": "s17",
    "das": true,
    "bj_pays": 1.5,
    "double_down": "any_two",
    "surrender": "early_surrender",
    "play_ace_pairs": false,
    "max_splits": 4,
    "decks": 6,
    "penetration_cards": 250
  },
  "ev": 0.2952459099999971,
  "stddev": 0.9178493291672416,
  "winning_distrib": {
    "-1.0": 31718581,
    "+0.0": 7038247,
    "+1.0": 61243172
  },
  "hands": {
    "total": 100000000,
    "won": 61243172,
    "lost": 31718581,
    "push": 7038247,
    "busted": 0,
    "blackjack": 0,
    "doubled": 0,
    "split": 0,
    "insured": 0,
    "surrender": 0
  }
}
