{
  "rounds": 100000000,
  "rules": {
    "game_type": "enhc",
    "soft17": "h17",
    "das": true,
    "bj_pays": 1.5,
    "double_down": "any_two",
    "surrender": "no_surrender",
    "play_ace_pairs": false,
    "max_splits": 4,
    "decks": 6,
    "penetration_cards": 250
  },
  "ev": -0.30732288000000796,
  "stddev": 0.9004126251535687,
  "winning_distrib": {
    "-1.0": 60625656,
    "+0.0": 9480976,
    "+1.0": 29893368
  },
  "hands": {
    "total": 100000000,
    "won": 29893368,
    "lost": 60625656,
    "push": 9480976,
    "busted": 24480774,
    "blackjack": 0,
    "doubled": 0,
    "split": 0,
    "insured": 0,
    "surrender": 0
  }
}
