{
  "rounds": 100000000,
  "rules": {
    "game_type": "ahc",
    "soft17": "s17",
    "das": true,
    "bj_pays": 1.5,
    "double_down": "any_two",
    "surrender": "early_surrender",
    "play_ace_pairs": false,
    "max_splits": 4,
    "decks": 6,
    "penetration_cards": 250
  },
  "ev": -0.9725131900000009,
  "stddev": 1.4117219220532116,
  "winning_distrib": {
    "-2.0": 50169744,
    "-1.0": 29006251,
    "+0.0": 4776795,
    "+2.0": 16047210
  },
  "hands": {
    "total": 100000000,
    "won": 16047210,
    "lost": 79175995,
    "push": 4776795,
    "busted": 37672363,
    "blackjack": 0,
    "doubled": 70993749,
    "split": 0,
    "insured": 0,
    "surrender": 0
  }
}
