{
  "rounds": 100000000,
  "rules": {
    "game_type": "enhc",
    "soft17": "s17",
    "das": true,
    "double_down": "any_two",
    "surrender": "no_surrender",
    "play_ace_pairs": false,
    "max_splits": 4,
    "decks": 6,
    "penetration_cards": 46
  },
  "ev": 0.14936647000000547,
  "stddev": 0.9202937770674808,
  "winning_distrib": {
    "-1.0": 35994225,
    "+0.0": 13074903,
    "+1.0": 50930872
  },
  "hands": {
    "total": 100000000,
    "won": 50930872,
    "lost": 35994225,
    "push": 13074903,
    "busted": 0,
    "blackjack": 0,
    "doubled": 0,
    "split": 0,
    "insured": 0,
    "surrender": 0
  }
}
