{
  "rounds": 100000000,
  "rules": {
    "game_type": "ahc",
    "soft17": "s17",
    "das": true,
    "bj_pays": 1.5,
    "double_down": "any_two",
    "surrender": "early_surrender",
    "play_ace_pairs": false,
    "max_splits": 4,
    "decks": 6,
    "penetration_cards": 250
  },
  "ev": 0.7832908399999888,
  "stddev": 1.76699758098158,
  "winning_distrib": {
    "-2.0": 27115541,
    "+0.0": 6604376,
    "+2.0": 66280083
  },
  "hands": {
    "total": 100000000,
    "won": 66280083,
    "lost": 27115541,
    "push": 6604376,
    "busted": 0,
    "blackjack": 0,
    "doubled": 100000000,
    "split": 0,
    "insured": 0,
    "surrender": 0
  }
}
