{
  "rounds": 100000000,
  "rules": {
    "game_type": "enhc",
    "soft17": "h17",
    "das": true,
    "double_down": "any_two",
    "surrender": "no_surrender",
    "play_ace_pairs": false,
    "max_splits": 4,
    "decks": 6,
    "penetration_cards": 46
  },
  "ev": -0.45356833999999724,
  "stddev": 1.8863541121785694,
  "winning_distrib": {
    "-2.0": 58389909,
    "+0.0": 5898599,
    "+2.0": 35711492
  },
  "hands": {
    "total": 100000000,
    "won": 35711492,
    "lost": 58389909,
    "push": 5898599,
    "busted": 0,
    "blackjack": 0,
    "doubled": 100000000,
    "split": 0,
    "insured": 0,
    "surrender": 0
  }
}
