{
  "rounds": 100000000,
  "rules": {
    "game_type": "ahc",
    "soft17": "s17",
    "das": true,
    "bj_pays": 1.5,
    "double_down": "any_two",
    "surrender": "early_surrender",
    "play_ace_pairs": false,
    "max_splits": 4,
    "decks": 6,
    "penetration_cards": 250
  },
  "ev": -0.32859360000000676,
  "stddev": 1.8775663933111857,
  "winning_distrib": {
    "-2.0": 53630206,
    "+0.0": 9169268,
    "+2.0": 37200526
  },
  "hands": {
    "total": 100000000,
    "won": 37200526,
    "lost": 53630206,
    "push": 9169268,
    "busted": 0,
    "blackjack": 0,
    "doubled": 100000000,
    "split": 0,
    "insured": 0,
    "surrender": 0
  }
}
