{
  "rounds": 100000000,
  "rules": {
    "game_type": "ahc",
    "soft17": "s17",
    "das": true,
    "bj_pays": 1.5,
    "double_down": "any_two",
    "surrender": "early_surrender",
    "play_ace_pairs": false,
    "max_splits": 4,
    "decks": 6,
    "penetration_cards": 250
  },
  "ev": 0.32539441999998775,
  "stddev": 1.8954041646462392,
  "winning_distrib": {
    "-2.0": 38095620,
    "+0.0": 7539039,
    "+2.0": 54365341
  },
  "hands": {
    "total": 100000000,
    "won": 54365341,
    "lost": 38095620,
    "push": 7539039,
    "busted": 0,
    "blackjack": 0,
    "doubled": 100000000,
    "split": 0,
    "insured": 0,
    "surrender": 0
  }
}
