{
  "rounds": 100000000,
  "rules": {
    "game_type": "ahc",
    "soft17": "s17",
    "das": true,
    "bj_pays": 1.5,
    "double_down": "any_two",
    "surrender": "early_surrender",
    "play_ace_pairs": false,
    "max_splits": 4,
    "decks": 6,
    "penetration_cards": 250
  },
  "ev": 0.026240570000000372,
  "stddev": 0.956545572168866,
  "winning_distrib": {
    "-1.0": 44471371,
    "+0.0": 8433201,
    "+1.0": 47095428
  },
  "hands": {
    "total": 100000000,
    "won": 47095428,
    "lost": 44471371,
    "push": 8433201,
    "busted": 2266335,
    "blackjack": 0,
    "doubled": 0,
    "split": 0,
    "insured": 0,
    "surrender": 0
  }
}
