{
  "rounds": 100000000,
  "rules": {
    "game_type": "ahc",
    "soft17": "s17",
    "das": true,
    "bj_pays": 1.5,
    "double_down": "any_two",
    "surrender": "early_surrender",
    "play_ace_pairs": false,
    "max_splits": 4,
    "decks": 6,
    "penetration_cards": 250
  },
  "ev": -0.8074623000000031,
  "stddev": 1.7600672671966593,
  "winning_distrib": {
    "-2.0": 67059459,
    "+0.0": 6254197,
    "+2.0": 26686344
  },
  "hands": {
    "total": 100000000,
    "won": 26686344,
    "lost": 67059459,
    "push": 6254197,
    "busted": 44388957,
    "blackjack": 0,
    "doubled": 100000000,
    "split": 0,
    "insured": 0,
    "surrender": 0
  }
}
