{
  "rounds": 100000000,
  "rules": {
    "game_type": "enhc",
    "soft17": "s17",
    "das": false,
    "double_down": "any_two",
    "surrender": "no_surrender",
    "play_ace_pairs": false,
    "max_splits": 4,
    "decks": 6,
    "penetration_cards": 46
  },
  "ev": -0.8928100799999943,
  "stddev": 1.7275706037367315,
  "winning_distrib": {
    "-2.0": 69590377,
    "+0.0": 5459750,
    "+2.0": 24949873
  },
  "hands": {
    "total": 100000000,
    "won": 24949873,
    "lost": 69590377,
    "push": 5459750,
    "busted": 30876907,
    "blackjack": 0,
    "doubled": 100000000,
    "split": 0,
    "insured": 0,
    "surrender": 0
  }
}
