{
  "rounds": 100000000,
  "rules": {
    "game_type": "ahc",
    "soft17": "s17",
    "das": true,
    "bj_pays": 1.5,
    "double_down": "any_two",
    "surrender": "early_surrender",
    "play_ace_pairs": false,
    "max_splits": 4,
    "decks": 6,
    "penetration_cards": 250
  },
  "ev": -1.1165306000000783,
  "stddev": 1.6221946632814483,
  "winning_distrib": {
    "-2.0": 76390216,
    "+0.0": 3046098,
    "+2.0": 20563686
  },
  "hands": {
    "total": 100000000,
    "won": 20563686,
    "lost": 76390216,
    "push": 3046098,
    "busted": 71657232,
    "blackjack": 0,
    "doubled": 100000000,
    "split": 0,
    "insured": 0,
    "surrender": 0
  }
}
