{
  "rounds": 100000000,
  "rules": {
    "game_type": "ahc",
    "soft17": "s17",
    "das": true,
    "bj_pays": 1.5,
    "double_down": "any_two",
    "surrender": "early_surrender",
    "play_ace_pairs": false,
    "max_splits": 4,
    "decks": 6,
    "penetration_cards": 250
  },
  "ev": 0.15548734000000192,
  "stddev": 0.9222766697719724,
  "winning_distrib": {
    "-1.0": 35964161,
    "+0.0": 12522944,
    "+1.0": 51512895
  },
  "hands": {
    "total": 100000000,
    "won": 51512895,
    "lost": 35964161,
    "push": 12522944,
    "busted": 0,
    "blackjack": 0,
    "doubled": 0,
    "split": 0,
    "insured": 0,
    "surrender": 0
  }
}
