{
  "rounds": 100000000,
  "rules": {
    "game_type": "enhc",
    "soft17": "s17",
    "das": true,
    "double_down": "any_two",
    "surrender": "no_surrender",
    "play_ace_pairs": false,
    "max_splits": 4,
    "decks": 6,
    "penetration_cards": 46
  },
  "ev": 0.36556174000000624,
  "stddev": 1.8846814186404106,
  "winning_distrib": {
    "-2.0": 36931699,
    "+0.0": 7858515,
    "+2.0": 55209786
  },
  "hands": {
    "total": 100000000,
    "won": 55209786,
    "lost": 36931699,
    "push": 7858515,
    "busted": 0,
    "blackjack": 0,
    "doubled": 100000000,
    "split": 0,
    "insured": 0,
    "surrender": 0
  }
}
