{
  "rounds": 100000000,
  "rules": {
    "game_type": "ahc",
    "soft17": "s17",
    "das": true,
    "bj_pays": 1.5,
    "double_down": "any_two",
    "surrender": "early_surrender",
    "play_ace_pairs": false,
    "max_splits": 4,
    "decks": 6,
    "penetration_cards": 250
  },
  "ev": -0.3265593400000023,
  "stddev": 0.8943605679241277,
  "winning_distrib": {
    "-1.0": 61654058,
    "+0.0": 9347818,
    "+1.0": 28998124
  },
  "hands": {
    "total": 100000000,
    "won": 28998124,
    "lost": 61654058,
    "push": 9347818,
    "busted": 14305401,
    "blackjack": 0,
    "doubled": 0,
    "split": 0,
    "insured": 0,
    "surrender": 0
  }
}
