{
  "rounds": 100000000,
  "rules": {
    "game_type": "ahc",
    "soft17": "h17",
    "das": false,
    "double_down": "any_two",
    "surrender": "no_surrender",
    "play_ace_pairs": false,
    "max_splits": 4,
    "decks": 6,
    "penetration_cards": 46
  },
  "ev": 0.07651984000000005,
  "stddev": 1.9444942869283566,
  "winning_distrib": {
    "-2.0": 45423420,
    "+0.0": 5327168,
    "+2.0": 49249412
  },
  "hands": {
    "total": 100000000,
    "won": 49249412,
    "lost": 45423420,
    "push": 5327168,
    "busted": 0,
    "blackjack": 0,
    "doubled": 100000000,
    "split": 0,
    "insured": 0,
    "surrender": 0
  }
}
