{
  "rounds": 100000000,
  "rules": {
    "game_type": "ahc",
    "soft17": "s17",
    "das": true,
    "bj_pays": 1.5,
    "double_down": "any_two",
    "surrender": "early_surrender",
    "play_ace_pairs": false,
    "max_splits": 4,
    "decks": 6,
    "penetration_cards": 250
  },
  "ev": 0.3772382700000046,
  "stddev": 0.8515446699373487,
  "winning_distrib": {
    "-1.0": 24509938,
    "+0.0": 13256297,
    "+1.0": 62233765
  },
  "hands": {
    "total": 100000000,
    "won": 62233765,
    "lost": 24509938,
    "push": 13256297,
    "busted": 0,
    "blackjack": 0,
    "doubled": 0,
    "split": 0,
    "insured": 0,
    "surrender": 0
  }
}
