{
  "rounds": 100000000,
  "rules": {
    "game_type": "enhc",
    "soft17": "s17",
    "das": false,
    "double_down": "any_two",
    "surrender": "no_surrender",
    "play_ace_pairs": false,
    "max_splits": 4,
    "decks": 6,
    "penetration_cards": 46
  },
  "ev": -1.0483947200000168,
  "stddev": 1.6508825695155378,
  "winning_distrib": {
    "-2.0": 74016677,
    "+0.0": 4386382,
    "+2.0": 21596941
  },
  "hands": {
    "total": 100000000,
    "won": 21596941,
    "lost": 74016677,
    "push": 4386382,
    "busted": 0,
    "blackjack": 0,
    "doubled": 100000000,
    "split": 0,
    "insured": 0,
    "surrender": 0
  }
}
