{
  "rounds": 100000000,
  "rules": {
    "game_type": "ahc",
    "soft17": "h17",
    "das": true,
    "double_down": "any_two",
    "surrender": "no_surrender",
    "play_ace_pairs": false,
    "max_splits": 4,
    "decks": 6,
    "penetration_cards": 46
  },
  "ev": 0.6775822399999933,
  "stddev": 0.6561516077416317,
  "winning_distrib": {
    "-1.0": 10603519,
    "+0.0": 11034738,
    "+1.0": 78361743
  },
  "hands": {
    "total": 100000000,
    "won": 78361743,
    "lost": 10603519,
    "push": 11034738,
    "busted": 0,
    "blackjack": 0,
    "doubled": 0,
    "split": 0,
    "insured": 0,
    "surrender": 0
  }
}
