{
  "rounds": 100000000,
  "rules": {
    "game_type": "enhc",
    "soft17": "s17",
    "das": false,
    "double_down": "any_two",
    "surrender": "no_surrender",
    "play_ace_pairs": false,
    "max_splits": 4,
    "decks": 6,
    "penetration_cards": 46
  },
  "ev": 0.5239952200000013,
  "stddev": 1.8553265059928037,
  "winning_distrib": {
    "-2.0": 33360212,
    "+0.0": 7079815,
    "+2.0": 59559973
  },
  "hands": {
    "total": 100000000,
    "won": 59559973,
    "lost": 33360212,
    "push": 7079815,
    "busted": 0,
    "blackjack": 0,
    "doubled": 100000000,
    "split": 0,
    "insured": 0,
    "surrender": 0
  }
}
