{
  "rounds": 100000000,
  "rules": {
    "game_type": "ahc",
    "soft17": "s17",
    "das": true,
    "bj_pays": 1.5,
    "double_down": "any_two",
    "surrender": "early_surrender",
    "play_ace_pairs": false,
    "max_splits": 4,
    "decks": 6,
    "penetration_cards": 250
  },
  "ev": 0.4135742700000006,
  "stddev": 0.8718636939312379,
  "winning_distrib": {
    "-1.0": 25880785,
    "+0.0": 6881003,
    "+1.0": 67238212
  },
  "hands": {
    "total": 100000000,
    "won": 67238212,
    "lost": 25880785,
    "push": 6881003,
    "busted": 0,
    "blackjack": 0,
    "doubled": 0,
    "split": 0,
    "insured": 0,
    "surrender": 0
  }
}
