{
  "rounds": 100000000,
  "rules": {
    "game_type": "ahc",
    "soft17": "s17",
    "das": true,
    "bj_pays": 1.5,
    "double_down": "any_two",
    "surrender": "early_surrender",
    "play_ace_pairs": false,
    "max_splits": 4,
    "decks": 6,
    "penetration_cards": 250
  },
  "ev": 0.23938579999999993,
  "stddev": 1.9020817424436658,
  "winning_distrib": {
    "-2.0": 39955611,
    "+0.0": 8119488,
    "+2.0": 51924901
  },
  "hands": {
    "total": 100000000,
    "won": 51924901,
    "lost": 39955611,
    "push": 8119488,
    "busted": 0,
    "blackjack": 0,
    "doubled": 100000000,
    "split": 0,
    "insured": 0,
    "surrender": 0
  }
}
