{
  "rounds": 100000000,
  "rules": {
    "game_type": "ahc",
    "soft17": "s17",
    "das": true,
    "bj_pays": 1.5,
    "double_down": "any_two",
    "surrender": "early_surrender",
    "play_ace_pairs": false,
    "max_splits": 4,
    "decks": 6,
    "penetration_cards": 250
  },
  "ev": -0.07590421000000327,
  "stddev": 0.977251927833615,
  "winning_distrib": {
    "-1.0": 51834349,
    "+0.0": 3921723,
    "+1.0": 44243928
  },
  "hands": {
    "total": 100000000,
    "won": 44243928,
    "lost": 51834349,
    "push": 3921723,
    "busted": 3908939,
    "blackjack": 0,
    "doubled": 0,
    "split": 0,
    "insured": 0,
    "surrender": 0
  }
}
