{
  "rounds": 100000000,
  "rules": {
    "game_type": "ahc",
    "soft17": "s17",
    "das": true,
    "bj_pays": 1.5,
    "double_down": "any_two",
    "surrender": "early_surrender",
    "play_ace_pairs": false,
    "max_splits": 4,
    "decks": 6,
    "penetration_cards": 250
  },
  "ev": -0.5833519600000003,
  "stddev": 1.5526685914489238,
  "winning_distrib": {
    "-2.0": 36973383,
    "-1.0": 31997084,
    "+0.0": 7225206,
    "+2.0": 23804327
  },
  "hands": {
    "total": 100000000,
    "won": 23804327,
    "lost": 68970467,
    "push": 7225206,
    "busted": 0,
    "blackjack": 0,
    "doubled": 68002916,
    "split": 0,
    "insured": 0,
    "surrender": 0
  }
}
