{
  "rounds": 100000000,
  "rules": {
    "game_type": "ahc",
    "soft17": "s17",
    "das": true,
    "bj_pays": 1.5,
    "double_down": "any_two",
    "surrender": "early_surrender",
    "play_ace_pairs": false,
    "max_splits": 4,
    "decks": 6,
    "penetration_cards": 250
  },
  "ev": 0.2272246299999999,
  "stddev": 0.9350574454356655,
  "winning_distrib": {
    "-1.0": 34936941,
    "+0.0": 7403655,
    "+1.0": 57659404
  },
  "hands": {
    "total": 100000000,
    "won": 57659404,
    "lost": 34936941,
    "push": 7403655,
    "busted": 0,
    "blackjack": 0,
    "doubled": 0,
    "split": 0,
    "insured": 0,
    "surrender": 0
  }
}
