{
  "rounds": 100000000,
  "rules": {
    "game_type": "ahc",
    "soft17": "s17",
    "das": true,
    "bj_pays": 1.5,
    "double_down": "any_two",
    "surrender": "early_surrender",
    "play_ace_pairs": false,
    "max_splits": 4,
    "decks": 6,
    "penetration_cards": 250
  },
  "ev": -0.6486310900000163,
  "stddev": 0.7284860358252151,
  "winning_distrib": {
    "-1.0": 80002264,
    "+0.0": 4858581,
    "+1.0": 15139155
  },
  "hands": {
    "total": 100000000,
    "won": 15139155,
    "lost": 80002264,
    "push": 4858581,
    "busted": 60325253,
    "blackjack": 0,
    "doubled": 0,
    "split": 0,
    "insured": 0,
    "surrender": 0
  }
}
