{
  "rounds": 100000000,
  "rules": {
    "game_type": "ahc",
    "soft17": "s17",
    "das": true,
    "bj_pays": 1.5,
    "double_down": "any_two",
    "surrender": "early_surrender",
    "play_ace_pairs": false,
    "max_splits": 4,
    "decks": 6,
    "penetration_cards": 250
  },
  "ev": -1.0465925999999253,
  "stddev": 1.6620093733935328,
  "winning_distrib": {
    "-2.0": 74385205,
    "+0.0": 3559220,
    "+2.0": 22055575
  },
  "hands": {
    "total": 100000000,
    "won": 22055575,
    "lost": 74385205,
    "push": 3559220,
    "busted": 69232114,
    "blackjack": 0,
    "doubled": 100000000,
    "split": 0,
    "insured": 0,
    "surrender": 0
  }
}
