{
  "rounds": 100000000,
  "rules": {
    "game_type": "ahc",
    "soft17": "h17",
    "das": false,
    "double_down": "any_two",
    "surrender": "no_surrender",
    "play_ace_pairs": false,
    "max_splits": 4,
    "decks": 6,
    "penetration_cards": 46
  },
  "ev": -0.3008966099999962,
  "stddev": 1.4082674390621517,
  "winning_distrib": {
    "-2.0": 30575534,
    "-1.0": 9451666,
    "+0.0": 37014086,
    "+1.0": 5404355,
    "+2.0": 17554359
  },
  "hands": {
    "total": 200000000,
    "won": 76581590,
    "lost": 106671251,
    "push": 16747159,
    "busted": 87829233,
    "blackjack": 0,
    "doubled": 0,
    "split": 200000000,
    "insured": 0,
    "surrender": 0
  }
}
