{
  "rounds": 100000000,
  "rules": {
    "game_type": "ahc",
    "soft17": "h17",
    "das": true,
    "double_down": "any_two",
    "surrender": "no_surrender",
    "play_ace_pairs": false,
    "max_splits": 4,
    "decks": 6,
    "penetration_cards": 46
  },
  "ev": -0.9981788599999927,
  "stddev": 1.7216187014228292,
  "winning_distrib": {
    "-2.0": 74458621,
    "+0.0": 991701,
    "+2.0": 24549678
  },
  "hands": {
    "total": 100000000,
    "won": 24549678,
    "lost": 74458621,
    "push": 991701,
    "busted": 0,
    "blackjack": 0,
    "doubled": 100000000,
    "split": 0,
    "insured": 0,
    "surrender": 0
  }
}
