{
  "rounds": 100000000,
  "rules": {
    "game_type": "ahc",
    "soft17": "h17",
    "das": false,
    "double_down": "any_two",
    "surrender": "no_surrender",
    "play_ace_pairs": false,
    "max_splits": 4,
    "decks": 6,
    "penetration_cards": 46
  },
  "ev": -0.28383062000000314,
  "stddev": 0.9081380772754665,
  "winning_distrib": {
    "-1.0": 59455260,
    "+0.0": 9472542,
    "+1.0": 31072198
  },
  "hands": {
    "total": 100000000,
    "won": 31072198,
    "lost": 59455260,
    "push": 9472542,
    "busted": 14658281,
    "blackjack": 0,
    "doubled": 0,
    "split": 0,
    "insured": 0,
    "surrender": 0
  }
}
