{
  "rounds": 100000000,
  "rules": {
    "game_type": "ahc",
    "soft17": "s17",
    "das": true,
    "bj_pays": 1.5,
    "double_down": "any_two",
    "surrender": "early_surrender",
    "play_ace_pairs": false,
    "max_splits": 4,
    "decks": 6,
    "penetration_cards": 250
  },
  "ev": -0.18002089999999918,
  "stddev": 0.9591177533349401,
  "winning_distrib": {
    "-1.0": 56616764,
    "+0.0": 4768562,
    "+1.0": 38614674
  },
  "hands": {
    "total": 100000000,
    "won": 38614674,
    "lost": 56616764,
    "push": 4768562,
    "busted": 28999303,
    "blackjack": 0,
    "doubled": 0,
    "split": 0,
    "insured": 0,
    "surrender": 0
  }
}
