{
  "rounds": 100000000,
  "rules": {
    "game_type": "ahc",
    "soft17": "s17",
    "das": true,
    "bj_pays": 1.5,
    "double_down": "any_two",
    "surrender": "early_surrender",
    "play_ace_pairs": false,
    "max_splits": 4,
    "decks": 6,
    "penetration_cards": 250
  },
  "ev": 0.291730019999997,
  "stddev": 0.9031261947187544,
  "winning_distrib": {
    "-1.0": 30450665,
    "+0.0": 9925668,
    "+1.0": 59623667
  },
  "hands": {
    "total": 100000000,
    "won": 59623667,
    "lost": 30450665,
    "push": 9925668,
    "busted": 21276206,
    "blackjack": 0,
    "doubled": 0,
    "split": 0,
    "insured": 0,
    "surrender": 0
  }
}
