{
  "rounds": 100000000,
  "rules": {
    "game_type": "enhc",
    "soft17": "s17",
    "das": false,
    "double_down": "any_two",
    "surrender": "no_surrender",
    "play_ace_pairs": false,
    "max_splits": 4,
    "decks": 6,
    "penetration_cards": 46
  },
  "ev": -0.5355416399999937,
  "stddev": 1.8678408890251799,
  "winning_distrib": {
    "-2.0": 60583971,
    "+0.0": 5609140,
    "+2.0": 33806889
  },
  "hands": {
    "total": 100000000,
    "won": 33806889,
    "lost": 60583971,
    "push": 5609140,
    "busted": 0,
    "blackjack": 0,
    "doubled": 100000000,
    "split": 0,
    "insured": 0,
    "surrender": 0
  }
}
