{
  "rounds": 100000000,
  "rules": {
    "game_type": "ahc",
    "soft17": "s17",
    "das": true,
    "bj_pays": 1.5,
    "double_down": "any_two",
    "surrender": "early_surrender",
    "play_ace_pairs": false,
    "max_splits": 4,
    "decks": 6,
    "penetration_cards": 250
  },
  "ev": -0.2578588700000051,
  "stddev": 0.9242131906135266,
  "winning_distrib": {
    "-1.0": 58926004,
    "+0.0": 7933879,
    "+1.0": 33140117
  },
  "hands": {
    "total": 100000000,
    "won": 33140117,
    "lost": 58926004,
    "push": 7933879,
    "busted": 47338745,
    "blackjack": 0,
    "doubled": 0,
    "split": 0,
    "insured": 0,
    "surrender": 0
  }
}
