{
  "rounds": 100000000,
  "rules": {
    "game_type": "ahc",
    "soft17": "s17",
    "das": true,
    "bj_pays": 1.5,
    "double_down": "any_two",
    "surrender": "early_surrender",
    "play_ace_pairs": false,
    "max_splits": 4,
    "decks": 6,
    "penetration_cards": 250
  },
  "ev": 0.08198268999999962,
  "stddev": 0.9574249723644161,
  "winning_distrib": {
    "-1.0": 42070052,
    "+0.0": 7661627,
    "+1.0": 50268321
  },
  "hands": {
    "total": 100000000,
    "won": 50268321,
    "lost": 42070052,
    "push": 7661627,
    "busted": 10825938,
    "blackjack": 0,
    "doubled": 0,
    "split": 0,
    "insured": 0,
    "surrender": 0
  }
}
