{
  "rounds": 100000000,
  "rules": {
    "game_type": "ahc",
    "soft17": "s17",
    "das": true,
    "bj_pays": 1.5,
    "double_down": "any_two",
    "surrender": "early_surrender",
    "play_ace_pairs": false,
    "max_splits": 4,
    "decks": 6,
    "penetration_cards": 250
  },
  "ev": 0.049802159999999304,
  "stddev": 0.9713873245494218,
  "winning_distrib": {
    "-1.0": 44813571,
    "+0.0": 5392642,
    "+1.0": 49793787
  },
  "hands": {
    "total": 100000000,
    "won": 49793787,
    "lost": 44813571,
    "push": 5392642,
    "busted": 3055491,
    "blackjack": 0,
    "doubled": 0,
    "split": 0,
    "insured": 0,
    "surrender": 0
  }
}
