{
  "rounds": 100000000,
  "rules": {
    "game_type": "ahc",
    "soft17": "s17",
    "das": true,
    "bj_pays": 1.5,
    "double_down": "any_two",
    "surrender": "early_surrender",
    "play_ace_pairs": false,
    "max_splits": 4,
    "decks": 6,
    "penetration_cards": 250
  },
  "ev": 0.5353547899999963,
  "stddev": 1.4198145368261517,
  "winning_distrib": {
    "-2.0": 13571160,
    "-1.0": 7791449,
    "+0.0": 30019377,
    "+1.0": 8766780,
    "+2.0": 39851234
  },
  "hands": {
    "total": 200000000,
    "won": 116761331,
    "lost": 63225852,
    "push": 20012817,
    "busted": 41805017,
    "blackjack": 0,
    "doubled": 0,
    "split": 200000000,
    "insured": 0,
    "surrender": 0
  }
}
