{
  "rounds": 100000000,
  "rules": {
    "game_type": "ahc",
    "soft17": "s17",
    "das": true,
    "bj_pays": 1.5,
    "double_down": "any_two",
    "surrender": "early_surrender",
    "play_ace_pairs": false,
    "max_splits": 4,
    "decks": 6,
    "penetration_cards": 250
  },
  "ev": 0.6711461499999956,
  "stddev": 0.6963022477262004,
  "winning_distrib": {
    "-1.0": 13206391,
    "+0.0": 6472603,
    "+1.0": 80321006
  },
  "hands": {
    "total": 100000000,
    "won": 80321006,
    "lost": 13206391,
    "push": 6472603,
    "busted": 0,
    "blackjack": 0,
    "doubled": 0,
    "split": 0,
    "insured": 0,
    "surrender": 0
  }
}
