{
  "rounds": 100000000,
  "rules": {
    "game_type": "ahc",
    "soft17": "h17",
    "das": false,
    "double_down": "any_two",
    "surrender": "no_surrender",
    "play_ace_pairs": false,
    "max_splits": 4,
    "decks": 6,
    "penetration_cards": 46
  },
  "ev": 0.6775988200000116,
  "stddev": 0.6561811209112491,
  "winning_distrib": {
    "-1.0": 10605750,
    "+0.0": 11028618,
    "+1.0": 78365632
  },
  "hands": {
    "total": 100000000,
    "won": 78365632,
    "lost": 10605750,
    "push": 11028618,
    "busted": 0,
    "blackjack": 0,
    "doubled": 0,
    "split": 0,
    "insured": 0,
    "surrender": 0
  }
}
