{
  "rounds": 100000000,
  "rules": {
    "game_type": "enhc",
    "soft17": "h17",
    "das": true,
    "double_down": "any_two",
    "surrender": "no_surrender",
    "play_ace_pairs": false,
    "max_splits": 4,
    "decks": 6,
    "penetration_cards": 46
  },
  "ev": -0.7509516400000255,
  "stddev": 0.6396663962355865,
  "winning_distrib": {
    "-1.0": 86202655,
    "+0.0": 2689854,
    "+1.0": 11107491
  },
  "hands": {
    "total": 100000000,
    "won": 11107491,
    "lost": 86202655,
    "push": 2689854,
    "busted": 76978571,
    "blackjack": 0,
    "doubled": 0,
    "split": 0,
    "insured": 0,
    "surrender": 0
  }
}
