{
  "rounds": 100000000,
  "rules": {
    "game_type": "ahc",
    "soft17": "s17",
    "das": true,
    "bj_pays": 1.5,
    "double_down": "any_two",
    "surrender": "early_surrender",
    "play_ace_pairs": false,
    "max_splits": 4,
    "decks": 6,
    "penetration_cards": 250
  },
  "ev": 0.24203941999999687,
  "stddev": 0.9315356825391227,
  "winning_distrib": {
    "-1.0": 34215119,
    "+0.0": 7365820,
    "+1.0": 58419061
  },
  "hands": {
    "total": 100000000,
    "won": 58419061,
    "lost": 34215119,
    "push": 7365820,
    "busted": 0,
    "blackjack": 0,
    "doubled": 0,
    "split": 0,
    "insured": 0,
    "surrender": 0
  }
}
