{
  "rounds": 100000000,
  "rules": {
    "game_type": "ahc",
    "soft17": "s17",
    "das": true,
    "bj_pays": 1.5,
    "double_down": "any_two",
    "surrender": "early_surrender",
    "play_ace_pairs": false,
    "max_splits": 4,
    "decks": 6,
    "penetration_cards": 250
  },
  "ev": -0.3115727000000011,
  "stddev": 0.9145755195604116,
  "winning_distrib": {
    "-1.0": 62254931,
    "+0.0": 6647408,
    "+1.0": 31097661
  },
  "hands": {
    "total": 100000000,
    "won": 31097661,
    "lost": 62254931,
    "push": 6647408,
    "busted": 54673518,
    "blackjack": 0,
    "doubled": 0,
    "split": 0,
    "insured": 0,
    "surrender": 0
  }
}
