{
  "rounds": 100000000,
  "rules": {
    "game_type": "enhc",
    "soft17": "s17",
    "das": true,
    "double_down": "any_two",
    "surrender": "no_surrender",
    "play_ace_pairs": false,
    "max_splits": 4,
    "decks": 6,
    "penetration_cards": 46
  },
  "ev": -0.30765244999999924,
  "stddev": 0.9003211583178361,
  "winning_distrib": {
    "-1.0": 60644033,
    "+0.0": 9477179,
    "+1.0": 29878788
  },
  "hands": {
    "total": 100000000,
    "won": 29878788,
    "lost": 60644033,
    "push": 9477179,
    "busted": 24479578,
    "blackjack": 0,
    "doubled": 0,
    "split": 0,
    "insured": 0,
    "surrender": 0
  }
}
