{
  "rounds": 100000000,
  "rules": {
    "game_type": "ahc",
    "soft17": "h17",
    "das": true,
    "double_down": "any_two",
    "surrender": "no_surrender",
    "play_ace_pairs": false,
    "max_splits": 4,
    "decks": 6,
    "penetration_cards": 46
  },
  "ev": -0.9524087600000077,
  "stddev": 1.6255950296124946,
  "winning_distrib": {
    "-2.0": 65286760,
    "-1.0": 7717278,
    "+0.0": 5471001,
    "+2.0": 21524961
  },
  "hands": {
    "total": 100000000,
    "won": 21524961,
    "lost": 73004038,
    "push": 5471001,
    "busted": 42717011,
    "blackjack": 0,
    "doubled": 92282722,
    "split": 0,
    "insured": 0,
    "surrender": 0
  }
}
