{
  "rounds": 100000000,
  "rules": {
    "game_type": "ahc",
    "soft17": "s17",
    "das": true,
    "bj_pays": 1.5,
    "double_down": "any_two",
    "surrender": "early_surrender",
    "play_ace_pairs": false,
    "max_splits": 4,
    "decks": 6,
    "penetration_cards": 250
  },
  "ev": 0.014609219999999706,
  "stddev": 1.949650781217593,
  "winning_distrib": {
    "-2.0": 47151664,
    "+0.0": 4966211,
    "+2.0": 47882125
  },
  "hands": {
    "total": 100000000,
    "won": 47882125,
    "lost": 47151664,
    "push": 4966211,
    "busted": 0,
    "blackjack": 0,
    "doubled": 100000000,
    "split": 0,
    "insured": 0,
    "surrender": 0
  }
}
