{
  "rounds": 100000000,
  "rules": {
    "game_type": "ahc",
    "soft17": "s17",
    "das": true,
    "bj_pays": 1.5,
    "double_down": "any_two",
    "surrender": "early_surrender",
    "play_ace_pairs": false,
    "max_splits": 4,
    "decks": 6,
    "penetration_cards": 250
  },
  "ev": -1.7433252599999591,
  "stddev": 0.9713987272392673,
  "winning_distrib": {
    "-2.0": 93368112,
    "+0.0": 430039,
    "+2.0": 6201849
  },
  "hands": {
    "total": 100000000,
    "won": 6201849,
    "lost": 93368112,
    "push": 430039,
    "busted": 93368112,
    "blackjack": 0,
    "doubled": 100000000,
    "split": 0,
    "insured": 0,
    "surrender": 0
  }
}
