{
  "rounds": 100000000,
  "rules": {
    "game_type": "ahc",
    "soft17": "s17",
    "das": true,
    "bj_pays": 1.5,
    "double_down": "any_two",
    "surrender": "early_surrender",
    "play_ace_pairs": false,
    "max_splits": 4,
    "decks": 6,
    "penetration_cards": 250
  },
  "ev": 0.3111401999999941,
  "stddev": 2.6738574022260706,
  "winning_distrib": {
    "-8.0": 1699,
    "-7.0": 21612,
    "-6.0": 158418,
    "-5.0": 719701,
    "-4.0": 3686290,
    "-3.0": 14144953,
    "-2.0": 21589472,
    "-1.0": 3711673,
    "+0.0": 3080123,
    "+1.0": 5801760,
    "+2.0": 18747036,
    "+3.0": 19282653,
    "+4.0": 7111122,
    "+5.0": 1439704,
    "+6.0": 422731,
    "+7.0": 73064,
    "+8.0": 7989
  },
  "hands": {
    "total": 214890354,
    "won": 110438523,
    "lost": 98923636,
    "push": 5528195,
    "busted": 0,
    "blackjack": 0,
    "doubled": 68968859,
    "split": 214890354,
    "insured": 0,
    "surrender": 0
  }
}
