{
  "rounds": 100000000,
  "rules": {
    "game_type": "ahc",
    "soft17": "s17",
    "das": true,
    "bj_pays": 1.5,
    "double_down": "any_two",
    "surrender": "early_surrender",
    "play_ace_pairs": false,
    "max_splits": 4,
    "decks": 6,
    "penetration_cards": 250
  },
  "ev": -0.20390437000000117,
  "stddev": 0.9299742827322814,
  "winning_distrib": {
    "-1.0": 55516676,
    "+0.0": 9357085,
    "+1.0": 35126239
  },
  "hands": {
    "total": 100000000,
    "won": 35126239,
    "lost": 55516676,
    "push": 9357085,
    "busted": 42146998,
    "blackjack": 0,
    "doubled": 0,
    "split": 0,
    "insured": 0,
    "surrender": 0
  }
}
