{
  "rounds": 100000000,
  "rules": {
    "game_type": "ahc",
    "soft17": "s17",
    "das": true,
    "bj_pays": 1.5,
    "double_down": "any_two",
    "surrender": "early_surrender",
    "play_ace_pairs": false,
    "max_splits": 4,
    "decks": 6,
    "penetration_cards": 250
  },
  "ev": -0.3095269600000099,
  "stddev": 1.9279664255903886,
  "winning_distrib": {
    "-2.0": 55398942,
    "+0.0": 4678464,
    "+2.0": 39922594
  },
  "hands": {
    "total": 100000000,
    "won": 39922594,
    "lost": 55398942,
    "push": 4678464,
    "busted": 29002004,
    "blackjack": 0,
    "doubled": 100000000,
    "split": 0,
    "insured": 0,
    "surrender": 0
  }
}
