{
  "rounds": 100000000,
  "rules": {
    "game_type": "ahc",
    "soft17": "s17",
    "das": true,
    "bj_pays": 1.5,
    "double_down": "any_two",
    "surrender": "early_surrender",
    "play_ace_pairs": false,
    "max_splits": 4,
    "decks": 6,
    "penetration_cards": 250
  },
  "ev": 0.08646140000000034,
  "stddev": 0.9638464066437423,
  "winning_distrib": {
    "-1.0": 42500703,
    "+0.0": 6352454,
    "+1.0": 51146843
  },
  "hands": {
    "total": 100000000,
    "won": 51146843,
    "lost": 42500703,
    "push": 6352454,
    "busted": 0,
    "blackjack": 0,
    "doubled": 0,
    "split": 0,
    "insured": 0,
    "surrender": 0
  }
}
