{
  "rounds": 100000000,
  "rules": {
    "game_type": "ahc",
    "soft17": "h17",
    "das": true,
    "double_down": "any_two",
    "surrender": "no_surrender",
    "play_ace_pairs": false,
    "max_splits": 4,
    "decks": 6,
    "penetration_cards": 46
  },
  "ev": -0.020917140000000313,
  "stddev": 0.974825226775068,
  "winning_distrib": {
    "-1.0": 48581944,
    "+0.0": 4927826,
    "+1.0": 46490230
  },
  "hands": {
    "total": 100000000,
    "won": 46490230,
    "lost": 48581944,
    "push": 4927826,
    "busted": 2572765,
    "blackjack": 0,
    "doubled": 0,
    "split": 0,
    "insured": 0,
    "surrender": 0
  }
}
