{
  "rounds": 100000000,
  "rules": {
    "game_type": "ahc",
    "soft17": "h17",
    "das": true,
    "double_down": "any_two",
    "surrender": "no_surrender",
    "play_ace_pairs": false,
    "max_splits": 4,
    "decks": 6,
    "penetration_cards": 46
  },
  "ev": 0.46748025999999887,
  "stddev": 1.8672312661734776,
  "winning_distrib": {
    "-2.0": 34626623,
    "+0.0": 7372741,
    "+2.0": 58000636
  },
  "hands": {
    "total": 100000000,
    "won": 58000636,
    "lost": 34626623,
    "push": 7372741,
    "busted": 0,
    "blackjack": 0,
    "doubled": 100000000,
    "split": 0,
    "insured": 0,
    "surrender": 0
  }
}
