{
  "rounds": 100000000,
  "rules": {
    "game_type": "ahc",
    "soft17": "s17",
    "das": true,
    "bj_pays": 1.5,
    "double_down": "any_two",
    "surrender": "early_surrender",
    "play_ace_pairs": false,
    "max_splits": 4,
    "decks": 6,
    "penetration_cards": 250
  },
  "ev": 0.4366016799999978,
  "stddev": 1.8724175303816926,
  "winning_distrib": {
    "-2.0": 35292063,
    "+0.0": 7585790,
    "+2.0": 57122147
  },
  "hands": {
    "total": 100000000,
    "won": 57122147,
    "lost": 35292063,
    "push": 7585790,
    "busted": 0,
    "blackjack": 0,
    "doubled": 100000000,
    "split": 0,
    "insured": 0,
    "surrender": 0
  }
}
