{
  "rounds": 100000000,
  "rules": {
    "game_type": "ahc",
    "soft17": "s17",
    "das": true,
    "double_down": "any_two",
    "surrender": "no_surrender",
    "play_ace_pairs": false,
    "max_splits": 4,
    "decks": 6,
    "penetration_cards": 46
  },
  "ev": 0.28914328000000095,
  "stddev": 1.9028052658739036,
  "winning_distrib": {
    "-2.0": 39074814,
    "+0.0": 7393208,
    "+2.0": 53531978
  },
  "hands": {
    "total": 100000000,
    "won": 53531978,
    "lost": 39074814,
    "push": 7393208,
    "busted": 0,
    "blackjack": 0,
    "doubled": 100000000,
    "split": 0,
    "insured": 0,
    "surrender": 0
  }
}
