{
  "rounds": 100000000,
  "rules": {
    "game_type": "ahc",
    "soft17": "s17",
    "das": true,
    "bj_pays": 1.5,
    "double_down": "any_two",
    "surrender": "early_surrender",
    "play_ace_pairs": false,
    "max_splits": 4,
    "decks": 6,
    "penetration_cards": 250
  },
  "ev": -0.03904483000000046,
  "stddev": 0.9857991788230951,
  "winning_distrib": {
    "-1.0": 50618467,
    "+0.0": 2667549,
    "+1.0": 46713984
  },
  "hands": {
    "total": 100000000,
    "won": 46713984,
    "lost": 50618467,
    "push": 2667549,
    "busted": 0,
    "blackjack": 0,
    "doubled": 0,
    "split": 0,
    "insured": 0,
    "surrender": 0
  }
}
