{
  "rounds": 100000000,
  "rules": {
    "game_type": "ahc",
    "soft17": "s17",
    "das": false,
    "double_down": "any_two",
    "surrender": "no_surrender",
    "play_ace_pairs": false,
    "max_splits": 4,
    "decks": 6,
    "penetration_cards": 46
  },
  "ev": 0.25569285999999325,
  "stddev": 0.9134053041712237,
  "winning_distrib": {
    "-1.0": 32199761,
    "+0.0": 10031192,
    "+1.0": 57769047
  },
  "hands": {
    "total": 100000000,
    "won": 57769047,
    "lost": 32199761,
    "push": 10031192,
    "busted": 21327879,
    "blackjack": 0,
    "doubled": 0,
    "split": 0,
    "insured": 0,
    "surrender": 0
  }
}
