{
  "rounds": 100000000,
  "rules": {
    "game_type": "ahc",
    "soft17": "s17",
    "das": true,
    "double_down": "any_two",
    "surrender": "no_surrender",
    "play_ace_pairs": false,
    "max_splits": 4,
    "decks": 6,
    "penetration_cards": 46
  },
  "ev": 0.25495789999999946,
  "stddev": 1.8979837262871886,
  "winning_distrib": {
    "-2.0": 39467874,
    "+0.0": 8316357,
    "+2.0": 52215769
  },
  "hands": {
    "total": 100000000,
    "won": 52215769,
    "lost": 39467874,
    "push": 8316357,
    "busted": 0,
    "blackjack": 0,
    "doubled": 100000000,
    "split": 0,
    "insured": 0,
    "surrender": 0
  }
}
