{
  "rounds": 100000000,
  "rules": {
    "game_type": "ahc",
    "soft17": "s17",
    "das": true,
    "bj_pays": 1.5,
    "double_down": "any_two",
    "surrender": "early_surrender",
    "play_ace_pairs": false,
    "max_splits": 4,
    "decks": 6,
    "penetration_cards": 250
  },
  "ev": -0.39212790000000386,
  "stddev": 0.8747740609402505,
  "winning_distrib": {
    "-1.0": 65556092,
    "+0.0": 8100606,
    "+1.0": 26343302
  },
  "hands": {
    "total": 100000000,
    "won": 26343302,
    "lost": 65556092,
    "push": 8100606,
    "busted": 42099676,
    "blackjack": 0,
    "doubled": 0,
    "split": 0,
    "insured": 0,
    "surrender": 0
  }
}
