{
  "rounds": 100000000,
  "rules": {
    "game_type": "ahc",
    "soft17": "h17",
    "das": true,
    "double_down": "any_two",
    "surrender": "no_surrender",
    "play_ace_pairs": false,
    "max_splits": 4,
    "decks": 6,
    "penetration_cards": 46
  },
  "ev": -0.024127059999999714,
  "stddev": 1.947362904776116,
  "winning_distrib": {
    "-8.0": 106,
    "-7.0": 2399,
    "-6.0": 31496,
    "-5.0": 230513,
    "-4.0": 1425704,
    "-3.0": 7144423,
    "-2.0": 19717741,
    "-1.0": 13842649,
    "+0.0": 18460405,
    "+1.0": 12020540,
    "+2.0": 16734256,
    "+3.0": 8135277,
    "+4.0": 1877728,
    "+5.0": 312834,
    "+6.0": 57150,
    "+7.0": 6405,
    "+8.0": 374
  },
  "hands": {
    "total": 216624342,
    "won": 85177793,
    "lost": 93353042,
    "push": 38093507,
    "busted": 38923572,
    "blackjack": 0,
    "doubled": 36031590,
    "split": 216624342,
    "insured": 0,
    "surrender": 0
  }
}
