{
  "rounds": 100000000,
  "rules": {
    "game_type": "ahc",
    "soft17": "s17",
    "das": true,
    "bj_pays": 1.5,
    "double_down": "any_two",
    "surrender": "early_surrender",
    "play_ace_pairs": false,
    "max_splits": 4,
    "decks": 6,
    "penetration_cards": 250
  },
  "ev": -0.14976269999999647,
  "stddev": 0.9686606955336559,
  "winning_distrib": {
    "-1.0": 55524755,
    "+0.0": 3926760,
    "+1.0": 40548485
  },
  "hands": {
    "total": 100000000,
    "won": 40548485,
    "lost": 55524755,
    "push": 3926760,
    "busted": 34773492,
    "blackjack": 0,
    "doubled": 0,
    "split": 0,
    "insured": 0,
    "surrender": 0
  }
}
