{
  "rounds": 100000000,
  "rules": {
    "game_type": "enhc",
    "soft17": "s17",
    "das": false,
    "double_down": "any_two",
    "surrender": "no_surrender",
    "play_ace_pairs": false,
    "max_splits": 4,
    "decks": 6,
    "penetration_cards": 46
  },
  "ev": -0.17593781000000172,
  "stddev": 1.4250172129904775,
  "winning_distrib": {
    "-2.0": 27368539,
    "-1.0": 9536194,
    "+0.0": 36652263,
    "+1.0": 6206517,
    "+2.0": 20236487
  },
  "hands": {
    "total": 200000000,
    "won": 82247845,
    "lost": 99841626,
    "push": 17910529,
    "busted": 79701285,
    "blackjack": 0,
    "doubled": 0,
    "split": 200000000,
    "insured": 0,
    "surrender": 0
  }
}
