{
  "rounds": 100000000,
  "rules": {
    "game_type": "ahc",
    "soft17": "s17",
    "das": true,
    "bj_pays": 1.5,
    "double_down": "any_two",
    "surrender": "early_surrender",
    "play_ace_pairs": false,
    "max_splits": 4,
    "decks": 6,
    "penetration_cards": 250
  },
  "ev": -0.0005233400000000038,
  "stddev": 0.9477745592164465,
  "winning_distrib": {
    "-1.0": 44940011,
    "+0.0": 10172312,
    "+1.0": 44887677
  },
  "hands": {
    "total": 100000000,
    "won": 44887677,
    "lost": 44940011,
    "push": 10172312,
    "busted": 32859323,
    "blackjack": 0,
    "doubled": 0,
    "split": 0,
    "insured": 0,
    "surrender": 0
  }
}
