{
  "rounds": 100000000,
  "rules": {
    "game_type": "ahc",
    "soft17": "s17",
    "das": true,
    "bj_pays": 1.5,
    "double_down": "any_two",
    "surrender": "early_surrender",
    "play_ace_pairs": false,
    "max_splits": 4,
    "decks": 6,
    "penetration_cards": 250
  },
  "ev": -0.41339546000000055,
  "stddev": 1.9071070106373216,
  "winning_distrib": {
    "-2.0": 57934298,
    "+0.0": 4801177,
    "+2.0": 37264525
  },
  "hands": {
    "total": 100000000,
    "won": 37264525,
    "lost": 57934298,
    "push": 4801177,
    "busted": 29905027,
    "blackjack": 0,
    "doubled": 100000000,
    "split": 0,
    "insured": 0,
    "surrender": 0
  }
}
