{
  "rounds": 100000000,
  "rules": {
    "game_type": "enhc",
    "soft17": "s17",
    "das": false,
    "double_down": "any_two",
    "surrender": "no_surrender",
    "play_ace_pairs": false,
    "max_splits": 4,
    "decks": 6,
    "penetration_cards": 46
  },
  "ev": -0.7418721400000049,
  "stddev": 1.7926366391511908,
  "winning_distrib": {
    "-2.0": 65595808,
    "+0.0": 5901991,
    "+2.0": 28502201
  },
  "hands": {
    "total": 100000000,
    "won": 28502201,
    "lost": 65595808,
    "push": 5901991,
    "busted": 30876445,
    "blackjack": 0,
    "doubled": 100000000,
    "split": 0,
    "insured": 0,
    "surrender": 0
  }
}
