{
  "rounds": 100000000,
  "rules": {
    "game_type": "ahc",
    "soft17": "s17",
    "das": true,
    "bj_pays": 1.5,
    "double_down": "any_two",
    "surrender": "early_surrender",
    "play_ace_pairs": false,
    "max_splits": 4,
    "decks": 6,
    "penetration_cards": 250
  },
  "ev": 0.09022936000000123,
  "stddev": 0.9537772547565213,
  "winning_distrib": {
    "-1.0": 41380151,
    "+0.0": 8216762,
    "+1.0": 50403087
  },
  "hands": {
    "total": 100000000,
    "won": 50403087,
    "lost": 41380151,
    "push": 8216762,
    "busted": 2374854,
    "blackjack": 0,
    "doubled": 0,
    "split": 0,
    "insured": 0,
    "surrender": 0
  }
}
