{
  "rounds": 100000000,
  "rules": {
    "game_type": "ahc",
    "soft17": "s17",
    "das": true,
    "bj_pays": 1.5,
    "double_down": "any_two",
    "surrender": "early_surrender",
    "play_ace_pairs": false,
    "max_splits": 4,
    "decks": 6,
    "penetration_cards": 250
  },
  "ev": -1.044971260000011,
  "stddev": 1.6606394953003216,
  "winning_distrib": {
    "-2.0": 74245387,
    "+0.0": 3757789,
    "+2.0": 21996824
  },
  "hands": {
    "total": 100000000,
    "won": 21996824,
    "lost": 74245387,
    "push": 3757789,
    "busted": 68991335,
    "blackjack": 0,
    "doubled": 100000000,
    "split": 0,
    "insured": 0,
    "surrender": 0
  }
}
