{
  "rounds": 100000000,
  "rules": {
    "game_type": "ahc",
    "soft17": "s17",
    "das": true,
    "bj_pays": 1.5,
    "double_down": "any_two",
    "surrender": "early_surrender",
    "play_ace_pairs": false,
    "max_splits": 4,
    "decks": 6,
    "penetration_cards": 250
  },
  "ev": -0.548474219999994,
  "stddev": 1.876740351038723,
  "winning_distrib": {
    "-2.0": 61499084,
    "+0.0": 4425543,
    "+2.0": 34075373
  },
  "hands": {
    "total": 100000000,
    "won": 34075373,
    "lost": 61499084,
    "push": 4425543,
    "busted": 39996146,
    "blackjack": 0,
    "doubled": 100000000,
    "split": 0,
    "insured": 0,
    "surrender": 0
  }
}
