{
  "rounds": 100000000,
  "rules": {
    "game_type": "ahc",
    "soft17": "s17",
    "das": true,
    "bj_pays": 1.5,
    "double_down": "any_two",
    "surrender": "early_surrender",
    "play_ace_pairs": false,
    "max_splits": 4,
    "decks": 6,
    "penetration_cards": 250
  },
  "ev": 0.624010700000001,
  "stddev": 1.5286360226204412,
  "winning_distrib": {
    "-2.0": 15432339,
    "-1.0": 9364564,
    "+0.0": 22016540,
    "+1.0": 3742802,
    "+2.0": 49443755
  },
  "hands": {
    "total": 200000000,
    "won": 122813920,
    "lost": 60412850,
    "push": 16773230,
    "busted": 0,
    "blackjack": 0,
    "doubled": 0,
    "split": 200000000,
    "insured": 0,
    "surrender": 0
  }
}
