{
  "rounds": 100000000,
  "rules": {
    "game_type": "ahc",
    "soft17": "s17",
    "das": true,
    "bj_pays": 1.5,
    "double_down": "any_two",
    "surrender": "early_surrender",
    "play_ace_pairs": false,
    "max_splits": 4,
    "decks": 6,
    "penetration_cards": 250
  },
  "ev": 0.24671626000000366,
  "stddev": 1.9135121958500454,
  "winning_distrib": {
    "-2.0": 40362066,
    "+0.0": 6940055,
    "+2.0": 52697879
  },
  "hands": {
    "total": 100000000,
    "won": 52697879,
    "lost": 40362066,
    "push": 6940055,
    "busted": 0,
    "blackjack": 0,
    "doubled": 100000000,
    "split": 0,
    "insured": 0,
    "surrender": 0
  }
}
