{
  "rounds": 100000000,
  "rules": {
    "game_type": "ahc",
    "soft17": "s17",
    "das": true,
    "bj_pays": 1.5,
    "double_down": "any_two",
    "surrender": "early_surrender",
    "play_ace_pairs": false,
    "max_splits": 4,
    "decks": 6,
    "penetration_cards": 250
  },
  "ev": -0.08231469999999903,
  "stddev": 1.9471938085561775,
  "winning_distrib": {
    "-2.0": 49537110,
    "+0.0": 5041515,
    "+2.0": 45421375
  },
  "hands": {
    "total": 100000000,
    "won": 45421375,
    "lost": 49537110,
    "push": 5041515,
    "busted": 0,
    "blackjack": 0,
    "doubled": 100000000,
    "split": 0,
    "insured": 0,
    "surrender": 0
  }
}
