{
  "rounds": 100000000,
  "rules": {
    "game_type": "ahc",
    "soft17": "s17",
    "das": true,
    "bj_pays": 1.5,
    "double_down": "any_two",
    "surrender": "early_surrender",
    "play_ace_pairs": false,
    "max_splits": 4,
    "decks": 6,
    "penetration_cards": 250
  },
  "ev": 0.23882350999999863,
  "stddev": 0.910442600804878,
  "winning_distrib": {
    "-1.0": 32355944,
    "+0.0": 11405761,
    "+1.0": 56238295
  },
  "hands": {
    "total": 100000000,
    "won": 56238295,
    "lost": 32355944,
    "push": 11405761,
    "busted": 0,
    "blackjack": 0,
    "doubled": 0,
    "split": 0,
    "insured": 0,
    "surrender": 0
  }
}
