{
  "rounds": 100000000,
  "rules": {
    "game_type": "enhc",
    "soft17": "s17",
    "das": false,
    "double_down": "any_two",
    "surrender": "no_surrender",
    "play_ace_pairs": false,
    "max_splits": 4,
    "decks": 6,
    "penetration_cards": 46
  },
  "ev": -0.25179529000000245,
  "stddev": 0.9176555074507838,
  "winning_distrib": {
    "-1.0": 57864389,
    "+0.0": 9450751,
    "+1.0": 32684860
  },
  "hands": {
    "total": 100000000,
    "won": 32684860,
    "lost": 57864389,
    "push": 9450751,
    "busted": 21288619,
    "blackjack": 0,
    "doubled": 0,
    "split": 0,
    "insured": 0,
    "surrender": 0
  }
}
