{
  "rounds": 100000000,
  "rules": {
    "game_type": "ahc",
    "soft17": "s17",
    "das": true,
    "double_down": "any_two",
    "surrender": "no_surrender",
    "play_ace_pairs": false,
    "max_splits": 4,
    "decks": 6,
    "penetration_cards": 46
  },
  "ev": 0.19440937999999888,
  "stddev": 1.8999568282112305,
  "winning_distrib": {
    "-2.0": 40735152,
    "+0.0": 8809227,
    "+2.0": 50455621
  },
  "hands": {
    "total": 100000000,
    "won": 50455621,
    "lost": 40735152,
    "push": 8809227,
    "busted": 0,
    "blackjack": 0,
    "doubled": 100000000,
    "split": 0,
    "insured": 0,
    "surrender": 0
  }
}
