{
  "rounds": 100000000,
  "rules": {
    "game_type": "ahc",
    "soft17": "s17",
    "das": true,
    "bj_pays": 1.5,
    "double_down": "any_two",
    "surrender": "early_surrender",
    "play_ace_pairs": false,
    "max_splits": 4,
    "decks": 6,
    "penetration_cards": 250
  },
  "ev": -1.0299691200000083,
  "stddev": 1.3481930166050684,
  "winning_distrib": {
    "-2.0": 49729549,
    "-1.0": 32001170,
    "+0.0": 4037603,
    "+2.0": 14231678
  },
  "hands": {
    "total": 100000000,
    "won": 14231678,
    "lost": 81730719,
    "push": 4037603,
    "busted": 38140857,
    "blackjack": 0,
    "doubled": 67998830,
    "split": 0,
    "insured": 0,
    "surrender": 0
  }
}
