{
  "rounds": 100000000,
  "rules": {
    "game_type": "ahc",
    "soft17": "s17",
    "das": true,
    "bj_pays": 1.5,
    "double_down": "any_two",
    "surrender": "early_surrender",
    "play_ace_pairs": false,
    "max_splits": 4,
    "decks": 6,
    "penetration_cards": 250
  },
  "ev": 0.16169595000000092,
  "stddev": 0.9482688958020982,
  "winning_distrib": {
    "-1.0": 38183176,
    "+0.0": 7464053,
    "+1.0": 54352771
  },
  "hands": {
    "total": 100000000,
    "won": 54352771,
    "lost": 38183176,
    "push": 7464053,
    "busted": 0,
    "blackjack": 0,
    "doubled": 0,
    "split": 0,
    "insured": 0,
    "surrender": 0
  }
}
