{
  "rounds": 100000000,
  "rules": {
    "game_type": "ahc",
    "soft17": "s17",
    "das": true,
    "bj_pays": 1.5,
    "double_down": "any_two",
    "surrender": "early_surrender",
    "play_ace_pairs": false,
    "max_splits": 4,
    "decks": 6,
    "penetration_cards": 250
  },
  "ev": -0.20032302000000604,
  "stddev": 0.9394655908994376,
  "winning_distrib": {
    "-1.0": 56152396,
    "+0.0": 7727510,
    "+1.0": 36120094
  },
  "hands": {
    "total": 100000000,
    "won": 36120094,
    "lost": 56152396,
    "push": 7727510,
    "busted": 47337592,
    "blackjack": 0,
    "doubled": 0,
    "split": 0,
    "insured": 0,
    "surrender": 0
  }
}
