{
  "rounds": 100000000,
  "rules": {
    "game_type": "ahc",
    "soft17": "h17",
    "das": false,
    "double_down": "any_two",
    "surrender": "no_surrender",
    "play_ace_pairs": false,
    "max_splits": 4,
    "decks": 6,
    "penetration_cards": 46
  },
  "ev": -0.05236315000000072,
  "stddev": 0.9100381084348944,
  "winning_distrib": {
    "-1.0": 44163720,
    "+0.0": 16908875,
    "+1.0": 38927405
  },
  "hands": {
    "total": 100000000,
    "won": 38927405,
    "lost": 44163720,
    "push": 16908875,
    "busted": 22889100,
    "blackjack": 0,
    "doubled": 0,
    "split": 0,
    "insured": 0,
    "surrender": 0
  }
}
