{
  "rounds": 100000000,
  "rules": {
    "game_type": "ahc",
    "soft17": "h17",
    "das": true,
    "double_down": "any_two",
    "surrender": "no_surrender",
    "play_ace_pairs": false,
    "max_splits": 4,
    "decks": 6,
    "penetration_cards": 46
  },
  "ev": 0.22833434000000105,
  "stddev": 1.9114424044979181,
  "winning_distrib": {
    "-2.0": 40613499,
    "+0.0": 7356285,
    "+2.0": 52030216
  },
  "hands": {
    "total": 100000000,
    "won": 52030216,
    "lost": 40613499,
    "push": 7356285,
    "busted": 0,
    "blackjack": 0,
    "doubled": 100000000,
    "split": 0,
    "insured": 0,
    "surrender": 0
  }
}
