{
  "rounds": 100000000,
  "rules": {
    "game_type": "ahc",
    "soft17": "s17",
    "das": true,
    "bj_pays": 1.5,
    "double_down": "any_two",
    "surrender": "early_surrender",
    "play_ace_pairs": false,
    "max_splits": 4,
    "decks": 6,
    "penetration_cards": 250
  },
  "ev": 0.2848013900000059,
  "stddev": 2.0438093697861643,
  "winning_distrib": {
    "-8.0": 8,
    "-7.0": 316,
    "-6.0": 9123,
    "-5.0": 130047,
    "-4.0": 1006127,
    "-3.0": 5541764,
    "-2.0": 23166150,
    "-1.0": 8916027,
    "+0.0": 13413518,
    "+1.0": 4918663,
    "+2.0": 31249964,
    "+3.0": 9323555,
    "+4.0": 1963118,
    "+5.0": 327537,
    "+6.0": 32505,
    "+7.0": 1552,
    "+8.0": 26
  },
  "hands": {
    "total": 217794764,
    "won": 112678874,
    "lost": 89042019,
    "push": 16073871,
    "busted": 5533373,
    "blackjack": 0,
    "doubled": 17568179,
    "split": 217794764,
    "insured": 0,
    "surrender": 0
  }
}
