{
  "rounds": 100000000,
  "rules": {
    "game_type": "ahc",
    "soft17": "s17",
    "das": false,
    "double_down": "any_two",
    "surrender": "no_surrender",
    "play_ace_pairs": false,
    "max_splits": 4,
    "decks": 6,
    "penetration_cards": 46
  },
  "ev": -0.5114328399999907,
  "stddev": 1.8738823242892872,
  "winning_distrib": {
    "-2.0": 59948302,
    "+0.0": 5675038,
    "+2.0": 34376660
  },
  "hands": {
    "total": 100000000,
    "won": 34376660,
    "lost": 59948302,
    "push": 5675038,
    "busted": 30867439,
    "blackjack": 0,
    "doubled": 100000000,
    "split": 0,
    "insured": 0,
    "surrender": 0
  }
}
