{
  "rounds": 100000000,
  "rules": {
    "game_type": "enhc",
    "soft17": "s17",
    "das": true,
    "double_down": "any_two",
    "surrender": "no_surrender",
    "play_ace_pairs": false,
    "max_splits": 4,
    "decks": 6,
    "penetration_cards": 46
  },
  "ev": 0.05660741999999953,
  "stddev": 1.9182147108174343,
  "winning_distrib": {
    "-2.0": 44619215,
    "+0.0": 7931199,
    "+2.0": 47449586
  },
  "hands": {
    "total": 100000000,
    "won": 47449586,
    "lost": 44619215,
    "push": 7931199,
    "busted": 0,
    "blackjack": 0,
    "doubled": 100000000,
    "split": 0,
    "insured": 0,
    "surrender": 0
  }
}
