{
  "rounds": 100000000,
  "rules": {
    "game_type": "enhc",
    "soft17": "s17",
    "das": false,
    "double_down": "any_two",
    "surrender": "no_surrender",
    "play_ace_pairs": false,
    "max_splits": 4,
    "decks": 6,
    "penetration_cards": 46
  },
  "ev": -0.07259792000000041,
  "stddev": 1.9481694536064826,
  "winning_distrib": {
    "-2.0": 49322881,
    "+0.0": 4984134,
    "+2.0": 45692985
  },
  "hands": {
    "total": 100000000,
    "won": 45692985,
    "lost": 49322881,
    "push": 4984134,
    "busted": 0,
    "blackjack": 0,
    "doubled": 100000000,
    "split": 0,
    "insured": 0,
    "surrender": 0
  }
}
