{
  "rounds": 100000000,
  "rules": {
    "game_type": "ahc",
    "soft17": "s17",
    "das": true,
    "bj_pays": 1.5,
    "double_down": "any_two",
    "surrender": "early_surrender",
    "play_ace_pairs": false,
    "max_splits": 4,
    "decks": 6,
    "penetration_cards": 250
  },
  "ev": 0.5201588299999799,
  "stddev": 1.571463555501049,
  "winning_distrib": {
    "-2.0": 18359619,
    "-1.0": 8826045,
    "+0.0": 22343471,
    "+1.0": 3380564,
    "+2.0": 47090301
  },
  "hands": {
    "total": 200000000,
    "won": 118532587,
    "lost": 66516704,
    "push": 14950709,
    "busted": 0,
    "blackjack": 0,
    "doubled": 0,
    "split": 200000000,
    "insured": 0,
    "surrender": 0
  }
}
