{
  "rounds": 100000000,
  "rules": {
    "game_type": "enhc",
    "soft17": "s17",
    "das": true,
    "double_down": "any_two",
    "surrender": "no_surrender",
    "play_ace_pairs": false,
    "max_splits": 4,
    "decks": 6,
    "penetration_cards": 46
  },
  "ev": -0.5080976999999877,
  "stddev": 0.8236474573739985,
  "winning_distrib": {
    "-1.0": 72232805,
    "+0.0": 6344160,
    "+1.0": 21423035
  },
  "hands": {
    "total": 100000000,
    "won": 21423035,
    "lost": 72232805,
    "push": 6344160,
    "busted": 55449890,
    "blackjack": 0,
    "doubled": 0,
    "split": 0,
    "insured": 0,
    "surrender": 0
  }
}
