{
  "rounds": 100000000,
  "rules": {
    "game_type": "enhc",
    "soft17": "s17",
    "das": false,
    "double_down": "any_two",
    "surrender": "no_surrender",
    "play_ace_pairs": false,
    "max_splits": 4,
    "decks": 6,
    "penetration_cards": 46
  },
  "ev": 0.2911134700000023,
  "stddev": 0.9033784399383771,
  "winning_distrib": {
    "-1.0": 30486309,
    "+0.0": 9916035,
    "+1.0": 59597656
  },
  "hands": {
    "total": 100000000,
    "won": 59597656,
    "lost": 30486309,
    "push": 9916035,
    "busted": 21353079,
    "blackjack": 0,
    "doubled": 0,
    "split": 0,
    "insured": 0,
    "surrender": 0
  }
}
