{
  "rounds": 100000000,
  "rules": {
    "game_type": "ahc",
    "soft17": "s17",
    "das": true,
    "bj_pays": 1.5,
    "double_down": "any_two",
    "surrender": "early_surrender",
    "play_ace_pairs": false,
    "max_splits": 4,
    "decks": 6,
    "penetration_cards": 250
  },
  "ev": 0.11391869999999749,
  "stddev": 0.7669312848437798,
  "winning_distrib": {
    "-1.0": 24362118,
    "+0.0": 39883894,
    "+1.0": 35753988
  },
  "hands": {
    "total": 100000000,
    "won": 35753988,
    "lost": 24362118,
    "push": 39883894,
    "busted": 13964681,
    "blackjack": 32656017,
    "doubled": 0,
    "split": 0,
    "insured": 0,
    "surrender": 0
  }
}
