{
  "rounds": 100000000,
  "rules": {
    "game_type": "ahc",
    "soft17": "s17",
    "das": false,
    "double_down": "any_two",
    "surrender": "no_surrender",
    "play_ace_pairs": false,
    "max_splits": 4,
    "decks": 6,
    "penetration_cards": 46
  },
  "ev": 0.29096540000001025,
  "stddev": 1.9019598029867497,
  "winning_distrib": {
    "-2.0": 39002264,
    "+0.0": 7447202,
    "+2.0": 53550534
  },
  "hands": {
    "total": 100000000,
    "won": 53550534,
    "lost": 39002264,
    "push": 7447202,
    "busted": 0,
    "blackjack": 0,
    "doubled": 100000000,
    "split": 0,
    "insured": 0,
    "surrender": 0
  }
}
