{
  "rounds": 100000000,
  "rules": {
    "game_type": "ahc",
    "soft17": "s17",
    "das": true,
    "bj_pays": 1.5,
    "double_down": "any_two",
    "surrender": "early_surrender",
    "play_ace_pairs": false,
    "max_splits": 4,
    "decks": 6,
    "penetration_cards": 250
  },
  "ev": -0.10790132999999959,
  "stddev": 0.9247711833401037,
  "winning_distrib": {
    "-1.0": 48737288,
    "+0.0": 13315557,
    "+1.0": 37947155
  },
  "hands": {
    "total": 100000000,
    "won": 37947155,
    "lost": 48737288,
    "push": 13315557,
    "busted": 0,
    "blackjack": 0,
    "doubled": 0,
    "split": 0,
    "insured": 0,
    "surrender": 0
  }
}
