{
  "rounds": 100000000,
  "rules": {
    "game_type": "ahc",
    "soft17": "h17",
    "das": true,
    "double_down": "any_two",
    "surrender": "no_surrender",
    "play_ace_pairs": false,
    "max_splits": 4,
    "decks": 6,
    "penetration_cards": 46
  },
  "ev": -0.2870350500000048,
  "stddev": 0.9070465138562978,
  "winning_distrib": {
    "-1.0": 59607877,
    "+0.0": 9487751,
    "+1.0": 30904372
  },
  "hands": {
    "total": 100000000,
    "won": 30904372,
    "lost": 59607877,
    "push": 9487751,
    "busted": 14750306,
    "blackjack": 0,
    "doubled": 0,
    "split": 0,
    "insured": 0,
    "surrender": 0
  }
}
