{
  "rounds": 100000000,
  "rules": {
    "game_type": "ahc",
    "soft17": "s17",
    "das": true,
    "bj_pays": 1.5,
    "double_down": "any_two",
    "surrender": "early_surrender",
    "play_ace_pairs": false,
    "max_splits": 4,
    "decks": 6,
    "penetration_cards": 250
  },
  "ev": -0.04949632000000048,
  "stddev": 1.9168397301415927,
  "winning_distrib": {
    "-2.0": 47196463,
    "+0.0": 8081890,
    "+2.0": 44721647
  },
  "hands": {
    "total": 100000000,
    "won": 44721647,
    "lost": 47196463,
    "push": 8081890,
    "busted": 0,
    "blackjack": 0,
    "doubled": 100000000,
    "split": 0,
    "insured": 0,
    "surrender": 0
  }
}
