{
  "rounds": 100000000,
  "rules": {
    "game_type": "ahc",
    "soft17": "s17",
    "das": true,
    "bj_pays": 1.5,
    "double_down": "any_two",
    "surrender": "early_surrender",
    "play_ace_pairs": false,
    "max_splits": 4,
    "decks": 6,
    "penetration_cards": 250
  },
  "ev": -0.6175663799999971,
  "stddev": 0.7532936293160893,
  "winning_distrib": {
    "-1.0": 78320295,
    "+0.0": 5116048,
    "+1.0": 16563657
  },
  "hands": {
    "total": 100000000,
    "won": 16563657,
    "lost": 78320295,
    "push": 5116048,
    "busted": 58833470,
    "blackjack": 0,
    "doubled": 0,
    "split": 0,
    "insured": 0,
    "surrender": 0
  }
}
