{
  "rounds": 100000000,
  "rules": {
    "game_type": "ahc",
    "soft17": "s17",
    "das": false,
    "double_down": "any_two",
    "surrender": "no_surrender",
    "play_ace_pairs": false,
    "max_splits": 4,
    "decks": 6,
    "penetration_cards": 46
  },
  "ev": -0.18762657000000227,
  "stddev": 0.9354572726644551,
  "winning_distrib": {
    "-1.0": 54895530,
    "+0.0": 8971597,
    "+1.0": 36132873
  },
  "hands": {
    "total": 100000000,
    "won": 36132873,
    "lost": 54895530,
    "push": 8971597,
    "busted": 41856411,
    "blackjack": 0,
    "doubled": 0,
    "split": 0,
    "insured": 0,
    "surrender": 0
  }
}
