{
  "rounds": 100000000,
  "rules": {
    "game_type": "ahc",
    "soft17": "s17",
    "das": false,
    "double_down": "any_two",
    "surrender": "no_surrender",
    "play_ace_pairs": false,
    "max_splits": 4,
    "decks": 6,
    "penetration_cards": 46
  },
  "ev": 0.5144856600000057,
  "stddev": 1.8577767627375665,
  "winning_distrib": {
    "-2.0": 33588233,
    "+0.0": 7099251,
    "+2.0": 59312516
  },
  "hands": {
    "total": 100000000,
    "won": 59312516,
    "lost": 33588233,
    "push": 7099251,
    "busted": 0,
    "blackjack": 0,
    "doubled": 100000000,
    "split": 0,
    "insured": 0,
    "surrender": 0
  }
}
