{
  "rounds": 100000000,
  "rules": {
    "game_type": "ahc",
    "soft17": "s17",
    "das": true,
    "bj_pays": 1.5,
    "double_down": "any_two",
    "surrender": "early_surrender",
    "play_ace_pairs": false,
    "max_splits": 4,
    "decks": 6,
    "penetration_cards": 250
  },
  "ev": 0.1473967499999959,
  "stddev": 0.9283262986188311,
  "winning_distrib": {
    "-1.0": 36805938,
    "+0.0": 11648449,
    "+1.0": 51545613
  },
  "hands": {
    "total": 100000000,
    "won": 51545613,
    "lost": 36805938,
    "push": 11648449,
    "busted": 19645325,
    "blackjack": 0,
    "doubled": 0,
    "split": 0,
    "insured": 0,
    "surrender": 0
  }
}
