{
  "rounds": 100000000,
  "rules": {
    "game_type": "ahc",
    "soft17": "s17",
    "das": false,
    "double_down": "any_two",
    "surrender": "no_surrender",
    "play_ace_pairs": false,
    "max_splits": 4,
    "decks": 6,
    "penetration_cards": 46
  },
  "ev": -0.34319087999999204,
  "stddev": 0.8959640996783016,
  "winning_distrib": {
    "-1.0": 63186126,
    "+0.0": 7946836,
    "+1.0": 28867038
  },
  "hands": {
    "total": 100000000,
    "won": 28867038,
    "lost": 63186126,
    "push": 7946836,
    "busted": 48511296,
    "blackjack": 0,
    "doubled": 0,
    "split": 0,
    "insured": 0,
    "surrender": 0
  }
}
