{
  "rounds": 100000000,
  "rules": {
    "game_type": "ahc",
    "soft17": "s17",
    "das": true,
    "bj_pays": 1.5,
    "double_down": "any_two",
    "surrender": "early_surrender",
    "play_ace_pairs": false,
    "max_splits": 4,
    "decks": 6,
    "penetration_cards": 250
  },
  "ev": -0.019661290000000733,
  "stddev": 0.9865980404446814,
  "winning_distrib": {
    "-1.0": 49671177,
    "+0.0": 2623775,
    "+1.0": 47705048
  },
  "hands": {
    "total": 100000000,
    "won": 47705048,
    "lost": 49671177,
    "push": 2623775,
    "busted": 0,
    "blackjack": 0,
    "doubled": 0,
    "split": 0,
    "insured": 0,
    "surrender": 0
  }
}
