{
  "rounds": 100000000,
  "rules": {
    "game_type": "ahc",
    "soft17": "s17",
    "das": true,
    "bj_pays": 1.5,
    "double_down": "any_two",
    "surrender": "early_surrender",
    "play_ace_pairs": false,
    "max_splits": 4,
    "decks": 6,
    "penetration_cards": 250
  },
  "ev": 0.18736722000000694,
  "stddev": 0.956676295317164,
  "winning_distrib": {
    "-1.0": 38148439,
    "+0.0": 4966400,
    "+1.0": 56885161
  },
  "hands": {
    "total": 100000000,
    "won": 56885161,
    "lost": 38148439,
    "push": 4966400,
    "busted": 0,
    "blackjack": 0,
    "doubled": 0,
    "split": 0,
    "insured": 0,
    "surrender": 0
  }
}
