{
  "rounds": 100000000,
  "rules": {
    "game_type": "ahc",
    "soft17": "s17",
    "das": true,
    "bj_pays": 1.5,
    "double_down": "any_two",
    "surrender": "early_surrender",
    "play_ace_pairs": false,
    "max_splits": 4,
    "decks": 6,
    "penetration_cards": 250
  },
  "ev": -0.08084334999999969,
  "stddev": 2.2819195066505653,
  "winning_distrib": {
    "-8.0": 40,
    "-7.0": 2474,
    "-6.0": 42353,
    "-5.0": 383298,
    "-4.0": 2133959,
    "-3.0": 9626577,
    "-2.0": 30196109,
    "-1.0": 7707286,
    "+0.0": 6710929,
    "+1.0": 5527725,
    "+2.0": 23371399,
    "+3.0": 10704026,
    "+4.0": 2854378,
    "+5.0": 627587,
    "+6.0": 102446,
    "+7.0": 9054,
    "+8.0": 360
  },
  "hands": {
    "total": 219487822,
    "won": 92943452,
    "lost": 109271649,
    "push": 17272721,
    "busted": 5580979,
    "blackjack": 0,
    "doubled": 30524115,
    "split": 219487822,
    "insured": 0,
    "surrender": 0
  }
}
