{
  "rounds": 100000000,
  "rules": {
    "game_type": "enhc",
    "soft17": "s17",
    "das": false,
    "double_down": "any_two",
    "surrender": "no_surrender",
    "play_ace_pairs": false,
    "max_splits": 4,
    "decks": 6,
    "penetration_cards": 46
  },
  "ev": 0.18351999999999807,
  "stddev": 1.946540307183526,
  "winning_distrib": {
    "-2.0": 43195734,
    "+0.0": 4432532,
    "+2.0": 52371734
  },
  "hands": {
    "total": 100000000,
    "won": 52371734,
    "lost": 43195734,
    "push": 4432532,
    "busted": 0,
    "blackjack": 0,
    "doubled": 100000000,
    "split": 0,
    "insured": 0,
    "surrender": 0
  }
}
