{
  "rounds": 100000000,
  "rules": {
    "game_type": "ahc",
    "soft17": "s17",
    "das": true,
    "bj_pays": 1.5,
    "double_down": "any_two",
    "surrender": "early_surrender",
    "play_ace_pairs": false,
    "max_splits": 4,
    "decks": 6,
    "penetration_cards": 250
  },
  "ev": 0.15413460000000018,
  "stddev": 2.0764278673236665,
  "winning_distrib": {
    "-8.0": 10,
    "-7.0": 554,
    "-6.0": 13869,
    "-5.0": 172987,
    "-4.0": 1217422,
    "-3.0": 6419711,
    "-2.0": 24727034,
    "-1.0": 9237885,
    "+0.0": 13339131,
    "+1.0": 4948942,
    "+2.0": 28381686,
    "+3.0": 9130674,
    "+4.0": 2010944,
    "+5.0": 358765,
    "+6.0": 38335,
    "+7.0": 2014,
    "+8.0": 37
  },
  "hands": {
    "total": 218607002,
    "won": 106949251,
    "lost": 95788747,
    "push": 15869004,
    "busted": 5456627,
    "blackjack": 0,
    "doubled": 19378749,
    "split": 218607002,
    "insured": 0,
    "surrender": 0
  }
}
