{
  "rounds": 100000000,
  "rules": {
    "game_type": "ahc",
    "soft17": "s17",
    "das": true,
    "bj_pays": 1.5,
    "double_down": "any_two",
    "surrender": "early_surrender",
    "play_ace_pairs": false,
    "max_splits": 4,
    "decks": 6,
    "penetration_cards": 250
  },
  "ev": -0.769981979999991,
  "stddev": 1.735985046194741,
  "winning_distrib": {
    "-2.0": 61987296,
    "-1.0": 6249886,
    "+0.0": 5149678,
    "+2.0": 26613140
  },
  "hands": {
    "total": 100000000,
    "won": 26613140,
    "lost": 68237182,
    "push": 5149678,
    "busted": 0,
    "blackjack": 0,
    "doubled": 93750114,
    "split": 0,
    "insured": 0,
    "surrender": 0
  }
}
