{
  "rounds": 100000000,
  "rules": {
    "game_type": "enhc",
    "soft17": "h17",
    "das": true,
    "bj_pays": 1.5,
    "double_down": "any_two",
    "surrender": "no_surrender",
    "play_ace_pairs": false,
    "max_splits": 4,
    "decks": 6,
    "penetration_cards": 250
  },
  "ev": 0.3983373599999953,
  "stddev": 1.8815443717941358,
  "winning_distrib": {
    "-2.0": 36277589,
    "+0.0": 7527954,
    "+2.0": 56194457
  },
  "hands": {
    "total": 100000000,
    "won": 56194457,
    "lost": 36277589,
    "push": 7527954,
    "busted": 0,
    "blackjack": 0,
    "doubled": 100000000,
    "split": 0,
    "insured": 0,
    "surrender": 0
  }
}
