{
  "rounds": 100000000,
  "rules": {
    "game_type": "enhc",
    "soft17": "s17",
    "das": true,
    "double_down": "any_two",
    "surrender": "no_surrender",
    "play_ace_pairs": false,
    "max_splits": 4,
    "decks": 6,
    "penetration_cards": 46
  },
  "ev": 0.2870614600000072,
  "stddev": 0.7520253877616686,
  "winning_distrib": {
    "-1.0": 18044250,
    "+0.0": 35205354,
    "+1.0": 46750396
  },
  "hands": {
    "total": 100000000,
    "won": 46750396,
    "lost": 18044250,
    "push": 35205354,
    "busted": 0,
    "blackjack": 0,
    "doubled": 0,
    "split": 0,
    "insured": 0,
    "surrender": 0
  }
}
