{
  "rounds": 100000000,
  "rules": {
    "game_type": "ahc",
    "soft17": "s17",
    "das": true,
    "bj_pays": 1.5,
    "double_down": "any_two",
    "surrender": "early_surrender",
    "play_ace_pairs": false,
    "max_splits": 4,
    "decks": 6,
    "penetration_cards": 250
  },
  "ev": 0.04441733000000048,
  "stddev": 0.9557191532713268,
  "winning_distrib": {
    "-1.0": 43547733,
    "+0.0": 8462801,
    "+1.0": 47989466
  },
  "hands": {
    "total": 100000000,
    "won": 47989466,
    "lost": 43547733,
    "push": 8462801,
    "busted": 2328528,
    "blackjack": 0,
    "doubled": 0,
    "split": 0,
    "insured": 0,
    "surrender": 0
  }
}
