{
  "rounds": 100000000,
  "rules": {
    "game_type": "ahc",
    "soft17": "s17",
    "das": true,
    "bj_pays": 1.5,
    "double_down": "any_two",
    "surrender": "early_surrender",
    "play_ace_pairs": false,
    "max_splits": 4,
    "decks": 6,
    "penetration_cards": 250
  },
  "ev": -0.12499468000000055,
  "stddev": 0.9242748284544725,
  "winning_distrib": {
    "-1.0": 49745115,
    "+0.0": 13009238,
    "+1.0": 37245647
  },
  "hands": {
    "total": 100000000,
    "won": 37245647,
    "lost": 49745115,
    "push": 13009238,
    "busted": 0,
    "blackjack": 0,
    "doubled": 0,
    "split": 0,
    "insured": 0,
    "surrender": 0
  }
}
