{
  "rounds": 100000000,
  "rules": {
    "game_type": "ahc",
    "soft17": "s17",
    "das": true,
    "double_down": "any_two",
    "surrender": "no_surrender",
    "play_ace_pairs": false,
    "max_splits": 4,
    "decks": 6,
    "penetration_cards": 46
  },
  "ev": -0.42124164999999575,
  "stddev": 0.8379907453710653,
  "winning_distrib": {
    "-1.0": 65045733,
    "+0.0": 12032699,
    "+1.0": 22921568
  },
  "hands": {
    "total": 100000000,
    "won": 22921568,
    "lost": 65045733,
    "push": 12032699,
    "busted": 0,
    "blackjack": 0,
    "doubled": 0,
    "split": 0,
    "insured": 0,
    "surrender": 0
  }
}
