{
  "rounds": 100000000,
  "rules": {
    "game_type": "ahc",
    "soft17": "h17",
    "das": true,
    "double_down": "any_two",
    "surrender": "no_surrender",
    "play_ace_pairs": false,
    "max_splits": 4,
    "decks": 6,
    "penetration_cards": 46
  },
  "ev": 0.524862499999998,
  "stddev": 1.8505414965189821,
  "winning_distrib": {
    "-2.0": 33128243,
    "+0.0": 7500389,
    "+2.0": 59371368
  },
  "hands": {
    "total": 100000000,
    "won": 59371368,
    "lost": 33128243,
    "push": 7500389,
    "busted": 0,
    "blackjack": 0,
    "doubled": 100000000,
    "split": 0,
    "insured": 0,
    "surrender": 0
  }
}
