{
  "rounds": 100000000,
  "rules": {
    "game_type": "ahc",
    "soft17": "s17",
    "das": true,
    "bj_pays": 1.5,
    "double_down": "any_two",
    "surrender": "early_surrender",
    "play_ace_pairs": false,
    "max_splits": 4,
    "decks": 6,
    "penetration_cards": 250
  },
  "ev": -0.418977550000006,
  "stddev": 0.8746232390267517,
  "winning_distrib": {
    "-1.0": 67974277,
    "+0.0": 5949201,
    "+1.0": 26076522
  },
  "hands": {
    "total": 100000000,
    "won": 26076522,
    "lost": 67974277,
    "push": 5949201,
    "busted": 59665344,
    "blackjack": 0,
    "doubled": 0,
    "split": 0,
    "insured": 0,
    "surrender": 0
  }
}
