{
  "rounds": 100000000,
  "rules": {
    "game_type": "ahc",
    "soft17": "s17",
    "das": true,
    "bj_pays": 1.5,
    "double_down": "any_two",
    "surrender": "early_surrender",
    "play_ace_pairs": false,
    "max_splits": 4,
    "decks": 6,
    "penetration_cards": 250
  },
  "ev": -1.4282868799999922,
  "stddev": 1.276553815832212,
  "winning_distrib": {
    "-2.0": 78820850,
    "-1.0": 7349960,
    "+0.0": 2747704,
    "+2.0": 11081486
  },
  "hands": {
    "total": 100000000,
    "won": 11081486,
    "lost": 86170810,
    "push": 2747704,
    "busted": 78557088,
    "blackjack": 0,
    "doubled": 92650040,
    "split": 0,
    "insured": 0,
    "surrender": 0
  }
}
