{
  "rounds": 100000000,
  "rules": {
    "game_type": "ahc",
    "soft17": "s17",
    "das": true,
    "bj_pays": 1.5,
    "double_down": "any_two",
    "surrender": "early_surrender",
    "play_ace_pairs": false,
    "max_splits": 4,
    "decks": 6,
    "penetration_cards": 250
  },
  "ev": 0.03782853999999936,
  "stddev": 1.9501930672613017,
  "winning_distrib": {
    "-2.0": 46612836,
    "+0.0": 4882901,
    "+2.0": 48504263
  },
  "hands": {
    "total": 100000000,
    "won": 48504263,
    "lost": 46612836,
    "push": 4882901,
    "busted": 0,
    "blackjack": 0,
    "doubled": 100000000,
    "split": 0,
    "insured": 0,
    "surrender": 0
  }
}
