{
  "rounds": 100000000,
  "rules": {
    "game_type": "ahc",
    "soft17": "s17",
    "das": true,
    "bj_pays": 1.5,
    "double_down": "any_two",
    "surrender": "early_surrender",
    "play_ace_pairs": false,
    "max_splits": 4,
    "decks": 6,
    "penetration_cards": 250
  },
  "ev": -0.05343225000000107,
  "stddev": 0.9200331804476043,
  "winning_distrib": {
    "-1.0": 45137415,
    "+0.0": 15068395,
    "+1.0": 39794190
  },
  "hands": {
    "total": 100000000,
    "won": 39794190,
    "lost": 45137415,
    "push": 15068395,
    "busted": 20009569,
    "blackjack": 0,
    "doubled": 0,
    "split": 0,
    "insured": 0,
    "surrender": 0
  }
}
