{
  "rounds": 100000000,
  "rules": {
    "game_type": "ahc",
    "soft17": "h17",
    "das": true,
    "double_down": "any_two",
    "surrender": "no_surrender",
    "play_ace_pairs": false,
    "max_splits": 4,
    "decks": 6,
    "penetration_cards": 46
  },
  "ev": 0.14947742999999597,
  "stddev": 0.9469476843456981,
  "winning_distrib": {
    "-1.0": 38478799,
    "+0.0": 8094659,
    "+1.0": 53426542
  },
  "hands": {
    "total": 100000000,
    "won": 53426542,
    "lost": 38478799,
    "push": 8094659,
    "busted": 2353702,
    "blackjack": 0,
    "doubled": 0,
    "split": 0,
    "insured": 0,
    "surrender": 0
  }
}
