{
  "rounds": 100000000,
  "rules": {
    "game_type": "ahc",
    "soft17": "s17",
    "das": true,
    "bj_pays": 1.5,
    "double_down": "any_two",
    "surrender": "early_surrender",
    "play_ace_pairs": false,
    "max_splits": 4,
    "decks": 6,
    "penetration_cards": 250
  },
  "ev": -0.1075574499999978,
  "stddev": 0.9727591245586467,
  "winning_distrib": {
    "-1.0": 53269318,
    "+0.0": 4217109,
    "+1.0": 42513573
  },
  "hands": {
    "total": 100000000,
    "won": 42513573,
    "lost": 53269318,
    "push": 4217109,
    "busted": 3721488,
    "blackjack": 0,
    "doubled": 0,
    "split": 0,
    "insured": 0,
    "surrender": 0
  }
}
