{
  "rounds": 100000000,
  "rules": {
    "game_type": "ahc",
    "soft17": "s17",
    "das": true,
    "bj_pays": 1.5,
    "double_down": "any_two",
    "surrender": "early_surrender",
    "play_ace_pairs": false,
    "max_splits": 4,
    "decks": 6,
    "penetration_cards": 250
  },
  "ev": 0.24300355999999795,
  "stddev": 1.9302791370905712,
  "winning_distrib": {
    "-2.0": 41237764,
    "+0.0": 5374294,
    "+2.0": 53387942
  },
  "hands": {
    "total": 100000000,
    "won": 53387942,
    "lost": 41237764,
    "push": 5374294,
    "busted": 0,
    "blackjack": 0,
    "doubled": 100000000,
    "split": 0,
    "insured": 0,
    "surrender": 0
  }
}
