{
  "rounds": 100000000,
  "rules": {
    "game_type": "ahc",
    "soft17": "s17",
    "das": true,
    "bj_pays": 1.5,
    "double_down": "any_two",
    "surrender": "early_surrender",
    "play_ace_pairs": false,
    "max_splits": 4,
    "decks": 6,
    "penetration_cards": 250
  },
  "ev": -0.02462615999999984,
  "stddev": 1.839902645820173,
  "winning_distrib": {
    "-2.0": 42938756,
    "+0.0": 15353796,
    "+2.0": 41707448
  },
  "hands": {
    "total": 100000000,
    "won": 41707448,
    "lost": 42938756,
    "push": 15353796,
    "busted": 0,
    "blackjack": 0,
    "doubled": 100000000,
    "split": 0,
    "insured": 0,
    "surrender": 0
  }
}
