{
  "rounds": 100000000,
  "rules": {
    "game_type": "enhc",
    "soft17": "s17",
    "das": true,
    "double_down": "any_two",
    "surrender": "no_surrender",
    "play_ace_pairs": false,
    "max_splits": 4,
    "decks": 6,
    "penetration_cards": 46
  },
  "ev": 0.0949298599999991,
  "stddev": 1.9431077992322074,
  "winning_distrib": {
    "-2.0": 44935248,
    "+0.0": 5383011,
    "+2.0": 49681741
  },
  "hands": {
    "total": 100000000,
    "won": 49681741,
    "lost": 44935248,
    "push": 5383011,
    "busted": 0,
    "blackjack": 0,
    "doubled": 100000000,
    "split": 0,
    "insured": 0,
    "surrender": 0
  }
}
