{
  "rounds": 100000000,
  "rules": {
    "game_type": "ahc",
    "soft17": "s17",
    "das": true,
    "bj_pays": 1.5,
    "double_down": "any_two",
    "surrender": "early_surrender",
    "play_ace_pairs": false,
    "max_splits": 4,
    "decks": 6,
    "penetration_cards": 250
  },
  "ev": 0.4405300700000182,
  "stddev": 0.8343335630231593,
  "winning_distrib": {
    "-1.0": 22482458,
    "+0.0": 10982077,
    "+1.0": 66535465
  },
  "hands": {
    "total": 100000000,
    "won": 66535465,
    "lost": 22482458,
    "push": 10982077,
    "busted": 0,
    "blackjack": 0,
    "doubled": 0,
    "split": 0,
    "insured": 0,
    "surrender": 0
  }
}
