{
  "rounds": 100000000,
  "rules": {
    "game_type": "ahc",
    "soft17": "h17",
    "das": true,
    "double_down": "any_two",
    "surrender": "no_surrender",
    "play_ace_pairs": false,
    "max_splits": 4,
    "decks": 6,
    "penetration_cards": 46
  },
  "ev": -0.2722735299999975,
  "stddev": 0.924699942366198,
  "winning_distrib": {
    "-1.0": 60073819,
    "+0.0": 7079715,
    "+1.0": 32846466
  },
  "hands": {
    "total": 100000000,
    "won": 32846466,
    "lost": 60073819,
    "push": 7079715,
    "busted": 52167248,
    "blackjack": 0,
    "doubled": 0,
    "split": 0,
    "insured": 0,
    "surrender": 0
  }
}
