{
  "rounds": 100000000,
  "rules": {
    "game_type": "ahc",
    "soft17": "s17",
    "das": true,
    "bj_pays": 1.5,
    "double_down": "any_two",
    "surrender": "early_surrender",
    "play_ace_pairs": false,
    "max_splits": 4,
    "decks": 6,
    "penetration_cards": 250
  },
  "ev": -1.7218552000000216,
  "stddev": 1.0016072884445026,
  "winning_distrib": {
    "-2.0": 92646411,
    "+0.0": 799938,
    "+2.0": 6553651
  },
  "hands": {
    "total": 100000000,
    "won": 6553651,
    "lost": 92646411,
    "push": 799938,
    "busted": 92646411,
    "blackjack": 0,
    "doubled": 100000000,
    "split": 0,
    "insured": 0,
    "surrender": 0
  }
}
