{
  "rounds": 100000000,
  "rules": {
    "game_type": "enhc",
    "soft17": "h17",
    "das": true,
    "double_down": "any_two",
    "surrender": "no_surrender",
    "play_ace_pairs": false,
    "max_splits": 4,
    "decks": 6,
    "penetration_cards": 46
  },
  "ev": -0.9128269799999749,
  "stddev": 1.7126149403513207,
  "winning_distrib": {
    "-2.0": 69899462,
    "+0.0": 5842425,
    "+2.0": 24258113
  },
  "hands": {
    "total": 100000000,
    "won": 24258113,
    "lost": 69899462,
    "push": 5842425,
    "busted": 61401639,
    "blackjack": 0,
    "doubled": 100000000,
    "split": 0,
    "insured": 0,
    "surrender": 0
  }
}
