{
  "rounds": 100000000,
  "rules": {
    "game_type": "ahc",
    "soft17": "h17",
    "das": false,
    "double_down": "any_two",
    "surrender": "no_surrender",
    "play_ace_pairs": false,
    "max_splits": 4,
    "decks": 6,
    "penetration_cards": 46
  },
  "ev": 0.5197051199999885,
  "stddev": 1.8561870979780202,
  "winning_distrib": {
    "-2.0": 33451421,
    "+0.0": 7111902,
    "+2.0": 59436677
  },
  "hands": {
    "total": 100000000,
    "won": 59436677,
    "lost": 33451421,
    "push": 7111902,
    "busted": 0,
    "blackjack": 0,
    "doubled": 100000000,
    "split": 0,
    "insured": 0,
    "surrender": 0
  }
}
