{
  "rounds": 100000000,
  "rules": {
    "game_type": "enhc",
    "soft17": "s17",
    "das": false,
    "double_down": "any_two",
    "surrender": "no_surrender",
    "play_ace_pairs": false,
    "max_splits": 4,
    "decks": 6,
    "penetration_cards": 46
  },
  "ev": 0.14152950000000403,
  "stddev": 1.9062257675749579,
  "winning_distrib": {
    "-2.0": 42133353,
    "+0.0": 8656819,
    "+2.0": 49209828
  },
  "hands": {
    "total": 100000000,
    "won": 49209828,
    "lost": 42133353,
    "push": 8656819,
    "busted": 0,
    "blackjack": 0,
    "doubled": 100000000,
    "split": 0,
    "insured": 0,
    "surrender": 0
  }
}
