{
  "rounds": 100000000,
  "rules": {
    "game_type": "ahc",
    "soft17": "s17",
    "das": true,
    "bj_pays": 1.5,
    "double_down": "any_two",
    "surrender": "early_surrender",
    "play_ace_pairs": false,
    "max_splits": 4,
    "decks": 6,
    "penetration_cards": 250
  },
  "ev": -0.11439905000000251,
  "stddev": 0.8045777239226451,
  "winning_distrib": {
    "-1.0": 38741575,
    "+0.0": 33956755,
    "+1.0": 27301670
  },
  "hands": {
    "total": 100000000,
    "won": 27301670,
    "lost": 38741575,
    "push": 33956755,
    "busted": 0,
    "blackjack": 0,
    "doubled": 0,
    "split": 0,
    "insured": 0,
    "surrender": 0
  }
}
