{
  "rounds": 100000000,
  "rules": {
    "game_type": "ahc",
    "soft17": "s17",
    "das": true,
    "bj_pays": 1.5,
    "double_down": "any_two",
    "surrender": "early_surrender",
    "play_ace_pairs": false,
    "max_splits": 4,
    "decks": 6,
    "penetration_cards": 250
  },
  "ev": 0.40576326000000135,
  "stddev": 1.8736247468313552,
  "winning_distrib": {
    "-2.0": 35794837,
    "+0.0": 8122163,
    "+2.0": 56083000
  },
  "hands": {
    "total": 100000000,
    "won": 56083000,
    "lost": 35794837,
    "push": 8122163,
    "busted": 0,
    "blackjack": 0,
    "doubled": 100000000,
    "split": 0,
    "insured": 0,
    "surrender": 0
  }
}
