{
  "rounds": 100000000,
  "rules": {
    "game_type": "enhc",
    "soft17": "s17",
    "das": true,
    "double_down": "any_two",
    "surrender": "no_surrender",
    "play_ace_pairs": false,
    "max_splits": 4,
    "decks": 6,
    "penetration_cards": 46
  },
  "ev": 0.12892152000000084,
  "stddev": 1.9513341896656287,
  "winning_distrib": {
    "-2.0": 44581035,
    "+0.0": 4391854,
    "+2.0": 51027111
  },
  "hands": {
    "total": 100000000,
    "won": 51027111,
    "lost": 44581035,
    "push": 4391854,
    "busted": 0,
    "blackjack": 0,
    "doubled": 100000000,
    "split": 0,
    "insured": 0,
    "surrender": 0
  }
}
