{
  "rounds": 100000000,
  "rules": {
    "game_type": "ahc",
    "soft17": "s17",
    "das": true,
    "bj_pays": 1.5,
    "double_down": "any_two",
    "surrender": "early_surrender",
    "play_ace_pairs": false,
    "max_splits": 4,
    "decks": 6,
    "penetration_cards": 250
  },
  "ev": 0.11294445000000056,
  "stddev": 0.9527163745264843,
  "winning_distrib": {
    "-1.0": 40374024,
    "+0.0": 7957507,
    "+1.0": 51668469
  },
  "hands": {
    "total": 100000000,
    "won": 51668469,
    "lost": 40374024,
    "push": 7957507,
    "busted": 0,
    "blackjack": 0,
    "doubled": 0,
    "split": 0,
    "insured": 0,
    "surrender": 0
  }
}
