{
  "rounds": 100000000,
  "rules": {
    "game_type": "ahc",
    "soft17": "h17",
    "das": false,
    "double_down": "any_two",
    "surrender": "no_surrender",
    "play_ace_pairs": false,
    "max_splits": 4,
    "decks": 6,
    "penetration_cards": 46
  },
  "ev": -0.5127255600000026,
  "stddev": 0.820753755312175,
  "winning_distrib": {
    "-1.0": 72462489,
    "+0.0": 6347578,
    "+1.0": 21189933
  },
  "hands": {
    "total": 100000000,
    "won": 21189933,
    "lost": 72462489,
    "push": 6347578,
    "busted": 51295882,
    "blackjack": 0,
    "doubled": 0,
    "split": 0,
    "insured": 0,
    "surrender": 0
  }
}
