{
  "rounds": 100000000,
  "rules": {
    "game_type": "ahc",
    "soft17": "s17",
    "das": true,
    "bj_pays": 1.5,
    "double_down": "any_two",
    "surrender": "early_surrender",
    "play_ace_pairs": false,
    "max_splits": 4,
    "decks": 6,
    "penetration_cards": 250
  },
  "ev": 0.08599802000000087,
  "stddev": 1.920274005820681,
  "winning_distrib": {
    "-2.0": 44035648,
    "+0.0": 7628803,
    "+2.0": 48335549
  },
  "hands": {
    "total": 100000000,
    "won": 48335549,
    "lost": 44035648,
    "push": 7628803,
    "busted": 0,
    "blackjack": 0,
    "doubled": 100000000,
    "split": 0,
    "insured": 0,
    "surrender": 0
  }
}
