{
  "rounds": 100000000,
  "rules": {
    "game_type": "ahc",
    "soft17": "s17",
    "das": true,
    "bj_pays": 1.5,
    "double_down": "any_two",
    "surrender": "early_surrender",
    "play_ace_pairs": false,
    "max_splits": 4,
    "decks": 6,
    "penetration_cards": 250
  },
  "ev": -0.6812390399999957,
  "stddev": 1.8325638771848285,
  "winning_distrib": {
    "-2.0": 64810688,
    "+0.0": 4440576,
    "+2.0": 30748736
  },
  "hands": {
    "total": 100000000,
    "won": 30748736,
    "lost": 64810688,
    "push": 4440576,
    "busted": 47061333,
    "blackjack": 0,
    "doubled": 100000000,
    "split": 0,
    "insured": 0,
    "surrender": 0
  }
}
