{
  "rounds": 100000000,
  "rules": {
    "game_type": "ahc",
    "soft17": "s17",
    "das": true,
    "bj_pays": 1.5,
    "double_down": "any_two",
    "surrender": "early_surrender",
    "play_ace_pairs": false,
    "max_splits": 4,
    "decks": 6,
    "penetration_cards": 250
  },
  "ev": -0.7665452299999934,
  "stddev": 1.5135387286991544,
  "winning_distrib": {
    "-2.0": 43143937,
    "-1.0": 31998885,
    "+0.0": 4041060,
    "+2.0": 20816118
  },
  "hands": {
    "total": 100000000,
    "won": 20816118,
    "lost": 75142822,
    "push": 4041060,
    "busted": 0,
    "blackjack": 0,
    "doubled": 68001115,
    "split": 0,
    "insured": 0,
    "surrender": 0
  }
}
