{
  "rounds": 100000000,
  "rules": {
    "game_type": "ahc",
    "soft17": "h17",
    "das": false,
    "double_down": "any_two",
    "surrender": "no_surrender",
    "play_ace_pairs": false,
    "max_splits": 4,
    "decks": 6,
    "penetration_cards": 46
  },
  "ev": -0.18215710000000335,
  "stddev": 1.791891085704808,
  "winning_distrib": {
    "-2.0": 42955209,
    "-1.0": 6023227,
    "+0.0": 13725372,
    "+1.0": 874449,
    "+2.0": 36421743
  },
  "hands": {
    "total": 200000000,
    "won": 87225699,
    "lost": 105441409,
    "push": 7332892,
    "busted": 7174342,
    "blackjack": 0,
    "doubled": 0,
    "split": 200000000,
    "insured": 0,
    "surrender": 0
  }
}
