{
  "rounds": 100000000,
  "rules": {
    "game_type": "enhc",
    "soft17": "s17",
    "das": false,
    "double_down": "any_two",
    "surrender": "no_surrender",
    "play_ace_pairs": false,
    "max_splits": 4,
    "decks": 6,
    "penetration_cards": 46
  },
  "ev": -0.8513186799999733,
  "stddev": 0.5191762588740902,
  "winning_distrib": {
    "-1.0": 92280308,
    "+0.0": 571252,
    "+1.0": 7148440
  },
  "hands": {
    "total": 100000000,
    "won": 7148440,
    "lost": 92280308,
    "push": 571252,
    "busted": 92280308,
    "blackjack": 0,
    "doubled": 0,
    "split": 0,
    "insured": 0,
    "surrender": 0
  }
}
