{
  "rounds": 100000000,
  "rules": {
    "game_type": "enhc",
    "soft17": "h17",
    "das": false,
    "double_down": "any_two",
    "surrender": "no_surrender",
    "play_ace_pairs": false,
    "max_splits": 4,
    "decks": 6,
    "penetration_cards": 46
  },
  "ev": -0.23891309999999802,
  "stddev": 0.9117278645302329,
  "winning_distrib": {
    "-1.0": 56362013,
    "+0.0": 11167284,
    "+1.0": 32470703
  },
  "hands": {
    "total": 100000000,
    "won": 32470703,
    "lost": 56362013,
    "push": 11167284,
    "busted": 0,
    "blackjack": 0,
    "doubled": 0,
    "split": 0,
    "insured": 0,
    "surrender": 0
  }
}
