{
  "rounds": 100000000,
  "rules": {
    "game_type": "ahc",
    "soft17": "s17",
    "das": true,
    "double_down": "any_two",
    "surrender": "no_surrender",
    "play_ace_pairs": false,
    "max_splits": 4,
    "decks": 6,
    "penetration_cards": 46
  },
  "ev": -0.053513690000000794,
  "stddev": 0.9164825603261406,
  "winning_distrib": {
    "-1.0": 44815884,
    "+0.0": 15719601,
    "+1.0": 39464515
  },
  "hands": {
    "total": 100000000,
    "won": 39464515,
    "lost": 44815884,
    "push": 15719601,
    "busted": 19615198,
    "blackjack": 0,
    "doubled": 0,
    "split": 0,
    "insured": 0,
    "surrender": 0
  }
}
