{
  "rounds": 100000000,
  "rules": {
    "game_type": "ahc",
    "soft17": "s17",
    "das": true,
    "bj_pays": 1.5,
    "double_down": "any_two",
    "surrender": "early_surrender",
    "play_ace_pairs": false,
    "max_splits": 4,
    "decks": 6,
    "penetration_cards": 250
  },
  "ev": 0.15476006000000142,
  "stddev": 0.9675402798799503,
  "winning_distrib": {
    "-1.0": 40266240,
    "+0.0": 3991514,
    "+1.0": 55742246
  },
  "hands": {
    "total": 100000000,
    "won": 55742246,
    "lost": 40266240,
    "push": 3991514,
    "busted": 0,
    "blackjack": 0,
    "doubled": 0,
    "split": 0,
    "insured": 0,
    "surrender": 0
  }
}
