{
  "rounds": 100000000,
  "rules": {
    "game_type": "ahc",
    "soft17": "s17",
    "das": true,
    "bj_pays": 1.5,
    "double_down": "any_two",
    "surrender": "early_surrender",
    "play_ace_pairs": false,
    "max_splits": 4,
    "decks": 6,
    "penetration_cards": 250
  },
  "ev": 0.27255146000001124,
  "stddev": 0.904161838293874,
  "winning_distrib": {
    "-1.0": 30962073,
    "+0.0": 10820708,
    "+1.0": 58217219
  },
  "hands": {
    "total": 100000000,
    "won": 58217219,
    "lost": 30962073,
    "push": 10820708,
    "busted": 0,
    "blackjack": 0,
    "doubled": 0,
    "split": 0,
    "insured": 0,
    "surrender": 0
  }
}
