{
  "rounds": 100000000,
  "rules": {
    "game_type": "ahc",
    "soft17": "s17",
    "das": true,
    "bj_pays": 1.5,
    "double_down": "any_two",
    "surrender": "early_surrender",
    "play_ace_pairs": false,
    "max_splits": 4,
    "decks": 6,
    "penetration_cards": 250
  },
  "ev": 0.42105614000000574,
  "stddev": 2.648518596709271,
  "winning_distrib": {
    "-8.0": 2136,
    "-7.0": 28202,
    "-6.0": 194943,
    "-5.0": 827728,
    "-4.0": 3541644,
    "-3.0": 12257027,
    "-2.0": 19255708,
    "-1.0": 6287546,
    "+0.0": 4210471,
    "+1.0": 4608542,
    "+2.0": 20512073,
    "+3.0": 18550917,
    "+4.0": 7309430,
    "+5.0": 1758068,
    "+6.0": 547592,
    "+7.0": 97802,
    "+8.0": 10171
  },
  "hands": {
    "total": 219035121,
    "won": 111146569,
    "lost": 90151912,
    "push": 17736640,
    "busted": 0,
    "blackjack": 0,
    "doubled": 67479458,
    "split": 219035121,
    "insured": 0,
    "surrender": 0
  }
}
