{
  "rounds": 100000000,
  "rules": {
    "game_type": "ahc",
    "soft17": "s17",
    "das": true,
    "bj_pays": 1.5,
    "double_down": "any_two",
    "surrender": "early_surrender",
    "play_ace_pairs": false,
    "max_splits": 4,
    "decks": 6,
    "penetration_cards": 250
  },
  "ev": -0.028699500000000232,
  "stddev": 1.9222424445553208,
  "winning_distrib": {
    "-2.0": 46915483,
    "+0.0": 7604009,
    "+2.0": 45480508
  },
  "hands": {
    "total": 100000000,
    "won": 45480508,
    "lost": 46915483,
    "push": 7604009,
    "busted": 0,
    "blackjack": 0,
    "doubled": 100000000,
    "split": 0,
    "insured": 0,
    "surrender": 0
  }
}
