{
  "rounds": 100000000,
  "rules": {
    "game_type": "ahc",
    "soft17": "h17",
    "das": false,
    "double_down": "any_two",
    "surrender": "no_surrender",
    "play_ace_pairs": false,
    "max_splits": 4,
    "decks": 6,
    "penetration_cards": 46
  },
  "ev": 0.19040988999999894,
  "stddev": 1.966323941382632,
  "winning_distrib": {
    "-4.0": 622798,
    "-3.0": 3543878,
    "-2.0": 29764426,
    "-1.0": 8479730,
    "+0.0": 9591422,
    "+1.0": 2981211,
    "+2.0": 38875188,
    "+3.0": 5124578,
    "+4.0": 1016769
  },
  "hands": {
    "total": 216659092,
    "won": 109977960,
    "lost": 90936971,
    "push": 15744161,
    "busted": 0,
    "blackjack": 0,
    "doubled": 0,
    "split": 216659092,
    "insured": 0,
    "surrender": 0
  }
}
