{
  "rounds": 100000000,
  "rules": {
    "game_type": "ahc",
    "soft17": "h17",
    "das": true,
    "double_down": "any_two",
    "surrender": "no_surrender",
    "play_ace_pairs": false,
    "max_splits": 4,
    "decks": 6,
    "penetration_cards": 46
  },
  "ev": 0.13608276999999744,
  "stddev": 0.9214611105196092,
  "winning_distrib": {
    "-1.0": 36576316,
    "+0.0": 13239091,
    "+1.0": 50184593
  },
  "hands": {
    "total": 100000000,
    "won": 50184593,
    "lost": 36576316,
    "push": 13239091,
    "busted": 0,
    "blackjack": 0,
    "doubled": 0,
    "split": 0,
    "insured": 0,
    "surrender": 0
  }
}
