{
  "rounds": 100000000,
  "rules": {
    "game_type": "ahc",
    "soft17": "h17",
    "das": false,
    "double_down": "any_two",
    "surrender": "no_surrender",
    "play_ace_pairs": false,
    "max_splits": 4,
    "decks": 6,
    "penetration_cards": 46
  },
  "ev": -0.3781010500000111,
  "stddev": 1.4074884389575546,
  "winning_distrib": {
    "-2.0": 32186202,
    "-1.0": 11995549,
    "+0.0": 33810503,
    "+1.0": 5457644,
    "+2.0": 16550102
  },
  "hands": {
    "total": 200000000,
    "won": 71066942,
    "lost": 108877047,
    "push": 20056011,
    "busted": 72039961,
    "blackjack": 0,
    "doubled": 0,
    "split": 200000000,
    "insured": 0,
    "surrender": 0
  }
}
