{
  "rounds": 100000000,
  "rules": {
    "game_type": "ahc",
    "soft17": "h17",
    "das": true,
    "double_down": "any_two",
    "surrender": "no_surrender",
    "play_ace_pairs": false,
    "max_splits": 4,
    "decks": 6,
    "penetration_cards": 46
  },
  "ev": -0.3433739800000019,
  "stddev": 1.9263431643834414,
  "winning_distrib": {
    "-2.0": 56443145,
    "+0.0": 4282409,
    "+2.0": 39274446
  },
  "hands": {
    "total": 100000000,
    "won": 39274446,
    "lost": 56443145,
    "push": 4282409,
    "busted": 30884227,
    "blackjack": 0,
    "doubled": 100000000,
    "split": 0,
    "insured": 0,
    "surrender": 0
  }
}
