{
  "rounds": 100000000,
  "rules": {
    "game_type": "enhc",
    "soft17": "s17",
    "das": true,
    "double_down": "any_two",
    "surrender": "no_surrender",
    "play_ace_pairs": false,
    "max_splits": 4,
    "decks": 6,
    "penetration_cards": 46
  },
  "ev": -0.0015670999999999836,
  "stddev": 0.9731636828756277,
  "winning_distrib": {
    "-1.0": 47430855,
    "+0.0": 5295000,
    "+1.0": 47274145
  },
  "hands": {
    "total": 100000000,
    "won": 47274145,
    "lost": 47430855,
    "push": 5295000,
    "busted": 2770747,
    "blackjack": 0,
    "doubled": 0,
    "split": 0,
    "insured": 0,
    "surrender": 0
  }
}
