{
  "rounds": 100000000,
  "rules": {
    "game_type": "ahc",
    "soft17": "s17",
    "das": true,
    "bj_pays": 1.5,
    "double_down": "any_two",
    "surrender": "early_surrender",
    "play_ace_pairs": false,
    "max_splits": 4,
    "decks": 6,
    "penetration_cards": 250
  },
  "ev": -0.2663942600000044,
  "stddev": 1.9198284337659908,
  "winning_distrib": {
    "-2.0": 53618695,
    "+0.0": 6082323,
    "+2.0": 40298982
  },
  "hands": {
    "total": 100000000,
    "won": 40298982,
    "lost": 53618695,
    "push": 6082323,
    "busted": 0,
    "blackjack": 0,
    "doubled": 100000000,
    "split": 0,
    "insured": 0,
    "surrender": 0
  }
}
