{
  "rounds": 100000000,
  "rules": {
    "game_type": "enhc",
    "soft17": "h17",
    "das": true,
    "double_down": "any_two",
    "surrender": "no_surrender",
    "play_ace_pairs": false,
    "max_splits": 4,
    "decks": 6,
    "penetration_cards": 46
  },
  "ev": -0.06924156000000153,
  "stddev": 1.9485554968584953,
  "winning_distrib": {
    "-2.0": 49251825,
    "+0.0": 4958428,
    "+2.0": 45789747
  },
  "hands": {
    "total": 100000000,
    "won": 45789747,
    "lost": 49251825,
    "push": 4958428,
    "busted": 0,
    "blackjack": 0,
    "doubled": 100000000,
    "split": 0,
    "insured": 0,
    "surrender": 0
  }
}
