{
  "rounds": 100000000,
  "rules": {
    "game_type": "enhc",
    "soft17": "s17",
    "das": true,
    "double_down": "any_two",
    "surrender": "no_surrender",
    "play_ace_pairs": false,
    "max_splits": 4,
    "decks": 6,
    "penetration_cards": 46
  },
  "ev": -1.015302780000009,
  "stddev": 1.6857112722351173,
  "winning_distrib": {
    "-2.0": 73788347,
    "+0.0": 3188445,
    "+2.0": 23023208
  },
  "hands": {
    "total": 100000000,
    "won": 23023208,
    "lost": 73788347,
    "push": 3188445,
    "busted": 69126574,
    "blackjack": 0,
    "doubled": 100000000,
    "split": 0,
    "insured": 0,
    "surrender": 0
  }
}
