{
  "rounds": 100000000,
  "rules": {
    "game_type": "ahc",
    "soft17": "s17",
    "das": true,
    "bj_pays": 1.5,
    "double_down": "any_two",
    "surrender": "early_surrender",
    "play_ace_pairs": false,
    "max_splits": 4,
    "decks": 6,
    "penetration_cards": 250
  },
  "ev": 0.2782068099999995,
  "stddev": 0.7371881078151534,
  "winning_distrib": {
    "-1.0": 17131926,
    "+0.0": 37915467,
    "+1.0": 44952607
  },
  "hands": {
    "total": 100000000,
    "won": 44952607,
    "lost": 17131926,
    "push": 37915467,
    "busted": 0,
    "blackjack": 0,
    "doubled": 0,
    "split": 0,
    "insured": 0,
    "surrender": 0
  }
}
