{
  "rounds": 100000000,
  "rules": {
    "game_type": "ahc",
    "soft17": "s17",
    "das": true,
    "bj_pays": 1.5,
    "double_down": "any_two",
    "surrender": "early_surrender",
    "play_ace_pairs": false,
    "max_splits": 4,
    "decks": 6,
    "penetration_cards": 250
  },
  "ev": -0.9967756000000235,
  "stddev": 1.678828648620607,
  "winning_distrib": {
    "-2.0": 72569730,
    "+0.0": 4699320,
    "+2.0": 22730950
  },
  "hands": {
    "total": 100000000,
    "won": 22730950,
    "lost": 72569730,
    "push": 4699320,
    "busted": 63192075,
    "blackjack": 0,
    "doubled": 100000000,
    "split": 0,
    "insured": 0,
    "surrender": 0
  }
}
