{
  "rounds": 100000000,
  "rules": {
    "game_type": "ahc",
    "soft17": "s17",
    "das": true,
    "bj_pays": 1.5,
    "double_down": "any_two",
    "surrender": "early_surrender",
    "play_ace_pairs": false,
    "max_splits": 4,
    "decks": 6,
    "penetration_cards": 250
  },
  "ev": 0.051621599999999795,
  "stddev": 0.9729144771659454,
  "winning_distrib": {
    "-1.0": 44880288,
    "+0.0": 5077264,
    "+1.0": 50042448
  },
  "hands": {
    "total": 100000000,
    "won": 50042448,
    "lost": 44880288,
    "push": 5077264,
    "busted": 3249018,
    "blackjack": 0,
    "doubled": 0,
    "split": 0,
    "insured": 0,
    "surrender": 0
  }
}
