{
  "rounds": 100000000,
  "rules": {
    "game_type": "ahc",
    "soft17": "s17",
    "das": false,
    "double_down": "any_two",
    "surrender": "no_surrender",
    "play_ace_pairs": false,
    "max_splits": 4,
    "decks": 6,
    "penetration_cards": 46
  },
  "ev": -0.47315190999999457,
  "stddev": 0.8416899352776983,
  "winning_distrib": {
    "-1.0": 70273329,
    "+0.0": 6768533,
    "+1.0": 22958138
  },
  "hands": {
    "total": 100000000,
    "won": 22958138,
    "lost": 70273329,
    "push": 6768533,
    "busted": 48171815,
    "blackjack": 0,
    "doubled": 0,
    "split": 0,
    "insured": 0,
    "surrender": 0
  }
}
