{
  "rounds": 100000000,
  "rules": {
    "game_type": "ahc",
    "soft17": "s17",
    "das": true,
    "bj_pays": 1.5,
    "double_down": "any_two",
    "surrender": "early_surrender",
    "play_ace_pairs": false,
    "max_splits": 4,
    "decks": 6,
    "penetration_cards": 250
  },
  "ev": 0.05221206000000086,
  "stddev": 2.749378918297988,
  "winning_distrib": {
    "-8.0": 3452,
    "-7.0": 40357,
    "-6.0": 267270,
    "-5.0": 1082269,
    "-4.0": 4771360,
    "-3.0": 16186593,
    "-2.0": 22476745,
    "-1.0": 4060408,
    "+0.0": 3145686,
    "+1.0": 5492901,
    "+2.0": 15884926,
    "+3.0": 17400530,
    "+4.0": 6944375,
    "+5.0": 1615475,
    "+6.0": 518619,
    "+7.0": 97801,
    "+8.0": 11233
  },
  "hands": {
    "total": 217807257,
    "won": 101616580,
    "lost": 109911547,
    "push": 6279130,
    "busted": 0,
    "blackjack": 0,
    "doubled": 72799612,
    "split": 217807257,
    "insured": 0,
    "surrender": 0
  }
}
