{
  "rounds": 100000000,
  "rules": {
    "game_type": "ahc",
    "soft17": "s17",
    "das": true,
    "bj_pays": 1.5,
    "double_down": "any_two",
    "surrender": "early_surrender",
    "play_ace_pairs": false,
    "max_splits": 4,
    "decks": 6,
    "penetration_cards": 250
  },
  "ev": -0.6491827400000043,
  "stddev": 1.8455073460013798,
  "winning_distrib": {
    "-2.0": 64071263,
    "+0.0": 4316611,
    "+2.0": 31612126
  },
  "hands": {
    "total": 100000000,
    "won": 31612126,
    "lost": 64071263,
    "push": 4316611,
    "busted": 47056903,
    "blackjack": 0,
    "doubled": 100000000,
    "split": 0,
    "insured": 0,
    "surrender": 0
  }
}
