{
  "rounds": 100000000,
  "rules": {
    "game_type": "ahc",
    "soft17": "s17",
    "das": true,
    "bj_pays": 1.5,
    "double_down": "any_two",
    "surrender": "early_surrender",
    "play_ace_pairs": false,
    "max_splits": 4,
    "decks": 6,
    "penetration_cards": 250
  },
  "ev": -0.3902067199999954,
  "stddev": 0.8956481695893207,
  "winning_distrib": {
    "-1.0": 67232682,
    "+0.0": 4555308,
    "+1.0": 28212010
  },
  "hands": {
    "total": 100000000,
    "won": 28212010,
    "lost": 67232682,
    "push": 4555308,
    "busted": 48979667,
    "blackjack": 0,
    "doubled": 0,
    "split": 0,
    "insured": 0,
    "surrender": 0
  }
}
