{
  "rounds": 100000000,
  "rules": {
    "game_type": "ahc",
    "soft17": "s17",
    "das": true,
    "bj_pays": 1.5,
    "double_down": "any_two",
    "surrender": "early_surrender",
    "play_ace_pairs": false,
    "max_splits": 4,
    "decks": 6,
    "penetration_cards": 250
  },
  "ev": -0.08176132999999902,
  "stddev": 0.939872163514919,
  "winning_distrib": {
    "-1.0": 48590296,
    "+0.0": 10995541,
    "+1.0": 40414163
  },
  "hands": {
    "total": 100000000,
    "won": 40414163,
    "lost": 48590296,
    "push": 10995541,
    "busted": 0,
    "blackjack": 0,
    "doubled": 0,
    "split": 0,
    "insured": 0,
    "surrender": 0
  }
}
