{
  "rounds": 100000000,
  "rules": {
    "game_type": "ahc",
    "soft17": "s17",
    "das": true,
    "bj_pays": 1.5,
    "double_down": "any_two",
    "surrender": "early_surrender",
    "play_ace_pairs": false,
    "max_splits": 4,
    "decks": 6,
    "penetration_cards": 250
  },
  "ev": -0.0008623099999999494,
  "stddev": 0.9604824494214964,
  "winning_distrib": {
    "-1.0": 46169479,
    "+0.0": 7747273,
    "+1.0": 46083248
  },
  "hands": {
    "total": 100000000,
    "won": 46083248,
    "lost": 46169479,
    "push": 7747273,
    "busted": 2561511,
    "blackjack": 0,
    "doubled": 0,
    "split": 0,
    "insured": 0,
    "surrender": 0
  }
}
