{
  "rounds": 100000000,
  "rules": {
    "game_type": "ahc",
    "soft17": "h17",
    "das": true,
    "double_down": "any_two",
    "surrender": "no_surrender",
    "play_ace_pairs": false,
    "max_splits": 4,
    "decks": 6,
    "penetration_cards": 46
  },
  "ev": 0.19552383999999012,
  "stddev": 0.9283308874585855,
  "winning_distrib": {
    "-1.0": 35225198,
    "+0.0": 9997220,
    "+1.0": 54777582
  },
  "hands": {
    "total": 100000000,
    "won": 54777582,
    "lost": 35225198,
    "push": 9997220,
    "busted": 21312956,
    "blackjack": 0,
    "doubled": 0,
    "split": 0,
    "insured": 0,
    "surrender": 0
  }
}
