{
  "rounds": 100000000,
  "rules": {
    "game_type": "ahc",
    "soft17": "s17",
    "das": true,
    "bj_pays": 1.5,
    "double_down": "any_two",
    "surrender": "early_surrender",
    "play_ace_pairs": false,
    "max_splits": 4,
    "decks": 6,
    "penetration_cards": 250
  },
  "ev": -0.040959020000000575,
  "stddev": 1.9446902572128975,
  "winning_distrib": {
    "-2.0": 48317698,
    "+0.0": 5412555,
    "+2.0": 46269747
  },
  "hands": {
    "total": 100000000,
    "won": 46269747,
    "lost": 48317698,
    "push": 5412555,
    "busted": 0,
    "blackjack": 0,
    "doubled": 100000000,
    "split": 0,
    "insured": 0,
    "surrender": 0
  }
}
