{
  "rounds": 100000000,
  "rules": {
    "game_type": "ahc",
    "soft17": "s17",
    "das": true,
    "bj_pays": 1.5,
    "double_down": "any_two",
    "surrender": "early_surrender",
    "play_ace_pairs": false,
    "max_splits": 4,
    "decks": 6,
    "penetration_cards": 250
  },
  "ev": -0.062036860000000096,
  "stddev": 0.912775096249312,
  "winning_distrib": {
    "-1.0": 44952190,
    "+0.0": 16299306,
    "+1.0": 38748504
  },
  "hands": {
    "total": 100000000,
    "won": 38748504,
    "lost": 44952190,
    "push": 16299306,
    "busted": 24914843,
    "blackjack": 0,
    "doubled": 0,
    "split": 0,
    "insured": 0,
    "surrender": 0
  }
}
