{
  "rounds": 100000000,
  "rules": {
    "game_type": "ahc",
    "soft17": "s17",
    "das": true,
    "bj_pays": 1.5,
    "double_down": "any_two",
    "surrender": "early_surrender",
    "play_ace_pairs": false,
    "max_splits": 4,
    "decks": 6,
    "penetration_cards": 250
  },
  "ev": -0.43193981999999487,
  "stddev": 0.8649880573628793,
  "winning_distrib": {
    "-1.0": 68335808,
    "+0.0": 6522366,
    "+1.0": 25141826
  },
  "hands": {
    "total": 100000000,
    "won": 25141826,
    "lost": 68335808,
    "push": 6522366,
    "busted": 25482918,
    "blackjack": 0,
    "doubled": 0,
    "split": 0,
    "insured": 0,
    "surrender": 0
  }
}
