{
  "rounds": 100000000,
  "rules": {
    "game_type": "ahc",
    "soft17": "s17",
    "das": true,
    "bj_pays": 1.5,
    "double_down": "any_two",
    "surrender": "early_surrender",
    "play_ace_pairs": false,
    "max_splits": 4,
    "decks": 6,
    "penetration_cards": 250
  },
  "ev": 0.005149489999999855,
  "stddev": 0.9593436099522104,
  "winning_distrib": {
    "-1.0": 45760859,
    "+0.0": 7963333,
    "+1.0": 46275808
  },
  "hands": {
    "total": 100000000,
    "won": 46275808,
    "lost": 45760859,
    "push": 7963333,
    "busted": 36413964,
    "blackjack": 0,
    "doubled": 0,
    "split": 0,
    "insured": 0,
    "surrender": 0
  }
}
