{
  "rounds": 100000000,
  "rules": {
    "game_type": "ahc",
    "soft17": "s17",
    "das": false,
    "double_down": "any_two",
    "surrender": "no_surrender",
    "play_ace_pairs": false,
    "max_splits": 4,
    "decks": 6,
    "penetration_cards": 46
  },
  "ev": 0.07537608000000141,
  "stddev": 0.9628925152037745,
  "winning_distrib": {
    "-1.0": 42873373,
    "+0.0": 6715646,
    "+1.0": 50410981
  },
  "hands": {
    "total": 100000000,
    "won": 50410981,
    "lost": 42873373,
    "push": 6715646,
    "busted": 0,
    "blackjack": 0,
    "doubled": 0,
    "split": 0,
    "insured": 0,
    "surrender": 0
  }
}
