{
  "rounds": 100000000,
  "rules": {
    "game_type": "ahc",
    "soft17": "h17",
    "das": true,
    "double_down": "any_two",
    "surrender": "no_surrender",
    "play_ace_pairs": false,
    "max_splits": 4,
    "decks": 6,
    "penetration_cards": 46
  },
  "ev": -0.5755741799999962,
  "stddev": 0.782343971305433,
  "winning_distrib": {
    "-1.0": 75946095,
    "+0.0": 5665228,
    "+1.0": 18388677
  },
  "hands": {
    "total": 100000000,
    "won": 18388677,
    "lost": 75946095,
    "push": 5665228,
    "busted": 33600839,
    "blackjack": 0,
    "doubled": 0,
    "split": 0,
    "insured": 0,
    "surrender": 0
  }
}
