{
  "rounds": 100000000,
  "rules": {
    "game_type": "ahc",
    "soft17": "s17",
    "das": true,
    "bj_pays": 1.5,
    "double_down": "any_two",
    "surrender": "early_surrender",
    "play_ace_pairs": false,
    "max_splits": 4,
    "decks": 6,
    "penetration_cards": 250
  },
  "ev": -0.4508571199999948,
  "stddev": 0.8510286508618958,
  "winning_distrib": {
    "-1.0": 68918951,
    "+0.0": 7247810,
    "+1.0": 23833239
  },
  "hands": {
    "total": 100000000,
    "won": 23833239,
    "lost": 68918951,
    "push": 7247810,
    "busted": 46325359,
    "blackjack": 0,
    "doubled": 0,
    "split": 0,
    "insured": 0,
    "surrender": 0
  }
}
