{
  "rounds": 100000000,
  "rules": {
    "game_type": "enhc",
    "soft17": "s17",
    "das": true,
    "double_down": "any_two",
    "surrender": "no_surrender",
    "play_ace_pairs": false,
    "max_splits": 4,
    "decks": 6,
    "penetration_cards": 46
  },
  "ev": -0.20867833000000258,
  "stddev": 0.9385391272594629,
  "winning_distrib": {
    "-1.0": 56654033,
    "+0.0": 7559767,
    "+1.0": 35786200
  },
  "hands": {
    "total": 100000000,
    "won": 35786200,
    "lost": 56654033,
    "push": 7559767,
    "busted": 21255075,
    "blackjack": 0,
    "doubled": 0,
    "split": 0,
    "insured": 0,
    "surrender": 0
  }
}
