{
  "rounds": 100000000,
  "rules": {
    "game_type": "enhc",
    "soft17": "s17",
    "das": false,
    "double_down": "any_two",
    "surrender": "no_surrender",
    "play_ace_pairs": false,
    "max_splits": 4,
    "decks": 6,
    "penetration_cards": 46
  },
  "ev": -0.4330015400000079,
  "stddev": 1.3813852415021146,
  "winning_distrib": {
    "-2.0": 33737738,
    "-1.0": 10375384,
    "+0.0": 36183426,
    "+1.0": 4856198,
    "+2.0": 14847254
  },
  "hands": {
    "total": 200000000,
    "won": 69765763,
    "lost": 113065917,
    "push": 17168320,
    "busted": 87834208,
    "blackjack": 0,
    "doubled": 0,
    "split": 200000000,
    "insured": 0,
    "surrender": 0
  }
}
