{
  "rounds": 100000000,
  "rules": {
    "game_type": "ahc",
    "soft17": "s17",
    "das": true,
    "bj_pays": 1.5,
    "double_down": "any_two",
    "surrender": "early_surrender",
    "play_ace_pairs": false,
    "max_splits": 4,
    "decks": 6,
    "penetration_cards": 250
  },
  "ev": 0.4372176599999911,
  "stddev": 1.870794952094689,
  "winning_distrib": {
    "-2.0": 35207471,
    "+0.0": 7724175,
    "+2.0": 57068354
  },
  "hands": {
    "total": 100000000,
    "won": 57068354,
    "lost": 35207471,
    "push": 7724175,
    "busted": 0,
    "blackjack": 0,
    "doubled": 100000000,
    "split": 0,
    "insured": 0,
    "surrender": 0
  }
}
