{
  "rounds": 100000000,
  "rules": {
    "game_type": "ahc",
    "soft17": "s17",
    "das": true,
    "bj_pays": 1.5,
    "double_down": "any_two",
    "surrender": "early_surrender",
    "play_ace_pairs": false,
    "max_splits": 4,
    "decks": 6,
    "penetration_cards": 250
  },
  "ev": -0.17374392000000227,
  "stddev": 0.9595087490323341,
  "winning_distrib": {
    "-1.0": 56229395,
    "+0.0": 4915602,
    "+1.0": 38855003
  },
  "hands": {
    "total": 100000000,
    "won": 38855003,
    "lost": 56229395,
    "push": 4915602,
    "busted": 28063184,
    "blackjack": 0,
    "doubled": 0,
    "split": 0,
    "insured": 0,
    "surrender": 0
  }
}
