{
  "rounds": 100000000,
  "rules": {
    "game_type": "ahc",
    "soft17": "s17",
    "das": true,
    "bj_pays": 1.5,
    "double_down": "any_two",
    "surrender": "early_surrender",
    "play_ace_pairs": false,
    "max_splits": 4,
    "decks": 6,
    "penetration_cards": 250
  },
  "ev": -0.5028216099999959,
  "stddev": 0.8308889489100078,
  "winning_distrib": {
    "-1.0": 72301381,
    "+0.0": 5679399,
    "+1.0": 22019220
  },
  "hands": {
    "total": 100000000,
    "won": 22019220,
    "lost": 72301381,
    "push": 5679399,
    "busted": 62065732,
    "blackjack": 0,
    "doubled": 0,
    "split": 0,
    "insured": 0,
    "surrender": 0
  }
}
