{
  "rounds": 100000000,
  "rules": {
    "game_type": "ahc",
    "soft17": "s17",
    "das": true,
    "bj_pays": 1.5,
    "double_down": "any_two",
    "surrender": "early_surrender",
    "play_ace_pairs": false,
    "max_splits": 4,
    "decks": 6,
    "penetration_cards": 250
  },
  "ev": 0.0805147400000004,
  "stddev": 0.9768008938284993,
  "winning_distrib": {
    "-1.0": 44005393,
    "+0.0": 3937740,
    "+1.0": 52056867
  },
  "hands": {
    "total": 100000000,
    "won": 52056867,
    "lost": 44005393,
    "push": 3937740,
    "busted": 0,
    "blackjack": 0,
    "doubled": 0,
    "split": 0,
    "insured": 0,
    "surrender": 0
  }
}
