{
  "rounds": 100000000,
  "rules": {
    "game_type": "ahc",
    "soft17": "h17",
    "das": true,
    "double_down": "any_two",
    "surrender": "no_surrender",
    "play_ace_pairs": false,
    "max_splits": 4,
    "decks": 6,
    "penetration_cards": 46
  },
  "ev": 0.04948595999999951,
  "stddev": 0.9705578546293326,
  "winning_distrib": {
    "-1.0": 44747272,
    "+0.0": 5556860,
    "+1.0": 49695868
  },
  "hands": {
    "total": 100000000,
    "won": 49695868,
    "lost": 44747272,
    "push": 5556860,
    "busted": 2984690,
    "blackjack": 0,
    "doubled": 0,
    "split": 0,
    "insured": 0,
    "surrender": 0
  }
}
