{
  "rounds": 100000000,
  "rules": {
    "game_type": "ahc",
    "soft17": "h17",
    "das": true,
    "double_down": "any_two",
    "surrender": "no_surrender",
    "play_ace_pairs": false,
    "max_splits": 4,
    "decks": 6,
    "penetration_cards": 46
  },
  "ev": -0.32146197000000265,
  "stddev": 0.9232094563894437,
  "winning_distrib": {
    "-1.0": 63855773,
    "+0.0": 4434651,
    "+1.0": 31709576
  },
  "hands": {
    "total": 100000000,
    "won": 31709576,
    "lost": 63855773,
    "push": 4434651,
    "busted": 46305967,
    "blackjack": 0,
    "doubled": 0,
    "split": 0,
    "insured": 0,
    "surrender": 0
  }
}
