{
  "rounds": 100000000,
  "rules": {
    "game_type": "ahc",
    "soft17": "h17",
    "das": true,
    "double_down": "any_two",
    "surrender": "no_surrender",
    "play_ace_pairs": false,
    "max_splits": 4,
    "decks": 6,
    "penetration_cards": 46
  },
  "ev": 0.35091929999999205,
  "stddev": 1.8919812791577633,
  "winning_distrib": {
    "-2.0": 37511236,
    "+0.0": 7431563,
    "+2.0": 55057201
  },
  "hands": {
    "total": 100000000,
    "won": 55057201,
    "lost": 37511236,
    "push": 7431563,
    "busted": 0,
    "blackjack": 0,
    "doubled": 100000000,
    "split": 0,
    "insured": 0,
    "surrender": 0
  }
}
