{
  "rounds": 100000000,
  "rules": {
    "game_type": "ahc",
    "soft17": "s17",
    "das": true,
    "bj_pays": 1.5,
    "double_down": "any_two",
    "surrender": "early_surrender",
    "play_ace_pairs": false,
    "max_splits": 4,
    "decks": 6,
    "penetration_cards": 250
  },
  "ev": -0.5089055400000081,
  "stddev": 1.8685752289573376,
  "winning_distrib": {
    "-2.0": 59604616,
    "+0.0": 6236045,
    "+2.0": 34159339
  },
  "hands": {
    "total": 100000000,
    "won": 34159339,
    "lost": 59604616,
    "push": 6236045,
    "busted": 27084057,
    "blackjack": 0,
    "doubled": 100000000,
    "split": 0,
    "insured": 0,
    "surrender": 0
  }
}
