{
  "rounds": 100000000,
  "rules": {
    "game_type": "enhc",
    "soft17": "s17",
    "das": true,
    "double_down": "any_two",
    "surrender": "no_surrender",
    "play_ace_pairs": false,
    "max_splits": 4,
    "decks": 6,
    "penetration_cards": 46
  },
  "ev": -1.173334119999988,
  "stddev": 1.5430094836560844,
  "winning_distrib": {
    "-2.0": 76303243,
    "+0.0": 6060220,
    "+2.0": 17636537
  },
  "hands": {
    "total": 100000000,
    "won": 17636537,
    "lost": 76303243,
    "push": 6060220,
    "busted": 0,
    "blackjack": 0,
    "doubled": 100000000,
    "split": 0,
    "insured": 0,
    "surrender": 0
  }
}
