{
  "rounds": 100000000,
  "rules": {
    "game_type": "ahc",
    "soft17": "s17",
    "das": true,
    "bj_pays": 1.5,
    "double_down": "any_two",
    "surrender": "early_surrender",
    "play_ace_pairs": false,
    "max_splits": 4,
    "decks": 6,
    "penetration_cards": 250
  },
  "ev": 0.24728517000000177,
  "stddev": 0.9168842801056387,
  "winning_distrib": {
    "-1.0": 32727078,
    "+0.0": 9817327,
    "+1.0": 57455595
  },
  "hands": {
    "total": 100000000,
    "won": 57455595,
    "lost": 32727078,
    "push": 9817327,
    "busted": 20732291,
    "blackjack": 0,
    "doubled": 0,
    "split": 0,
    "insured": 0,
    "surrender": 0
  }
}
