{
  "rounds": 100000000,
  "rules": {
    "game_type": "enhc",
    "soft17": "h17",
    "das": true,
    "bj_pays": 1.5,
    "double_down": "any_two",
    "surrender": "no_surrender",
    "play_ace_pairs": false,
    "max_splits": 4,
    "decks": 6,
    "penetration_cards": 250
  },
  "ev": -0.1326732300000032,
  "stddev": 2.2735034760759922,
  "winning_distrib": {
    "-8.0": 108,
    "-7.0": 3692,
    "-6.0": 49977,
    "-5.0": 381349,
    "-4.0": 2117798,
    "-3.0": 10571161,
    "-2.0": 29556358,
    "-1.0": 7154660,
    "+0.0": 9117845,
    "+1.0": 5648906,
    "+2.0": 20759741,
    "+3.0": 11132722,
    "+4.0": 2806307,
    "+5.0": 582036,
    "+6.0": 105819,
    "+7.0": 11001,
    "+8.0": 520
  },
  "hands": {
    "total": 216755270,
    "won": 93138269,
    "lost": 113998957,
    "push": 9618044,
    "busted": 8272122,
    "blackjack": 0,
    "doubled": 36046631,
    "split": 216755270,
    "insured": 0,
    "surrender": 0
  }
}
