{
  "rounds": 100000000,
  "rules": {
    "game_type": "ahc",
    "soft17": "s17",
    "das": true,
    "bj_pays": 1.5,
    "double_down": "any_two",
    "surrender": "early_surrender",
    "play_ace_pairs": false,
    "max_splits": 4,
    "decks": 6,
    "penetration_cards": 250
  },
  "ev": -1.107306819999982,
  "stddev": 1.634690990096802,
  "winning_distrib": {
    "-2.0": 76411958,
    "+0.0": 2541425,
    "+2.0": 21046617
  },
  "hands": {
    "total": 100000000,
    "won": 21046617,
    "lost": 76411958,
    "push": 2541425,
    "busted": 72335775,
    "blackjack": 0,
    "doubled": 100000000,
    "split": 0,
    "insured": 0,
    "surrender": 0
  }
}
