{
  "rounds": 100000000,
  "rules": {
    "game_type": "ahc",
    "soft17": "s17",
    "das": true,
    "bj_pays": 1.5,
    "double_down": "any_two",
    "surrender": "early_surrender",
    "play_ace_pairs": false,
    "max_splits": 4,
    "decks": 6,
    "penetration_cards": 250
  },
  "ev": 0.13014570999999794,
  "stddev": 0.9316960946838689,
  "winning_distrib": {
    "-1.0": 37742490,
    "+0.0": 11500449,
    "+1.0": 50757061
  },
  "hands": {
    "total": 100000000,
    "won": 50757061,
    "lost": 37742490,
    "push": 11500449,
    "busted": 20531579,
    "blackjack": 0,
    "doubled": 0,
    "split": 0,
    "insured": 0,
    "surrender": 0
  }
}
