{
  "rounds": 100000000,
  "rules": {
    "game_type": "ahc",
    "soft17": "s17",
    "das": false,
    "double_down": "any_two",
    "surrender": "no_surrender",
    "play_ace_pairs": false,
    "max_splits": 4,
    "decks": 6,
    "penetration_cards": 46
  },
  "ev": -1.4251103400000278,
  "stddev": 1.387813279258197,
  "winning_distrib": {
    "-2.0": 85089823,
    "+0.0": 1075871,
    "+2.0": 13834306
  },
  "hands": {
    "total": 100000000,
    "won": 13834306,
    "lost": 85089823,
    "push": 1075871,
    "busted": 84552082,
    "blackjack": 0,
    "doubled": 100000000,
    "split": 0,
    "insured": 0,
    "surrender": 0
  }
}
