{
  "rounds": 100000000,
  "rules": {
    "game_type": "ahc",
    "soft17": "s17",
    "das": true,
    "bj_pays": 1.5,
    "double_down": "any_two",
    "surrender": "early_surrender",
    "play_ace_pairs": false,
    "max_splits": 4,
    "decks": 6,
    "penetration_cards": 250
  },
  "ev": -0.006368119999999936,
  "stddev": 1.9542622048330762,
  "winning_distrib": {
    "-2.0": 47898969,
    "+0.0": 4520468,
    "+2.0": 47580563
  },
  "hands": {
    "total": 100000000,
    "won": 47580563,
    "lost": 47898969,
    "push": 4520468,
    "busted": 0,
    "blackjack": 0,
    "doubled": 100000000,
    "split": 0,
    "insured": 0,
    "surrender": 0
  }
}
