{
  "rounds": 100000000,
  "rules": {
    "game_type": "ahc",
    "soft17": "s17",
    "das": true,
    "bj_pays": 1.5,
    "double_down": "any_two",
    "surrender": "early_surrender",
    "play_ace_pairs": false,
    "max_splits": 4,
    "decks": 6,
    "penetration_cards": 250
  },
  "ev": 0.3640222399999985,
  "stddev": 0.892074053396544,
  "winning_distrib": {
    "-1.0": 28214303,
    "+0.0": 7169170,
    "+1.0": 64616527
  },
  "hands": {
    "total": 100000000,
    "won": 64616527,
    "lost": 28214303,
    "push": 7169170,
    "busted": 0,
    "blackjack": 0,
    "doubled": 0,
    "split": 0,
    "insured": 0,
    "surrender": 0
  }
}
