{
  "rounds": 100000000,
  "rules": {
    "game_type": "ahc",
    "soft17": "s17",
    "das": true,
    "bj_pays": 1.5,
    "double_down": "any_two",
    "surrender": "early_surrender",
    "play_ace_pairs": false,
    "max_splits": 4,
    "decks": 6,
    "penetration_cards": 250
  },
  "ev": 0.5277813600000067,
  "stddev": 1.8502397007605234,
  "winning_distrib": {
    "-2.0": 33079717,
    "+0.0": 7451498,
    "+2.0": 59468785
  },
  "hands": {
    "total": 100000000,
    "won": 59468785,
    "lost": 33079717,
    "push": 7451498,
    "busted": 0,
    "blackjack": 0,
    "doubled": 100000000,
    "split": 0,
    "insured": 0,
    "surrender": 0
  }
}
