{
  "rounds": 100000000,
  "rules": {
    "game_type": "enhc",
    "soft17": "h17",
    "das": true,
    "double_down": "any_two",
    "surrender": "no_surrender",
    "play_ace_pairs": false,
    "max_splits": 4,
    "decks": 6,
    "penetration_cards": 46
  },
  "ev": 0.10754513999999767,
  "stddev": 0.9193011537649279,
  "winning_distrib": {
    "-1.0": 37456771,
    "+0.0": 14331944,
    "+1.0": 48211285
  },
  "hands": {
    "total": 100000000,
    "won": 48211285,
    "lost": 37456771,
    "push": 14331944,
    "busted": 0,
    "blackjack": 0,
    "doubled": 0,
    "split": 0,
    "insured": 0,
    "surrender": 0
  }
}
