{
  "rounds": 100000000,
  "rules": {
    "game_type": "ahc",
    "soft17": "s17",
    "das": true,
    "bj_pays": 1.5,
    "double_down": "any_two",
    "surrender": "early_surrender",
    "play_ace_pairs": false,
    "max_splits": 4,
    "decks": 6,
    "penetration_cards": 250
  },
  "ev": -0.20029811000000444,
  "stddev": 0.9394484583818565,
  "winning_distrib": {
    "-1.0": 56149042,
    "+0.0": 7731727,
    "+1.0": 36119231
  },
  "hands": {
    "total": 100000000,
    "won": 36119231,
    "lost": 56149042,
    "push": 7731727,
    "busted": 47329047,
    "blackjack": 0,
    "doubled": 0,
    "split": 0,
    "insured": 0,
    "surrender": 0
  }
}
