{
  "rounds": 100000000,
  "rules": {
    "game_type": "ahc",
    "soft17": "s17",
    "das": true,
    "bj_pays": 1.5,
    "double_down": "any_two",
    "surrender": "early_surrender",
    "play_ace_pairs": false,
    "max_splits": 4,
    "decks": 6,
    "penetration_cards": 250
  },
  "ev": 0.31035140000000566,
  "stddev": 0.8960385686715214,
  "winning_distrib": {
    "-1.0": 29442585,
    "+0.0": 10079690,
    "+1.0": 60477725
  },
  "hands": {
    "total": 100000000,
    "won": 60477725,
    "lost": 29442585,
    "push": 10079690,
    "busted": 0,
    "blackjack": 0,
    "doubled": 0,
    "split": 0,
    "insured": 0,
    "surrender": 0
  }
}
