{
  "rounds": 100000000,
  "rules": {
    "game_type": "ahc",
    "soft17": "h17",
    "das": true,
    "double_down": "any_two",
    "surrender": "no_surrender",
    "play_ace_pairs": false,
    "max_splits": 4,
    "decks": 6,
    "penetration_cards": 46
  },
  "ev": -0.20890754000000025,
  "stddev": 0.922546263469792,
  "winning_distrib": {
    "-1.0": 55182075,
    "+0.0": 10526604,
    "+1.0": 34291321
  },
  "hands": {
    "total": 100000000,
    "won": 34291321,
    "lost": 55182075,
    "push": 10526604,
    "busted": 19594307,
    "blackjack": 0,
    "doubled": 0,
    "split": 0,
    "insured": 0,
    "surrender": 0
  }
}
