{
  "rounds": 100000000,
  "rules": {
    "game_type": "ahc",
    "soft17": "h17",
    "das": true,
    "double_down": "any_two",
    "surrender": "no_surrender",
    "play_ace_pairs": false,
    "max_splits": 4,
    "decks": 6,
    "penetration_cards": 46
  },
  "ev": 0.4661468400000005,
  "stddev": 1.867323378107539,
  "winning_distrib": {
    "-2.0": 34648697,
    "+0.0": 7395264,
    "+2.0": 57956039
  },
  "hands": {
    "total": 100000000,
    "won": 57956039,
    "lost": 34648697,
    "push": 7395264,
    "busted": 0,
    "blackjack": 0,
    "doubled": 100000000,
    "split": 0,
    "insured": 0,
    "surrender": 0
  }
}
