{
  "rounds": 100000000,
  "rules": {
    "game_type": "ahc",
    "soft17": "s17",
    "das": false,
    "double_down": "any_two",
    "surrender": "no_surrender",
    "play_ace_pairs": false,
    "max_splits": 4,
    "decks": 6,
    "penetration_cards": 46
  },
  "ev": -0.20534483000000417,
  "stddev": 0.9270368274163936,
  "winning_distrib": {
    "-1.0": 55345430,
    "+0.0": 9843623,
    "+1.0": 34810947
  },
  "hands": {
    "total": 100000000,
    "won": 34810947,
    "lost": 55345430,
    "push": 9843623,
    "busted": 31439511,
    "blackjack": 0,
    "doubled": 0,
    "split": 0,
    "insured": 0,
    "surrender": 0
  }
}
