{
  "rounds": 100000000,
  "rules": {
    "game_type": "enhc",
    "soft17": "s17",
    "das": true,
    "double_down": "any_two",
    "surrender": "no_surrender",
    "play_ace_pairs": false,
    "max_splits": 4,
    "decks": 6,
    "penetration_cards": 46
  },
  "ev": 0.07534937000000172,
  "stddev": 0.9628944135845141,
  "winning_distrib": {
    "-1.0": 42874690,
    "+0.0": 6715683,
    "+1.0": 50409627
  },
  "hands": {
    "total": 100000000,
    "won": 50409627,
    "lost": 42874690,
    "push": 6715683,
    "busted": 0,
    "blackjack": 0,
    "doubled": 0,
    "split": 0,
    "insured": 0,
    "surrender": 0
  }
}
