{
  "rounds": 100000000,
  "rules": {
    "game_type": "ahc",
    "soft17": "s17",
    "das": true,
    "bj_pays": 1.5,
    "double_down": "any_two",
    "surrender": "early_surrender",
    "play_ace_pairs": false,
    "max_splits": 4,
    "decks": 6,
    "penetration_cards": 250
  },
  "ev": -0.46811987999999655,
  "stddev": 1.9022045878749874,
  "winning_distrib": {
    "-2.0": 59671978,
    "+0.0": 4062038,
    "+2.0": 36265984
  },
  "hands": {
    "total": 100000000,
    "won": 36265984,
    "lost": 59671978,
    "push": 4062038,
    "busted": 40814921,
    "blackjack": 0,
    "doubled": 100000000,
    "split": 0,
    "insured": 0,
    "surrender": 0
  }
}
