{
  "rounds": 100000000,
  "rules": {
    "game_type": "ahc",
    "soft17": "s17",
    "das": true,
    "bj_pays": 1.5,
    "double_down": "any_two",
    "surrender": "early_surrender",
    "play_ace_pairs": false,
    "max_splits": 4,
    "decks": 6,
    "penetration_cards": 250
  },
  "ev": 0.1717094800000028,
  "stddev": 0.9134114531914597,
  "winning_distrib": {
    "-1.0": 34604757,
    "+0.0": 13619538,
    "+1.0": 51775705
  },
  "hands": {
    "total": 100000000,
    "won": 51775705,
    "lost": 34604757,
    "push": 13619538,
    "busted": 0,
    "blackjack": 0,
    "doubled": 0,
    "split": 0,
    "insured": 0,
    "surrender": 0
  }
}
