{
  "rounds": 100000000,
  "rules": {
    "game_type": "enhc",
    "soft17": "s17",
    "das": false,
    "double_down": "any_two",
    "surrender": "no_surrender",
    "play_ace_pairs": false,
    "max_splits": 4,
    "decks": 6,
    "penetration_cards": 46
  },
  "ev": -0.6159950200000209,
  "stddev": 0.7545529809289024,
  "winning_distrib": {
    "-1.0": 78239754,
    "+0.0": 5119994,
    "+1.0": 16640252
  },
  "hands": {
    "total": 100000000,
    "won": 16640252,
    "lost": 78239754,
    "push": 5119994,
    "busted": 55565229,
    "blackjack": 0,
    "doubled": 0,
    "split": 0,
    "insured": 0,
    "surrender": 0
  }
}
