{
  "rounds": 100000000,
  "rules": {
    "game_type": "ahc",
    "soft17": "h17",
    "das": true,
    "double_down": "any_two",
    "surrender": "no_surrender",
    "play_ace_pairs": false,
    "max_splits": 4,
    "decks": 6,
    "penetration_cards": 46
  },
  "ev": 0.5696471399999905,
  "stddev": 1.843960577098005,
  "winning_distrib": {
    "-2.0": 32317427,
    "+0.0": 6882789,
    "+2.0": 60799784
  },
  "hands": {
    "total": 100000000,
    "won": 60799784,
    "lost": 32317427,
    "push": 6882789,
    "busted": 0,
    "blackjack": 0,
    "doubled": 100000000,
    "split": 0,
    "insured": 0,
    "surrender": 0
  }
}
