{
  "rounds": 100000000,
  "rules": {
    "game_type": "ahc",
    "soft17": "s17",
    "das": true,
    "bj_pays": 1.5,
    "double_down": "any_two",
    "surrender": "early_surrender",
    "play_ace_pairs": false,
    "max_splits": 4,
    "decks": 6,
    "penetration_cards": 250
  },
  "ev": 0.11884738000000337,
  "stddev": 0.9287907670157199,
  "winning_distrib": {
    "-1.0": 37896480,
    "+0.0": 12322302,
    "+1.0": 49781218
  },
  "hands": {
    "total": 100000000,
    "won": 49781218,
    "lost": 37896480,
    "push": 12322302,
    "busted": 0,
    "blackjack": 0,
    "doubled": 0,
    "split": 0,
    "insured": 0,
    "surrender": 0
  }
}
