{
  "rounds": 100000000,
  "rules": {
    "game_type": "enhc",
    "soft17": "h17",
    "das": false,
    "double_down": "any_two",
    "surrender": "no_surrender",
    "play_ace_pairs": false,
    "max_splits": 4,
    "decks": 6,
    "penetration_cards": 46
  },
  "ev": 0.10648284999999807,
  "stddev": 0.7927144371965447,
  "winning_distrib": {
    "-1.0": 26662596,
    "+0.0": 36026523,
    "+1.0": 37310881
  },
  "hands": {
    "total": 100000000,
    "won": 37310881,
    "lost": 26662596,
    "push": 36026523,
    "busted": 0,
    "blackjack": 0,
    "doubled": 0,
    "split": 0,
    "insured": 0,
    "surrender": 0
  }
}
