{
  "rounds": 100000000,
  "rules": {
    "game_type": "ahc",
    "soft17": "s17",
    "das": true,
    "bj_pays": 1.5,
    "double_down": "any_two",
    "surrender": "early_surrender",
    "play_ace_pairs": false,
    "max_splits": 4,
    "decks": 6,
    "penetration_cards": 250
  },
  "ev": -0.07371116000000232,
  "stddev": 1.9482216872951514,
  "winning_distrib": {
    "-2.0": 49355292,
    "+0.0": 4974974,
    "+2.0": 45669734
  },
  "hands": {
    "total": 100000000,
    "won": 45669734,
    "lost": 49355292,
    "push": 4974974,
    "busted": 0,
    "blackjack": 0,
    "doubled": 100000000,
    "split": 0,
    "insured": 0,
    "surrender": 0
  }
}
