{
  "rounds": 100000000,
  "rules": {
    "game_type": "ahc",
    "soft17": "s17",
    "das": true,
    "bj_pays": 1.5,
    "double_down": "any_two",
    "surrender": "early_surrender",
    "play_ace_pairs": false,
    "max_splits": 4,
    "decks": 6,
    "penetration_cards": 250
  },
  "ev": -0.2960530599999941,
  "stddev": 1.8848153705840436,
  "winning_distrib": {
    "-2.0": 52903531,
    "+0.0": 8995591,
    "+2.0": 38100878
  },
  "hands": {
    "total": 100000000,
    "won": 38100878,
    "lost": 52903531,
    "push": 8995591,
    "busted": 0,
    "blackjack": 0,
    "doubled": 100000000,
    "split": 0,
    "insured": 0,
    "surrender": 0
  }
}
