{
  "rounds": 100000000,
  "rules": {
    "game_type": "ahc",
    "soft17": "s17",
    "das": true,
    "bj_pays": 1.5,
    "double_down": "any_two",
    "surrender": "early_surrender",
    "play_ace_pairs": false,
    "max_splits": 4,
    "decks": 6,
    "penetration_cards": 250
  },
  "ev": -1.702922800000034,
  "stddev": 1.0385614416230957,
  "winning_distrib": {
    "-2.0": 92305019,
    "+0.0": 536102,
    "+2.0": 7158879
  },
  "hands": {
    "total": 100000000,
    "won": 7158879,
    "lost": 92305019,
    "push": 536102,
    "busted": 92305019,
    "blackjack": 0,
    "doubled": 100000000,
    "split": 0,
    "insured": 0,
    "surrender": 0
  }
}
