{
  "rounds": 100000000,
  "rules": {
    "game_type": "enhc",
    "soft17": "s17",
    "das": false,
    "double_down": "any_two",
    "surrender": "no_surrender",
    "play_ace_pairs": false,
    "max_splits": 4,
    "decks": 6,
    "penetration_cards": 46
  },
  "ev": 0.17766418999999953,
  "stddev": 0.9183762268404989,
  "winning_distrib": {
    "-1.0": 34865763,
    "+0.0": 12502055,
    "+1.0": 52632182
  },
  "hands": {
    "total": 100000000,
    "won": 52632182,
    "lost": 34865763,
    "push": 12502055,
    "busted": 0,
    "blackjack": 0,
    "doubled": 0,
    "split": 0,
    "insured": 0,
    "surrender": 0
  }
}
