{
  "rounds": 100000000,
  "rules": {
    "game_type": "ahc",
    "soft17": "s17",
    "das": true,
    "bj_pays": 1.5,
    "double_down": "any_two",
    "surrender": "early_surrender",
    "play_ace_pairs": false,
    "max_splits": 4,
    "decks": 6,
    "penetration_cards": 250
  },
  "ev": -0.8222881199999907,
  "stddev": 1.757176405083877,
  "winning_distrib": {
    "-2.0": 67605036,
    "+0.0": 5904334,
    "+2.0": 26490630
  },
  "hands": {
    "total": 100000000,
    "won": 26490630,
    "lost": 67605036,
    "push": 5904334,
    "busted": 53436215,
    "blackjack": 0,
    "doubled": 100000000,
    "split": 0,
    "insured": 0,
    "surrender": 0
  }
}
