{
  "rounds": 100000000,
  "rules": {
    "game_type": "enhc",
    "soft17": "s17",
    "das": false,
    "double_down": "any_two",
    "surrender": "no_surrender",
    "play_ace_pairs": false,
    "max_splits": 4,
    "decks": 6,
    "penetration_cards": 46
  },
  "ev": 0.2886020599999954,
  "stddev": 1.902837262398338,
  "winning_distrib": {
    "-2.0": 39085958,
    "+0.0": 7397981,
    "+2.0": 53516061
  },
  "hands": {
    "total": 100000000,
    "won": 53516061,
    "lost": 39085958,
    "push": 7397981,
    "busted": 0,
    "blackjack": 0,
    "doubled": 100000000,
    "split": 0,
    "insured": 0,
    "surrender": 0
  }
}
