{
  "rounds": 100000000,
  "rules": {
    "game_type": "ahc",
    "soft17": "h17",
    "das": false,
    "double_down": "any_two",
    "surrender": "no_surrender",
    "play_ace_pairs": false,
    "max_splits": 4,
    "decks": 6,
    "penetration_cards": 46
  },
  "ev": 0.37884162999998927,
  "stddev": 0.851330439151908,
  "winning_distrib": {
    "-1.0": 24472143,
    "+0.0": 13171551,
    "+1.0": 62356306
  },
  "hands": {
    "total": 100000000,
    "won": 62356306,
    "lost": 24472143,
    "push": 13171551,
    "busted": 0,
    "blackjack": 0,
    "doubled": 0,
    "split": 0,
    "insured": 0,
    "surrender": 0
  }
}
