{
  "rounds": 100000000,
  "rules": {
    "game_type": "ahc",
    "soft17": "s17",
    "das": true,
    "bj_pays": 1.5,
    "double_down": "any_two",
    "surrender": "early_surrender",
    "play_ace_pairs": false,
    "max_splits": 4,
    "decks": 6,
    "penetration_cards": 250
  },
  "ev": -0.2576422299999973,
  "stddev": 0.9164585422808715,
  "winning_distrib": {
    "-1.0": 58195900,
    "+0.0": 9372423,
    "+1.0": 32431677
  },
  "hands": {
    "total": 100000000,
    "won": 32431677,
    "lost": 58195900,
    "push": 9372423,
    "busted": 13541264,
    "blackjack": 0,
    "doubled": 0,
    "split": 0,
    "insured": 0,
    "surrender": 0
  }
}
