{
  "rounds": 100000000,
  "rules": {
    "game_type": "ahc",
    "soft17": "s17",
    "das": true,
    "bj_pays": 1.5,
    "double_down": "any_two",
    "surrender": "early_surrender",
    "play_ace_pairs": false,
    "max_splits": 4,
    "decks": 6,
    "penetration_cards": 250
  },
  "ev": 0.28812540000000225,
  "stddev": 1.9242467905396137,
  "winning_distrib": {
    "-2.0": 40118639,
    "+0.0": 5356452,
    "+2.0": 54524909
  },
  "hands": {
    "total": 100000000,
    "won": 54524909,
    "lost": 40118639,
    "push": 5356452,
    "busted": 0,
    "blackjack": 0,
    "doubled": 100000000,
    "split": 0,
    "insured": 0,
    "surrender": 0
  }
}
