{
  "rounds": 100000000,
  "rules": {
    "game_type": "enhc",
    "soft17": "s17",
    "das": true,
    "double_down": "any_two",
    "surrender": "no_surrender",
    "play_ace_pairs": false,
    "max_splits": 4,
    "decks": 6,
    "penetration_cards": 46
  },
  "ev": -0.025542799999999005,
  "stddev": 1.9150243450257913,
  "winning_distrib": {
    "-2.0": 46488203,
    "+0.0": 8300734,
    "+2.0": 45211063
  },
  "hands": {
    "total": 100000000,
    "won": 45211063,
    "lost": 46488203,
    "push": 8300734,
    "busted": 0,
    "blackjack": 0,
    "doubled": 100000000,
    "split": 0,
    "insured": 0,
    "surrender": 0
  }
}
