{
  "rounds": 100000000,
  "rules": {
    "game_type": "ahc",
    "soft17": "s17",
    "das": true,
    "bj_pays": 1.5,
    "double_down": "any_two",
    "surrender": "early_surrender",
    "play_ace_pairs": false,
    "max_splits": 4,
    "decks": 6,
    "penetration_cards": 250
  },
  "ev": -0.8546237100000097,
  "stddev": 1.6667260579008174,
  "winning_distrib": {
    "-2.0": 61959186,
    "-1.0": 8695665,
    "+0.0": 5769316,
    "+2.0": 23575833
  },
  "hands": {
    "total": 100000000,
    "won": 23575833,
    "lost": 70654851,
    "push": 5769316,
    "busted": 31747927,
    "blackjack": 0,
    "doubled": 91304335,
    "split": 0,
    "insured": 0,
    "surrender": 0
  }
}
