{
  "rounds": 100000000,
  "rules": {
    "game_type": "ahc",
    "soft17": "s17",
    "das": true,
    "double_down": "any_two",
    "surrender": "no_surrender",
    "play_ace_pairs": false,
    "max_splits": 4,
    "decks": 6,
    "penetration_cards": 46
  },
  "ev": 0.33657601999999814,
  "stddev": 0.9054718167672348,
  "winning_distrib": {
    "-1.0": 29829330,
    "+0.0": 6683738,
    "+1.0": 63486932
  },
  "hands": {
    "total": 100000000,
    "won": 63486932,
    "lost": 29829330,
    "push": 6683738,
    "busted": 0,
    "blackjack": 0,
    "doubled": 0,
    "split": 0,
    "insured": 0,
    "surrender": 0
  }
}
