{
  "rounds": 100000000,
  "rules": {
    "game_type": "ahc",
    "soft17": "s17",
    "das": true,
    "bj_pays": 1.5,
    "double_down": "any_two",
    "surrender": "early_surrender",
    "play_ace_pairs": false,
    "max_splits": 4,
    "decks": 6,
    "penetration_cards": 250
  },
  "ev": 0.08005869999999729,
  "stddev": 1.95170916958596,
  "winning_distrib": {
    "-2.0": 45693258,
    "+0.0": 4610549,
    "+2.0": 49696193
  },
  "hands": {
    "total": 100000000,
    "won": 49696193,
    "lost": 45693258,
    "push": 4610549,
    "busted": 0,
    "blackjack": 0,
    "doubled": 100000000,
    "split": 0,
    "insured": 0,
    "surrender": 0
  }
}
