{
  "rounds": 100000000,
  "rules": {
    "game_type": "ahc",
    "soft17": "s17",
    "das": true,
    "bj_pays": 1.5,
    "double_down": "any_two",
    "surrender": "early_surrender",
    "play_ace_pairs": false,
    "max_splits": 4,
    "decks": 6,
    "penetration_cards": 250
  },
  "ev": 0.08888622999999717,
  "stddev": 0.9423533291694048,
  "winning_distrib": {
    "-1.0": 40352216,
    "+0.0": 10406945,
    "+1.0": 49240839
  },
  "hands": {
    "total": 100000000,
    "won": 49240839,
    "lost": 40352216,
    "push": 10406945,
    "busted": 28934764,
    "blackjack": 0,
    "doubled": 0,
    "split": 0,
    "insured": 0,
    "surrender": 0
  }
}
