{
  "rounds": 100000000,
  "rules": {
    "game_type": "ahc",
    "soft17": "h17",
    "das": true,
    "double_down": "any_two",
    "surrender": "no_surrender",
    "play_ace_pairs": false,
    "max_splits": 4,
    "decks": 6,
    "penetration_cards": 46
  },
  "ev": -0.15487048000000092,
  "stddev": 0.9196880791240117,
  "winning_distrib": {
    "-1.0": 51234075,
    "+0.0": 13018898,
    "+1.0": 35747027
  },
  "hands": {
    "total": 100000000,
    "won": 35747027,
    "lost": 51234075,
    "push": 13018898,
    "busted": 0,
    "blackjack": 0,
    "doubled": 0,
    "split": 0,
    "insured": 0,
    "surrender": 0
  }
}
