{
  "rounds": 100000000,
  "rules": {
    "game_type": "ahc",
    "soft17": "s17",
    "das": true,
    "bj_pays": 1.5,
    "double_down": "any_two",
    "surrender": "early_surrender",
    "play_ace_pairs": false,
    "max_splits": 4,
    "decks": 6,
    "penetration_cards": 250
  },
  "ev": 0.10416886999999853,
  "stddev": 0.9523001972023805,
  "winning_distrib": {
    "-1.0": 40677897,
    "+0.0": 8227319,
    "+1.0": 51094784
  },
  "hands": {
    "total": 100000000,
    "won": 51094784,
    "lost": 40677897,
    "push": 8227319,
    "busted": 31730383,
    "blackjack": 0,
    "doubled": 0,
    "split": 0,
    "insured": 0,
    "surrender": 0
  }
}
