{
  "rounds": 100000000,
  "rules": {
    "game_type": "ahc",
    "soft17": "s17",
    "das": true,
    "bj_pays": 1.5,
    "double_down": "any_two",
    "surrender": "early_surrender",
    "play_ace_pairs": false,
    "max_splits": 4,
    "decks": 6,
    "penetration_cards": 250
  },
  "ev": -0.8508803599999881,
  "stddev": 0.5208812875113141,
  "winning_distrib": {
    "-1.0": 92309753,
    "+0.0": 468530,
    "+1.0": 7221717
  },
  "hands": {
    "total": 100000000,
    "won": 7221717,
    "lost": 92309753,
    "push": 468530,
    "busted": 92309753,
    "blackjack": 0,
    "doubled": 0,
    "split": 0,
    "insured": 0,
    "surrender": 0
  }
}
