{
  "rounds": 100000000,
  "rules": {
    "game_type": "ahc",
    "soft17": "s17",
    "das": true,
    "bj_pays": 1.5,
    "double_down": "any_two",
    "surrender": "early_surrender",
    "play_ace_pairs": false,
    "max_splits": 4,
    "decks": 6,
    "penetration_cards": 250
  },
  "ev": 0.16747394000000226,
  "stddev": 0.9190325825927453,
  "winning_distrib": {
    "-1.0": 35259723,
    "+0.0": 12733160,
    "+1.0": 52007117
  },
  "hands": {
    "total": 100000000,
    "won": 52007117,
    "lost": 35259723,
    "push": 12733160,
    "busted": 0,
    "blackjack": 0,
    "doubled": 0,
    "split": 0,
    "insured": 0,
    "surrender": 0
  }
}
