{
  "rounds": 100000000,
  "rules": {
    "game_type": "ahc",
    "soft17": "s17",
    "das": true,
    "bj_pays": 1.5,
    "double_down": "any_two",
    "surrender": "early_surrender",
    "play_ace_pairs": false,
    "max_splits": 4,
    "decks": 6,
    "penetration_cards": 250
  },
  "ev": -0.06403692999999742,
  "stddev": 0.9167521311676806,
  "winning_distrib": {
    "-1.0": 45428606,
    "+0.0": 15546481,
    "+1.0": 39024913
  },
  "hands": {
    "total": 100000000,
    "won": 39024913,
    "lost": 45428606,
    "push": 15546481,
    "busted": 25321743,
    "blackjack": 0,
    "doubled": 0,
    "split": 0,
    "insured": 0,
    "surrender": 0
  }
}
