{
  "rounds": 100000000,
  "rules": {
    "game_type": "ahc",
    "soft17": "h17",
    "das": false,
    "double_down": "any_two",
    "surrender": "no_surrender",
    "play_ace_pairs": false,
    "max_splits": 4,
    "decks": 6,
    "penetration_cards": 46
  },
  "ev": -1.1791586800000449,
  "stddev": 1.5931357107169062,
  "winning_distrib": {
    "-2.0": 78585174,
    "+0.0": 1787586,
    "+2.0": 19627240
  },
  "hands": {
    "total": 100000000,
    "won": 19627240,
    "lost": 78585174,
    "push": 1787586,
    "busted": 76834639,
    "blackjack": 0,
    "doubled": 100000000,
    "split": 0,
    "insured": 0,
    "surrender": 0
  }
}
