{
  "rounds": 100000000,
  "rules": {
    "game_type": "enhc",
    "soft17": "h17",
    "das": true,
    "double_down": "any_two",
    "surrender": "no_surrender",
    "play_ace_pairs": false,
    "max_splits": 4,
    "decks": 6,
    "penetration_cards": 46
  },
  "ev": 0.212947890000001,
  "stddev": 2.314057293952172,
  "winning_distrib": {
    "-8.0": 118,
    "-7.0": 3488,
    "-6.0": 47041,
    "-5.0": 352682,
    "-4.0": 1923967,
    "-3.0": 9234428,
    "-2.0": 24741994,
    "-1.0": 7975053,
    "+0.0": 6489603,
    "+1.0": 4997108,
    "+2.0": 26687587,
    "+3.0": 13342295,
    "+4.0": 3352302,
    "+5.0": 712201,
    "+6.0": 126829,
    "+7.0": 12788,
    "+8.0": 516
  },
  "hands": {
    "total": 216717985,
    "won": 106227048,
    "lost": 94208680,
    "push": 16282257,
    "busted": 0,
    "blackjack": 0,
    "doubled": 36062276,
    "split": 216717985,
    "insured": 0,
    "surrender": 0
  }
}
