{
  "rounds": 100000000,
  "rules": {
    "game_type": "ahc",
    "soft17": "h17",
    "das": false,
    "double_down": "any_two",
    "surrender": "no_surrender",
    "play_ace_pairs": false,
    "max_splits": 4,
    "decks": 6,
    "penetration_cards": 46
  },
  "ev": 0.07422934999999982,
  "stddev": 0.9629979765670363,
  "winning_distrib": {
    "-1.0": 42932287,
    "+0.0": 6712491,
    "+1.0": 50355222
  },
  "hands": {
    "total": 100000000,
    "won": 50355222,
    "lost": 42932287,
    "push": 6712491,
    "busted": 0,
    "blackjack": 0,
    "doubled": 0,
    "split": 0,
    "insured": 0,
    "surrender": 0
  }
}
