{
  "rounds": 100000000,
  "rules": {
    "game_type": "enhc",
    "soft17": "s17",
    "das": false,
    "double_down": "any_two",
    "surrender": "no_surrender",
    "play_ace_pairs": false,
    "max_splits": 4,
    "decks": 6,
    "penetration_cards": 46
  },
  "ev": -0.1171607800000006,
  "stddev": 1.8519841592001303,
  "winning_distrib": {
    "-2.0": 44129698,
    "-1.0": 5125248,
    "+0.0": 9598782,
    "+1.0": 623978,
    "+2.0": 40522294
  },
  "hands": {
    "total": 200000000,
    "won": 91115259,
    "lost": 102831337,
    "push": 6053404,
    "busted": 0,
    "blackjack": 0,
    "doubled": 0,
    "split": 200000000,
    "insured": 0,
    "surrender": 0
  }
}
