{
  "rounds": 100000000,
  "rules": {
    "game_type": "ahc",
    "soft17": "s17",
    "das": true,
    "bj_pays": 1.5,
    "double_down": "any_two",
    "surrender": "early_surrender",
    "play_ace_pairs": false,
    "max_splits": 4,
    "decks": 6,
    "penetration_cards": 250
  },
  "ev": -1.2764170800000076,
  "stddev": 1.5095851949037868,
  "winning_distrib": {
    "-2.0": 80761527,
    "+0.0": 2297800,
    "+2.0": 16940673
  },
  "hands": {
    "total": 100000000,
    "won": 16940673,
    "lost": 80761527,
    "push": 2297800,
    "busted": 78324658,
    "blackjack": 0,
    "doubled": 100000000,
    "split": 0,
    "insured": 0,
    "surrender": 0
  }
}
