{
  "rounds": 100000000,
  "rules": {
    "game_type": "ahc",
    "soft17": "s17",
    "das": true,
    "double_down": "any_two",
    "surrender": "no_surrender",
    "play_ace_pairs": false,
    "max_splits": 4,
    "decks": 6,
    "penetration_cards": 46
  },
  "ev": 0.6708360300000005,
  "stddev": 0.6611764327510287,
  "winning_distrib": {
    "-1.0": 10816961,
    "+0.0": 11282475,
    "+1.0": 77900564
  },
  "hands": {
    "total": 100000000,
    "won": 77900564,
    "lost": 10816961,
    "push": 11282475,
    "busted": 0,
    "blackjack": 0,
    "doubled": 0,
    "split": 0,
    "insured": 0,
    "surrender": 0
  }
}
