{
  "rounds": 100000000,
  "rules": {
    "game_type": "enhc",
    "soft17": "h17",
    "das": true,
    "double_down": "any_two",
    "surrender": "no_surrender",
    "play_ace_pairs": false,
    "max_splits": 4,
    "decks": 6,
    "penetration_cards": 46
  },
  "ev": -0.9448320800000076,
  "stddev": 1.6939161872113047,
  "winning_distrib": {
    "-2.0": 70646548,
    "+0.0": 5948508,
    "+2.0": 23404944
  },
  "hands": {
    "total": 100000000,
    "won": 23404944,
    "lost": 70646548,
    "push": 5948508,
    "busted": 53700028,
    "blackjack": 0,
    "doubled": 100000000,
    "split": 0,
    "insured": 0,
    "surrender": 0
  }
}
