{
  "rounds": 100000000,
  "rules": {
    "game_type": "ahc",
    "soft17": "s17",
    "das": false,
    "double_down": "any_two",
    "surrender": "no_surrender",
    "play_ace_pairs": false,
    "max_splits": 4,
    "decks": 6,
    "penetration_cards": 46
  },
  "ev": 0.7911580600000039,
  "stddev": 0.551839403397679,
  "winning_distrib": {
    "-1.0": 6964987,
    "+0.0": 6954220,
    "+1.0": 86080793
  },
  "hands": {
    "total": 100000000,
    "won": 86080793,
    "lost": 6964987,
    "push": 6954220,
    "busted": 0,
    "blackjack": 0,
    "doubled": 0,
    "split": 0,
    "insured": 0,
    "surrender": 0
  }
}
