{
  "rounds": 100000000,
  "rules": {
    "game_type": "enhc",
    "soft17": "s17",
    "das": true,
    "double_down": "any_two",
    "surrender": "no_surrender",
    "play_ace_pairs": false,
    "max_splits": 4,
    "decks": 6,
    "penetration_cards": 46
  },
  "ev": -0.8422650399999915,
  "stddev": 1.7560560677925803,
  "winning_distrib": {
    "-2.0": 68470917,
    "+0.0": 5171418,
    "+2.0": 26357665
  },
  "hands": {
    "total": 100000000,
    "won": 26357665,
    "lost": 68470917,
    "push": 5171418,
    "busted": 0,
    "blackjack": 0,
    "doubled": 100000000,
    "split": 0,
    "insured": 0,
    "surrender": 0
  }
}
