{
  "rounds": 100000000,
  "rules": {
    "game_type": "ahc",
    "soft17": "s17",
    "das": false,
    "double_down": "any_two",
    "surrender": "no_surrender",
    "play_ace_pairs": false,
    "max_splits": 4,
    "decks": 6,
    "penetration_cards": 46
  },
  "ev": 0.09533357999999956,
  "stddev": 1.5238747887363822,
  "winning_distrib": {
    "-2.0": 21798506,
    "-1.0": 14573232,
    "+0.0": 27753373,
    "+1.0": 4046176,
    "+2.0": 31828713
  },
  "hands": {
    "total": 192598450,
    "won": 94733761,
    "lost": 85200403,
    "push": 12664286,
    "busted": 0,
    "blackjack": 0,
    "doubled": 0,
    "split": 185196900,
    "insured": 0,
    "surrender": 0
  }
}
