{
  "rounds": 100000000,
  "rules": {
    "game_type": "ahc",
    "soft17": "s17",
    "das": true,
    "bj_pays": 1.5,
    "double_down": "any_two",
    "surrender": "early_surrender",
    "play_ace_pairs": false,
    "max_splits": 4,
    "decks": 6,
    "penetration_cards": 250
  },
  "ev": -0.7354480000000123,
  "stddev": 0.665094041259946,
  "winning_distrib": {
    "-1.0": 85934092,
    "+0.0": 1676616,
    "+1.0": 12389292
  },
  "hands": {
    "total": 100000000,
    "won": 12389292,
    "lost": 85934092,
    "push": 1676616,
    "busted": 85202415,
    "blackjack": 0,
    "doubled": 0,
    "split": 0,
    "insured": 0,
    "surrender": 0
  }
}
