{
  "rounds": 100000000,
  "rules": {
    "game_type": "ahc",
    "soft17": "s17",
    "das": true,
    "bj_pays": 1.5,
    "double_down": "any_two",
    "surrender": "early_surrender",
    "play_ace_pairs": false,
    "max_splits": 4,
    "decks": 6,
    "penetration_cards": 250
  },
  "ev": -1.260826439999964,
  "stddev": 1.518998667303746,
  "winning_distrib": {
    "-2.0": 80233664,
    "+0.0": 2573994,
    "+2.0": 17192342
  },
  "hands": {
    "total": 100000000,
    "won": 17192342,
    "lost": 80233664,
    "push": 2573994,
    "busted": 77603643,
    "blackjack": 0,
    "doubled": 100000000,
    "split": 0,
    "insured": 0,
    "surrender": 0
  }
}
