{
  "rounds": 100000000,
  "rules": {
    "game_type": "ahc",
    "soft17": "s17",
    "das": false,
    "double_down": "any_two",
    "surrender": "no_surrender",
    "play_ace_pairs": false,
    "max_splits": 4,
    "decks": 6,
    "penetration_cards": 46
  },
  "ev": 0.0574806199999996,
  "stddev": 1.9525225469755552,
  "winning_distrib": {
    "-2.0": 46258588,
    "+0.0": 4608793,
    "+2.0": 49132619
  },
  "hands": {
    "total": 100000000,
    "won": 49132619,
    "lost": 46258588,
    "push": 4608793,
    "busted": 0,
    "blackjack": 0,
    "doubled": 100000000,
    "split": 0,
    "insured": 0,
    "surrender": 0
  }
}
