{
  "rounds": 100000000,
  "rules": {
    "game_type": "ahc",
    "soft17": "s17",
    "das": true,
    "bj_pays": 1.5,
    "double_down": "any_two",
    "surrender": "early_surrender",
    "play_ace_pairs": false,
    "max_splits": 4,
    "decks": 6,
    "penetration_cards": 250
  },
  "ev": -0.8515611800000006,
  "stddev": 0.5191319672414672,
  "winning_distrib": {
    "-1.0": 92310781,
    "+0.0": 534556,
    "+1.0": 7154663
  },
  "hands": {
    "total": 100000000,
    "won": 7154663,
    "lost": 92310781,
    "push": 534556,
    "busted": 92310781,
    "blackjack": 0,
    "doubled": 0,
    "split": 0,
    "insured": 0,
    "surrender": 0
  }
}
