{
  "rounds": 10000000000,
  "rules": {
    "game_type": "ahc",
    "soft17": "s17",
    "das": true,
    "bj_pays": 1.5,
    "double_down": "any_two",
    "surrender": "no_surrender",
    "play_ace_pairs": false,
    "max_splits": 4,
    "decks": 6,
    "penetration_cards": 296
  },
  "ev": -0.2306211078000228,
  "stddev": 1.1923021222738375,
  "winning_distrib": {
    "-7.0": 1,
    "-6.0": 500,
    "-5.0": 89405,
    "-4.0": 5553496,
    "-3.0": 127717087,
    "-2.0": 1207494725,
    "-1.0": 3073672819,
    "+0.0": 2912736178,
    "+1.0": 1845498666,
    "+2.0": 742670589,
    "+3.0": 80899655,
    "+4.0": 3607026,
    "+5.0": 59563,
    "+6.0": 290
  },
  "hands": {
    "total": 10000000000,
    "won": 3752044598,
    "lost": 6247955402,
    "push": 0,
    "busted": 0,
    "blackjack": 0,
    "doubled": 0,
    "split": 0,
    "insured": 0,
    "surrender": 0
  }
}
