{
  "rounds": 100000000,
  "rules": {
    "game_type": "ahc",
    "soft17": "s17",
    "das": true,
    "bj_pays": 1.5,
    "double_down": "any_two",
    "surrender": "early_surrender",
    "play_ace_pairs": false,
    "max_splits": 4,
    "decks": 6,
    "penetration_cards": 250
  },
  "ev": 0.26715987999999047,
  "stddev": 0.9089527857817123,
  "winning_distrib": {
    "-1.0": 31520484,
    "+0.0": 10243044,
    "+1.0": 58236472
  },
  "hands": {
    "total": 100000000,
    "won": 58236472,
    "lost": 31520484,
    "push": 10243044,
    "busted": 20896904,
    "blackjack": 0,
    "doubled": 0,
    "split": 0,
    "insured": 0,
    "surrender": 0
  }
}
