{
  "rounds": 100000000,
  "rules": {
    "game_type": "ahc",
    "soft17": "s17",
    "das": true,
    "bj_pays": 1.5,
    "double_down": "any_two",
    "surrender": "early_surrender",
    "play_ace_pairs": false,
    "max_splits": 4,
    "decks": 6,
    "penetration_cards": 250
  },
  "ev": 0.5603894499999993,
  "stddev": 2.678578512210656,
  "winning_distrib": {
    "-8.0": 2441,
    "-7.0": 23376,
    "-6.0": 155967,
    "-5.0": 646181,
    "-4.0": 3694946,
    "-3.0": 13058983,
    "-2.0": 17182883,
    "-1.0": 4529717,
    "+0.0": 4293808,
    "+1.0": 6234298,
    "+2.0": 17553053,
    "+3.0": 21546505,
    "+4.0": 8867422,
    "+5.0": 1589645,
    "+6.0": 515111,
    "+7.0": 92782,
    "+8.0": 12882
  },
  "hands": {
    "total": 213483609,
    "won": 118009567,
    "lost": 88336743,
    "push": 7137299,
    "busted": 0,
    "blackjack": 0,
    "doubled": 78995889,
    "split": 213483609,
    "insured": 0,
    "surrender": 0
  }
}
