{
  "rounds": 100000000,
  "rules": {
    "game_type": "enhc",
    "soft17": "s17",
    "das": true,
    "double_down": "any_two",
    "surrender": "no_surrender",
    "play_ace_pairs": false,
    "max_splits": 4,
    "decks": 6,
    "penetration_cards": 46
  },
  "ev": -0.10593751000000047,
  "stddev": 2.7008823237828574,
  "winning_distrib": {
    "-8.0": 3191,
    "-7.0": 37341,
    "-6.0": 248654,
    "-5.0": 1034161,
    "-4.0": 4834715,
    "-3.0": 16938936,
    "-2.0": 23956395,
    "-1.0": 4389989,
    "+0.0": 3542973,
    "+1.0": 6045029,
    "+2.0": 14784582,
    "+3.0": 16004796,
    "+4.0": 6316409,
    "+5.0": 1353630,
    "+6.0": 421800,
    "+7.0": 78019,
    "+8.0": 9380
  },
  "hands": {
    "total": 216726420,
    "won": 94472806,
    "lost": 115480739,
    "push": 6772875,
    "busted": 644916,
    "blackjack": 0,
    "doubled": 72104351,
    "split": 216726420,
    "insured": 0,
    "surrender": 0
  }
}
