{
  "rounds": 100000000,
  "rules": {
    "game_type": "ahc",
    "soft17": "s17",
    "das": true,
    "bj_pays": 1.5,
    "double_down": "any_two",
    "surrender": "early_surrender",
    "play_ace_pairs": false,
    "max_splits": 4,
    "decks": 6,
    "penetration_cards": 250
  },
  "ev": -0.8743906199999915,
  "stddev": 1.74555020383988,
  "winning_distrib": {
    "-2.0": 69503571,
    "+0.0": 4712389,
    "+2.0": 25784040
  },
  "hands": {
    "total": 100000000,
    "won": 25784040,
    "lost": 69503571,
    "push": 4712389,
    "busted": 60721226,
    "blackjack": 0,
    "doubled": 100000000,
    "split": 0,
    "insured": 0,
    "surrender": 0
  }
}
