{
  "rounds": 100000000,
  "rules": {
    "game_type": "ahc",
    "soft17": "s17",
    "das": true,
    "bj_pays": 1.5,
    "double_down": "any_two",
    "surrender": "early_surrender",
    "play_ace_pairs": false,
    "max_splits": 4,
    "decks": 6,
    "penetration_cards": 250
  },
  "ev": -0.0948151600000004,
  "stddev": 1.9427865253749208,
  "winning_distrib": {
    "-2.0": 49662996,
    "+0.0": 5414766,
    "+2.0": 44922238
  },
  "hands": {
    "total": 100000000,
    "won": 44922238,
    "lost": 49662996,
    "push": 5414766,
    "busted": 0,
    "blackjack": 0,
    "doubled": 100000000,
    "split": 0,
    "insured": 0,
    "surrender": 0
  }
}
