{
  "rounds": 100000000,
  "rules": {
    "game_type": "ahc",
    "soft17": "s17",
    "das": true,
    "bj_pays": 1.5,
    "double_down": "any_two",
    "surrender": "early_surrender",
    "play_ace_pairs": false,
    "max_splits": 4,
    "decks": 6,
    "penetration_cards": 250
  },
  "ev": -0.011879100000000007,
  "stddev": 1.9432750049199043,
  "winning_distrib": {
    "-8.0": 64,
    "-7.0": 2327,
    "-6.0": 31551,
    "-5.0": 235109,
    "-4.0": 1408489,
    "-3.0": 6946193,
    "-2.0": 19574787,
    "-1.0": 13885640,
    "+0.0": 18588345,
    "+1.0": 12069195,
    "+2.0": 16890676,
    "+3.0": 8087879,
    "+4.0": 1885677,
    "+5.0": 327261,
    "+6.0": 59734,
    "+7.0": 6694,
    "+8.0": 379
  },
  "hands": {
    "total": 217798312,
    "won": 85761155,
    "lost": 93159069,
    "push": 38878088,
    "busted": 39206309,
    "blackjack": 0,
    "doubled": 35125592,
    "split": 217798312,
    "insured": 0,
    "surrender": 0
  }
}
