{
  "rounds": 100000000,
  "rules": {
    "game_type": "ahc",
    "soft17": "s17",
    "das": true,
    "double_down": "any_two",
    "surrender": "no_surrender",
    "play_ace_pairs": false,
    "max_splits": 4,
    "decks": 6,
    "penetration_cards": 46
  },
  "ev": 0.4001282399999966,
  "stddev": 0.8378597487495105,
  "winning_distrib": {
    "-1.0": 23099166,
    "+0.0": 13788844,
    "+1.0": 63111990
  },
  "hands": {
    "total": 100000000,
    "won": 63111990,
    "lost": 23099166,
    "push": 13788844,
    "busted": 0,
    "blackjack": 0,
    "doubled": 0,
    "split": 0,
    "insured": 0,
    "surrender": 0
  }
}
