{
  "rounds": 100000000,
  "rules": {
    "game_type": "ahc",
    "soft17": "s17",
    "das": true,
    "bj_pays": 1.5,
    "double_down": "any_two",
    "surrender": "early_surrender",
    "play_ace_pairs": false,
    "max_splits": 4,
    "decks": 6,
    "penetration_cards": 250
  },
  "ev": -0.731413380000007,
  "stddev": 1.7929258489136946,
  "winning_distrib": {
    "-2.0": 65154692,
    "+0.0": 6261285,
    "+2.0": 28584023
  },
  "hands": {
    "total": 100000000,
    "won": 28584023,
    "lost": 65154692,
    "push": 6261285,
    "busted": 36231416,
    "blackjack": 0,
    "doubled": 100000000,
    "split": 0,
    "insured": 0,
    "surrender": 0
  }
}
