{
  "rounds": 100000000,
  "rules": {
    "game_type": "ahc",
    "soft17": "h17",
    "das": true,
    "double_down": "any_two",
    "surrender": "no_surrender",
    "play_ace_pairs": false,
    "max_splits": 4,
    "decks": 6,
    "penetration_cards": 46
  },
  "ev": -0.018701369999999596,
  "stddev": 0.9421567479123144,
  "winning_distrib": {
    "-1.0": 45335522,
    "+0.0": 11199093,
    "+1.0": 43465385
  },
  "hands": {
    "total": 100000000,
    "won": 43465385,
    "lost": 45335522,
    "push": 11199093,
    "busted": 0,
    "blackjack": 0,
    "doubled": 0,
    "split": 0,
    "insured": 0,
    "surrender": 0
  }
}
