{
  "rounds": 100000000,
  "rules": {
    "game_type": "ahc",
    "soft17": "s17",
    "das": true,
    "double_down": "any_two",
    "surrender": "no_surrender",
    "play_ace_pairs": false,
    "max_splits": 4,
    "decks": 6,
    "penetration_cards": 46
  },
  "ev": 0.08951322999999996,
  "stddev": 1.8731604327292146,
  "winning_distrib": {
    "-2.0": 38826665,
    "-1.0": 7719431,
    "+0.0": 6291862,
    "+2.0": 47162042
  },
  "hands": {
    "total": 100000000,
    "won": 47162042,
    "lost": 46546096,
    "push": 6291862,
    "busted": 0,
    "blackjack": 0,
    "doubled": 92280569,
    "split": 0,
    "insured": 0,
    "surrender": 0
  }
}
