{
  "rounds": 100000000,
  "rules": {
    "game_type": "ahc",
    "soft17": "s17",
    "das": true,
    "bj_pays": 1.5,
    "double_down": "any_two",
    "surrender": "early_surrender",
    "play_ace_pairs": false,
    "max_splits": 4,
    "decks": 6,
    "penetration_cards": 250
  },
  "ev": -1.4312429100000024,
  "stddev": 1.2608028388574342,
  "winning_distrib": {
    "-2.0": 78256707,
    "-1.0": 8000977,
    "+0.0": 3047266,
    "+2.0": 10695050
  },
  "hands": {
    "total": 100000000,
    "won": 10695050,
    "lost": 86257684,
    "push": 3047266,
    "busted": 77999047,
    "blackjack": 0,
    "doubled": 91999023,
    "split": 0,
    "insured": 0,
    "surrender": 0
  }
}
