{
  "rounds": 100000000,
  "rules": {
    "game_type": "ahc",
    "soft17": "s17",
    "das": false,
    "double_down": "any_two",
    "surrender": "no_surrender",
    "play_ace_pairs": false,
    "max_splits": 4,
    "decks": 6,
    "penetration_cards": 46
  },
  "ev": 0.1475582799999978,
  "stddev": 1.9046075580756086,
  "winning_distrib": {
    "-2.0": 41927335,
    "+0.0": 8767416,
    "+2.0": 49305249
  },
  "hands": {
    "total": 100000000,
    "won": 49305249,
    "lost": 41927335,
    "push": 8767416,
    "busted": 0,
    "blackjack": 0,
    "doubled": 100000000,
    "split": 0,
    "insured": 0,
    "surrender": 0
  }
}
