{
  "rounds": 100000000,
  "rules": {
    "game_type": "ahc",
    "soft17": "s17",
    "das": true,
    "bj_pays": 1.5,
    "double_down": "any_two",
    "surrender": "early_surrender",
    "play_ace_pairs": false,
    "max_splits": 4,
    "decks": 6,
    "penetration_cards": 250
  },
  "ev": 0.01643550999999963,
  "stddev": 1.9091795202287052,
  "winning_distrib": {
    "-8.0": 38,
    "-7.0": 1617,
    "-6.0": 24851,
    "-5.0": 208993,
    "-4.0": 1253750,
    "-3.0": 6257586,
    "-2.0": 19335398,
    "-1.0": 14153968,
    "+0.0": 19171228,
    "+1.0": 12237046,
    "+2.0": 17438792,
    "+3.0": 7760881,
    "+4.0": 1780959,
    "+5.0": 314771,
    "+6.0": 54359,
    "+7.0": 5455,
    "+8.0": 308
  },
  "hands": {
    "total": 219032928,
    "won": 86110854,
    "lost": 91605648,
    "push": 41316426,
    "busted": 39416820,
    "blackjack": 0,
    "doubled": 31769534,
    "split": 219032928,
    "insured": 0,
    "surrender": 0
  }
}
