{
  "rounds": 100000000,
  "rules": {
    "game_type": "ahc",
    "soft17": "s17",
    "das": true,
    "bj_pays": 1.5,
    "double_down": "any_two",
    "surrender": "early_surrender",
    "play_ace_pairs": false,
    "max_splits": 4,
    "decks": 6,
    "penetration_cards": 250
  },
  "ev": 0.2705597399999971,
  "stddev": 0.9241052946666002,
  "winning_distrib": {
    "-1.0": 32830671,
    "+0.0": 7282684,
    "+1.0": 59886645
  },
  "hands": {
    "total": 100000000,
    "won": 59886645,
    "lost": 32830671,
    "push": 7282684,
    "busted": 0,
    "blackjack": 0,
    "doubled": 0,
    "split": 0,
    "insured": 0,
    "surrender": 0
  }
}
