{
  "rounds": 100000000,
  "rules": {
    "game_type": "ahc",
    "soft17": "h17",
    "das": false,
    "double_down": "any_two",
    "surrender": "no_surrender",
    "play_ace_pairs": false,
    "max_splits": 4,
    "decks": 6,
    "penetration_cards": 46
  },
  "ev": 0.29104118000000107,
  "stddev": 1.9019253580825541,
  "winning_distrib": {
    "-2.0": 38999283,
    "+0.0": 7449375,
    "+2.0": 53551342
  },
  "hands": {
    "total": 100000000,
    "won": 53551342,
    "lost": 38999283,
    "push": 7449375,
    "busted": 0,
    "blackjack": 0,
    "doubled": 100000000,
    "split": 0,
    "insured": 0,
    "surrender": 0
  }
}
