{
  "rounds": 100000000,
  "rules": {
    "game_type": "ahc",
    "soft17": "s17",
    "das": true,
    "double_down": "any_two",
    "surrender": "no_surrender",
    "play_ace_pairs": false,
    "max_splits": 4,
    "decks": 6,
    "penetration_cards": 46
  },
  "ev": 0.3184846399999974,
  "stddev": 1.980494365886359,
  "winning_distrib": {
    "-8.0": 83,
    "-7.0": 2134,
    "-6.0": 28907,
    "-5.0": 206631,
    "-4.0": 1258484,
    "-3.0": 6131994,
    "-2.0": 16373048,
    "-1.0": 10486648,
    "+0.0": 17862189,
    "+1.0": 12067114,
    "+2.0": 22366453,
    "+3.0": 10484199,
    "+4.0": 2264055,
    "+5.0": 391999,
    "+6.0": 68353,
    "+7.0": 7297,
    "+8.0": 412
  },
  "hands": {
    "total": 216670925,
    "won": 107503107,
    "lost": 83408415,
    "push": 25759403,
    "busted": 38951850,
    "blackjack": 0,
    "doubled": 36039671,
    "split": 216670925,
    "insured": 0,
    "surrender": 0
  }
}
