{
  "rounds": 100000000,
  "rules": {
    "game_type": "ahc",
    "soft17": "h17",
    "das": false,
    "double_down": "any_two",
    "surrender": "no_surrender",
    "play_ace_pairs": false,
    "max_splits": 4,
    "decks": 6,
    "penetration_cards": 46
  },
  "ev": -0.45595610000000075,
  "stddev": 0.8565718896916584,
  "winning_distrib": {
    "-1.0": 69878373,
    "+0.0": 5838864,
    "+1.0": 24282763
  },
  "hands": {
    "total": 100000000,
    "won": 24282763,
    "lost": 69878373,
    "push": 5838864,
    "busted": 61377157,
    "blackjack": 0,
    "doubled": 0,
    "split": 0,
    "insured": 0,
    "surrender": 0
  }
}
