{
  "rounds": 100000000,
  "rules": {
    "game_type": "ahc",
    "soft17": "s17",
    "das": true,
    "bj_pays": 1.5,
    "double_down": "any_two",
    "surrender": "early_surrender",
    "play_ace_pairs": false,
    "max_splits": 4,
    "decks": 6,
    "penetration_cards": 250
  },
  "ev": 0.13442579999999626,
  "stddev": 0.9668940653676537,
  "winning_distrib": {
    "-1.0": 40926431,
    "+0.0": 4704558,
    "+1.0": 54369011
  },
  "hands": {
    "total": 100000000,
    "won": 54369011,
    "lost": 40926431,
    "push": 4704558,
    "busted": 0,
    "blackjack": 0,
    "doubled": 0,
    "split": 0,
    "insured": 0,
    "surrender": 0
  }
}
