{
  "rounds": 100000000,
  "rules": {
    "game_type": "ahc",
    "soft17": "s17",
    "das": true,
    "bj_pays": 1.5,
    "double_down": "any_two",
    "surrender": "early_surrender",
    "play_ace_pairs": false,
    "max_splits": 4,
    "decks": 6,
    "penetration_cards": 250
  },
  "ev": -0.22474258000000227,
  "stddev": 0.9262146518565156,
  "winning_distrib": {
    "-1.0": 56656269,
    "+0.0": 9161720,
    "+1.0": 34182011
  },
  "hands": {
    "total": 100000000,
    "won": 34182011,
    "lost": 56656269,
    "push": 9161720,
    "busted": 43403880,
    "blackjack": 0,
    "doubled": 0,
    "split": 0,
    "insured": 0,
    "surrender": 0
  }
}
