{
  "rounds": 100000000,
  "rules": {
    "game_type": "ahc",
    "soft17": "s17",
    "das": true,
    "bj_pays": 1.5,
    "double_down": "any_two",
    "surrender": "early_surrender",
    "play_ace_pairs": false,
    "max_splits": 4,
    "decks": 6,
    "penetration_cards": 250
  },
  "ev": -0.33105706999998485,
  "stddev": 0.9243836405669869,
  "winning_distrib": {
    "-1.0": 64757048,
    "+0.0": 3591611,
    "+1.0": 31651341
  },
  "hands": {
    "total": 100000000,
    "won": 31651341,
    "lost": 64757048,
    "push": 3591611,
    "busted": 51058222,
    "blackjack": 0,
    "doubled": 0,
    "split": 0,
    "insured": 0,
    "surrender": 0
  }
}
