{
  "rounds": 100000000,
  "rules": {
    "game_type": "ahc",
    "soft17": "s17",
    "das": true,
    "bj_pays": 1.5,
    "double_down": "any_two",
    "surrender": "early_surrender",
    "play_ace_pairs": false,
    "max_splits": 4,
    "decks": 6,
    "penetration_cards": 250
  },
  "ev": 0.39627438999999787,
  "stddev": 0.8539541235467663,
  "winning_distrib": {
    "-1.0": 24499832,
    "+0.0": 11372897,
    "+1.0": 64127271
  },
  "hands": {
    "total": 100000000,
    "won": 64127271,
    "lost": 24499832,
    "push": 11372897,
    "busted": 0,
    "blackjack": 0,
    "doubled": 0,
    "split": 0,
    "insured": 0,
    "surrender": 0
  }
}
