{
  "rounds": 100000000,
  "rules": {
    "game_type": "ahc",
    "soft17": "s17",
    "das": true,
    "bj_pays": 1.5,
    "double_down": "any_two",
    "surrender": "early_surrender",
    "play_ace_pairs": false,
    "max_splits": 4,
    "decks": 6,
    "penetration_cards": 250
  },
  "ev": 0.08771324999999995,
  "stddev": 2.339027064932106,
  "winning_distrib": {
    "-8.0": 858,
    "-7.0": 12331,
    "-6.0": 98848,
    "-5.0": 494522,
    "-4.0": 2707545,
    "-3.0": 11349851,
    "-2.0": 20056086,
    "-1.0": 8094037,
    "+0.0": 13483123,
    "+1.0": 8788979,
    "+2.0": 15378300,
    "+3.0": 14008987,
    "+4.0": 4476215,
    "+5.0": 803038,
    "+6.0": 210768,
    "+7.0": 33148,
    "+8.0": 3364
  },
  "hands": {
    "total": 214889491,
    "won": 99118608,
    "lost": 103596207,
    "push": 12174676,
    "busted": 27949211,
    "blackjack": 0,
    "doubled": 57466749,
    "split": 214889491,
    "insured": 0,
    "surrender": 0
  }
}
