{
  "rounds": 100000000,
  "rules": {
    "game_type": "ahc",
    "soft17": "s17",
    "das": true,
    "bj_pays": 1.5,
    "double_down": "any_two",
    "surrender": "early_surrender",
    "play_ace_pairs": false,
    "max_splits": 4,
    "decks": 6,
    "penetration_cards": 250
  },
  "ev": -0.5753959000000045,
  "stddev": 0.7968663028470578,
  "winning_distrib": {
    "-1.0": 77073612,
    "+0.0": 3392366,
    "+1.0": 19534022
  },
  "hands": {
    "total": 100000000,
    "won": 19534022,
    "lost": 77073612,
    "push": 3392366,
    "busted": 71662276,
    "blackjack": 0,
    "doubled": 0,
    "split": 0,
    "insured": 0,
    "surrender": 0
  }
}
