{
  "rounds": 100000000,
  "rules": {
    "game_type": "ahc",
    "soft17": "s17",
    "das": true,
    "bj_pays": 1.5,
    "double_down": "any_two",
    "surrender": "early_surrender",
    "play_ace_pairs": false,
    "max_splits": 4,
    "decks": 6,
    "penetration_cards": 250
  },
  "ev": -1.190417639999999,
  "stddev": 1.582916835286367,
  "winning_distrib": {
    "-2.0": 78794439,
    "+0.0": 1932004,
    "+2.0": 19273557
  },
  "hands": {
    "total": 100000000,
    "won": 19273557,
    "lost": 78794439,
    "push": 1932004,
    "busted": 77088981,
    "blackjack": 0,
    "doubled": 100000000,
    "split": 0,
    "insured": 0,
    "surrender": 0
  }
}
