{
  "rounds": 100000000,
  "rules": {
    "game_type": "ahc",
    "soft17": "s17",
    "das": true,
    "bj_pays": 1.5,
    "double_down": "any_two",
    "surrender": "early_surrender",
    "play_ace_pairs": false,
    "max_splits": 4,
    "decks": 6,
    "penetration_cards": 250
  },
  "ev": -1.1927726800000098,
  "stddev": 1.5804804835317483,
  "winning_distrib": {
    "-2.0": 78827132,
    "+0.0": 1984370,
    "+2.0": 19188498
  },
  "hands": {
    "total": 100000000,
    "won": 19188498,
    "lost": 78827132,
    "push": 1984370,
    "busted": 77250692,
    "blackjack": 0,
    "doubled": 100000000,
    "split": 0,
    "insured": 0,
    "surrender": 0
  }
}
