{
  "rounds": 100000000,
  "rules": {
    "game_type": "ahc",
    "soft17": "s17",
    "das": true,
    "bj_pays": 1.5,
    "double_down": "any_two",
    "surrender": "early_surrender",
    "play_ace_pairs": false,
    "max_splits": 4,
    "decks": 6,
    "penetration_cards": 250
  },
  "ev": 0.2052584900000009,
  "stddev": 0.946426801839512,
  "winning_distrib": {
    "-1.0": 36629812,
    "+0.0": 6214527,
    "+1.0": 57155661
  },
  "hands": {
    "total": 100000000,
    "won": 57155661,
    "lost": 36629812,
    "push": 6214527,
    "busted": 0,
    "blackjack": 0,
    "doubled": 0,
    "split": 0,
    "insured": 0,
    "surrender": 0
  }
}
