{
  "rounds": 100000000,
  "rules": {
    "game_type": "ahc",
    "soft17": "s17",
    "das": true,
    "bj_pays": 1.5,
    "double_down": "any_two",
    "surrender": "early_surrender",
    "play_ace_pairs": false,
    "max_splits": 4,
    "decks": 6,
    "penetration_cards": 250
  },
  "ev": -1.1863298599999643,
  "stddev": 1.5850654019303791,
  "winning_distrib": {
    "-2.0": 78655882,
    "+0.0": 2004729,
    "+2.0": 19339389
  },
  "hands": {
    "total": 100000000,
    "won": 19339389,
    "lost": 78655882,
    "push": 2004729,
    "busted": 77084529,
    "blackjack": 0,
    "doubled": 100000000,
    "split": 0,
    "insured": 0,
    "surrender": 0
  }
}
