{
  "rounds": 100000000,
  "rules": {
    "game_type": "enhc",
    "soft17": "h17",
    "das": true,
    "double_down": "any_two",
    "surrender": "no_surrender",
    "play_ace_pairs": false,
    "max_splits": 4,
    "decks": 6,
    "penetration_cards": 46
  },
  "ev": -0.08030906000000072,
  "stddev": 0.9332671662454309,
  "winning_distrib": {
    "-1.0": 47887310,
    "+0.0": 12256286,
    "+1.0": 39856404
  },
  "hands": {
    "total": 100000000,
    "won": 39856404,
    "lost": 47887310,
    "push": 12256286,
    "busted": 0,
    "blackjack": 0,
    "doubled": 0,
    "split": 0,
    "insured": 0,
    "surrender": 0
  }
}
