{
  "rounds": 100000000,
  "rules": {
    "game_type": "ahc",
    "soft17": "s17",
    "das": true,
    "bj_pays": 1.5,
    "double_down": "any_two",
    "surrender": "early_surrender",
    "play_ace_pairs": false,
    "max_splits": 4,
    "decks": 6,
    "penetration_cards": 250
  },
  "ev": -0.19254116999999626,
  "stddev": 0.9357735712295895,
  "winning_distrib": {
    "-1.0": 55264272,
    "+0.0": 8725573,
    "+1.0": 36010155
  },
  "hands": {
    "total": 100000000,
    "won": 36010155,
    "lost": 55264272,
    "push": 8725573,
    "busted": 42562278,
    "blackjack": 0,
    "doubled": 0,
    "split": 0,
    "insured": 0,
    "surrender": 0
  }
}
