{
  "rounds": 100000000,
  "rules": {
    "game_type": "ahc",
    "soft17": "s17",
    "das": true,
    "bj_pays": 1.5,
    "double_down": "any_two",
    "surrender": "early_surrender",
    "play_ace_pairs": false,
    "max_splits": 4,
    "decks": 6,
    "penetration_cards": 250
  },
  "ev": 0.02893187000000028,
  "stddev": 0.9075797624095241,
  "winning_distrib": {
    "-1.0": 39780310,
    "+0.0": 17546193,
    "+1.0": 42673497
  },
  "hands": {
    "total": 100000000,
    "won": 42673497,
    "lost": 39780310,
    "push": 17546193,
    "busted": 22773072,
    "blackjack": 0,
    "doubled": 0,
    "split": 0,
    "insured": 0,
    "surrender": 0
  }
}
