{
  "rounds": 100000000,
  "rules": {
    "game_type": "ahc",
    "soft17": "s17",
    "das": true,
    "double_down": "any_two",
    "surrender": "no_surrender",
    "play_ace_pairs": false,
    "max_splits": 4,
    "decks": 6,
    "penetration_cards": 46
  },
  "ev": 0.119102959999999,
  "stddev": 0.9599607044741401,
  "winning_distrib": {
    "-1.0": 40830355,
    "+0.0": 6428994,
    "+1.0": 52740651
  },
  "hands": {
    "total": 100000000,
    "won": 52740651,
    "lost": 40830355,
    "push": 6428994,
    "busted": 0,
    "blackjack": 0,
    "doubled": 0,
    "split": 0,
    "insured": 0,
    "surrender": 0
  }
}
