{
  "rounds": 100000000,
  "rules": {
    "game_type": "ahc",
    "soft17": "s17",
    "das": true,
    "double_down": "any_two",
    "surrender": "no_surrender",
    "play_ace_pairs": false,
    "max_splits": 4,
    "decks": 6,
    "penetration_cards": 46
  },
  "ev": 0.3120869400000022,
  "stddev": 0.9124564812675832,
  "winning_distrib": {
    "-1.0": 30894407,
    "+0.0": 7002492,
    "+1.0": 62103101
  },
  "hands": {
    "total": 100000000,
    "won": 62103101,
    "lost": 30894407,
    "push": 7002492,
    "busted": 0,
    "blackjack": 0,
    "doubled": 0,
    "split": 0,
    "insured": 0,
    "surrender": 0
  }
}
