{
  "rounds": 100000000,
  "rules": {
    "game_type": "ahc",
    "soft17": "s17",
    "das": true,
    "double_down": "any_two",
    "surrender": "no_surrender",
    "play_ace_pairs": false,
    "max_splits": 4,
    "decks": 6,
    "penetration_cards": 46
  },
  "ev": -0.1857137399999992,
  "stddev": 0.9200091821494876,
  "winning_distrib": {
    "-1.0": 53331011,
    "+0.0": 11909352,
    "+1.0": 34759637
  },
  "hands": {
    "total": 100000000,
    "won": 34759637,
    "lost": 53331011,
    "push": 11909352,
    "busted": 0,
    "blackjack": 0,
    "doubled": 0,
    "split": 0,
    "insured": 0,
    "surrender": 0
  }
}
