{
  "rounds": 100000000,
  "rules": {
    "game_type": "ahc",
    "soft17": "s17",
    "das": true,
    "bj_pays": 1.5,
    "double_down": "any_two",
    "surrender": "early_surrender",
    "play_ace_pairs": false,
    "max_splits": 4,
    "decks": 6,
    "penetration_cards": 250
  },
  "ev": -1.4591486600000012,
  "stddev": 1.3452205641144404,
  "winning_distrib": {
    "-2.0": 85712881,
    "+0.0": 1531671,
    "+2.0": 12755448
  },
  "hands": {
    "total": 100000000,
    "won": 12755448,
    "lost": 85712881,
    "push": 1531671,
    "busted": 85012235,
    "blackjack": 0,
    "doubled": 100000000,
    "split": 0,
    "insured": 0,
    "surrender": 0
  }
}
