{
  "rounds": 100000000,
  "rules": {
    "game_type": "ahc",
    "soft17": "s17",
    "das": true,
    "double_down": "any_two",
    "surrender": "no_surrender",
    "play_ace_pairs": false,
    "max_splits": 4,
    "decks": 6,
    "penetration_cards": 46
  },
  "ev": -0.5241288899999897,
  "stddev": 0.798524190644079,
  "winning_distrib": {
    "-1.0": 71824043,
    "+0.0": 8764803,
    "+1.0": 19411154
  },
  "hands": {
    "total": 100000000,
    "won": 19411154,
    "lost": 71824043,
    "push": 8764803,
    "busted": 19318858,
    "blackjack": 0,
    "doubled": 0,
    "split": 0,
    "insured": 0,
    "surrender": 0
  }
}
