{
  "rounds": 100000000,
  "rules": {
    "game_type": "ahc",
    "soft17": "s17",
    "das": true,
    "bj_pays": 1.5,
    "double_down": "any_two",
    "surrender": "early_surrender",
    "play_ace_pairs": false,
    "max_splits": 4,
    "decks": 6,
    "penetration_cards": 250
  },
  "ev": 0.403013180000002,
  "stddev": 1.880110244665022,
  "winning_distrib": {
    "-2.0": 36140097,
    "+0.0": 7569147,
    "+2.0": 56290756
  },
  "hands": {
    "total": 100000000,
    "won": 56290756,
    "lost": 36140097,
    "push": 7569147,
    "busted": 0,
    "blackjack": 0,
    "doubled": 100000000,
    "split": 0,
    "insured": 0,
    "surrender": 0
  }
}
