{
  "rounds": 100000000,
  "rules": {
    "game_type": "ahc",
    "soft17": "s17",
    "das": true,
    "bj_pays": 1.5,
    "double_down": "any_two",
    "surrender": "early_surrender",
    "play_ace_pairs": false,
    "max_splits": 4,
    "decks": 6,
    "penetration_cards": 250
  },
  "ev": 0.04462924000000126,
  "stddev": 0.9688412565139698,
  "winning_distrib": {
    "-1.0": 44800795,
    "+0.0": 5935486,
    "+1.0": 49263719
  },
  "hands": {
    "total": 100000000,
    "won": 49263719,
    "lost": 44800795,
    "push": 5935486,
    "busted": 3385747,
    "blackjack": 0,
    "doubled": 0,
    "split": 0,
    "insured": 0,
    "surrender": 0
  }
}
