{
  "rounds": 100000000,
  "rules": {
    "game_type": "ahc",
    "soft17": "s17",
    "das": true,
    "bj_pays": 1.5,
    "double_down": "any_two",
    "surrender": "early_surrender",
    "play_ace_pairs": false,
    "max_splits": 4,
    "decks": 6,
    "penetration_cards": 250
  },
  "ev": -0.4805207900000038,
  "stddev": 0.8518616951327519,
  "winning_distrib": {
    "-1.0": 71854468,
    "+0.0": 4343143,
    "+1.0": 23802389
  },
  "hands": {
    "total": 100000000,
    "won": 23802389,
    "lost": 71854468,
    "push": 4343143,
    "busted": 63205235,
    "blackjack": 0,
    "doubled": 0,
    "split": 0,
    "insured": 0,
    "surrender": 0
  }
}
