{
  "rounds": 100000000,
  "rules": {
    "game_type": "enhc",
    "soft17": "s17",
    "das": true,
    "double_down": "any_two",
    "surrender": "no_surrender",
    "play_ace_pairs": false,
    "max_splits": 4,
    "decks": 6,
    "penetration_cards": 46
  },
  "ev": 0.17972236000000275,
  "stddev": 1.91153167639342,
  "winning_distrib": {
    "-2.0": 41585109,
    "+0.0": 7843664,
    "+2.0": 50571227
  },
  "hands": {
    "total": 100000000,
    "won": 50571227,
    "lost": 41585109,
    "push": 7843664,
    "busted": 0,
    "blackjack": 0,
    "doubled": 100000000,
    "split": 0,
    "insured": 0,
    "surrender": 0
  }
}
