{
  "rounds": 100000000,
  "rules": {
    "game_type": "enhc",
    "soft17": "s17",
    "das": false,
    "double_down": "any_two",
    "surrender": "no_surrender",
    "play_ace_pairs": false,
    "max_splits": 4,
    "decks": 6,
    "penetration_cards": 46
  },
  "ev": 0.18309068000000242,
  "stddev": 1.9465911950867478,
  "winning_distrib": {
    "-2.0": 43206976,
    "+0.0": 4431514,
    "+2.0": 52361510
  },
  "hands": {
    "total": 100000000,
    "won": 52361510,
    "lost": 43206976,
    "push": 4431514,
    "busted": 0,
    "blackjack": 0,
    "doubled": 100000000,
    "split": 0,
    "insured": 0,
    "surrender": 0
  }
}
