{
  "rounds": 100000000,
  "rules": {
    "game_type": "ahc",
    "soft17": "s17",
    "das": true,
    "bj_pays": 1.5,
    "double_down": "any_two",
    "surrender": "early_surrender",
    "play_ace_pairs": false,
    "max_splits": 4,
    "decks": 6,
    "penetration_cards": 250
  },
  "ev": -1.1930018999999856,
  "stddev": 1.5803186930396311,
  "winning_distrib": {
    "-2.0": 78833306,
    "+0.0": 1983483,
    "+2.0": 19183211
  },
  "hands": {
    "total": 100000000,
    "won": 19183211,
    "lost": 78833306,
    "push": 1983483,
    "busted": 77255974,
    "blackjack": 0,
    "doubled": 100000000,
    "split": 0,
    "insured": 0,
    "surrender": 0
  }
}
