{
  "rounds": 100000000,
  "rules": {
    "game_type": "ahc",
    "soft17": "s17",
    "das": true,
    "bj_pays": 1.5,
    "double_down": "any_two",
    "surrender": "early_surrender",
    "play_ace_pairs": false,
    "max_splits": 4,
    "decks": 6,
    "penetration_cards": 250
  },
  "ev": 0.1749117600000015,
  "stddev": 1.946063532900543,
  "winning_distrib": {
    "-2.0": 43349173,
    "+0.0": 4556066,
    "+2.0": 52094761
  },
  "hands": {
    "total": 100000000,
    "won": 52094761,
    "lost": 43349173,
    "push": 4556066,
    "busted": 0,
    "blackjack": 0,
    "doubled": 100000000,
    "split": 0,
    "insured": 0,
    "surrender": 0
  }
}
