{
  "rounds": 100000000,
  "rules": {
    "game_type": "ahc",
    "soft17": "s17",
    "das": true,
    "double_down": "any_two",
    "surrender": "no_surrender",
    "play_ace_pairs": false,
    "max_splits": 4,
    "decks": 6,
    "penetration_cards": 46
  },
  "ev": -1.7063884600000805,
  "stddev": 1.0286321763194388,
  "winning_distrib": {
    "-2.0": 92282783,
    "+0.0": 753857,
    "+2.0": 6963360
  },
  "hands": {
    "total": 100000000,
    "won": 6963360,
    "lost": 92282783,
    "push": 753857,
    "busted": 92282783,
    "blackjack": 0,
    "doubled": 100000000,
    "split": 0,
    "insured": 0,
    "surrender": 0
  }
}
