{
  "rounds": 100000000,
  "rules": {
    "game_type": "ahc",
    "soft17": "s17",
    "das": true,
    "bj_pays": 1.5,
    "double_down": "any_two",
    "surrender": "early_surrender",
    "play_ace_pairs": false,
    "max_splits": 4,
    "decks": 6,
    "penetration_cards": 250
  },
  "ev": -0.9712208600000021,
  "stddev": 1.6837991654151063,
  "winning_distrib": {
    "-2.0": 71511141,
    "+0.0": 5538761,
    "+2.0": 22950098
  },
  "hands": {
    "total": 100000000,
    "won": 22950098,
    "lost": 71511141,
    "push": 5538761,
    "busted": 63199340,
    "blackjack": 0,
    "doubled": 100000000,
    "split": 0,
    "insured": 0,
    "surrender": 0
  }
}
