{
  "rounds": 100000000,
  "rules": {
    "game_type": "ahc",
    "soft17": "s17",
    "das": true,
    "bj_pays": 1.5,
    "double_down": "any_two",
    "surrender": "early_surrender",
    "play_ace_pairs": false,
    "max_splits": 4,
    "decks": 6,
    "penetration_cards": 250
  },
  "ev": -0.32985948999999115,
  "stddev": 0.9058224854032342,
  "winning_distrib": {
    "-1.0": 62959057,
    "+0.0": 7067835,
    "+1.0": 29973108
  },
  "hands": {
    "total": 100000000,
    "won": 29973108,
    "lost": 62959057,
    "push": 7067835,
    "busted": 52768310,
    "blackjack": 0,
    "doubled": 0,
    "split": 0,
    "insured": 0,
    "surrender": 0
  }
}
