{
  "rounds": 100000000,
  "rules": {
    "game_type": "ahc",
    "soft17": "s17",
    "das": true,
    "bj_pays": 1.5,
    "double_down": "any_two",
    "surrender": "early_surrender",
    "play_ace_pairs": false,
    "max_splits": 4,
    "decks": 6,
    "penetration_cards": 250
  },
  "ev": 0.2358899099999993,
  "stddev": 0.9177588620018886,
  "winning_distrib": {
    "-1.0": 33101773,
    "+0.0": 10207463,
    "+1.0": 56690764
  },
  "hands": {
    "total": 100000000,
    "won": 56690764,
    "lost": 33101773,
    "push": 10207463,
    "busted": 21526714,
    "blackjack": 0,
    "doubled": 0,
    "split": 0,
    "insured": 0,
    "surrender": 0
  }
}
