{
  "rounds": 100000000,
  "rules": {
    "game_type": "ahc",
    "soft17": "s17",
    "das": true,
    "bj_pays": 1.5,
    "double_down": "any_two",
    "surrender": "early_surrender",
    "play_ace_pairs": false,
    "max_splits": 4,
    "decks": 6,
    "penetration_cards": 250
  },
  "ev": 0.2540945100000034,
  "stddev": 2.6663354329643707,
  "winning_distrib": {
    "-8.0": 1825,
    "-7.0": 22332,
    "-6.0": 164105,
    "-5.0": 752821,
    "-4.0": 3672662,
    "-3.0": 14083524,
    "-2.0": 22686095,
    "-1.0": 3820026,
    "+0.0": 2982546,
    "+1.0": 5661310,
    "+2.0": 18812719,
    "+3.0": 18672143,
    "+4.0": 6754705,
    "+5.0": 1423837,
    "+6.0": 411617,
    "+7.0": 70202,
    "+8.0": 7531
  },
  "hands": {
    "total": 215555701,
    "won": 108406147,
    "lost": 101470964,
    "push": 5678590,
    "busted": 0,
    "blackjack": 0,
    "doubled": 67000174,
    "split": 215555701,
    "insured": 0,
    "surrender": 0
  }
}
