{
  "rounds": 100000000,
  "rules": {
    "game_type": "ahc",
    "soft17": "s17",
    "das": true,
    "bj_pays": 1.5,
    "double_down": "any_two",
    "surrender": "early_surrender",
    "play_ace_pairs": false,
    "max_splits": 4,
    "decks": 6,
    "penetration_cards": 250
  },
  "ev": 0.7809462599999942,
  "stddev": 1.7647861882213187,
  "winning_distrib": {
    "-2.0": 27030685,
    "+0.0": 6891317,
    "+2.0": 66077998
  },
  "hands": {
    "total": 100000000,
    "won": 66077998,
    "lost": 27030685,
    "push": 6891317,
    "busted": 0,
    "blackjack": 0,
    "doubled": 100000000,
    "split": 0,
    "insured": 0,
    "surrender": 0
  }
}
