{
  "rounds": 100000000,
  "rules": {
    "game_type": "enhc",
    "soft17": "h17",
    "das": true,
    "double_down": "any_two",
    "surrender": "no_surrender",
    "play_ace_pairs": false,
    "max_splits": 4,
    "decks": 6,
    "penetration_cards": 46
  },
  "ev": 0.11978687999999872,
  "stddev": 1.9201068981304306,
  "winning_distrib": {
    "-2.0": 43269820,
    "+0.0": 7471016,
    "+2.0": 49259164
  },
  "hands": {
    "total": 100000000,
    "won": 49259164,
    "lost": 43269820,
    "push": 7471016,
    "busted": 0,
    "blackjack": 0,
    "doubled": 100000000,
    "split": 0,
    "insured": 0,
    "surrender": 0
  }
}
