{
  "rounds": 100000000,
  "rules": {
    "game_type": "enhc",
    "soft17": "h17",
    "das": false,
    "double_down": "any_two",
    "surrender": "no_surrender",
    "play_ace_pairs": false,
    "max_splits": 4,
    "decks": 6,
    "penetration_cards": 46
  },
  "ev": 0.23797853999999755,
  "stddev": 1.9079520462795434,
  "winning_distrib": {
    "-2.0": 40261971,
    "+0.0": 7577131,
    "+2.0": 52160898
  },
  "hands": {
    "total": 100000000,
    "won": 52160898,
    "lost": 40261971,
    "push": 7577131,
    "busted": 0,
    "blackjack": 0,
    "doubled": 100000000,
    "split": 0,
    "insured": 0,
    "surrender": 0
  }
}
