{
  "rounds": 100000000,
  "rules": {
    "game_type": "ahc",
    "soft17": "h17",
    "das": true,
    "double_down": "any_two",
    "surrender": "no_surrender",
    "play_ace_pairs": false,
    "max_splits": 4,
    "decks": 6,
    "penetration_cards": 46
  },
  "ev": 0.07276297999999881,
  "stddev": 0.7809721088750095,
  "winning_distrib": {
    "-1.0": 27122445,
    "+0.0": 38478812,
    "+1.0": 34398743
  },
  "hands": {
    "total": 100000000,
    "won": 34398743,
    "lost": 27122445,
    "push": 38478812,
    "busted": 14655316,
    "blackjack": 30859542,
    "doubled": 0,
    "split": 0,
    "insured": 0,
    "surrender": 0
  }
}
