{
  "rounds": 100000000,
  "rules": {
    "game_type": "enhc",
    "soft17": "h17",
    "das": true,
    "double_down": "any_two",
    "surrender": "no_surrender",
    "play_ace_pairs": false,
    "max_splits": 4,
    "decks": 6,
    "penetration_cards": 46
  },
  "ev": -0.018710390000000257,
  "stddev": 0.9438325700113553,
  "winning_distrib": {
    "-1.0": 45494019,
    "+0.0": 10883001,
    "+1.0": 43622980
  },
  "hands": {
    "total": 100000000,
    "won": 43622980,
    "lost": 45494019,
    "push": 10883001,
    "busted": 0,
    "blackjack": 0,
    "doubled": 0,
    "split": 0,
    "insured": 0,
    "surrender": 0
  }
}
