{
  "rounds": 100000000,
  "rules": {
    "game_type": "ahc",
    "soft17": "s17",
    "das": true,
    "bj_pays": 1.5,
    "double_down": "any_two",
    "surrender": "early_surrender",
    "play_ace_pairs": false,
    "max_splits": 4,
    "decks": 6,
    "penetration_cards": 250
  },
  "ev": -0.6449939400000085,
  "stddev": 0.669110425744777,
  "winning_distrib": {
    "-1.0": 75435994,
    "+0.0": 13627406,
    "+1.0": 10936600
  },
  "hands": {
    "total": 100000000,
    "won": 10936600,
    "lost": 75435994,
    "push": 13627406,
    "busted": 0,
    "blackjack": 0,
    "doubled": 0,
    "split": 0,
    "insured": 0,
    "surrender": 0
  }
}
