{
  "rounds": 100000000,
  "rules": {
    "game_type": "enhc",
    "soft17": "s17",
    "das": true,
    "double_down": "any_two",
    "surrender": "no_surrender",
    "play_ace_pairs": false,
    "max_splits": 4,
    "decks": 6,
    "penetration_cards": 46
  },
  "ev": -0.3227103999999952,
  "stddev": 0.911023153400321,
  "winning_distrib": {
    "-1.0": 62840779,
    "+0.0": 6589482,
    "+1.0": 30569739
  },
  "hands": {
    "total": 100000000,
    "won": 30569739,
    "lost": 62840779,
    "push": 6589482,
    "busted": 55507374,
    "blackjack": 0,
    "doubled": 0,
    "split": 0,
    "insured": 0,
    "surrender": 0
  }
}
