{
  "rounds": 100000000,
  "rules": {
    "game_type": "enhc",
    "soft17": "s17",
    "das": false,
    "double_down": "any_two",
    "surrender": "no_surrender",
    "play_ace_pairs": false,
    "max_splits": 4,
    "decks": 6,
    "penetration_cards": 46
  },
  "ev": -0.009932500000000037,
  "stddev": 0.98404118568641,
  "winning_distrib": {
    "-1.0": 48918410,
    "+0.0": 3156430,
    "+1.0": 47925160
  },
  "hands": {
    "total": 100000000,
    "won": 47925160,
    "lost": 48918410,
    "push": 3156430,
    "busted": 0,
    "blackjack": 0,
    "doubled": 0,
    "split": 0,
    "insured": 0,
    "surrender": 0
  }
}
