{
  "rounds": 100000000,
  "rules": {
    "game_type": "ahc",
    "soft17": "s17",
    "das": true,
    "bj_pays": 1.5,
    "double_down": "any_two",
    "surrender": "early_surrender",
    "play_ace_pairs": false,
    "max_splits": 4,
    "decks": 6,
    "penetration_cards": 250
  },
  "ev": -0.38883752000001104,
  "stddev": 1.909158427027222,
  "winning_distrib": {
    "-2.0": 57171944,
    "+0.0": 5097988,
    "+2.0": 37730068
  },
  "hands": {
    "total": 100000000,
    "won": 37730068,
    "lost": 57171944,
    "push": 5097988,
    "busted": 28055201,
    "blackjack": 0,
    "doubled": 100000000,
    "split": 0,
    "insured": 0,
    "surrender": 0
  }
}
