{
  "rounds": 100000000,
  "rules": {
    "game_type": "enhc",
    "soft17": "h17",
    "das": false,
    "double_down": "any_two",
    "surrender": "no_surrender",
    "play_ace_pairs": false,
    "max_splits": 4,
    "decks": 6,
    "penetration_cards": 46
  },
  "ev": 0.6162449100000007,
  "stddev": 0.7360182241740572,
  "winning_distrib": {
    "-1.0": 15261785,
    "+0.0": 7851939,
    "+1.0": 76886276
  },
  "hands": {
    "total": 100000000,
    "won": 76886276,
    "lost": 15261785,
    "push": 7851939,
    "busted": 0,
    "blackjack": 0,
    "doubled": 0,
    "split": 0,
    "insured": 0,
    "surrender": 0
  }
}
