{
  "rounds": 100000000,
  "rules": {
    "game_type": "enhc",
    "soft17": "h17",
    "das": false,
    "double_down": "any_two",
    "surrender": "no_surrender",
    "play_ace_pairs": false,
    "max_splits": 4,
    "decks": 6,
    "penetration_cards": 46
  },
  "ev": 0.4115522599999968,
  "stddev": 1.8774329954851512,
  "winning_distrib": {
    "-2.0": 35887817,
    "+0.0": 7646753,
    "+2.0": 56465430
  },
  "hands": {
    "total": 100000000,
    "won": 56465430,
    "lost": 35887817,
    "push": 7646753,
    "busted": 0,
    "blackjack": 0,
    "doubled": 100000000,
    "split": 0,
    "insured": 0,
    "surrender": 0
  }
}
