{
  "rounds": 100000000,
  "rules": {
    "game_type": "ahc",
    "soft17": "s17",
    "das": true,
    "bj_pays": 1.5,
    "double_down": "any_two",
    "surrender": "early_surrender",
    "play_ace_pairs": false,
    "max_splits": 4,
    "decks": 6,
    "penetration_cards": 250
  },
  "ev": -0.2796661699999937,
  "stddev": 0.9245104498623898,
  "winning_distrib": {
    "-1.0": 60629945,
    "+0.0": 6706727,
    "+1.0": 32663328
  },
  "hands": {
    "total": 100000000,
    "won": 32663328,
    "lost": 60629945,
    "push": 6706727,
    "busted": 51701695,
    "blackjack": 0,
    "doubled": 0,
    "split": 0,
    "insured": 0,
    "surrender": 0
  }
}
