{
  "rounds": 100000000,
  "rules": {
    "game_type": "ahc",
    "soft17": "s17",
    "das": true,
    "bj_pays": 1.5,
    "double_down": "any_two",
    "surrender": "early_surrender",
    "play_ace_pairs": false,
    "max_splits": 4,
    "decks": 6,
    "penetration_cards": 250
  },
  "ev": -0.8608983999999771,
  "stddev": 0.5008414593320474,
  "winning_distrib": {
    "-1.0": 92644331,
    "+0.0": 801178,
    "+1.0": 6554491
  },
  "hands": {
    "total": 100000000,
    "won": 6554491,
    "lost": 92644331,
    "push": 801178,
    "busted": 92644331,
    "blackjack": 0,
    "doubled": 0,
    "split": 0,
    "insured": 0,
    "surrender": 0
  }
}
