{
  "rounds": 100000000,
  "rules": {
    "game_type": "enhc",
    "soft17": "s17",
    "das": false,
    "double_down": "any_two",
    "surrender": "no_surrender",
    "play_ace_pairs": false,
    "max_splits": 4,
    "decks": 6,
    "penetration_cards": 46
  },
  "ev": -1.7007806199999962,
  "stddev": 1.0433084939352184,
  "winning_distrib": {
    "-2.0": 92283857,
    "+0.0": 471317,
    "+2.0": 7244826
  },
  "hands": {
    "total": 100000000,
    "won": 7244826,
    "lost": 92283857,
    "push": 471317,
    "busted": 92283857,
    "blackjack": 0,
    "doubled": 100000000,
    "split": 0,
    "insured": 0,
    "surrender": 0
  }
}
