{
  "rounds": 100000000,
  "rules": {
    "game_type": "enhc",
    "soft17": "h17",
    "das": false,
    "double_down": "any_two",
    "surrender": "no_surrender",
    "play_ace_pairs": false,
    "max_splits": 4,
    "decks": 6,
    "penetration_cards": 46
  },
  "ev": 0.22246164999999968,
  "stddev": 0.9142427755458068,
  "winning_distrib": {
    "-1.0": 33143369,
    "+0.0": 11467097,
    "+1.0": 55389534
  },
  "hands": {
    "total": 100000000,
    "won": 55389534,
    "lost": 33143369,
    "push": 11467097,
    "busted": 0,
    "blackjack": 0,
    "doubled": 0,
    "split": 0,
    "insured": 0,
    "surrender": 0
  }
}
