{
  "rounds": 100000000,
  "rules": {
    "game_type": "ahc",
    "soft17": "h17",
    "das": false,
    "double_down": "any_two",
    "surrender": "no_surrender",
    "play_ace_pairs": false,
    "max_splits": 4,
    "decks": 6,
    "penetration_cards": 46
  },
  "ev": 0.3354974799999994,
  "stddev": 0.9054335034179722,
  "winning_distrib": {
    "-1.0": 29843545,
    "+0.0": 6763162,
    "+1.0": 63393293
  },
  "hands": {
    "total": 100000000,
    "won": 63393293,
    "lost": 29843545,
    "push": 6763162,
    "busted": 0,
    "blackjack": 0,
    "doubled": 0,
    "split": 0,
    "insured": 0,
    "surrender": 0
  }
}
