{
  "rounds": 100000000,
  "rules": {
    "game_type": "ahc",
    "soft17": "s17",
    "das": true,
    "bj_pays": 1.5,
    "double_down": "any_two",
    "surrender": "early_surrender",
    "play_ace_pairs": false,
    "max_splits": 4,
    "decks": 6,
    "penetration_cards": 250
  },
  "ev": -0.12924290000000452,
  "stddev": 1.9379813493316476,
  "winning_distrib": {
    "-2.0": 50387015,
    "+0.0": 5688115,
    "+2.0": 43924870
  },
  "hands": {
    "total": 100000000,
    "won": 43924870,
    "lost": 50387015,
    "push": 5688115,
    "busted": 0,
    "blackjack": 0,
    "doubled": 100000000,
    "split": 0,
    "insured": 0,
    "surrender": 0
  }
}
