{
  "rounds": 100000000,
  "rules": {
    "game_type": "ahc",
    "soft17": "h17",
    "das": true,
    "double_down": "any_two",
    "surrender": "no_surrender",
    "play_ace_pairs": false,
    "max_splits": 4,
    "decks": 6,
    "penetration_cards": 46
  },
  "ev": 0.12372609999999881,
  "stddev": 1.9262177055779355,
  "winning_distrib": {
    "-2.0": 43477132,
    "+0.0": 6859431,
    "+2.0": 49663437
  },
  "hands": {
    "total": 100000000,
    "won": 49663437,
    "lost": 43477132,
    "push": 6859431,
    "busted": 0,
    "blackjack": 0,
    "doubled": 100000000,
    "split": 0,
    "insured": 0,
    "surrender": 0
  }
}
