{
  "rounds": 100000000,
  "rules": {
    "game_type": "ahc",
    "soft17": "h17",
    "das": false,
    "double_down": "any_two",
    "surrender": "no_surrender",
    "play_ace_pairs": false,
    "max_splits": 4,
    "decks": 6,
    "penetration_cards": 46
  },
  "ev": -0.24386574000000075,
  "stddev": 1.417352758117438,
  "winning_distrib": {
    "-2.0": 29106810,
    "-1.0": 9511777,
    "+0.0": 36821636,
    "+1.0": 5780731,
    "+2.0": 18779046
  },
  "hands": {
    "total": 200000000,
    "won": 79148158,
    "lost": 103534732,
    "push": 17317110,
    "busted": 83965029,
    "blackjack": 0,
    "doubled": 0,
    "split": 200000000,
    "insured": 0,
    "surrender": 0
  }
}
