{
  "rounds": 100000000,
  "rules": {
    "game_type": "ahc",
    "soft17": "h17",
    "das": false,
    "double_down": "any_two",
    "surrender": "no_surrender",
    "play_ace_pairs": false,
    "max_splits": 4,
    "decks": 6,
    "penetration_cards": 46
  },
  "ev": -0.32472546000000874,
  "stddev": 0.9103576351716529,
  "winning_distrib": {
    "-1.0": 62946155,
    "+0.0": 6580236,
    "+1.0": 30473609
  },
  "hands": {
    "total": 100000000,
    "won": 30473609,
    "lost": 62946155,
    "push": 6580236,
    "busted": 55577667,
    "blackjack": 0,
    "doubled": 0,
    "split": 0,
    "insured": 0,
    "surrender": 0
  }
}
