{
  "rounds": 100000000,
  "rules": {
    "game_type": "enhc",
    "soft17": "s17",
    "das": false,
    "double_down": "any_two",
    "surrender": "no_surrender",
    "play_ace_pairs": false,
    "max_splits": 4,
    "decks": 6,
    "penetration_cards": 46
  },
  "ev": 0.19832656000000465,
  "stddev": 0.9276206574906388,
  "winning_distrib": {
    "-1.0": 35074347,
    "+0.0": 10018650,
    "+1.0": 54907003
  },
  "hands": {
    "total": 100000000,
    "won": 54907003,
    "lost": 35074347,
    "push": 10018650,
    "busted": 21209335,
    "blackjack": 0,
    "doubled": 0,
    "split": 0,
    "insured": 0,
    "surrender": 0
  }
}
