{
  "rounds": 100000000,
  "rules": {
    "game_type": "enhc",
    "soft17": "s17",
    "das": true,
    "double_down": "any_two",
    "surrender": "no_surrender",
    "play_ace_pairs": false,
    "max_splits": 4,
    "decks": 6,
    "penetration_cards": 46
  },
  "ev": -0.42879798000000474,
  "stddev": 0.8788292212206741,
  "winning_distrib": {
    "-1.0": 69250324,
    "+0.0": 4379150,
    "+1.0": 26370526
  },
  "hands": {
    "total": 100000000,
    "won": 26370526,
    "lost": 69250324,
    "push": 4379150,
    "busted": 61401393,
    "blackjack": 0,
    "doubled": 0,
    "split": 0,
    "insured": 0,
    "surrender": 0
  }
}
