{
  "rounds": 100000000,
  "rules": {
    "game_type": "enhc",
    "soft17": "s17",
    "das": false,
    "double_down": "any_two",
    "surrender": "no_surrender",
    "play_ace_pairs": false,
    "max_splits": 4,
    "decks": 6,
    "penetration_cards": 46
  },
  "ev": -0.05964998999999999,
  "stddev": 0.9083897824968573,
  "winning_distrib": {
    "-1.0": 44419005,
    "+0.0": 17126989,
    "+1.0": 38454006
  },
  "hands": {
    "total": 100000000,
    "won": 38454006,
    "lost": 44419005,
    "push": 17126989,
    "busted": 24446048,
    "blackjack": 0,
    "doubled": 0,
    "split": 0,
    "insured": 0,
    "surrender": 0
  }
}
