{
  "rounds": 100000000,
  "rules": {
    "game_type": "enhc",
    "soft17": "h17",
    "das": true,
    "double_down": "any_two",
    "surrender": "no_surrender",
    "play_ace_pairs": false,
    "max_splits": 4,
    "decks": 6,
    "penetration_cards": 46
  },
  "ev": -0.3246814999999904,
  "stddev": 0.9219462739539753,
  "winning_distrib": {
    "-1.0": 64004225,
    "+0.0": 4459700,
    "+1.0": 31536075
  },
  "hands": {
    "total": 100000000,
    "won": 31536075,
    "lost": 64004225,
    "push": 4459700,
    "busted": 46293099,
    "blackjack": 0,
    "doubled": 0,
    "split": 0,
    "insured": 0,
    "surrender": 0
  }
}
