{
  "rounds": 100000000,
  "rules": {
    "game_type": "ahc",
    "soft17": "s17",
    "das": true,
    "double_down": "any_two",
    "surrender": "no_surrender",
    "play_ace_pairs": false,
    "max_splits": 4,
    "decks": 6,
    "penetration_cards": 46
  },
  "ev": -1.4251339999999855,
  "stddev": 1.3877718477123977,
  "winning_distrib": {
    "-2.0": 85089820,
    "+0.0": 1077060,
    "+2.0": 13833120
  },
  "hands": {
    "total": 100000000,
    "won": 13833120,
    "lost": 85089820,
    "push": 1077060,
    "busted": 84551654,
    "blackjack": 0,
    "doubled": 100000000,
    "split": 0,
    "insured": 0,
    "surrender": 0
  }
}
