{
  "rounds": 100000000,
  "rules": {
    "game_type": "ahc",
    "soft17": "h17",
    "das": true,
    "double_down": "any_two",
    "surrender": "no_surrender",
    "play_ace_pairs": false,
    "max_splits": 4,
    "decks": 6,
    "penetration_cards": 46
  },
  "ev": -1.066906259999973,
  "stddev": 1.6457755556146179,
  "winning_distrib": {
    "-2.0": 74758483,
    "+0.0": 3828347,
    "+2.0": 21413170
  },
  "hands": {
    "total": 100000000,
    "won": 21413170,
    "lost": 74758483,
    "push": 3828347,
    "busted": 69227052,
    "blackjack": 0,
    "doubled": 100000000,
    "split": 0,
    "insured": 0,
    "surrender": 0
  }
}
