{
  "rounds": 100000000,
  "rules": {
    "game_type": "ahc",
    "soft17": "s17",
    "das": true,
    "bj_pays": 1.5,
    "double_down": "any_two",
    "surrender": "early_surrender",
    "play_ace_pairs": false,
    "max_splits": 4,
    "decks": 6,
    "penetration_cards": 250
  },
  "ev": 0.29645853999999255,
  "stddev": 0.8991875011066627,
  "winning_distrib": {
    "-1.0": 29998364,
    "+0.0": 10357418,
    "+1.0": 59644218
  },
  "hands": {
    "total": 100000000,
    "won": 59644218,
    "lost": 29998364,
    "push": 10357418,
    "busted": 0,
    "blackjack": 0,
    "doubled": 0,
    "split": 0,
    "insured": 0,
    "surrender": 0
  }
}
