{
  "rounds": 100000000,
  "rules": {
    "game_type": "ahc",
    "soft17": "h17",
    "das": false,
    "double_down": "any_two",
    "surrender": "no_surrender",
    "play_ace_pairs": false,
    "max_splits": 4,
    "decks": 6,
    "penetration_cards": 46
  },
  "ev": -0.3075295599999984,
  "stddev": 0.928709189332816,
  "winning_distrib": {
    "-1.0": 63230237,
    "+0.0": 4292482,
    "+1.0": 32477281
  },
  "hands": {
    "total": 100000000,
    "won": 32477281,
    "lost": 63230237,
    "push": 4292482,
    "busted": 46224154,
    "blackjack": 0,
    "doubled": 0,
    "split": 0,
    "insured": 0,
    "surrender": 0
  }
}
