{
  "rounds": 100000000,
  "rules": {
    "game_type": "ahc",
    "soft17": "s17",
    "das": true,
    "bj_pays": 1.5,
    "double_down": "any_two",
    "surrender": "early_surrender",
    "play_ace_pairs": false,
    "max_splits": 4,
    "decks": 6,
    "penetration_cards": 250
  },
  "ev": -0.22431069000000003,
  "stddev": 0.950590339414367,
  "winning_distrib": {
    "-1.0": 58912398,
    "+0.0": 4606273,
    "+1.0": 36481329
  },
  "hands": {
    "total": 100000000,
    "won": 36481329,
    "lost": 58912398,
    "push": 4606273,
    "busted": 33335033,
    "blackjack": 0,
    "doubled": 0,
    "split": 0,
    "insured": 0,
    "surrender": 0
  }
}
