{
  "rounds": 100000000,
  "rules": {
    "game_type": "enhc",
    "soft17": "s17",
    "das": false,
    "double_down": "any_two",
    "surrender": "no_surrender",
    "play_ace_pairs": false,
    "max_splits": 4,
    "decks": 6,
    "penetration_cards": 46
  },
  "ev": -1.2465761600000211,
  "stddev": 1.5270866316747005,
  "winning_distrib": {
    "-2.0": 79738725,
    "+0.0": 2851358,
    "+2.0": 17409917
  },
  "hands": {
    "total": 100000000,
    "won": 17409917,
    "lost": 79738725,
    "push": 2851358,
    "busted": 76980044,
    "blackjack": 0,
    "doubled": 100000000,
    "split": 0,
    "insured": 0,
    "surrender": 0
  }
}
