{
  "rounds": 100000000,
  "rules": {
    "game_type": "ahc",
    "soft17": "s17",
    "das": true,
    "bj_pays": 1.5,
    "double_down": "any_two",
    "surrender": "early_surrender",
    "play_ace_pairs": false,
    "max_splits": 4,
    "decks": 6,
    "penetration_cards": 250
  },
  "ev": 0.12823074000000165,
  "stddev": 1.918277079599508,
  "winning_distrib": {
    "-2.0": 42997107,
    "+0.0": 7594249,
    "+2.0": 49408644
  },
  "hands": {
    "total": 100000000,
    "won": 49408644,
    "lost": 42997107,
    "push": 7594249,
    "busted": 0,
    "blackjack": 0,
    "doubled": 100000000,
    "split": 0,
    "insured": 0,
    "surrender": 0
  }
}
