{
  "rounds": 100000000,
  "rules": {
    "game_type": "enhc",
    "soft17": "s17",
    "das": false,
    "double_down": "any_two",
    "surrender": "no_surrender",
    "play_ace_pairs": false,
    "max_splits": 4,
    "decks": 6,
    "penetration_cards": 46
  },
  "ev": 0.5733246800000098,
  "stddev": 1.8387289428059244,
  "winning_distrib": {
    "-2.0": 32037199,
    "+0.0": 7259368,
    "+2.0": 60703433
  },
  "hands": {
    "total": 100000000,
    "won": 60703433,
    "lost": 32037199,
    "push": 7259368,
    "busted": 0,
    "blackjack": 0,
    "doubled": 100000000,
    "split": 0,
    "insured": 0,
    "surrender": 0
  }
}
