{
  "rounds": 100000000,
  "rules": {
    "game_type": "ahc",
    "soft17": "s17",
    "das": true,
    "bj_pays": 1.5,
    "double_down": "any_two",
    "surrender": "early_surrender",
    "play_ace_pairs": false,
    "max_splits": 4,
    "decks": 6,
    "penetration_cards": 250
  },
  "ev": 0.02351429999999988,
  "stddev": 0.9753801244690073,
  "winning_distrib": {
    "-1.0": 46420250,
    "+0.0": 4808070,
    "+1.0": 48771680
  },
  "hands": {
    "total": 100000000,
    "won": 48771680,
    "lost": 46420250,
    "push": 4808070,
    "busted": 2937623,
    "blackjack": 0,
    "doubled": 0,
    "split": 0,
    "insured": 0,
    "surrender": 0
  }
}
