{
  "rounds": 100000000,
  "rules": {
    "game_type": "ahc",
    "soft17": "h17",
    "das": false,
    "double_down": "any_two",
    "surrender": "no_surrender",
    "play_ace_pairs": false,
    "max_splits": 4,
    "decks": 6,
    "penetration_cards": 46
  },
  "ev": -0.1492441300000023,
  "stddev": 1.658518419303018,
  "winning_distrib": {
    "-2.0": 35481187,
    "-1.0": 8507495,
    "+0.0": 22624869,
    "+1.0": 2227442,
    "+2.0": 31159007
  },
  "hands": {
    "total": 200000000,
    "won": 86629754,
    "lost": 101554167,
    "push": 11816079,
    "busted": 23066088,
    "blackjack": 0,
    "doubled": 0,
    "split": 200000000,
    "insured": 0,
    "surrender": 0
  }
}
