{
  "rounds": 100000000,
  "rules": {
    "game_type": "ahc",
    "soft17": "s17",
    "das": true,
    "bj_pays": 1.5,
    "double_down": "any_two",
    "surrender": "early_surrender",
    "play_ace_pairs": false,
    "max_splits": 4,
    "decks": 6,
    "penetration_cards": 250
  },
  "ev": -0.21157392999999744,
  "stddev": 0.9196841363221114,
  "winning_distrib": {
    "-1.0": 55107818,
    "+0.0": 10941757,
    "+1.0": 33950425
  },
  "hands": {
    "total": 100000000,
    "won": 33950425,
    "lost": 55107818,
    "push": 10941757,
    "busted": 21359682,
    "blackjack": 0,
    "doubled": 0,
    "split": 0,
    "insured": 0,
    "surrender": 0
  }
}
