{
  "rounds": 100000000,
  "rules": {
    "game_type": "ahc",
    "soft17": "h17",
    "das": true,
    "double_down": "any_two",
    "surrender": "no_surrender",
    "play_ace_pairs": false,
    "max_splits": 4,
    "decks": 6,
    "penetration_cards": 46
  },
  "ev": -0.2852282800000032,
  "stddev": 0.9076547782756468,
  "winning_distrib": {
    "-1.0": 59521032,
    "+0.0": 9480764,
    "+1.0": 30998204
  },
  "hands": {
    "total": 100000000,
    "won": 30998204,
    "lost": 59521032,
    "push": 9480764,
    "busted": 14721564,
    "blackjack": 0,
    "doubled": 0,
    "split": 0,
    "insured": 0,
    "surrender": 0
  }
}
