{
  "rounds": 100000000,
  "rules": {
    "game_type": "ahc",
    "soft17": "s17",
    "das": true,
    "double_down": "any_two",
    "surrender": "no_surrender",
    "play_ace_pairs": false,
    "max_splits": 4,
    "decks": 6,
    "penetration_cards": 46
  },
  "ev": -0.5934920200000137,
  "stddev": 1.8495674133173023,
  "winning_distrib": {
    "-2.0": 62001455,
    "+0.0": 5671691,
    "+2.0": 32326854
  },
  "hands": {
    "total": 100000000,
    "won": 32326854,
    "lost": 62001455,
    "push": 5671691,
    "busted": 38588779,
    "blackjack": 0,
    "doubled": 100000000,
    "split": 0,
    "insured": 0,
    "surrender": 0
  }
}
