{
  "rounds": 100000000,
  "rules": {
    "game_type": "enhc",
    "soft17": "s17",
    "das": false,
    "double_down": "any_two",
    "surrender": "no_surrender",
    "play_ace_pairs": false,
    "max_splits": 4,
    "decks": 6,
    "penetration_cards": 46
  },
  "ev": -0.07763945000000096,
  "stddev": 0.9291807329241375,
  "winning_distrib": {
    "-1.0": 47352208,
    "+0.0": 13059529,
    "+1.0": 39588263
  },
  "hands": {
    "total": 100000000,
    "won": 39588263,
    "lost": 47352208,
    "push": 13059529,
    "busted": 0,
    "blackjack": 0,
    "doubled": 0,
    "split": 0,
    "insured": 0,
    "surrender": 0
  }
}
