{
  "rounds": 100000000,
  "rules": {
    "game_type": "ahc",
    "soft17": "s17",
    "das": true,
    "bj_pays": 1.5,
    "double_down": "any_two",
    "surrender": "early_surrender",
    "play_ace_pairs": false,
    "max_splits": 4,
    "decks": 6,
    "penetration_cards": 250
  },
  "ev": 0.07763193999999998,
  "stddev": 0.9833940774493527,
  "winning_distrib": {
    "-1.0": 44772934,
    "+0.0": 2690938,
    "+1.0": 52536128
  },
  "hands": {
    "total": 100000000,
    "won": 52536128,
    "lost": 44772934,
    "push": 2690938,
    "busted": 0,
    "blackjack": 0,
    "doubled": 0,
    "split": 0,
    "insured": 0,
    "surrender": 0
  }
}
