{
  "rounds": 100000000,
  "rules": {
    "game_type": "ahc",
    "soft17": "s17",
    "das": true,
    "bj_pays": 1.5,
    "double_down": "any_two",
    "surrender": "early_surrender",
    "play_ace_pairs": false,
    "max_splits": 4,
    "decks": 6,
    "penetration_cards": 250
  },
  "ev": 0.633371960000003,
  "stddev": 1.8097253474040695,
  "winning_distrib": {
    "-2.0": 30119024,
    "+0.0": 8093354,
    "+2.0": 61787622
  },
  "hands": {
    "total": 100000000,
    "won": 61787622,
    "lost": 30119024,
    "push": 8093354,
    "busted": 0,
    "blackjack": 0,
    "doubled": 100000000,
    "split": 0,
    "insured": 0,
    "surrender": 0
  }
}
