{
  "rounds": 100000000,
  "rules": {
    "game_type": "enhc",
    "soft17": "h17",
    "das": true,
    "double_down": "any_two",
    "surrender": "no_surrender",
    "play_ace_pairs": false,
    "max_splits": 4,
    "decks": 6,
    "penetration_cards": 46
  },
  "ev": 0.5642335799999816,
  "stddev": 1.8457581589332452,
  "winning_distrib": {
    "-2.0": 32458944,
    "+0.0": 6870433,
    "+2.0": 60670623
  },
  "hands": {
    "total": 100000000,
    "won": 60670623,
    "lost": 32458944,
    "push": 6870433,
    "busted": 0,
    "blackjack": 0,
    "doubled": 100000000,
    "split": 0,
    "insured": 0,
    "surrender": 0
  }
}
