{
  "rounds": 100000000,
  "rules": {
    "game_type": "ahc",
    "soft17": "h17",
    "das": false,
    "double_down": "any_two",
    "surrender": "no_surrender",
    "play_ace_pairs": false,
    "max_splits": 4,
    "decks": 6,
    "penetration_cards": 46
  },
  "ev": -0.5717204600000003,
  "stddev": 1.4366105652736518,
  "winning_distrib": {
    "-2.0": 40618800,
    "-1.0": 11113592,
    "+0.0": 28240202,
    "+1.0": 4875666,
    "+2.0": 15151740
  },
  "hands": {
    "total": 200000000,
    "won": 61210918,
    "lost": 118382964,
    "push": 20406118,
    "busted": 55663429,
    "blackjack": 0,
    "doubled": 0,
    "split": 200000000,
    "insured": 0,
    "surrender": 0
  }
}
