{
  "rounds": 100000000,
  "rules": {
    "game_type": "ahc",
    "soft17": "s17",
    "das": true,
    "bj_pays": 1.5,
    "double_down": "any_two",
    "surrender": "early_surrender",
    "play_ace_pairs": false,
    "max_splits": 4,
    "decks": 6,
    "penetration_cards": 250
  },
  "ev": 0.022351539999999778,
  "stddev": 0.9077115493916758,
  "winning_distrib": {
    "-1.0": 40104415,
    "+0.0": 17556016,
    "+1.0": 42339569
  },
  "hands": {
    "total": 100000000,
    "won": 42339569,
    "lost": 40104415,
    "push": 17556016,
    "busted": 21777065,
    "blackjack": 0,
    "doubled": 0,
    "split": 0,
    "insured": 0,
    "surrender": 0
  }
}
