{
  "rounds": 100000000,
  "rules": {
    "game_type": "ahc",
    "soft17": "s17",
    "das": true,
    "bj_pays": 1.5,
    "double_down": "any_two",
    "surrender": "early_surrender",
    "play_ace_pairs": false,
    "max_splits": 4,
    "decks": 6,
    "penetration_cards": 250
  },
  "ev": 0.17930009999999644,
  "stddev": 0.9480488084101931,
  "winning_distrib": {
    "-1.0": 37582248,
    "+0.0": 6905494,
    "+1.0": 55512258
  },
  "hands": {
    "total": 100000000,
    "won": 55512258,
    "lost": 37582248,
    "push": 6905494,
    "busted": 0,
    "blackjack": 0,
    "doubled": 0,
    "split": 0,
    "insured": 0,
    "surrender": 0
  }
}
