{
  "rounds": 100000000,
  "rules": {
    "game_type": "enhc",
    "soft17": "s17",
    "das": true,
    "double_down": "any_two",
    "surrender": "no_surrender",
    "play_ace_pairs": false,
    "max_splits": 4,
    "decks": 6,
    "penetration_cards": 46
  },
  "ev": 0.04913010999999948,
  "stddev": 0.9707252194696853,
  "winning_distrib": {
    "-1.0": 44779555,
    "+0.0": 5527879,
    "+1.0": 49692566
  },
  "hands": {
    "total": 100000000,
    "won": 49692566,
    "lost": 44779555,
    "push": 5527879,
    "busted": 2981522,
    "blackjack": 0,
    "doubled": 0,
    "split": 0,
    "insured": 0,
    "surrender": 0
  }
}
