{
  "rounds": 100000000,
  "rules": {
    "game_type": "enhc",
    "soft17": "h17",
    "das": false,
    "double_down": "any_two",
    "surrender": "no_surrender",
    "play_ace_pairs": false,
    "max_splits": 4,
    "decks": 6,
    "penetration_cards": 46
  },
  "ev": 0.5247913000000086,
  "stddev": 1.8506613103682221,
  "winning_distrib": {
    "-2.0": 33134632,
    "+0.0": 7491171,
    "+2.0": 59374197
  },
  "hands": {
    "total": 100000000,
    "won": 59374197,
    "lost": 33134632,
    "push": 7491171,
    "busted": 0,
    "blackjack": 0,
    "doubled": 100000000,
    "split": 0,
    "insured": 0,
    "surrender": 0
  }
}
