{
  "rounds": 100000000,
  "rules": {
    "game_type": "enhc",
    "soft17": "s17",
    "das": false,
    "double_down": "any_two",
    "surrender": "no_surrender",
    "play_ace_pairs": false,
    "max_splits": 4,
    "decks": 6,
    "penetration_cards": 46
  },
  "ev": -0.5741999900000009,
  "stddev": 0.7845560959162073,
  "winning_distrib": {
    "-1.0": 75971694,
    "+0.0": 5476611,
    "+1.0": 18551695
  },
  "hands": {
    "total": 100000000,
    "won": 18551695,
    "lost": 75971694,
    "push": 5476611,
    "busted": 61397074,
    "blackjack": 0,
    "doubled": 0,
    "split": 0,
    "insured": 0,
    "surrender": 0
  }
}
