{
  "rounds": 100000000,
  "rules": {
    "game_type": "ahc",
    "soft17": "s17",
    "das": true,
    "bj_pays": 1.5,
    "double_down": "any_two",
    "surrender": "early_surrender",
    "play_ace_pairs": false,
    "max_splits": 4,
    "decks": 6,
    "penetration_cards": 250
  },
  "ev": -0.051431050000000055,
  "stddev": 0.9090448093243342,
  "winning_distrib": {
    "-1.0": 44021933,
    "+0.0": 17099239,
    "+1.0": 38878828
  },
  "hands": {
    "total": 100000000,
    "won": 38878828,
    "lost": 44021933,
    "push": 17099239,
    "busted": 22723854,
    "blackjack": 0,
    "doubled": 0,
    "split": 0,
    "insured": 0,
    "surrender": 0
  }
}
