{
  "rounds": 100000000,
  "rules": {
    "game_type": "enhc",
    "soft17": "h17",
    "das": true,
    "bj_pays": 1.5,
    "double_down": "any_two",
    "surrender": "no_surrender",
    "play_ace_pairs": false,
    "max_splits": 4,
    "decks": 6,
    "penetration_cards": 250
  },
  "ev": 0.5756044400000024,
  "stddev": 1.84219407299803,
  "winning_distrib": {
    "-2.0": 32172382,
    "+0.0": 6875014,
    "+2.0": 60952604
  },
  "hands": {
    "total": 100000000,
    "won": 60952604,
    "lost": 32172382,
    "push": 6875014,
    "busted": 0,
    "blackjack": 0,
    "doubled": 100000000,
    "split": 0,
    "insured": 0,
    "surrender": 0
  }
}
