{
  "rounds": 100000000,
  "rules": {
    "game_type": "ahc",
    "soft17": "h17",
    "das": true,
    "double_down": "any_two",
    "surrender": "no_surrender",
    "play_ace_pairs": false,
    "max_splits": 4,
    "decks": 6,
    "penetration_cards": 46
  },
  "ev": 0.4081613000000017,
  "stddev": 1.8827071011254548,
  "winning_distrib": {
    "-2.0": 36185738,
    "+0.0": 7220459,
    "+2.0": 56593803
  },
  "hands": {
    "total": 100000000,
    "won": 56593803,
    "lost": 36185738,
    "push": 7220459,
    "busted": 0,
    "blackjack": 0,
    "doubled": 100000000,
    "split": 0,
    "insured": 0,
    "surrender": 0
  }
}
