{
  "rounds": 100000000,
  "rules": {
    "game_type": "ahc",
    "soft17": "s17",
    "das": true,
    "double_down": "any_two",
    "surrender": "no_surrender",
    "play_ace_pairs": false,
    "max_splits": 4,
    "decks": 6,
    "penetration_cards": 46
  },
  "ev": 0.19756199000000113,
  "stddev": 0.915561586399182,
  "winning_distrib": {
    "-1.0": 33986088,
    "+0.0": 12271625,
    "+1.0": 53742287
  },
  "hands": {
    "total": 100000000,
    "won": 53742287,
    "lost": 33986088,
    "push": 12271625,
    "busted": 0,
    "blackjack": 0,
    "doubled": 0,
    "split": 0,
    "insured": 0,
    "surrender": 0
  }
}
