{
  "rounds": 100000000,
  "rules": {
    "game_type": "enhc",
    "soft17": "s17",
    "das": false,
    "double_down": "any_two",
    "surrender": "no_surrender",
    "play_ace_pairs": false,
    "max_splits": 4,
    "decks": 6,
    "penetration_cards": 46
  },
  "ev": -0.011314580000000065,
  "stddev": 0.9866175297518258,
  "winning_distrib": {
    "-1.0": 49242837,
    "+0.0": 2645784,
    "+1.0": 48111379
  },
  "hands": {
    "total": 100000000,
    "won": 48111379,
    "lost": 49242837,
    "push": 2645784,
    "busted": 0,
    "blackjack": 0,
    "doubled": 0,
    "split": 0,
    "insured": 0,
    "surrender": 0
  }
}
