{
  "rounds": 100000000,
  "rules": {
    "game_type": "ahc",
    "soft17": "s17",
    "das": true,
    "bj_pays": 1.5,
    "double_down": "any_two",
    "surrender": "early_surrender",
    "play_ace_pairs": false,
    "max_splits": 4,
    "decks": 6,
    "penetration_cards": 250
  },
  "ev": -0.5897509799999974,
  "stddev": 1.8554033998067105,
  "winning_distrib": {
    "-2.0": 62122874,
    "+0.0": 5241801,
    "+2.0": 32635325
  },
  "hands": {
    "total": 100000000,
    "won": 32635325,
    "lost": 62122874,
    "push": 5241801,
    "busted": 0,
    "blackjack": 0,
    "doubled": 100000000,
    "split": 0,
    "insured": 0,
    "surrender": 0
  }
}
