{
  "rounds": 100000000,
  "rules": {
    "game_type": "ahc",
    "soft17": "s17",
    "das": true,
    "bj_pays": 1.5,
    "double_down": "any_two",
    "surrender": "early_surrender",
    "play_ace_pairs": false,
    "max_splits": 4,
    "decks": 6,
    "penetration_cards": 250
  },
  "ev": -0.5967447200000151,
  "stddev": 1.850700173826933,
  "winning_distrib": {
    "-2.0": 62183560,
    "+0.0": 5470116,
    "+2.0": 32346324
  },
  "hands": {
    "total": 100000000,
    "won": 32346324,
    "lost": 62183560,
    "push": 5470116,
    "busted": 33327463,
    "blackjack": 0,
    "doubled": 100000000,
    "split": 0,
    "insured": 0,
    "surrender": 0
  }
}
