{
  "rounds": 100000000,
  "rules": {
    "game_type": "ahc",
    "soft17": "h17",
    "das": false,
    "double_down": "any_two",
    "surrender": "no_surrender",
    "play_ace_pairs": false,
    "max_splits": 4,
    "decks": 6,
    "penetration_cards": 46
  },
  "ev": -0.4697329900000082,
  "stddev": 0.8457329219430391,
  "winning_distrib": {
    "-1.0": 70282312,
    "+0.0": 6408675,
    "+1.0": 23309013
  },
  "hands": {
    "total": 100000000,
    "won": 23309013,
    "lost": 70282312,
    "push": 6408675,
    "busted": 58443493,
    "blackjack": 0,
    "doubled": 0,
    "split": 0,
    "insured": 0,
    "surrender": 0
  }
}
