{
  "rounds": 100000000,
  "rules": {
    "game_type": "ahc",
    "soft17": "s17",
    "das": true,
    "bj_pays": 1.5,
    "double_down": "any_two",
    "surrender": "early_surrender",
    "play_ace_pairs": false,
    "max_splits": 4,
    "decks": 6,
    "penetration_cards": 250
  },
  "ev": 0.08201904000000064,
  "stddev": 0.957744969316072,
  "winning_distrib": {
    "-1.0": 42099175,
    "+0.0": 7599746,
    "+1.0": 50301079
  },
  "hands": {
    "total": 100000000,
    "won": 50301079,
    "lost": 42099175,
    "push": 7599746,
    "busted": 11216512,
    "blackjack": 0,
    "doubled": 0,
    "split": 0,
    "insured": 0,
    "surrender": 0
  }
}
