{
  "rounds": 100000000,
  "rules": {
    "game_type": "ahc",
    "soft17": "s17",
    "das": true,
    "double_down": "any_two",
    "surrender": "no_surrender",
    "play_ace_pairs": false,
    "max_splits": 4,
    "decks": 6,
    "penetration_cards": 46
  },
  "ev": -0.022503220000000334,
  "stddev": 0.9749428878630582,
  "winning_distrib": {
    "-1.0": 48676162,
    "+0.0": 4897998,
    "+1.0": 46425840
  },
  "hands": {
    "total": 100000000,
    "won": 46425840,
    "lost": 48676162,
    "push": 4897998,
    "busted": 2575662,
    "blackjack": 0,
    "doubled": 0,
    "split": 0,
    "insured": 0,
    "surrender": 0
  }
}
