{
  "rounds": 100000000,
  "rules": {
    "game_type": "enhc",
    "soft17": "h17",
    "das": true,
    "double_down": "any_two",
    "surrender": "no_surrender",
    "play_ace_pairs": false,
    "max_splits": 4,
    "decks": 6,
    "penetration_cards": 46
  },
  "ev": 0.0447648200000004,
  "stddev": 0.9675114367547073,
  "winning_distrib": {
    "-1.0": 44665872,
    "+0.0": 6191774,
    "+1.0": 49142354
  },
  "hands": {
    "total": 100000000,
    "won": 49142354,
    "lost": 44665872,
    "push": 6191774,
    "busted": 3210035,
    "blackjack": 0,
    "doubled": 0,
    "split": 0,
    "insured": 0,
    "surrender": 0
  }
}
