{
  "rounds": 100000000,
  "rules": {
    "game_type": "ahc",
    "soft17": "s17",
    "das": false,
    "double_down": "any_two",
    "surrender": "no_surrender",
    "play_ace_pairs": false,
    "max_splits": 4,
    "decks": 6,
    "penetration_cards": 46
  },
  "ev": -0.25274375999998866,
  "stddev": 0.9419224600004147,
  "winning_distrib": {
    "-1.0": 60192054,
    "+0.0": 4890268,
    "+1.0": 34917678
  },
  "hands": {
    "total": 100000000,
    "won": 34917678,
    "lost": 60192054,
    "push": 4890268,
    "busted": 30883073,
    "blackjack": 0,
    "doubled": 0,
    "split": 0,
    "insured": 0,
    "surrender": 0
  }
}
