{
  "rounds": 100000000,
  "rules": {
    "game_type": "ahc",
    "soft17": "s17",
    "das": true,
    "bj_pays": 1.5,
    "double_down": "any_two",
    "surrender": "early_surrender",
    "play_ace_pairs": false,
    "max_splits": 4,
    "decks": 6,
    "penetration_cards": 250
  },
  "ev": -0.9866976000000081,
  "stddev": 1.3748754798370277,
  "winning_distrib": {
    "-2.0": 48219189,
    "-1.0": 32657160,
    "+0.0": 3910762,
    "+2.0": 15212889
  },
  "hands": {
    "total": 100000000,
    "won": 15212889,
    "lost": 80876349,
    "push": 3910762,
    "busted": 33038355,
    "blackjack": 0,
    "doubled": 67342840,
    "split": 0,
    "insured": 0,
    "surrender": 0
  }
}
