{
  "rounds": 100000000,
  "rules": {
    "game_type": "ahc",
    "soft17": "s17",
    "das": true,
    "bj_pays": 1.5,
    "double_down": "any_two",
    "surrender": "early_surrender",
    "play_ace_pairs": false,
    "max_splits": 4,
    "decks": 6,
    "penetration_cards": 250
  },
  "ev": -0.48980488000000155,
  "stddev": 0.8455047762591124,
  "winning_distrib": {
    "-1.0": 72229601,
    "+0.0": 4521286,
    "+1.0": 23249113
  },
  "hands": {
    "total": 100000000,
    "won": 23249113,
    "lost": 72229601,
    "push": 4521286,
    "busted": 63192332,
    "blackjack": 0,
    "doubled": 0,
    "split": 0,
    "insured": 0,
    "surrender": 0
  }
}
