{
  "rounds": 100000000,
  "rules": {
    "game_type": "ahc",
    "soft17": "s17",
    "das": true,
    "bj_pays": 1.5,
    "double_down": "any_two",
    "surrender": "early_surrender",
    "play_ace_pairs": false,
    "max_splits": 4,
    "decks": 6,
    "penetration_cards": 250
  },
  "ev": -0.6206543299999833,
  "stddev": 0.7748238242695972,
  "winning_distrib": {
    "-1.0": 80310904,
    "+0.0": 1443625,
    "+1.0": 18245471
  },
  "hands": {
    "total": 100000000,
    "won": 18245471,
    "lost": 80310904,
    "push": 1443625,
    "busted": 78721962,
    "blackjack": 0,
    "doubled": 0,
    "split": 0,
    "insured": 0,
    "surrender": 0
  }
}
