{
  "rounds": 100000000,
  "rules": {
    "game_type": "ahc",
    "soft17": "s17",
    "das": true,
    "bj_pays": 1.5,
    "double_down": "any_two",
    "surrender": "early_surrender",
    "play_ace_pairs": false,
    "max_splits": 4,
    "decks": 6,
    "penetration_cards": 250
  },
  "ev": -0.912546110000003,
  "stddev": 0.4045062283329159,
  "winning_distrib": {
    "-1.0": 95445590,
    "+0.0": 363431,
    "+1.0": 4190979
  },
  "hands": {
    "total": 100000000,
    "won": 4190979,
    "lost": 95445590,
    "push": 363431,
    "busted": 68370158,
    "blackjack": 0,
    "doubled": 0,
    "split": 0,
    "insured": 0,
    "surrender": 0
  }
}
