{
  "rounds": 100000000,
  "rules": {
    "game_type": "ahc",
    "soft17": "s17",
    "das": true,
    "bj_pays": 1.5,
    "double_down": "any_two",
    "surrender": "early_surrender",
    "play_ace_pairs": false,
    "max_splits": 4,
    "decks": 6,
    "penetration_cards": 250
  },
  "ev": 0.3534483800000006,
  "stddev": 1.9047562570985845,
  "winning_distrib": {
    "-2.0": 38076567,
    "+0.0": 6174447,
    "+2.0": 55748986
  },
  "hands": {
    "total": 100000000,
    "won": 55748986,
    "lost": 38076567,
    "push": 6174447,
    "busted": 0,
    "blackjack": 0,
    "doubled": 100000000,
    "split": 0,
    "insured": 0,
    "surrender": 0
  }
}
