{
  "rounds": 100000000,
  "rules": {
    "game_type": "ahc",
    "soft17": "s17",
    "das": true,
    "bj_pays": 1.5,
    "double_down": "any_two",
    "surrender": "early_surrender",
    "play_ace_pairs": false,
    "max_splits": 4,
    "decks": 6,
    "penetration_cards": 250
  },
  "ev": 0.11699074000000174,
  "stddev": 0.9307981281771595,
  "winning_distrib": {
    "-1.0": 38154062,
    "+0.0": 11992802,
    "+1.0": 49853136
  },
  "hands": {
    "total": 100000000,
    "won": 49853136,
    "lost": 38154062,
    "push": 11992802,
    "busted": 0,
    "blackjack": 0,
    "doubled": 0,
    "split": 0,
    "insured": 0,
    "surrender": 0
  }
}
