{
  "rounds": 100000000,
  "rules": {
    "game_type": "ahc",
    "soft17": "s17",
    "das": true,
    "bj_pays": 1.5,
    "double_down": "any_two",
    "surrender": "early_surrender",
    "play_ace_pairs": false,
    "max_splits": 4,
    "decks": 6,
    "penetration_cards": 250
  },
  "ev": -0.4705408999999941,
  "stddev": 1.9060142438492356,
  "winning_distrib": {
    "-2.0": 59942260,
    "+0.0": 3642525,
    "+2.0": 36415215
  },
  "hands": {
    "total": 100000000,
    "won": 36415215,
    "lost": 59942260,
    "push": 3642525,
    "busted": 43477195,
    "blackjack": 0,
    "doubled": 100000000,
    "split": 0,
    "insured": 0,
    "surrender": 0
  }
}
