{
  "rounds": 100000000,
  "rules": {
    "game_type": "ahc",
    "soft17": "s17",
    "das": true,
    "bj_pays": 1.5,
    "double_down": "any_two",
    "surrender": "early_surrender",
    "play_ace_pairs": false,
    "max_splits": 4,
    "decks": 6,
    "penetration_cards": 250
  },
  "ev": -0.08873339999999723,
  "stddev": 1.9446771098416935,
  "winning_distrib": {
    "-2.0": 49588868,
    "+0.0": 5258934,
    "+2.0": 45152198
  },
  "hands": {
    "total": 100000000,
    "won": 45152198,
    "lost": 49588868,
    "push": 5258934,
    "busted": 0,
    "blackjack": 0,
    "doubled": 100000000,
    "split": 0,
    "insured": 0,
    "surrender": 0
  }
}
