{
  "rounds": 100000000,
  "rules": {
    "game_type": "ahc",
    "soft17": "s17",
    "das": true,
    "bj_pays": 1.5,
    "double_down": "any_two",
    "surrender": "early_surrender",
    "play_ace_pairs": false,
    "max_splits": 4,
    "decks": 6,
    "penetration_cards": 250
  },
  "ev": 0.34088577000000364,
  "stddev": 0.9011501927715777,
  "winning_distrib": {
    "-1.0": 29369450,
    "+0.0": 7172523,
    "+1.0": 63458027
  },
  "hands": {
    "total": 100000000,
    "won": 63458027,
    "lost": 29369450,
    "push": 7172523,
    "busted": 0,
    "blackjack": 0,
    "doubled": 0,
    "split": 0,
    "insured": 0,
    "surrender": 0
  }
}
