{
  "rounds": 100000000,
  "rules": {
    "game_type": "enhc",
    "soft17": "s17",
    "das": true,
    "double_down": "any_two",
    "surrender": "no_surrender",
    "play_ace_pairs": false,
    "max_splits": 4,
    "decks": 6,
    "penetration_cards": 46
  },
  "ev": 0.47627795999999717,
  "stddev": 1.8610907284318052,
  "winning_distrib": {
    "-2.0": 34224293,
    "+0.0": 7737516,
    "+2.0": 58038191
  },
  "hands": {
    "total": 100000000,
    "won": 58038191,
    "lost": 34224293,
    "push": 7737516,
    "busted": 0,
    "blackjack": 0,
    "doubled": 100000000,
    "split": 0,
    "insured": 0,
    "surrender": 0
  }
}
