{
  "rounds": 100000000,
  "rules": {
    "game_type": "enhc",
    "soft17": "s17",
    "das": true,
    "double_down": "any_two",
    "surrender": "no_surrender",
    "play_ace_pairs": false,
    "max_splits": 4,
    "decks": 6,
    "penetration_cards": 46
  },
  "ev": -0.29889596000000623,
  "stddev": 1.835989640168011,
  "winning_distrib": {
    "-2.0": 50724858,
    "+0.0": 13495082,
    "+2.0": 35780060
  },
  "hands": {
    "total": 100000000,
    "won": 35780060,
    "lost": 50724858,
    "push": 13495082,
    "busted": 0,
    "blackjack": 0,
    "doubled": 100000000,
    "split": 0,
    "insured": 0,
    "surrender": 0
  }
}
