{
  "rounds": 100000000,
  "rules": {
    "game_type": "ahc",
    "soft17": "s17",
    "das": true,
    "bj_pays": 1.5,
    "double_down": "any_two",
    "surrender": "early_surrender",
    "play_ace_pairs": false,
    "max_splits": 4,
    "decks": 6,
    "penetration_cards": 250
  },
  "ev": -0.0964814299999997,
  "stddev": 1.8046888530254148,
  "winning_distrib": {
    "-2.0": 40482857,
    "-1.0": 7351493,
    "+0.0": 12831118,
    "+2.0": 39334532
  },
  "hands": {
    "total": 100000000,
    "won": 39334532,
    "lost": 47834350,
    "push": 12831118,
    "busted": 0,
    "blackjack": 0,
    "doubled": 92648507,
    "split": 0,
    "insured": 0,
    "surrender": 0
  }
}
