{
  "rounds": 100000000,
  "rules": {
    "game_type": "ahc",
    "soft17": "s17",
    "das": false,
    "double_down": "any_two",
    "surrender": "no_surrender",
    "play_ace_pairs": false,
    "max_splits": 4,
    "decks": 6,
    "penetration_cards": 46
  },
  "ev": -0.07509583000000225,
  "stddev": 0.9596663563584045,
  "winning_distrib": {
    "-1.0": 50084736,
    "+0.0": 7340111,
    "+1.0": 42575153
  },
  "hands": {
    "total": 100000000,
    "won": 42575153,
    "lost": 50084736,
    "push": 7340111,
    "busted": 2908663,
    "blackjack": 0,
    "doubled": 0,
    "split": 0,
    "insured": 0,
    "surrender": 0
  }
}
