{
  "rounds": 100000000,
  "rules": {
    "game_type": "ahc",
    "soft17": "s17",
    "das": true,
    "bj_pays": 1.5,
    "double_down": "any_two",
    "surrender": "early_surrender",
    "play_ace_pairs": false,
    "max_splits": 4,
    "decks": 6,
    "penetration_cards": 250
  },
  "ev": 0.15953696999999906,
  "stddev": 0.9497856991048682,
  "winning_distrib": {
    "-1.0": 38400397,
    "+0.0": 7245509,
    "+1.0": 54354094
  },
  "hands": {
    "total": 100000000,
    "won": 54354094,
    "lost": 38400397,
    "push": 7245509,
    "busted": 0,
    "blackjack": 0,
    "doubled": 0,
    "split": 0,
    "insured": 0,
    "surrender": 0
  }
}
