{
  "rounds": 100000000,
  "rules": {
    "game_type": "ahc",
    "soft17": "h17",
    "das": true,
    "double_down": "any_two",
    "surrender": "no_surrender",
    "play_ace_pairs": false,
    "max_splits": 4,
    "decks": 6,
    "penetration_cards": 46
  },
  "ev": -0.018720230000000605,
  "stddev": 0.9438278401789421,
  "winning_distrib": {
    "-1.0": 45494083,
    "+0.0": 10883857,
    "+1.0": 43622060
  },
  "hands": {
    "total": 100000000,
    "won": 43622060,
    "lost": 45494083,
    "push": 10883857,
    "busted": 0,
    "blackjack": 0,
    "doubled": 0,
    "split": 0,
    "insured": 0,
    "surrender": 0
  }
}
