{
  "rounds": 100000000,
  "rules": {
    "game_type": "ahc",
    "soft17": "s17",
    "das": true,
    "bj_pays": 1.5,
    "double_down": "any_two",
    "surrender": "early_surrender",
    "play_ace_pairs": false,
    "max_splits": 4,
    "decks": 6,
    "penetration_cards": 250
  },
  "ev": -0.5089211199999952,
  "stddev": 1.8115222290753248,
  "winning_distrib": {
    "-8.0": 7,
    "-7.0": 512,
    "-6.0": 13354,
    "-5.0": 178576,
    "-4.0": 1337907,
    "-3.0": 7281563,
    "-2.0": 29988024,
    "-1.0": 17753246,
    "+0.0": 15298764,
    "+1.0": 7866930,
    "+2.0": 14804020,
    "+3.0": 4527235,
    "+4.0": 811261,
    "+5.0": 124068,
    "+6.0": 13666,
    "+7.0": 848,
    "+8.0": 19
  },
  "hands": {
    "total": 209138314,
    "won": 67822404,
    "lost": 120142319,
    "push": 21173591,
    "busted": 40168229,
    "blackjack": 0,
    "doubled": 17125410,
    "split": 201787217,
    "insured": 0,
    "surrender": 0
  }
}
