{
  "rounds": 100000000,
  "rules": {
    "game_type": "ahc",
    "soft17": "s17",
    "das": true,
    "bj_pays": 1.5,
    "double_down": "any_two",
    "surrender": "early_surrender",
    "play_ace_pairs": false,
    "max_splits": 4,
    "decks": 6,
    "penetration_cards": 250
  },
  "ev": 0.0035054300000000862,
  "stddev": 0.9598671528779181,
  "winning_distrib": {
    "-1.0": 45892590,
    "+0.0": 7864277,
    "+1.0": 46243133
  },
  "hands": {
    "total": 100000000,
    "won": 46243133,
    "lost": 45892590,
    "push": 7864277,
    "busted": 37083136,
    "blackjack": 0,
    "doubled": 0,
    "split": 0,
    "insured": 0,
    "surrender": 0
  }
}
