{
  "rounds": 100000000,
  "rules": {
    "game_type": "ahc",
    "soft17": "s17",
    "das": true,
    "bj_pays": 1.5,
    "double_down": "any_two",
    "surrender": "early_surrender",
    "play_ace_pairs": false,
    "max_splits": 4,
    "decks": 6,
    "penetration_cards": 250
  },
  "ev": 0.19985181999999713,
  "stddev": 1.946056311598905,
  "winning_distrib": {
    "-2.0": 42842153,
    "+0.0": 4323103,
    "+2.0": 52834744
  },
  "hands": {
    "total": 100000000,
    "won": 52834744,
    "lost": 42842153,
    "push": 4323103,
    "busted": 0,
    "blackjack": 0,
    "doubled": 100000000,
    "split": 0,
    "insured": 0,
    "surrender": 0
  }
}
