{
  "rounds": 100000000,
  "rules": {
    "game_type": "enhc",
    "soft17": "s17",
    "das": true,
    "double_down": "any_two",
    "surrender": "no_surrender",
    "play_ace_pairs": false,
    "max_splits": 4,
    "decks": 6,
    "penetration_cards": 46
  },
  "ev": -0.3443421900000008,
  "stddev": 0.8920930748213972,
  "winning_distrib": {
    "-1.0": 62937189,
    "+0.0": 8559841,
    "+1.0": 28502970
  },
  "hands": {
    "total": 100000000,
    "won": 28502970,
    "lost": 62937189,
    "push": 8559841,
    "busted": 39984041,
    "blackjack": 0,
    "doubled": 0,
    "split": 0,
    "insured": 0,
    "surrender": 0
  }
}
