{
  "rounds": 100000000,
  "rules": {
    "game_type": "enhc",
    "soft17": "s17",
    "das": true,
    "double_down": "any_two",
    "surrender": "no_surrender",
    "play_ace_pairs": false,
    "max_splits": 4,
    "decks": 6,
    "penetration_cards": 46
  },
  "ev": -0.5894376099999982,
  "stddev": 0.7951530671764773,
  "winning_distrib": {
    "-1.0": 78457135,
    "+0.0": 2029491,
    "+1.0": 19513374
  },
  "hands": {
    "total": 100000000,
    "won": 19513374,
    "lost": 78457135,
    "push": 2029491,
    "busted": 76847454,
    "blackjack": 0,
    "doubled": 0,
    "split": 0,
    "insured": 0,
    "surrender": 0
  }
}
