{
  "rounds": 100000000,
  "rules": {
    "game_type": "ahc",
    "soft17": "s17",
    "das": true,
    "bj_pays": 1.5,
    "double_down": "any_two",
    "surrender": "early_surrender",
    "play_ace_pairs": false,
    "max_splits": 4,
    "decks": 6,
    "penetration_cards": 250
  },
  "ev": -0.6383508900000177,
  "stddev": 0.7546648904854273,
  "winning_distrib": {
    "-1.0": 80768092,
    "+0.0": 2298905,
    "+1.0": 16933003
  },
  "hands": {
    "total": 100000000,
    "won": 16933003,
    "lost": 80768092,
    "push": 2298905,
    "busted": 78335954,
    "blackjack": 0,
    "doubled": 0,
    "split": 0,
    "insured": 0,
    "surrender": 0
  }
}
