{
  "rounds": 100000000,
  "rules": {
    "game_type": "ahc",
    "soft17": "s17",
    "das": true,
    "bj_pays": 1.5,
    "double_down": "any_two",
    "surrender": "early_surrender",
    "play_ace_pairs": false,
    "max_splits": 4,
    "decks": 6,
    "penetration_cards": 250
  },
  "ev": -0.6177476199999851,
  "stddev": 1.8578787130761574,
  "winning_distrib": {
    "-2.0": 63360258,
    "+0.0": 4166865,
    "+2.0": 32472877
  },
  "hands": {
    "total": 100000000,
    "won": 32472877,
    "lost": 63360258,
    "push": 4166865,
    "busted": 43468722,
    "blackjack": 0,
    "doubled": 100000000,
    "split": 0,
    "insured": 0,
    "surrender": 0
  }
}
