{
  "rounds": 100000000,
  "rules": {
    "game_type": "ahc",
    "soft17": "s17",
    "das": true,
    "bj_pays": 1.5,
    "double_down": "any_two",
    "surrender": "early_surrender",
    "play_ace_pairs": false,
    "max_splits": 4,
    "decks": 6,
    "penetration_cards": 250
  },
  "ev": -0.3819983599999993,
  "stddev": 1.9189171138378265,
  "winning_distrib": {
    "-2.0": 57402029,
    "+0.0": 4295860,
    "+2.0": 38302111
  },
  "hands": {
    "total": 100000000,
    "won": 38302111,
    "lost": 57402029,
    "push": 4295860,
    "busted": 34041832,
    "blackjack": 0,
    "doubled": 100000000,
    "split": 0,
    "insured": 0,
    "surrender": 0
  }
}
