{
  "rounds": 100000000,
  "rules": {
    "game_type": "ahc",
    "soft17": "s17",
    "das": true,
    "bj_pays": 1.5,
    "double_down": "any_two",
    "surrender": "early_surrender",
    "play_ace_pairs": false,
    "max_splits": 4,
    "decks": 6,
    "penetration_cards": 250
  },
  "ev": -0.049775699999999555,
  "stddev": 0.9060813141762587,
  "winning_distrib": {
    "-1.0": 43661833,
    "+0.0": 17653904,
    "+1.0": 38684263
  },
  "hands": {
    "total": 100000000,
    "won": 38684263,
    "lost": 43661833,
    "push": 17653904,
    "busted": 22330522,
    "blackjack": 0,
    "doubled": 0,
    "split": 0,
    "insured": 0,
    "surrender": 0
  }
}
