{
  "rounds": 100000000,
  "rules": {
    "game_type": "ahc",
    "soft17": "s17",
    "das": true,
    "bj_pays": 1.5,
    "double_down": "any_two",
    "surrender": "early_surrender",
    "play_ace_pairs": false,
    "max_splits": 4,
    "decks": 6,
    "penetration_cards": 250
  },
  "ev": -0.053684749999999136,
  "stddev": 0.9200578927885382,
  "winning_distrib": {
    "-1.0": 45153666,
    "+0.0": 15061143,
    "+1.0": 39785191
  },
  "hands": {
    "total": 100000000,
    "won": 39785191,
    "lost": 45153666,
    "push": 15061143,
    "busted": 20018136,
    "blackjack": 0,
    "doubled": 0,
    "split": 0,
    "insured": 0,
    "surrender": 0
  }
}
