{
  "rounds": 100000000,
  "rules": {
    "game_type": "enhc",
    "soft17": "h17",
    "das": true,
    "double_down": "any_two",
    "surrender": "no_surrender",
    "play_ace_pairs": false,
    "max_splits": 4,
    "decks": 6,
    "penetration_cards": 46
  },
  "ev": -0.009983260000000103,
  "stddev": 2.3399639418747515,
  "winning_distrib": {
    "-8.0": 878,
    "-7.0": 13852,
    "-6.0": 112752,
    "-5.0": 568957,
    "-4.0": 2873629,
    "-3.0": 11811898,
    "-2.0": 21259743,
    "-1.0": 8374944,
    "+0.0": 13042469,
    "+1.0": 8025551,
    "+2.0": 15745473,
    "+3.0": 13083163,
    "+4.0": 4028743,
    "+5.0": 814974,
    "+6.0": 207959,
    "+7.0": 32103,
    "+8.0": 2912
  },
  "hands": {
    "total": 216758273,
    "won": 96852604,
    "lost": 107435124,
    "push": 12470545,
    "busted": 24968548,
    "blackjack": 0,
    "doubled": 54065121,
    "split": 216758273,
    "insured": 0,
    "surrender": 0
  }
}
