{
  "rounds": 100000000,
  "rules": {
    "game_type": "ahc",
    "soft17": "s17",
    "das": true,
    "bj_pays": 1.5,
    "double_down": "any_two",
    "surrender": "early_surrender",
    "play_ace_pairs": false,
    "max_splits": 4,
    "decks": 6,
    "penetration_cards": 250
  },
  "ev": 0.2963190199999956,
  "stddev": 1.9004106910091463,
  "winning_distrib": {
    "-2.0": 38834096,
    "+0.0": 7515857,
    "+2.0": 53650047
  },
  "hands": {
    "total": 100000000,
    "won": 53650047,
    "lost": 38834096,
    "push": 7515857,
    "busted": 0,
    "blackjack": 0,
    "doubled": 100000000,
    "split": 0,
    "insured": 0,
    "surrender": 0
  }
}
