{
  "rounds": 100000000,
  "rules": {
    "game_type": "ahc",
    "soft17": "h17",
    "das": true,
    "double_down": "any_two",
    "surrender": "no_surrender",
    "play_ace_pairs": false,
    "max_splits": 4,
    "decks": 6,
    "penetration_cards": 46
  },
  "ev": -0.23223060000000045,
  "stddev": 0.9478085447003798,
  "winning_distrib": {
    "-1.0": 59225134,
    "+0.0": 4772792,
    "+1.0": 36002074
  },
  "hands": {
    "total": 100000000,
    "won": 36002074,
    "lost": 59225134,
    "push": 4772792,
    "busted": 30883297,
    "blackjack": 0,
    "doubled": 0,
    "split": 0,
    "insured": 0,
    "surrender": 0
  }
}
