{
  "rounds": 100000000,
  "rules": {
    "game_type": "ahc",
    "soft17": "s17",
    "das": true,
    "bj_pays": 1.5,
    "double_down": "any_two",
    "surrender": "early_surrender",
    "play_ace_pairs": false,
    "max_splits": 4,
    "decks": 6,
    "penetration_cards": 250
  },
  "ev": 0.08698072000000041,
  "stddev": 0.9557306961076893,
  "winning_distrib": {
    "-1.0": 41700304,
    "+0.0": 7901320,
    "+1.0": 50398376
  },
  "hands": {
    "total": 100000000,
    "won": 50398376,
    "lost": 41700304,
    "push": 7901320,
    "busted": 9926857,
    "blackjack": 0,
    "doubled": 0,
    "split": 0,
    "insured": 0,
    "surrender": 0
  }
}
