{
  "rounds": 100000000,
  "rules": {
    "game_type": "ahc",
    "soft17": "s17",
    "das": true,
    "bj_pays": 1.5,
    "double_down": "any_two",
    "surrender": "early_surrender",
    "play_ace_pairs": false,
    "max_splits": 4,
    "decks": 6,
    "penetration_cards": 250
  },
  "ev": -0.18780021999999982,
  "stddev": 0.9301486902746811,
  "winning_distrib": {
    "-1.0": 54412286,
    "+0.0": 9955450,
    "+1.0": 35632264
  },
  "hands": {
    "total": 100000000,
    "won": 35632264,
    "lost": 54412286,
    "push": 9955450,
    "busted": 30691756,
    "blackjack": 0,
    "doubled": 0,
    "split": 0,
    "insured": 0,
    "surrender": 0
  }
}
