{
  "rounds": 100000000,
  "rules": {
    "game_type": "ahc",
    "soft17": "s17",
    "das": true,
    "bj_pays": 1.5,
    "double_down": "any_two",
    "surrender": "early_surrender",
    "play_ace_pairs": false,
    "max_splits": 4,
    "decks": 6,
    "penetration_cards": 250
  },
  "ev": 0.04592557000000067,
  "stddev": 0.9578160581209273,
  "winning_distrib": {
    "-1.0": 43679759,
    "+0.0": 8047925,
    "+1.0": 48272316
  },
  "hands": {
    "total": 100000000,
    "won": 48272316,
    "lost": 43679759,
    "push": 8047925,
    "busted": 2489767,
    "blackjack": 0,
    "doubled": 0,
    "split": 0,
    "insured": 0,
    "surrender": 0
  }
}
