{
  "rounds": 100000000,
  "rules": {
    "game_type": "ahc",
    "soft17": "h17",
    "das": true,
    "double_down": "any_two",
    "surrender": "no_surrender",
    "play_ace_pairs": false,
    "max_splits": 4,
    "decks": 6,
    "penetration_cards": 46
  },
  "ev": -0.35034332000000096,
  "stddev": 0.9108219180648489,
  "winning_distrib": {
    "-1.0": 65134016,
    "+0.0": 4766300,
    "+1.0": 30099684
  },
  "hands": {
    "total": 100000000,
    "won": 30099684,
    "lost": 65134016,
    "push": 4766300,
    "busted": 46220843,
    "blackjack": 0,
    "doubled": 0,
    "split": 0,
    "insured": 0,
    "surrender": 0
  }
}
