{
  "rounds": 100000000,
  "rules": {
    "game_type": "ahc",
    "soft17": "s17",
    "das": true,
    "bj_pays": 1.5,
    "double_down": "any_two",
    "surrender": "early_surrender",
    "play_ace_pairs": false,
    "max_splits": 4,
    "decks": 6,
    "penetration_cards": 250
  },
  "ev": 0.16949092000000135,
  "stddev": 1.9158848568595452,
  "winning_distrib": {
    "-2.0": 42004501,
    "+0.0": 7516452,
    "+2.0": 50479047
  },
  "hands": {
    "total": 100000000,
    "won": 50479047,
    "lost": 42004501,
    "push": 7516452,
    "busted": 0,
    "blackjack": 0,
    "doubled": 100000000,
    "split": 0,
    "insured": 0,
    "surrender": 0
  }
}
