{
  "rounds": 100000000,
  "rules": {
    "game_type": "ahc",
    "soft17": "s17",
    "das": true,
    "bj_pays": 1.5,
    "double_down": "any_two",
    "surrender": "early_surrender",
    "play_ace_pairs": false,
    "max_splits": 4,
    "decks": 6,
    "penetration_cards": 250
  },
  "ev": 0.9117916600000026,
  "stddev": 1.4504921129718946,
  "winning_distrib": {
    "-2.0": 11718564,
    "-1.0": 6904908,
    "+0.0": 18969712,
    "+1.0": 3292430,
    "+2.0": 59114386
  },
  "hands": {
    "total": 200000000,
    "won": 139176526,
    "lost": 47997360,
    "push": 12826114,
    "busted": 0,
    "blackjack": 0,
    "doubled": 0,
    "split": 200000000,
    "insured": 0,
    "surrender": 0
  }
}
