{
  "rounds": 100000000,
  "rules": {
    "game_type": "ahc",
    "soft17": "s17",
    "das": true,
    "bj_pays": 1.5,
    "double_down": "any_two",
    "surrender": "early_surrender",
    "play_ace_pairs": false,
    "max_splits": 4,
    "decks": 6,
    "penetration_cards": 250
  },
  "ev": -1.2597166599999852,
  "stddev": 1.4988031488433087,
  "winning_distrib": {
    "-2.0": 79409128,
    "+0.0": 4167577,
    "+2.0": 16423295
  },
  "hands": {
    "total": 100000000,
    "won": 16423295,
    "lost": 79409128,
    "push": 4167577,
    "busted": 77596420,
    "blackjack": 0,
    "doubled": 100000000,
    "split": 0,
    "insured": 0,
    "surrender": 0
  }
}
