{
  "rounds": 100000000,
  "rules": {
    "game_type": "enhc",
    "soft17": "s17",
    "das": true,
    "double_down": "any_two",
    "surrender": "no_surrender",
    "play_ace_pairs": false,
    "max_splits": 4,
    "decks": 6,
    "penetration_cards": 46
  },
  "ev": -0.10542947999999915,
  "stddev": 0.7871312920616784,
  "winning_distrib": {
    "-1.0": 36806026,
    "+0.0": 36930896,
    "+1.0": 26263078
  },
  "hands": {
    "total": 100000000,
    "won": 26263078,
    "lost": 36806026,
    "push": 36930896,
    "busted": 0,
    "blackjack": 0,
    "doubled": 0,
    "split": 0,
    "insured": 0,
    "surrender": 0
  }
}
