{
  "rounds": 100000000,
  "rules": {
    "game_type": "ahc",
    "soft17": "s17",
    "das": false,
    "double_down": "any_two",
    "surrender": "no_surrender",
    "play_ace_pairs": false,
    "max_splits": 4,
    "decks": 6,
    "penetration_cards": 46
  },
  "ev": -0.37589025999999537,
  "stddev": 0.8529078612087304,
  "winning_distrib": {
    "-1.0": 62231778,
    "+0.0": 13125470,
    "+1.0": 24642752
  },
  "hands": {
    "total": 100000000,
    "won": 24642752,
    "lost": 62231778,
    "push": 13125470,
    "busted": 0,
    "blackjack": 0,
    "doubled": 0,
    "split": 0,
    "insured": 0,
    "surrender": 0
  }
}
