{
  "rounds": 100000000,
  "rules": {
    "game_type": "enhc",
    "soft17": "h17",
    "das": true,
    "bj_pays": 1.5,
    "double_down": "any_two",
    "surrender": "no_surrender",
    "play_ace_pairs": false,
    "max_splits": 4,
    "decks": 6,
    "penetration_cards": 250
  },
  "ev": -0.18222326000000033,
  "stddev": 1.9124024576662129,
  "winning_distrib": {
    "-2.0": 50686687,
    "+0.0": 7737789,
    "+2.0": 41575524
  },
  "hands": {
    "total": 100000000,
    "won": 41575524,
    "lost": 50686687,
    "push": 7737789,
    "busted": 0,
    "blackjack": 0,
    "doubled": 100000000,
    "split": 0,
    "insured": 0,
    "surrender": 0
  }
}
