{
  "rounds": 100000000,
  "rules": {
    "game_type": "ahc",
    "soft17": "s17",
    "das": true,
    "bj_pays": 1.5,
    "double_down": "any_two",
    "surrender": "early_surrender",
    "play_ace_pairs": false,
    "max_splits": 4,
    "decks": 6,
    "penetration_cards": 250
  },
  "ev": -0.3636731000000111,
  "stddev": 1.9155823430567678,
  "winning_distrib": {
    "-2.0": 56613250,
    "+0.0": 4957155,
    "+2.0": 38429595
  },
  "hands": {
    "total": 100000000,
    "won": 38429595,
    "lost": 56613250,
    "push": 4957155,
    "busted": 0,
    "blackjack": 0,
    "doubled": 100000000,
    "split": 0,
    "insured": 0,
    "surrender": 0
  }
}
