{
  "rounds": 100000000,
  "rules": {
    "game_type": "enhc",
    "soft17": "h17",
    "das": false,
    "double_down": "any_two",
    "surrender": "no_surrender",
    "play_ace_pairs": false,
    "max_splits": 4,
    "decks": 6,
    "penetration_cards": 46
  },
  "ev": 0.6702933999999686,
  "stddev": 1.8111248191988654,
  "winning_distrib": {
    "-2.0": 29860994,
    "+0.0": 6763342,
    "+2.0": 63375664
  },
  "hands": {
    "total": 100000000,
    "won": 63375664,
    "lost": 29860994,
    "push": 6763342,
    "busted": 0,
    "blackjack": 0,
    "doubled": 100000000,
    "split": 0,
    "insured": 0,
    "surrender": 0
  }
}
