{
  "rounds": 100000000,
  "rules": {
    "game_type": "ahc",
    "soft17": "s17",
    "das": true,
    "bj_pays": 1.5,
    "double_down": "any_two",
    "surrender": "early_surrender",
    "play_ace_pairs": false,
    "max_splits": 4,
    "decks": 6,
    "penetration_cards": 250
  },
  "ev": -0.8000918000000209,
  "stddev": 1.7729365084530884,
  "winning_distrib": {
    "-2.0": 67295429,
    "+0.0": 5413732,
    "+2.0": 27290839
  },
  "hands": {
    "total": 100000000,
    "won": 27290839,
    "lost": 67295429,
    "push": 5413732,
    "busted": 52555078,
    "blackjack": 0,
    "doubled": 100000000,
    "split": 0,
    "insured": 0,
    "surrender": 0
  }
}
