{
  "rounds": 100000000,
  "rules": {
    "game_type": "ahc",
    "soft17": "h17",
    "das": true,
    "double_down": "any_two",
    "surrender": "no_surrender",
    "play_ace_pairs": false,
    "max_splits": 4,
    "decks": 6,
    "penetration_cards": 46
  },
  "ev": -0.23036732000000118,
  "stddev": 1.3774642052881443,
  "winning_distrib": {
    "-2.0": 16441199,
    "-1.0": 37532200,
    "+0.0": 20835140,
    "+1.0": 3005056,
    "+2.0": 22186405
  },
  "hands": {
    "total": 169136735,
    "won": 67312290,
    "lost": 90349022,
    "push": 11475423,
    "busted": 0,
    "blackjack": 0,
    "doubled": 0,
    "split": 138273470,
    "insured": 0,
    "surrender": 0
  }
}
