{
  "rounds": 100000000,
  "rules": {
    "game_type": "ahc",
    "soft17": "s17",
    "das": true,
    "bj_pays": 1.5,
    "double_down": "any_two",
    "surrender": "early_surrender",
    "play_ace_pairs": false,
    "max_splits": 4,
    "decks": 6,
    "penetration_cards": 250
  },
  "ev": -0.15026492999999772,
  "stddev": 0.9355976109233749,
  "winning_distrib": {
    "-1.0": 52409368,
    "+0.0": 10207757,
    "+1.0": 37382875
  },
  "hands": {
    "total": 100000000,
    "won": 37382875,
    "lost": 52409368,
    "push": 10207757,
    "busted": 29429682,
    "blackjack": 0,
    "doubled": 0,
    "split": 0,
    "insured": 0,
    "surrender": 0
  }
}
