{
  "rounds": 10000000000,
  "rules": {
    "game_type": "ahc",
    "soft17": "s17",
    "das": true,
    "bj_pays": 1.5,
    "double_down": "any_two",
    "surrender": "no_surrender",
    "play_ace_pairs": false,
    "max_splits": 4,
    "decks": 6,
    "penetration_cards": 296
  },
  "ev": -0.6105820900997988,
  "stddev": 1.1936944851559963,
  "winning_distrib": {
    "-7.0": 1,
    "-6.0": 190,
    "-5.0": 56469,
    "-4.0": 5505599,
    "-3.0": 194029786,
    "-2.0": 2119390797,
    "-1.0": 3638296682,
    "+0.0": 2436622143,
    "+1.0": 890462431,
    "+2.0": 663170830,
    "+3.0": 51026406,
    "+4.0": 1424063,
    "+5.0": 14558,
    "+6.0": 45
  },
  "hands": {
    "total": 10000000000,
    "won": 2009830550,
    "lost": 7553743315,
    "push": 436426135,
    "busted": 4376712375,
    "blackjack": 0,
    "doubled": 0,
    "split": 0,
    "insured": 0,
    "surrender": 0
  }
}
