{
  "rounds": 100000000,
  "rules": {
    "game_type": "ahc",
    "soft17": "s17",
    "das": true,
    "bj_pays": 1.5,
    "double_down": "any_two",
    "surrender": "early_surrender",
    "play_ace_pairs": false,
    "max_splits": 4,
    "decks": 6,
    "penetration_cards": 250
  },
  "ev": -0.4714015600000043,
  "stddev": 0.844970198509582,
  "winning_distrib": {
    "-1.0": 70379781,
    "+0.0": 6380594,
    "+1.0": 23239625
  },
  "hands": {
    "total": 100000000,
    "won": 23239625,
    "lost": 70379781,
    "push": 6380594,
    "busted": 58599330,
    "blackjack": 0,
    "doubled": 0,
    "split": 0,
    "insured": 0,
    "surrender": 0
  }
}
