{
  "rounds": 100000000,
  "rules": {
    "game_type": "ahc",
    "soft17": "s17",
    "das": true,
    "bj_pays": 1.5,
    "double_down": "any_two",
    "surrender": "early_surrender",
    "play_ace_pairs": false,
    "max_splits": 4,
    "decks": 6,
    "penetration_cards": 250
  },
  "ev": -0.012832789999999988,
  "stddev": 1.8839116075315123,
  "winning_distrib": {
    "-8.0": 43,
    "-7.0": 1363,
    "-6.0": 22636,
    "-5.0": 202961,
    "-4.0": 1215216,
    "-3.0": 6061815,
    "-2.0": 20521567,
    "-1.0": 12368453,
    "+0.0": 20462530,
    "+1.0": 13869860,
    "+2.0": 15846768,
    "+3.0": 7354067,
    "+4.0": 1718119,
    "+5.0": 296669,
    "+6.0": 52148,
    "+7.0": 5463,
    "+8.0": 322
  },
  "hands": {
    "total": 219485089,
    "won": 83197011,
    "lost": 93987742,
    "push": 42300336,
    "busted": 46832506,
    "blackjack": 0,
    "doubled": 30523454,
    "split": 219485089,
    "insured": 0,
    "surrender": 0
  }
}
