{
  "rounds": 100000000,
  "rules": {
    "game_type": "ahc",
    "soft17": "s17",
    "das": true,
    "bj_pays": 1.5,
    "double_down": "any_two",
    "surrender": "early_surrender",
    "play_ace_pairs": false,
    "max_splits": 4,
    "decks": 6,
    "penetration_cards": 250
  },
  "ev": 0.6372937799999604,
  "stddev": 1.6095563500169725,
  "winning_distrib": {
    "-2.0": 18888580,
    "-1.0": 8146026,
    "+0.0": 16477124,
    "+1.0": 3323976,
    "+2.0": 53164294
  },
  "hands": {
    "total": 200000000,
    "won": 124692208,
    "lost": 60962830,
    "push": 14344962,
    "busted": 0,
    "blackjack": 0,
    "doubled": 0,
    "split": 200000000,
    "insured": 0,
    "surrender": 0
  }
}
