{
  "rounds": 100000000,
  "rules": {
    "game_type": "ahc",
    "soft17": "s17",
    "das": true,
    "bj_pays": 1.5,
    "double_down": "any_two",
    "surrender": "early_surrender",
    "play_ace_pairs": false,
    "max_splits": 4,
    "decks": 6,
    "penetration_cards": 250
  },
  "ev": -0.8936631600000271,
  "stddev": 1.7517106916222434,
  "winning_distrib": {
    "-2.0": 70680631,
    "+0.0": 3321896,
    "+2.0": 25997473
  },
  "hands": {
    "total": 100000000,
    "won": 25997473,
    "lost": 70680631,
    "push": 3321896,
    "busted": 59581018,
    "blackjack": 0,
    "doubled": 100000000,
    "split": 0,
    "insured": 0,
    "surrender": 0
  }
}
