{
  "rounds": 100000000,
  "rules": {
    "game_type": "ahc",
    "soft17": "s17",
    "das": true,
    "bj_pays": 1.5,
    "double_down": "any_two",
    "surrender": "early_surrender",
    "play_ace_pairs": false,
    "max_splits": 4,
    "decks": 6,
    "penetration_cards": 250
  },
  "ev": -0.8956983799999926,
  "stddev": 1.722360613150063,
  "winning_distrib": {
    "-2.0": 69502480,
    "+0.0": 5779959,
    "+2.0": 24717561
  },
  "hands": {
    "total": 100000000,
    "won": 24717561,
    "lost": 69502480,
    "push": 5779959,
    "busted": 47062225,
    "blackjack": 0,
    "doubled": 100000000,
    "split": 0,
    "insured": 0,
    "surrender": 0
  }
}
