{
  "rounds": 100000000,
  "rules": {
    "game_type": "ahc",
    "soft17": "s17",
    "das": true,
    "bj_pays": 1.5,
    "double_down": "any_two",
    "surrender": "early_surrender",
    "play_ace_pairs": false,
    "max_splits": 4,
    "decks": 6,
    "penetration_cards": 250
  },
  "ev": -0.8071002199999889,
  "stddev": 1.763817435560279,
  "winning_distrib": {
    "-2.0": 67208289,
    "+0.0": 5938433,
    "+2.0": 26853278
  },
  "hands": {
    "total": 100000000,
    "won": 26853278,
    "lost": 67208289,
    "push": 5938433,
    "busted": 38455366,
    "blackjack": 0,
    "doubled": 100000000,
    "split": 0,
    "insured": 0,
    "surrender": 0
  }
}
