{
  "rounds": 100000000,
  "rules": {
    "game_type": "ahc",
    "soft17": "s17",
    "das": true,
    "bj_pays": 1.5,
    "double_down": "any_two",
    "surrender": "early_surrender",
    "play_ace_pairs": false,
    "max_splits": 4,
    "decks": 6,
    "penetration_cards": 250
  },
  "ev": -1.0629537599999748,
  "stddev": 1.6655527046126695,
  "winning_distrib": {
    "-2.0": 75373050,
    "+0.0": 2401588,
    "+2.0": 22225362
  },
  "hands": {
    "total": 100000000,
    "won": 22225362,
    "lost": 75373050,
    "push": 2401588,
    "busted": 72340336,
    "blackjack": 0,
    "doubled": 100000000,
    "split": 0,
    "insured": 0,
    "surrender": 0
  }
}
