{
  "rounds": 100000000,
  "rules": {
    "game_type": "ahc",
    "soft17": "s17",
    "das": true,
    "bj_pays": 1.5,
    "double_down": "any_two",
    "surrender": "early_surrender",
    "play_ace_pairs": false,
    "max_splits": 4,
    "decks": 6,
    "penetration_cards": 250
  },
  "ev": 0.12399631999999931,
  "stddev": 2.721548057024638,
  "winning_distrib": {
    "-8.0": 3589,
    "-7.0": 40363,
    "-6.0": 258415,
    "-5.0": 1025577,
    "-4.0": 4638525,
    "-3.0": 15461010,
    "-2.0": 20463253,
    "-1.0": 5231509,
    "+0.0": 4475233,
    "+1.0": 5309453,
    "+2.0": 16249291,
    "+3.0": 17678414,
    "+4.0": 6927738,
    "+5.0": 1614911,
    "+6.0": 514524,
    "+7.0": 97083,
    "+8.0": 11112
  },
  "hands": {
    "total": 217802199,
    "won": 104628701,
    "lost": 105119389,
    "push": 8054109,
    "busted": 0,
    "blackjack": 0,
    "doubled": 72804605,
    "split": 217802199,
    "insured": 0,
    "surrender": 0
  }
}
