{
  "rounds": 100000000,
  "rules": {
    "game_type": "ahc",
    "soft17": "s17",
    "das": true,
    "bj_pays": 1.5,
    "double_down": "any_two",
    "surrender": "early_surrender",
    "play_ace_pairs": false,
    "max_splits": 4,
    "decks": 6,
    "penetration_cards": 250
  },
  "ev": 0.01685112999999965,
  "stddev": 0.9794451791758709,
  "winning_distrib": {
    "-1.0": 47137284,
    "+0.0": 4040319,
    "+1.0": 48822397
  },
  "hands": {
    "total": 100000000,
    "won": 48822397,
    "lost": 47137284,
    "push": 4040319,
    "busted": 3366866,
    "blackjack": 0,
    "doubled": 0,
    "split": 0,
    "insured": 0,
    "surrender": 0
  }
}
