{
  "rounds": 100000000,
  "rules": {
    "game_type": "ahc",
    "soft17": "s17",
    "das": true,
    "bj_pays": 1.5,
    "double_down": "any_two",
    "surrender": "early_surrender",
    "play_ace_pairs": false,
    "max_splits": 4,
    "decks": 6,
    "penetration_cards": 250
  },
  "ev": 0.12302631999999825,
  "stddev": 0.9471679225768427,
  "winning_distrib": {
    "-1.0": 39461811,
    "+0.0": 8773746,
    "+1.0": 51764443
  },
  "hands": {
    "total": 100000000,
    "won": 51764443,
    "lost": 39461811,
    "push": 8773746,
    "busted": 29296050,
    "blackjack": 0,
    "doubled": 0,
    "split": 0,
    "insured": 0,
    "surrender": 0
  }
}
