{
  "rounds": 100000000,
  "rules": {
    "game_type": "ahc",
    "soft17": "h17",
    "das": false,
    "double_down": "any_two",
    "surrender": "no_surrender",
    "play_ace_pairs": false,
    "max_splits": 4,
    "decks": 6,
    "penetration_cards": 46
  },
  "ev": 0.18731172000000637,
  "stddev": 1.9172113175932635,
  "winning_distrib": {
    "-2.0": 41702018,
    "+0.0": 7230378,
    "+2.0": 51067604
  },
  "hands": {
    "total": 100000000,
    "won": 51067604,
    "lost": 41702018,
    "push": 7230378,
    "busted": 0,
    "blackjack": 0,
    "doubled": 100000000,
    "split": 0,
    "insured": 0,
    "surrender": 0
  }
}
