{
  "rounds": 100000000,
  "rules": {
    "game_type": "ahc",
    "soft17": "s17",
    "das": true,
    "bj_pays": 1.5,
    "double_down": "any_two",
    "surrender": "early_surrender",
    "play_ace_pairs": false,
    "max_splits": 4,
    "decks": 6,
    "penetration_cards": 250
  },
  "ev": -0.13992195999999843,
  "stddev": 1.824371135047091,
  "winning_distrib": {
    "-2.0": 43003487,
    "-1.0": 6249104,
    "+0.0": 11615468,
    "+2.0": 39131941
  },
  "hands": {
    "total": 100000000,
    "won": 39131941,
    "lost": 49252591,
    "push": 11615468,
    "busted": 0,
    "blackjack": 0,
    "doubled": 93750896,
    "split": 0,
    "insured": 0,
    "surrender": 0
  }
}
