{
  "rounds": 100000000,
  "rules": {
    "game_type": "ahc",
    "soft17": "s17",
    "das": true,
    "bj_pays": 1.5,
    "double_down": "any_two",
    "surrender": "early_surrender",
    "play_ace_pairs": false,
    "max_splits": 4,
    "decks": 6,
    "penetration_cards": 250
  },
  "ev": -0.846130990000004,
  "stddev": 0.530728914398256,
  "winning_distrib": {
    "-1.0": 92187091,
    "+0.0": 238917,
    "+1.0": 7573992
  },
  "hands": {
    "total": 100000000,
    "won": 7573992,
    "lost": 92187091,
    "push": 238917,
    "busted": 83676089,
    "blackjack": 0,
    "doubled": 0,
    "split": 0,
    "insured": 0,
    "surrender": 0
  }
}
