{
  "rounds": 100000000,
  "rules": {
    "game_type": "ahc",
    "soft17": "s17",
    "das": true,
    "bj_pays": 1.5,
    "double_down": "any_two",
    "surrender": "early_surrender",
    "play_ace_pairs": false,
    "max_splits": 4,
    "decks": 6,
    "penetration_cards": 250
  },
  "ev": -0.23418677999999787,
  "stddev": 0.9503988116079751,
  "winning_distrib": {
    "-1.0": 59614406,
    "+0.0": 4189866,
    "+1.0": 36195728
  },
  "hands": {
    "total": 100000000,
    "won": 36195728,
    "lost": 59614406,
    "push": 4189866,
    "busted": 40005800,
    "blackjack": 0,
    "doubled": 0,
    "split": 0,
    "insured": 0,
    "surrender": 0
  }
}
