{
  "rounds": 100000000,
  "rules": {
    "game_type": "ahc",
    "soft17": "s17",
    "das": false,
    "double_down": "any_two",
    "surrender": "no_surrender",
    "play_ace_pairs": false,
    "max_splits": 4,
    "decks": 6,
    "penetration_cards": 46
  },
  "ev": 0.6731689600000205,
  "stddev": 1.8109048964775416,
  "winning_distrib": {
    "-2.0": 29827438,
    "+0.0": 6686676,
    "+2.0": 63485886
  },
  "hands": {
    "total": 100000000,
    "won": 63485886,
    "lost": 29827438,
    "push": 6686676,
    "busted": 0,
    "blackjack": 0,
    "doubled": 100000000,
    "split": 0,
    "insured": 0,
    "surrender": 0
  }
}
