{
  "rounds": 10000000000,
  "rules": {
    "game_type": "ahc",
    "soft17": "s17",
    "das": true,
    "bj_pays": 1.5,
    "double_down": "any_two",
    "surrender": "no_surrender",
    "play_ace_pairs": false,
    "max_splits": 4,
    "decks": 6,
    "penetration_cards": 296
  },
  "ev": -0.6368021395999807,
  "stddev": 1.141426077908074,
  "winning_distrib": {
    "-7.0": 21,
    "-6.0": 3897,
    "-5.0": 343855,
    "-4.0": 13598679,
    "-3.0": 238075006,
    "-2.0": 1906569286,
    "-1.0": 3799027125,
    "+0.0": 2600855614,
    "+1.0": 929739199,
    "+2.0": 453794113,
    "+3.0": 54870375,
    "+4.0": 3046686,
    "+5.0": 75320,
    "+6.0": 823,
    "+7.0": 1
  },
  "hands": {
    "total": 10000000000,
    "won": 1855888364,
    "lost": 7596087485,
    "push": 548024151,
    "busted": 5663315454,
    "blackjack": 0,
    "doubled": 0,
    "split": 0,
    "insured": 0,
    "surrender": 0
  }
}
