{
  "rounds": 100000000,
  "rules": {
    "game_type": "ahc",
    "soft17": "h17",
    "das": true,
    "double_down": "any_two",
    "surrender": "no_surrender",
    "play_ace_pairs": false,
    "max_splits": 4,
    "decks": 6,
    "penetration_cards": 46
  },
  "ev": 0.06037203999999903,
  "stddev": 1.952609836837173,
  "winning_distrib": {
    "-2.0": 46194823,
    "+0.0": 4591752,
    "+2.0": 49213425
  },
  "hands": {
    "total": 100000000,
    "won": 49213425,
    "lost": 46194823,
    "push": 4591752,
    "busted": 0,
    "blackjack": 0,
    "doubled": 100000000,
    "split": 0,
    "insured": 0,
    "surrender": 0
  }
}
