{
  "rounds": 100000000,
  "rules": {
    "game_type": "ahc",
    "soft17": "s17",
    "das": false,
    "double_down": "any_two",
    "surrender": "no_surrender",
    "play_ace_pairs": false,
    "max_splits": 4,
    "decks": 6,
    "penetration_cards": 46
  },
  "ev": -0.011356030000000074,
  "stddev": 0.9866092135778038,
  "winning_distrib": {
    "-1.0": 49244136,
    "+0.0": 2647331,
    "+1.0": 48108533
  },
  "hands": {
    "total": 100000000,
    "won": 48108533,
    "lost": 49244136,
    "push": 2647331,
    "busted": 0,
    "blackjack": 0,
    "doubled": 0,
    "split": 0,
    "insured": 0,
    "surrender": 0
  }
}
