{
  "rounds": 100000000,
  "rules": {
    "game_type": "ahc",
    "soft17": "s17",
    "das": true,
    "bj_pays": 1.5,
    "double_down": "any_two",
    "surrender": "early_surrender",
    "play_ace_pairs": false,
    "max_splits": 4,
    "decks": 6,
    "penetration_cards": 250
  },
  "ev": -0.57008559000001,
  "stddev": 0.784695632861451,
  "winning_distrib": {
    "-1.0": 75541520,
    "+0.0": 5925519,
    "+1.0": 18532961
  },
  "hands": {
    "total": 100000000,
    "won": 18532961,
    "lost": 75541520,
    "push": 5925519,
    "busted": 38176400,
    "blackjack": 0,
    "doubled": 0,
    "split": 0,
    "insured": 0,
    "surrender": 0
  }
}
