{
  "rounds": 100000000,
  "rules": {
    "game_type": "ahc",
    "soft17": "h17",
    "das": false,
    "double_down": "any_two",
    "surrender": "no_surrender",
    "play_ace_pairs": false,
    "max_splits": 4,
    "decks": 6,
    "penetration_cards": 46
  },
  "ev": 0.13952715999999427,
  "stddev": 0.9210853272668723,
  "winning_distrib": {
    "-1.0": 36416942,
    "+0.0": 13213400,
    "+1.0": 50369658
  },
  "hands": {
    "total": 100000000,
    "won": 50369658,
    "lost": 36416942,
    "push": 13213400,
    "busted": 0,
    "blackjack": 0,
    "doubled": 0,
    "split": 0,
    "insured": 0,
    "surrender": 0
  }
}
