{
  "rounds": 100000000,
  "rules": {
    "game_type": "ahc",
    "soft17": "s17",
    "das": true,
    "bj_pays": 1.5,
    "double_down": "any_two",
    "surrender": "early_surrender",
    "play_ace_pairs": false,
    "max_splits": 4,
    "decks": 6,
    "penetration_cards": 250
  },
  "ev": 0.02489401999999968,
  "stddev": 1.9194810456507199,
  "winning_distrib": {
    "-2.0": 45440489,
    "+0.0": 7874321,
    "+2.0": 46685190
  },
  "hands": {
    "total": 100000000,
    "won": 46685190,
    "lost": 45440489,
    "push": 7874321,
    "busted": 0,
    "blackjack": 0,
    "doubled": 100000000,
    "split": 0,
    "insured": 0,
    "surrender": 0
  }
}
