{
  "rounds": 100000000,
  "rules": {
    "game_type": "ahc",
    "soft17": "h17",
    "das": true,
    "double_down": "any_two",
    "surrender": "no_surrender",
    "play_ace_pairs": false,
    "max_splits": 4,
    "decks": 6,
    "penetration_cards": 46
  },
  "ev": -0.3532416899999896,
  "stddev": 0.8918598356244536,
  "winning_distrib": {
    "-1.0": 63671767,
    "+0.0": 7980635,
    "+1.0": 28347598
  },
  "hands": {
    "total": 100000000,
    "won": 28347598,
    "lost": 63671767,
    "push": 7980635,
    "busted": 20144521,
    "blackjack": 0,
    "doubled": 0,
    "split": 0,
    "insured": 0,
    "surrender": 0
  }
}
