{
  "rounds": 100000000,
  "rules": {
    "game_type": "ahc",
    "soft17": "s17",
    "das": true,
    "bj_pays": 1.5,
    "double_down": "any_two",
    "surrender": "early_surrender",
    "play_ace_pairs": false,
    "max_splits": 4,
    "decks": 6,
    "penetration_cards": 250
  },
  "ev": -0.46066268000000293,
  "stddev": 1.886526461739954,
  "winning_distrib": {
    "-2.0": 58656469,
    "+0.0": 5720196,
    "+2.0": 35623335
  },
  "hands": {
    "total": 100000000,
    "won": 35623335,
    "lost": 58656469,
    "push": 5720196,
    "busted": 0,
    "blackjack": 0,
    "doubled": 100000000,
    "split": 0,
    "insured": 0,
    "surrender": 0
  }
}
