{
  "rounds": 100000000,
  "rules": {
    "game_type": "ahc",
    "soft17": "h17",
    "das": false,
    "double_down": "any_two",
    "surrender": "no_surrender",
    "play_ace_pairs": false,
    "max_splits": 4,
    "decks": 6,
    "penetration_cards": 46
  },
  "ev": 0.07437444999999974,
  "stddev": 0.9630037904707072,
  "winning_distrib": {
    "-1.0": 42926670,
    "+0.0": 6709215,
    "+1.0": 50364115
  },
  "hands": {
    "total": 100000000,
    "won": 50364115,
    "lost": 42926670,
    "push": 6709215,
    "busted": 0,
    "blackjack": 0,
    "doubled": 0,
    "split": 0,
    "insured": 0,
    "surrender": 0
  }
}
