{
  "rounds": 100000000,
  "rules": {
    "game_type": "ahc",
    "soft17": "s17",
    "das": true,
    "bj_pays": 1.5,
    "double_down": "any_two",
    "surrender": "early_surrender",
    "play_ace_pairs": false,
    "max_splits": 4,
    "decks": 6,
    "penetration_cards": 250
  },
  "ev": -0.03526008000000033,
  "stddev": 1.947716705451391,
  "winning_distrib": {
    "-2.0": 48317047,
    "+0.0": 5128910,
    "+2.0": 46554043
  },
  "hands": {
    "total": 100000000,
    "won": 46554043,
    "lost": 48317047,
    "push": 5128910,
    "busted": 0,
    "blackjack": 0,
    "doubled": 100000000,
    "split": 0,
    "insured": 0,
    "surrender": 0
  }
}
