{
  "rounds": 100000000,
  "rules": {
    "game_type": "enhc",
    "soft17": "s17",
    "das": true,
    "double_down": "any_two",
    "surrender": "no_surrender",
    "play_ace_pairs": false,
    "max_splits": 4,
    "decks": 6,
    "penetration_cards": 46
  },
  "ev": 0.7038773999999992,
  "stddev": 0.6348512816397253,
  "winning_distrib": {
    "-1.0": 9730107,
    "+0.0": 10152046,
    "+1.0": 80117847
  },
  "hands": {
    "total": 100000000,
    "won": 80117847,
    "lost": 9730107,
    "push": 10152046,
    "busted": 0,
    "blackjack": 0,
    "doubled": 0,
    "split": 0,
    "insured": 0,
    "surrender": 0
  }
}
