{
  "rounds": 100000000,
  "rules": {
    "game_type": "ahc",
    "soft17": "s17",
    "das": true,
    "bj_pays": 1.5,
    "double_down": "any_two",
    "surrender": "early_surrender",
    "play_ace_pairs": false,
    "max_splits": 4,
    "decks": 6,
    "penetration_cards": 250
  },
  "ev": 0.263677099999993,
  "stddev": 2.4245840479805705,
  "winning_distrib": {
    "-4.0": 1709054,
    "-3.0": 13045705,
    "-2.0": 26320518,
    "-1.0": 3506134,
    "+0.0": 2199052,
    "+1.0": 5088632,
    "+2.0": 24977048,
    "+3.0": 19169945,
    "+4.0": 3983912
  },
  "hands": {
    "total": 200000000,
    "won": 103289696,
    "lost": 91953184,
    "push": 4757120,
    "busted": 0,
    "blackjack": 0,
    "doubled": 55325338,
    "split": 200000000,
    "insured": 0,
    "surrender": 0
  }
}
