{
  "rounds": 100000000,
  "rules": {
    "game_type": "ahc",
    "soft17": "s17",
    "das": true,
    "bj_pays": 1.5,
    "double_down": "any_two",
    "surrender": "early_surrender",
    "play_ace_pairs": false,
    "max_splits": 4,
    "decks": 6,
    "penetration_cards": 250
  },
  "ev": 0.6476286999999996,
  "stddev": 0.6774435854929983,
  "winning_distrib": {
    "-1.0": 11536202,
    "+0.0": 12164726,
    "+1.0": 76299072
  },
  "hands": {
    "total": 100000000,
    "won": 76299072,
    "lost": 11536202,
    "push": 12164726,
    "busted": 0,
    "blackjack": 0,
    "doubled": 0,
    "split": 0,
    "insured": 0,
    "surrender": 0
  }
}
