{
  "rounds": 100000000,
  "rules": {
    "game_type": "ahc",
    "soft17": "s17",
    "das": true,
    "bj_pays": 1.5,
    "double_down": "any_two",
    "surrender": "early_surrender",
    "play_ace_pairs": false,
    "max_splits": 4,
    "decks": 6,
    "penetration_cards": 250
  },
  "ev": 0.08111055999999912,
  "stddev": 0.9584085278428744,
  "winning_distrib": {
    "-1.0": 42200763,
    "+0.0": 7487418,
    "+1.0": 50311819
  },
  "hands": {
    "total": 100000000,
    "won": 50311819,
    "lost": 42200763,
    "push": 7487418,
    "busted": 12080729,
    "blackjack": 0,
    "doubled": 0,
    "split": 0,
    "insured": 0,
    "surrender": 0
  }
}
