{
  "rounds": 100000000,
  "rules": {
    "game_type": "ahc",
    "soft17": "s17",
    "das": true,
    "bj_pays": 1.5,
    "double_down": "any_two",
    "surrender": "early_surrender",
    "play_ace_pairs": false,
    "max_splits": 4,
    "decks": 6,
    "penetration_cards": 250
  },
  "ev": 0.25759979000000327,
  "stddev": 0.9217635741818051,
  "winning_distrib": {
    "-1.0": 32920297,
    "+0.0": 8399427,
    "+1.0": 58680276
  },
  "hands": {
    "total": 100000000,
    "won": 58680276,
    "lost": 32920297,
    "push": 8399427,
    "busted": 2230330,
    "blackjack": 0,
    "doubled": 0,
    "split": 0,
    "insured": 0,
    "surrender": 0
  }
}
