{
  "rounds": 100000000,
  "rules": {
    "game_type": "ahc",
    "soft17": "s17",
    "das": true,
    "bj_pays": 1.5,
    "double_down": "any_two",
    "surrender": "early_surrender",
    "play_ace_pairs": false,
    "max_splits": 4,
    "decks": 6,
    "penetration_cards": 250
  },
  "ev": 0.1861661599999991,
  "stddev": 1.9099895804300802,
  "winning_distrib": {
    "-2.0": 41379821,
    "+0.0": 7932050,
    "+2.0": 50688129
  },
  "hands": {
    "total": 100000000,
    "won": 50688129,
    "lost": 41379821,
    "push": 7932050,
    "busted": 0,
    "blackjack": 0,
    "doubled": 100000000,
    "split": 0,
    "insured": 0,
    "surrender": 0
  }
}
