{
  "rounds": 100000000,
  "rules": {
    "game_type": "enhc",
    "soft17": "h17",
    "das": true,
    "double_down": "any_two",
    "surrender": "no_surrender",
    "play_ace_pairs": false,
    "max_splits": 4,
    "decks": 6,
    "penetration_cards": 46
  },
  "ev": 0.008031220000000061,
  "stddev": 0.9611770433920841,
  "winning_distrib": {
    "-1.0": 45794729,
    "+0.0": 7607420,
    "+1.0": 46597851
  },
  "hands": {
    "total": 100000000,
    "won": 46597851,
    "lost": 45794729,
    "push": 7607420,
    "busted": 2656090,
    "blackjack": 0,
    "doubled": 0,
    "split": 0,
    "insured": 0,
    "surrender": 0
  }
}
