{
  "rounds": 100000000,
  "rules": {
    "game_type": "enhc",
    "soft17": "s17",
    "das": false,
    "double_down": "any_two",
    "surrender": "no_surrender",
    "play_ace_pairs": false,
    "max_splits": 4,
    "decks": 6,
    "penetration_cards": 46
  },
  "ev": -0.42398306999999447,
  "stddev": 0.8671506869471305,
  "winning_distrib": {
    "-1.0": 67784751,
    "+0.0": 6828805,
    "+1.0": 25386444
  },
  "hands": {
    "total": 100000000,
    "won": 25386444,
    "lost": 67784751,
    "push": 6828805,
    "busted": 38908876,
    "blackjack": 0,
    "doubled": 0,
    "split": 0,
    "insured": 0,
    "surrender": 0
  }
}
