{
  "rounds": 100000000,
  "rules": {
    "game_type": "ahc",
    "soft17": "s17",
    "das": true,
    "bj_pays": 1.5,
    "double_down": "any_two",
    "surrender": "early_surrender",
    "play_ace_pairs": false,
    "max_splits": 4,
    "decks": 6,
    "penetration_cards": 250
  },
  "ev": 0.20699898000000094,
  "stddev": 0.9366479333517299,
  "winning_distrib": {
    "-1.0": 35657947,
    "+0.0": 7984208,
    "+1.0": 56357845
  },
  "hands": {
    "total": 100000000,
    "won": 56357845,
    "lost": 35657947,
    "push": 7984208,
    "busted": 2373179,
    "blackjack": 0,
    "doubled": 0,
    "split": 0,
    "insured": 0,
    "surrender": 0
  }
}
