{
  "rounds": 100000000,
  "rules": {
    "game_type": "enhc",
    "soft17": "s17",
    "das": false,
    "double_down": "any_two",
    "surrender": "no_surrender",
    "play_ace_pairs": false,
    "max_splits": 4,
    "decks": 6,
    "penetration_cards": 46
  },
  "ev": 0.2679094399999994,
  "stddev": 1.8970210035594504,
  "winning_distrib": {
    "-4.0": 482938,
    "-3.0": 2962014,
    "-2.0": 26477925,
    "-1.0": 8638564,
    "+0.0": 13796992,
    "+1.0": 2998020,
    "+2.0": 38699817,
    "+3.0": 4969422,
    "+4.0": 974308
  },
  "hands": {
    "total": 216715083,
    "won": 114431641,
    "lost": 87640697,
    "push": 14642745,
    "busted": 0,
    "blackjack": 0,
    "doubled": 0,
    "split": 216715083,
    "insured": 0,
    "surrender": 0
  }
}
