{
  "rounds": 100000000,
  "rules": {
    "game_type": "ahc",
    "soft17": "s17",
    "das": true,
    "bj_pays": 1.5,
    "double_down": "any_two",
    "surrender": "early_surrender",
    "play_ace_pairs": false,
    "max_splits": 4,
    "decks": 6,
    "penetration_cards": 250
  },
  "ev": -0.5636473399999946,
  "stddev": 0.7910018093328062,
  "winning_distrib": {
    "-1.0": 75351476,
    "+0.0": 5661782,
    "+1.0": 18986742
  },
  "hands": {
    "total": 100000000,
    "won": 18986742,
    "lost": 75351476,
    "push": 5661782,
    "busted": 33668897,
    "blackjack": 0,
    "doubled": 0,
    "split": 0,
    "insured": 0,
    "surrender": 0
  }
}
