{
  "rounds": 100000000,
  "rules": {
    "game_type": "enhc",
    "soft17": "h17",
    "das": true,
    "double_down": "any_two",
    "surrender": "no_surrender",
    "play_ace_pairs": false,
    "max_splits": 4,
    "decks": 6,
    "penetration_cards": 46
  },
  "ev": 0.4149001000000041,
  "stddev": 0.8395775688219064,
  "winning_distrib": {
    "-1.0": 23106624,
    "+0.0": 12296742,
    "+1.0": 64596634
  },
  "hands": {
    "total": 100000000,
    "won": 64596634,
    "lost": 23106624,
    "push": 12296742,
    "busted": 0,
    "blackjack": 0,
    "doubled": 0,
    "split": 0,
    "insured": 0,
    "surrender": 0
  }
}
