{
  "rounds": 100000000,
  "rules": {
    "game_type": "ahc",
    "soft17": "h17",
    "das": false,
    "double_down": "any_two",
    "surrender": "no_surrender",
    "play_ace_pairs": false,
    "max_splits": 4,
    "decks": 6,
    "penetration_cards": 46
  },
  "ev": -0.5294929800000109,
  "stddev": 0.8261940758421651,
  "winning_distrib": {
    "-1.0": 74622622,
    "+0.0": 3704054,
    "+1.0": 21673324
  },
  "hands": {
    "total": 100000000,
    "won": 21673324,
    "lost": 74622622,
    "push": 3704054,
    "busted": 69231775,
    "blackjack": 0,
    "doubled": 0,
    "split": 0,
    "insured": 0,
    "surrender": 0
  }
}
