{
  "rounds": 100000000,
  "rules": {
    "game_type": "ahc",
    "soft17": "s17",
    "das": true,
    "bj_pays": 1.5,
    "double_down": "any_two",
    "surrender": "early_surrender",
    "play_ace_pairs": false,
    "max_splits": 4,
    "decks": 6,
    "penetration_cards": 250
  },
  "ev": 0.020364919999999915,
  "stddev": 0.9847192288820736,
  "winning_distrib": {
    "-1.0": 47486088,
    "+0.0": 2991332,
    "+1.0": 49522580
  },
  "hands": {
    "total": 100000000,
    "won": 49522580,
    "lost": 47486088,
    "push": 2991332,
    "busted": 0,
    "blackjack": 0,
    "doubled": 0,
    "split": 0,
    "insured": 0,
    "surrender": 0
  }
}
