{
  "rounds": 100000000,
  "rules": {
    "game_type": "ahc",
    "soft17": "h17",
    "das": false,
    "double_down": "any_two",
    "surrender": "no_surrender",
    "play_ace_pairs": false,
    "max_splits": 4,
    "decks": 6,
    "penetration_cards": 46
  },
  "ev": 0.028474580000000173,
  "stddev": 0.9843079233565181,
  "winning_distrib": {
    "-1.0": 47059915,
    "+0.0": 3032712,
    "+1.0": 49907373
  },
  "hands": {
    "total": 100000000,
    "won": 49907373,
    "lost": 47059915,
    "push": 3032712,
    "busted": 0,
    "blackjack": 0,
    "doubled": 0,
    "split": 0,
    "insured": 0,
    "surrender": 0
  }
}
