{
  "rounds": 100000000,
  "rules": {
    "game_type": "ahc",
    "soft17": "s17",
    "das": true,
    "bj_pays": 1.5,
    "double_down": "any_two",
    "surrender": "early_surrender",
    "play_ace_pairs": false,
    "max_splits": 4,
    "decks": 6,
    "penetration_cards": 250
  },
  "ev": -0.8851838599999942,
  "stddev": 1.7267632390726404,
  "winning_distrib": {
    "-2.0": 69195368,
    "+0.0": 5868457,
    "+2.0": 24936175
  },
  "hands": {
    "total": 100000000,
    "won": 24936175,
    "lost": 69195368,
    "push": 5868457,
    "busted": 61000021,
    "blackjack": 0,
    "doubled": 100000000,
    "split": 0,
    "insured": 0,
    "surrender": 0
  }
}
