{
  "rounds": 100000000,
  "rules": {
    "game_type": "ahc",
    "soft17": "h17",
    "das": true,
    "double_down": "any_two",
    "surrender": "no_surrender",
    "play_ace_pairs": false,
    "max_splits": 4,
    "decks": 6,
    "penetration_cards": 46
  },
  "ev": -0.4973898300000075,
  "stddev": 1.7894059011393484,
  "winning_distrib": {
    "-2.0": 52714221,
    "-1.0": 7567069,
    "+0.0": 8090446,
    "+2.0": 31628264
  },
  "hands": {
    "total": 100000000,
    "won": 31628264,
    "lost": 60281290,
    "push": 8090446,
    "busted": 0,
    "blackjack": 0,
    "doubled": 92432931,
    "split": 0,
    "insured": 0,
    "surrender": 0
  }
}
