{
  "rounds": 100000000,
  "rules": {
    "game_type": "enhc",
    "soft17": "s17",
    "das": false,
    "double_down": "any_two",
    "surrender": "no_surrender",
    "play_ace_pairs": false,
    "max_splits": 4,
    "decks": 6,
    "penetration_cards": 46
  },
  "ev": -0.41701965000000035,
  "stddev": 0.8737169960277176,
  "winning_distrib": {
    "-1.0": 67715321,
    "+0.0": 6271323,
    "+1.0": 26013356
  },
  "hands": {
    "total": 100000000,
    "won": 26013356,
    "lost": 67715321,
    "push": 6271323,
    "busted": 58561830,
    "blackjack": 0,
    "doubled": 0,
    "split": 0,
    "insured": 0,
    "surrender": 0
  }
}
