{
  "rounds": 100000000,
  "rules": {
    "game_type": "enhc",
    "soft17": "s17",
    "das": false,
    "double_down": "any_two",
    "surrender": "no_surrender",
    "play_ace_pairs": false,
    "max_splits": 4,
    "decks": 6,
    "penetration_cards": 46
  },
  "ev": 0.525247510000008,
  "stddev": 1.5700520780819325,
  "winning_distrib": {
    "-2.0": 18249752,
    "-1.0": 8814402,
    "+0.0": 22318578,
    "+1.0": 3395879,
    "+2.0": 47221389
  },
  "hands": {
    "total": 200000000,
    "won": 118779698,
    "lost": 66254947,
    "push": 14965355,
    "busted": 0,
    "blackjack": 0,
    "doubled": 0,
    "split": 200000000,
    "insured": 0,
    "surrender": 0
  }
}
