{
  "rounds": 100000000,
  "rules": {
    "game_type": "enhc",
    "soft17": "s17",
    "das": false,
    "double_down": "any_two",
    "surrender": "no_surrender",
    "play_ace_pairs": false,
    "max_splits": 4,
    "decks": 6,
    "penetration_cards": 46
  },
  "ev": 0.6708561000000045,
  "stddev": 0.6611859930945709,
  "winning_distrib": {
    "-1.0": 10817936,
    "+0.0": 11278518,
    "+1.0": 77903546
  },
  "hands": {
    "total": 100000000,
    "won": 77903546,
    "lost": 10817936,
    "push": 11278518,
    "busted": 0,
    "blackjack": 0,
    "doubled": 0,
    "split": 0,
    "insured": 0,
    "surrender": 0
  }
}
