{
  "rounds": 100000000,
  "rules": {
    "game_type": "enhc",
    "soft17": "s17",
    "das": true,
    "double_down": "any_two",
    "surrender": "no_surrender",
    "play_ace_pairs": false,
    "max_splits": 4,
    "decks": 6,
    "penetration_cards": 46
  },
  "ev": -0.3653333299999989,
  "stddev": 0.9039134339978061,
  "winning_distrib": {
    "-1.0": 65793063,
    "+0.0": 4947207,
    "+1.0": 29259730
  },
  "hands": {
    "total": 100000000,
    "won": 29259730,
    "lost": 65793063,
    "push": 4947207,
    "busted": 46298239,
    "blackjack": 0,
    "doubled": 0,
    "split": 0,
    "insured": 0,
    "surrender": 0
  }
}
