{
  "rounds": 100000000,
  "rules": {
    "game_type": "ahc",
    "soft17": "s17",
    "das": false,
    "double_down": "any_two",
    "surrender": "no_surrender",
    "play_ace_pairs": false,
    "max_splits": 4,
    "decks": 6,
    "penetration_cards": 46
  },
  "ev": 0.2820172800000026,
  "stddev": 0.9022481709163686,
  "winning_distrib": {
    "-1.0": 30578411,
    "+0.0": 10641450,
    "+1.0": 58780139
  },
  "hands": {
    "total": 100000000,
    "won": 58780139,
    "lost": 30578411,
    "push": 10641450,
    "busted": 0,
    "blackjack": 0,
    "doubled": 0,
    "split": 0,
    "insured": 0,
    "surrender": 0
  }
}
