{
  "rounds": 100000000,
  "rules": {
    "game_type": "ahc",
    "soft17": "s17",
    "das": true,
    "bj_pays": 1.5,
    "double_down": "any_two",
    "surrender": "early_surrender",
    "play_ace_pairs": false,
    "max_splits": 4,
    "decks": 6,
    "penetration_cards": 250
  },
  "ev": -0.40041179999999577,
  "stddev": 0.8919277203765461,
  "winning_distrib": {
    "-1.0": 67813823,
    "+0.0": 4413534,
    "+1.0": 27772643
  },
  "hands": {
    "total": 100000000,
    "won": 27772643,
    "lost": 67813823,
    "push": 4413534,
    "busted": 49997174,
    "blackjack": 0,
    "doubled": 0,
    "split": 0,
    "insured": 0,
    "surrender": 0
  }
}
