{
  "rounds": 100000000,
  "rules": {
    "game_type": "enhc",
    "soft17": "s17",
    "das": false,
    "double_down": "any_two",
    "surrender": "no_surrender",
    "play_ace_pairs": false,
    "max_splits": 4,
    "decks": 6,
    "penetration_cards": 46
  },
  "ev": 0.18836194000000342,
  "stddev": 1.9162424314995317,
  "winning_distrib": {
    "-2.0": 41634267,
    "+0.0": 7313369,
    "+2.0": 51052364
  },
  "hands": {
    "total": 100000000,
    "won": 51052364,
    "lost": 41634267,
    "push": 7313369,
    "busted": 0,
    "blackjack": 0,
    "doubled": 100000000,
    "split": 0,
    "insured": 0,
    "surrender": 0
  }
}
