{
  "rounds": 100000000,
  "rules": {
    "game_type": "ahc",
    "soft17": "s17",
    "das": true,
    "bj_pays": 1.5,
    "double_down": "any_two",
    "surrender": "early_surrender",
    "play_ace_pairs": false,
    "max_splits": 4,
    "decks": 6,
    "penetration_cards": 250
  },
  "ev": 0.4944892599999935,
  "stddev": 0.8082142898246367,
  "winning_distrib": {
    "-1.0": 20162035,
    "+0.0": 10227004,
    "+1.0": 69610961
  },
  "hands": {
    "total": 100000000,
    "won": 69610961,
    "lost": 20162035,
    "push": 10227004,
    "busted": 0,
    "blackjack": 0,
    "doubled": 0,
    "split": 0,
    "insured": 0,
    "surrender": 0
  }
}
