{
  "rounds": 100000000,
  "rules": {
    "game_type": "ahc",
    "soft17": "s17",
    "das": true,
    "bj_pays": 1.5,
    "double_down": "any_two",
    "surrender": "early_surrender",
    "play_ace_pairs": false,
    "max_splits": 4,
    "decks": 6,
    "penetration_cards": 250
  },
  "ev": 0.19042351000000196,
  "stddev": 2.7163487314085617,
  "winning_distrib": {
    "-8.0": 2717,
    "-7.0": 31534,
    "-6.0": 214711,
    "-5.0": 906965,
    "-4.0": 4252448,
    "-3.0": 15113810,
    "-2.0": 21644913,
    "-1.0": 4015148,
    "+0.0": 3398895,
    "+1.0": 5812473,
    "+2.0": 17043350,
    "+3.0": 18266990,
    "+4.0": 7122614,
    "+5.0": 1578544,
    "+6.0": 493870,
    "+7.0": 90571,
    "+8.0": 10447
  },
  "hands": {
    "total": 216827727,
    "won": 106490314,
    "lost": 104274843,
    "push": 6062570,
    "busted": 0,
    "blackjack": 0,
    "doubled": 71500195,
    "split": 216827727,
    "insured": 0,
    "surrender": 0
  }
}
