{
  "rounds": 100000000,
  "rules": {
    "game_type": "enhc",
    "soft17": "h17",
    "das": false,
    "double_down": "any_two",
    "surrender": "no_surrender",
    "play_ace_pairs": false,
    "max_splits": 4,
    "decks": 6,
    "penetration_cards": 46
  },
  "ev": -0.21066519000000167,
  "stddev": 0.9152271718533497,
  "winning_distrib": {
    "-1.0": 54634289,
    "+0.0": 11797941,
    "+1.0": 33567770
  },
  "hands": {
    "total": 100000000,
    "won": 33567770,
    "lost": 54634289,
    "push": 11797941,
    "busted": 26244047,
    "blackjack": 0,
    "doubled": 0,
    "split": 0,
    "insured": 0,
    "surrender": 0
  }
}
