{
  "rounds": 100000000,
  "rules": {
    "game_type": "enhc",
    "soft17": "s17",
    "das": false,
    "double_down": "any_two",
    "surrender": "no_surrender",
    "play_ace_pairs": false,
    "max_splits": 4,
    "decks": 6,
    "penetration_cards": 46
  },
  "ev": -0.4289273499999956,
  "stddev": 0.8643053314033178,
  "winning_distrib": {
    "-1.0": 67996486,
    "+0.0": 6899763,
    "+1.0": 25103751
  },
  "hands": {
    "total": 100000000,
    "won": 25103751,
    "lost": 67996486,
    "push": 6899763,
    "busted": 55247225,
    "blackjack": 0,
    "doubled": 0,
    "split": 0,
    "insured": 0,
    "surrender": 0
  }
}
