{
  "rounds": 100000000,
  "rules": {
    "game_type": "ahc",
    "soft17": "h17",
    "das": false,
    "double_down": "any_two",
    "surrender": "no_surrender",
    "play_ace_pairs": false,
    "max_splits": 4,
    "decks": 6,
    "penetration_cards": 46
  },
  "ev": 0.08335260999999822,
  "stddev": 0.9355528318372883,
  "winning_distrib": {
    "-1.0": 39942707,
    "+0.0": 11779325,
    "+1.0": 48277968
  },
  "hands": {
    "total": 100000000,
    "won": 48277968,
    "lost": 39942707,
    "push": 11779325,
    "busted": 24483819,
    "blackjack": 0,
    "doubled": 0,
    "split": 0,
    "insured": 0,
    "surrender": 0
  }
}
