{
  "rounds": 100000000,
  "rules": {
    "game_type": "ahc",
    "soft17": "s17",
    "das": true,
    "bj_pays": 1.5,
    "double_down": "any_two",
    "surrender": "early_surrender",
    "play_ace_pairs": false,
    "max_splits": 4,
    "decks": 6,
    "penetration_cards": 250
  },
  "ev": 0.540971339999991,
  "stddev": 1.8507478930290089,
  "winning_distrib": {
    "-2.0": 32949688,
    "+0.0": 7052057,
    "+2.0": 59998255
  },
  "hands": {
    "total": 100000000,
    "won": 59998255,
    "lost": 32949688,
    "push": 7052057,
    "busted": 0,
    "blackjack": 0,
    "doubled": 100000000,
    "split": 0,
    "insured": 0,
    "surrender": 0
  }
}
