{
  "rounds": 100000000,
  "rules": {
    "game_type": "ahc",
    "soft17": "s17",
    "das": true,
    "bj_pays": 1.5,
    "double_down": "any_two",
    "surrender": "early_surrender",
    "play_ace_pairs": false,
    "max_splits": 4,
    "decks": 6,
    "penetration_cards": 250
  },
  "ev": -0.434463599999997,
  "stddev": 1.8893755518616249,
  "winning_distrib": {
    "-2.0": 57842822,
    "+0.0": 6037536,
    "+2.0": 36119642
  },
  "hands": {
    "total": 100000000,
    "won": 36119642,
    "lost": 57842822,
    "push": 6037536,
    "busted": 0,
    "blackjack": 0,
    "doubled": 100000000,
    "split": 0,
    "insured": 0,
    "surrender": 0
  }
}
