{
  "rounds": 100000000,
  "rules": {
    "game_type": "ahc",
    "soft17": "s17",
    "das": true,
    "bj_pays": 1.5,
    "double_down": "any_two",
    "surrender": "early_surrender",
    "play_ace_pairs": false,
    "max_splits": 4,
    "decks": 6,
    "penetration_cards": 250
  },
  "ev": 0.5879229000000189,
  "stddev": 1.8260889619625844,
  "winning_distrib": {
    "-2.0": 31305105,
    "+0.0": 7993645,
    "+2.0": 60701250
  },
  "hands": {
    "total": 100000000,
    "won": 60701250,
    "lost": 31305105,
    "push": 7993645,
    "busted": 0,
    "blackjack": 0,
    "doubled": 100000000,
    "split": 0,
    "insured": 0,
    "surrender": 0
  }
}
