{
  "rounds": 100000000,
  "rules": {
    "game_type": "ahc",
    "soft17": "s17",
    "das": true,
    "bj_pays": 1.5,
    "double_down": "any_two",
    "surrender": "early_surrender",
    "play_ace_pairs": false,
    "max_splits": 4,
    "decks": 6,
    "penetration_cards": 250
  },
  "ev": 0.1744928099999951,
  "stddev": 0.9176728816302316,
  "winning_distrib": {
    "-1.0": 34903922,
    "+0.0": 12742875,
    "+1.0": 52353203
  },
  "hands": {
    "total": 100000000,
    "won": 52353203,
    "lost": 34903922,
    "push": 12742875,
    "busted": 0,
    "blackjack": 0,
    "doubled": 0,
    "split": 0,
    "insured": 0,
    "surrender": 0
  }
}
