{
  "rounds": 100000000,
  "rules": {
    "game_type": "ahc",
    "soft17": "s17",
    "das": true,
    "bj_pays": 1.5,
    "double_down": "any_two",
    "surrender": "early_surrender",
    "play_ace_pairs": false,
    "max_splits": 4,
    "decks": 6,
    "penetration_cards": 250
  },
  "ev": -0.4292889099999933,
  "stddev": 1.5974519859042708,
  "winning_distrib": {
    "-2.0": 32934699,
    "-1.0": 31998123,
    "+0.0": 7597863,
    "+2.0": 27469315
  },
  "hands": {
    "total": 100000000,
    "won": 27469315,
    "lost": 64932822,
    "push": 7597863,
    "busted": 0,
    "blackjack": 0,
    "doubled": 68001877,
    "split": 0,
    "insured": 0,
    "surrender": 0
  }
}
