{
  "rounds": 100000000,
  "rules": {
    "game_type": "enhc",
    "soft17": "h17",
    "das": true,
    "bj_pays": 1.5,
    "double_down": "any_two",
    "surrender": "no_surrender",
    "play_ace_pairs": false,
    "max_splits": 4,
    "decks": 6,
    "penetration_cards": 250
  },
  "ev": -0.19089368999999617,
  "stddev": 0.9586878419532725,
  "winning_distrib": {
    "-1.0": 57320823,
    "+0.0": 4447723,
    "+1.0": 38231454
  },
  "hands": {
    "total": 100000000,
    "won": 38231454,
    "lost": 57320823,
    "push": 4447723,
    "busted": 30855081,
    "blackjack": 0,
    "doubled": 0,
    "split": 0,
    "insured": 0,
    "surrender": 0
  }
}
