{
  "rounds": 100000000,
  "rules": {
    "game_type": "ahc",
    "soft17": "s17",
    "das": true,
    "bj_pays": 1.5,
    "double_down": "any_two",
    "surrender": "early_surrender",
    "play_ace_pairs": false,
    "max_splits": 4,
    "decks": 6,
    "penetration_cards": 250
  },
  "ev": 0.2640978199999952,
  "stddev": 1.9501856166794416,
  "winning_distrib": {
    "-2.0": 41809699,
    "+0.0": 3175711,
    "+2.0": 55014590
  },
  "hands": {
    "total": 100000000,
    "won": 55014590,
    "lost": 41809699,
    "push": 3175711,
    "busted": 0,
    "blackjack": 0,
    "doubled": 100000000,
    "split": 0,
    "insured": 0,
    "surrender": 0
  }
}
