{
  "rounds": 100000000,
  "rules": {
    "game_type": "ahc",
    "soft17": "s17",
    "das": true,
    "bj_pays": 1.5,
    "double_down": "any_two",
    "surrender": "early_surrender",
    "play_ace_pairs": false,
    "max_splits": 4,
    "decks": 6,
    "penetration_cards": 250
  },
  "ev": -0.49522874000000133,
  "stddev": 0.8334041768695668,
  "winning_distrib": {
    "-1.0": 71752138,
    "+0.0": 6018598,
    "+1.0": 22229264
  },
  "hands": {
    "total": 100000000,
    "won": 22229264,
    "lost": 71752138,
    "push": 6018598,
    "busted": 28628614,
    "blackjack": 0,
    "doubled": 0,
    "split": 0,
    "insured": 0,
    "surrender": 0
  }
}
