{
  "rounds": 100000000,
  "rules": {
    "game_type": "ahc",
    "soft17": "s17",
    "das": true,
    "bj_pays": 1.5,
    "double_down": "any_two",
    "surrender": "early_surrender",
    "play_ace_pairs": false,
    "max_splits": 4,
    "decks": 6,
    "penetration_cards": 250
  },
  "ev": -0.5965442199999967,
  "stddev": 0.7917893784674611,
  "winning_distrib": {
    "-1.0": 78966982,
    "+0.0": 1720458,
    "+1.0": 19312560
  },
  "hands": {
    "total": 100000000,
    "won": 19312560,
    "lost": 78966982,
    "push": 1720458,
    "busted": 77246822,
    "blackjack": 0,
    "doubled": 0,
    "split": 0,
    "insured": 0,
    "surrender": 0
  }
}
