{
  "rounds": 100000000,
  "rules": {
    "game_type": "ahc",
    "soft17": "s17",
    "das": true,
    "bj_pays": 1.5,
    "double_down": "any_two",
    "surrender": "early_surrender",
    "play_ace_pairs": false,
    "max_splits": 4,
    "decks": 6,
    "penetration_cards": 250
  },
  "ev": -1.2450701999999725,
  "stddev": 1.528164853811549,
  "winning_distrib": {
    "-2.0": 79695350,
    "+0.0": 2862810,
    "+2.0": 17441840
  },
  "hands": {
    "total": 100000000,
    "won": 17441840,
    "lost": 79695350,
    "push": 2862810,
    "busted": 76923796,
    "blackjack": 0,
    "doubled": 100000000,
    "split": 0,
    "insured": 0,
    "surrender": 0
  }
}
