{
  "rounds": 100000000,
  "rules": {
    "game_type": "ahc",
    "soft17": "s17",
    "das": true,
    "bj_pays": 1.5,
    "double_down": "any_two",
    "surrender": "early_surrender",
    "play_ace_pairs": false,
    "max_splits": 4,
    "decks": 6,
    "penetration_cards": 250
  },
  "ev": 0.15166279999999951,
  "stddev": 0.9199713384446526,
  "winning_distrib": {
    "-1.0": 35884303,
    "+0.0": 13065114,
    "+1.0": 51050583
  },
  "hands": {
    "total": 100000000,
    "won": 51050583,
    "lost": 35884303,
    "push": 13065114,
    "busted": 0,
    "blackjack": 0,
    "doubled": 0,
    "split": 0,
    "insured": 0,
    "surrender": 0
  }
}
