{
  "rounds": 100000000,
  "rules": {
    "game_type": "ahc",
    "soft17": "h17",
    "das": false,
    "double_down": "any_two",
    "surrender": "no_surrender",
    "play_ace_pairs": false,
    "max_splits": 4,
    "decks": 6,
    "penetration_cards": 46
  },
  "ev": 0.07863545999999927,
  "stddev": 0.9534181420135773,
  "winning_distrib": {
    "-1.0": 41827711,
    "+0.0": 8481032,
    "+1.0": 49691257
  },
  "hands": {
    "total": 100000000,
    "won": 49691257,
    "lost": 41827711,
    "push": 8481032,
    "busted": 32013843,
    "blackjack": 0,
    "doubled": 0,
    "split": 0,
    "insured": 0,
    "surrender": 0
  }
}
