{
  "rounds": 100000000,
  "rules": {
    "game_type": "ahc",
    "soft17": "s17",
    "das": true,
    "bj_pays": 1.5,
    "double_down": "any_two",
    "surrender": "early_surrender",
    "play_ace_pairs": false,
    "max_splits": 4,
    "decks": 6,
    "penetration_cards": 250
  },
  "ev": 0.08199120999999997,
  "stddev": 0.9364457807326836,
  "winning_distrib": {
    "-1.0": 40083102,
    "+0.0": 11634675,
    "+1.0": 48282223
  },
  "hands": {
    "total": 100000000,
    "won": 48282223,
    "lost": 40083102,
    "push": 11634675,
    "busted": 23230169,
    "blackjack": 0,
    "doubled": 0,
    "split": 0,
    "insured": 0,
    "surrender": 0
  }
}
