{
  "rounds": 100000000,
  "rules": {
    "game_type": "ahc",
    "soft17": "s17",
    "das": true,
    "bj_pays": 1.5,
    "double_down": "any_two",
    "surrender": "early_surrender",
    "play_ace_pairs": false,
    "max_splits": 4,
    "decks": 6,
    "penetration_cards": 250
  },
  "ev": -0.06449430999999989,
  "stddev": 2.150904326147849,
  "winning_distrib": {
    "-8.0": 120,
    "-7.0": 3487,
    "-6.0": 44755,
    "-5.0": 325369,
    "-4.0": 1821218,
    "-3.0": 9221098,
    "-2.0": 24865331,
    "-1.0": 8993191,
    "+0.0": 15100936,
    "+1.0": 7559846,
    "+2.0": 18484346,
    "+3.0": 10431660,
    "+4.0": 2540912,
    "+5.0": 501855,
    "+6.0": 94805,
    "+7.0": 10507,
    "+8.0": 564
  },
  "hands": {
    "total": 216827234,
    "won": 94619708,
    "lost": 109191737,
    "push": 13015789,
    "busted": 26114987,
    "blackjack": 0,
    "doubled": 36678048,
    "split": 216827234,
    "insured": 0,
    "surrender": 0
  }
}
