{
  "rounds": 100000000,
  "rules": {
    "game_type": "ahc",
    "soft17": "s17",
    "das": true,
    "bj_pays": 1.5,
    "double_down": "any_two",
    "surrender": "early_surrender",
    "play_ace_pairs": false,
    "max_splits": 4,
    "decks": 6,
    "penetration_cards": 250
  },
  "ev": -1.2352748200000012,
  "stddev": 1.5374768234715996,
  "winning_distrib": {
    "-2.0": 79503606,
    "+0.0": 2756529,
    "+2.0": 17739865
  },
  "hands": {
    "total": 100000000,
    "won": 17739865,
    "lost": 79503606,
    "push": 2756529,
    "busted": 77081866,
    "blackjack": 0,
    "doubled": 100000000,
    "split": 0,
    "insured": 0,
    "surrender": 0
  }
}
