{
  "rounds": 10000000000,
  "rules": {
    "game_type": "ahc",
    "soft17": "s17",
    "das": true,
    "bj_pays": 1.5,
    "double_down": "any_two",
    "surrender": "no_surrender",
    "play_ace_pairs": false,
    "max_splits": 4,
    "decks": 6,
    "penetration_cards": 296
  },
  "ev": -0.19014844640003975,
  "stddev": 1.1942142570216423,
  "winning_distrib": {
    "-7.0": 1,
    "-6.0": 284,
    "-5.0": 64664,
    "-4.0": 4539584,
    "-3.0": 114792353,
    "-2.0": 1156560153,
    "-1.0": 3016168508,
    "+0.0": 2867963459,
    "+1.0": 1976254724,
    "+2.0": 779946057,
    "+3.0": 80372047,
    "+4.0": 3289278,
    "+5.0": 48643,
    "+6.0": 245
  },
  "hands": {
    "total": 10000000000,
    "won": 3960733854,
    "lost": 6039266146,
    "push": 0,
    "busted": 0,
    "blackjack": 0,
    "doubled": 0,
    "split": 0,
    "insured": 0,
    "surrender": 0
  }
}
