{
  "rounds": 100000000,
  "rules": {
    "game_type": "ahc",
    "soft17": "s17",
    "das": true,
    "bj_pays": 1.5,
    "double_down": "any_two",
    "surrender": "early_surrender",
    "play_ace_pairs": false,
    "max_splits": 4,
    "decks": 6,
    "penetration_cards": 250
  },
  "ev": 0.4651369799999994,
  "stddev": 1.865899821708626,
  "winning_distrib": {
    "-2.0": 34595757,
    "+0.0": 7551637,
    "+2.0": 57852606
  },
  "hands": {
    "total": 100000000,
    "won": 57852606,
    "lost": 34595757,
    "push": 7551637,
    "busted": 0,
    "blackjack": 0,
    "doubled": 100000000,
    "split": 0,
    "insured": 0,
    "surrender": 0
  }
}
