{
  "rounds": 100000000,
  "rules": {
    "game_type": "enhc",
    "soft17": "s17",
    "das": false,
    "double_down": "any_two",
    "surrender": "no_surrender",
    "play_ace_pairs": false,
    "max_splits": 4,
    "decks": 6,
    "penetration_cards": 46
  },
  "ev": -0.16974616999999567,
  "stddev": 0.9628576307228797,
  "winning_distrib": {
    "-1.0": 56282737,
    "+0.0": 4409143,
    "+1.0": 39308120
  },
  "hands": {
    "total": 100000000,
    "won": 39308120,
    "lost": 56282737,
    "push": 4409143,
    "busted": 30873540,
    "blackjack": 0,
    "doubled": 0,
    "split": 0,
    "insured": 0,
    "surrender": 0
  }
}
