{
  "rounds": 100000000,
  "rules": {
    "game_type": "ahc",
    "soft17": "s17",
    "das": true,
    "bj_pays": 1.5,
    "double_down": "any_two",
    "surrender": "early_surrender",
    "play_ace_pairs": false,
    "max_splits": 4,
    "decks": 6,
    "penetration_cards": 250
  },
  "ev": -0.1626576199999985,
  "stddev": 1.9362774429682448,
  "winning_distrib": {
    "-2.0": 51261788,
    "+0.0": 5609305,
    "+2.0": 43128907
  },
  "hands": {
    "total": 100000000,
    "won": 43128907,
    "lost": 51261788,
    "push": 5609305,
    "busted": 0,
    "blackjack": 0,
    "doubled": 100000000,
    "split": 0,
    "insured": 0,
    "surrender": 0
  }
}
