{
  "rounds": 100000000,
  "rules": {
    "game_type": "ahc",
    "soft17": "s17",
    "das": true,
    "bj_pays": 1.5,
    "double_down": "any_two",
    "surrender": "early_surrender",
    "play_ace_pairs": false,
    "max_splits": 4,
    "decks": 6,
    "penetration_cards": 250
  },
  "ev": -0.6187214000000059,
  "stddev": 1.8511729966295611,
  "winning_distrib": {
    "-2.0": 63088755,
    "+0.0": 4758560,
    "+2.0": 32152685
  },
  "hands": {
    "total": 100000000,
    "won": 32152685,
    "lost": 63088755,
    "push": 4758560,
    "busted": 44999584,
    "blackjack": 0,
    "doubled": 100000000,
    "split": 0,
    "insured": 0,
    "surrender": 0
  }
}
