{
  "rounds": 100000000,
  "rules": {
    "game_type": "ahc",
    "soft17": "s17",
    "das": false,
    "double_down": "any_two",
    "surrender": "no_surrender",
    "play_ace_pairs": false,
    "max_splits": 4,
    "decks": 6,
    "penetration_cards": 46
  },
  "ev": 0.07993577999999996,
  "stddev": 0.9722045775080647,
  "winning_distrib": {
    "-1.0": 43581784,
    "+0.0": 4842854,
    "+1.0": 51575362
  },
  "hands": {
    "total": 100000000,
    "won": 51575362,
    "lost": 43581784,
    "push": 4842854,
    "busted": 0,
    "blackjack": 0,
    "doubled": 0,
    "split": 0,
    "insured": 0,
    "surrender": 0
  }
}
