{
  "rounds": 100000000,
  "rules": {
    "game_type": "ahc",
    "soft17": "s17",
    "das": true,
    "bj_pays": 1.5,
    "double_down": "any_two",
    "surrender": "early_surrender",
    "play_ace_pairs": false,
    "max_splits": 4,
    "decks": 6,
    "penetration_cards": 250
  },
  "ev": -0.2309146400000048,
  "stddev": 1.9272564297925716,
  "winning_distrib": {
    "-2.0": 52868352,
    "+0.0": 5809028,
    "+2.0": 41322620
  },
  "hands": {
    "total": 100000000,
    "won": 41322620,
    "lost": 52868352,
    "push": 5809028,
    "busted": 0,
    "blackjack": 0,
    "doubled": 100000000,
    "split": 0,
    "insured": 0,
    "surrender": 0
  }
}
