{
  "rounds": 100000000,
  "rules": {
    "game_type": "ahc",
    "soft17": "h17",
    "das": false,
    "double_down": "any_two",
    "surrender": "no_surrender",
    "play_ace_pairs": false,
    "max_splits": 4,
    "decks": 6,
    "penetration_cards": 46
  },
  "ev": 0.23481050999999634,
  "stddev": 1.5345458279054116,
  "winning_distrib": {
    "-2.0": 21728382,
    "-1.0": 8246239,
    "+0.0": 30167757,
    "+1.0": 4531190,
    "+2.0": 35326432
  },
  "hands": {
    "total": 200000000,
    "won": 104362398,
    "lost": 80881347,
    "push": 14756255,
    "busted": 0,
    "blackjack": 0,
    "doubled": 0,
    "split": 200000000,
    "insured": 0,
    "surrender": 0
  }
}
