{
  "rounds": 100000000,
  "rules": {
    "game_type": "ahc",
    "soft17": "s17",
    "das": true,
    "bj_pays": 1.5,
    "double_down": "any_two",
    "surrender": "early_surrender",
    "play_ace_pairs": false,
    "max_splits": 4,
    "decks": 6,
    "penetration_cards": 250
  },
  "ev": 0.22957920000000004,
  "stddev": 1.893036182106204,
  "winning_distrib": {
    "-2.0": 39714177,
    "+0.0": 9092686,
    "+2.0": 51193137
  },
  "hands": {
    "total": 100000000,
    "won": 51193137,
    "lost": 39714177,
    "push": 9092686,
    "busted": 0,
    "blackjack": 0,
    "doubled": 100000000,
    "split": 0,
    "insured": 0,
    "surrender": 0
  }
}
