{
  "rounds": 100000000,
  "rules": {
    "game_type": "ahc",
    "soft17": "s17",
    "das": true,
    "bj_pays": 1.5,
    "double_down": "any_two",
    "surrender": "early_surrender",
    "play_ace_pairs": false,
    "max_splits": 4,
    "decks": 6,
    "penetration_cards": 250
  },
  "ev": -0.7144210100000049,
  "stddev": 0.6758801188367037,
  "winning_distrib": {
    "-1.0": 84081616,
    "+0.0": 3278869,
    "+1.0": 12639515
  },
  "hands": {
    "total": 100000000,
    "won": 12639515,
    "lost": 84081616,
    "push": 3278869,
    "busted": 47896814,
    "blackjack": 0,
    "doubled": 0,
    "split": 0,
    "insured": 0,
    "surrender": 0
  }
}
