{
  "rounds": 100000000,
  "rules": {
    "game_type": "ahc",
    "soft17": "s17",
    "das": true,
    "bj_pays": 1.5,
    "double_down": "any_two",
    "surrender": "early_surrender",
    "play_ace_pairs": false,
    "max_splits": 4,
    "decks": 6,
    "penetration_cards": 250
  },
  "ev": 0.2492406900000006,
  "stddev": 0.9268704963689491,
  "winning_distrib": {
    "-1.0": 33598457,
    "+0.0": 7879017,
    "+1.0": 58522526
  },
  "hands": {
    "total": 100000000,
    "won": 58522526,
    "lost": 33598457,
    "push": 7879017,
    "busted": 2206869,
    "blackjack": 0,
    "doubled": 0,
    "split": 0,
    "insured": 0,
    "surrender": 0
  }
}
