{
  "rounds": 100000000,
  "rules": {
    "game_type": "ahc",
    "soft17": "h17",
    "das": false,
    "double_down": "any_two",
    "surrender": "no_surrender",
    "play_ace_pairs": false,
    "max_splits": 4,
    "decks": 6,
    "penetration_cards": 46
  },
  "ev": -1.2342433600000247,
  "stddev": 1.5385864655482837,
  "winning_distrib": {
    "-2.0": 79488646,
    "+0.0": 2734876,
    "+2.0": 17776478
  },
  "hands": {
    "total": 100000000,
    "won": 17776478,
    "lost": 79488646,
    "push": 2734876,
    "busted": 76832515,
    "blackjack": 0,
    "doubled": 100000000,
    "split": 0,
    "insured": 0,
    "surrender": 0
  }
}
