{
  "rounds": 100000000,
  "rules": {
    "game_type": "ahc",
    "soft17": "s17",
    "das": true,
    "bj_pays": 1.5,
    "double_down": "any_two",
    "surrender": "early_surrender",
    "play_ace_pairs": false,
    "max_splits": 4,
    "decks": 6,
    "penetration_cards": 250
  },
  "ev": -0.6178579999999949,
  "stddev": 0.7687709397122753,
  "winning_distrib": {
    "-1.0": 79530763,
    "+0.0": 2724274,
    "+1.0": 17744963
  },
  "hands": {
    "total": 100000000,
    "won": 17744963,
    "lost": 79530763,
    "push": 2724274,
    "busted": 77009206,
    "blackjack": 0,
    "doubled": 0,
    "split": 0,
    "insured": 0,
    "surrender": 0
  }
}
