{
  "rounds": 100000000,
  "rules": {
    "game_type": "ahc",
    "soft17": "h17",
    "das": false,
    "double_down": "any_two",
    "surrender": "no_surrender",
    "play_ace_pairs": false,
    "max_splits": 4,
    "decks": 6,
    "penetration_cards": 46
  },
  "ev": 0.12989327999999772,
  "stddev": 1.9513435407145532,
  "winning_distrib": {
    "-2.0": 44560341,
    "+0.0": 4384654,
    "+2.0": 51055005
  },
  "hands": {
    "total": 100000000,
    "won": 51055005,
    "lost": 44560341,
    "push": 4384654,
    "busted": 0,
    "blackjack": 0,
    "doubled": 100000000,
    "split": 0,
    "insured": 0,
    "surrender": 0
  }
}
