{
  "rounds": 100000000,
  "rules": {
    "game_type": "enhc",
    "soft17": "h17",
    "das": true,
    "bj_pays": 1.5,
    "double_down": "any_two",
    "surrender": "no_surrender",
    "play_ace_pairs": false,
    "max_splits": 4,
    "decks": 6,
    "penetration_cards": 250
  },
  "ev": 0.14713107999999772,
  "stddev": 1.9047067179954884,
  "winning_distrib": {
    "-2.0": 41941163,
    "+0.0": 8761120,
    "+2.0": 49297717
  },
  "hands": {
    "total": 100000000,
    "won": 49297717,
    "lost": 41941163,
    "push": 8761120,
    "busted": 0,
    "blackjack": 0,
    "doubled": 100000000,
    "split": 0,
    "insured": 0,
    "surrender": 0
  }
}
