{
  "rounds": 100000000,
  "rules": {
    "game_type": "ahc",
    "soft17": "s17",
    "das": true,
    "bj_pays": 1.5,
    "double_down": "any_two",
    "surrender": "early_surrender",
    "play_ace_pairs": false,
    "max_splits": 4,
    "decks": 6,
    "penetration_cards": 250
  },
  "ev": -1.4379628200000032,
  "stddev": 1.372894383099466,
  "winning_distrib": {
    "-2.0": 85356271,
    "+0.0": 1185599,
    "+2.0": 13458130
  },
  "hands": {
    "total": 100000000,
    "won": 13458130,
    "lost": 85356271,
    "push": 1185599,
    "busted": 84802571,
    "blackjack": 0,
    "doubled": 100000000,
    "split": 0,
    "insured": 0,
    "surrender": 0
  }
}
