{
  "rounds": 100000000,
  "rules": {
    "game_type": "enhc",
    "soft17": "h17",
    "das": true,
    "double_down": "any_two",
    "surrender": "no_surrender",
    "play_ace_pairs": false,
    "max_splits": 4,
    "decks": 6,
    "penetration_cards": 46
  },
  "ev": 0.13300219999999524,
  "stddev": 1.9504667884479303,
  "winning_distrib": {
    "-2.0": 44450073,
    "+0.0": 4449744,
    "+2.0": 51100183
  },
  "hands": {
    "total": 100000000,
    "won": 51100183,
    "lost": 44450073,
    "push": 4449744,
    "busted": 0,
    "blackjack": 0,
    "doubled": 100000000,
    "split": 0,
    "insured": 0,
    "surrender": 0
  }
}
