{
  "rounds": 100000000,
  "rules": {
    "game_type": "ahc",
    "soft17": "s17",
    "das": true,
    "bj_pays": 1.5,
    "double_down": "any_two",
    "surrender": "early_surrender",
    "play_ace_pairs": false,
    "max_splits": 4,
    "decks": 6,
    "penetration_cards": 250
  },
  "ev": 0.5678296700000137,
  "stddev": 1.568002449122439,
  "winning_distrib": {
    "-2.0": 17768933,
    "-1.0": 8551513,
    "+0.0": 21610522,
    "+1.0": 3265718,
    "+2.0": 48803314
  },
  "hands": {
    "total": 200000000,
    "won": 121147329,
    "lost": 64364362,
    "push": 14488309,
    "busted": 0,
    "blackjack": 0,
    "doubled": 0,
    "split": 200000000,
    "insured": 0,
    "surrender": 0
  }
}
