{
  "rounds": 100000000,
  "rules": {
    "game_type": "ahc",
    "soft17": "s17",
    "das": true,
    "double_down": "any_two",
    "surrender": "no_surrender",
    "play_ace_pairs": false,
    "max_splits": 4,
    "decks": 6,
    "penetration_cards": 46
  },
  "ev": -0.34335922000000546,
  "stddev": 0.8958733471126676,
  "winning_distrib": {
    "-1.0": 63192191,
    "+0.0": 7951540,
    "+1.0": 28856269
  },
  "hands": {
    "total": 100000000,
    "won": 28856269,
    "lost": 63192191,
    "push": 7951540,
    "busted": 48511688,
    "blackjack": 0,
    "doubled": 0,
    "split": 0,
    "insured": 0,
    "surrender": 0
  }
}
