{
  "rounds": 100000000,
  "rules": {
    "game_type": "ahc",
    "soft17": "s17",
    "das": true,
    "bj_pays": 1.5,
    "double_down": "any_two",
    "surrender": "early_surrender",
    "play_ace_pairs": false,
    "max_splits": 4,
    "decks": 6,
    "penetration_cards": 250
  },
  "ev": -0.7835439399999945,
  "stddev": 1.7895397414178236,
  "winning_distrib": {
    "-2.0": 67293518,
    "+0.0": 4590161,
    "+2.0": 28116321
  },
  "hands": {
    "total": 100000000,
    "won": 28116321,
    "lost": 67293518,
    "push": 4590161,
    "busted": 52170789,
    "blackjack": 0,
    "doubled": 100000000,
    "split": 0,
    "insured": 0,
    "surrender": 0
  }
}
