{
  "rounds": 100000000,
  "rules": {
    "game_type": "enhc",
    "soft17": "h17",
    "das": true,
    "double_down": "any_two",
    "surrender": "no_surrender",
    "play_ace_pairs": false,
    "max_splits": 4,
    "decks": 6,
    "penetration_cards": 46
  },
  "ev": -0.4731051800000184,
  "stddev": 0.84162510403415,
  "winning_distrib": {
    "-1.0": 70263325,
    "+0.0": 6783868,
    "+1.0": 22952807
  },
  "hands": {
    "total": 100000000,
    "won": 22952807,
    "lost": 70263325,
    "push": 6783868,
    "busted": 52170367,
    "blackjack": 0,
    "doubled": 0,
    "split": 0,
    "insured": 0,
    "surrender": 0
  }
}
