{
  "rounds": 100000000,
  "rules": {
    "game_type": "ahc",
    "soft17": "s17",
    "das": true,
    "bj_pays": 1.5,
    "double_down": "any_two",
    "surrender": "early_surrender",
    "play_ace_pairs": false,
    "max_splits": 4,
    "decks": 6,
    "penetration_cards": 250
  },
  "ev": 0.11191354000000125,
  "stddev": 0.787700962148324,
  "winning_distrib": {
    "-1.0": 26054195,
    "+0.0": 36700256,
    "+1.0": 37245549
  },
  "hands": {
    "total": 100000000,
    "won": 37245549,
    "lost": 26054195,
    "push": 36700256,
    "busted": 0,
    "blackjack": 0,
    "doubled": 0,
    "split": 0,
    "insured": 0,
    "surrender": 0
  }
}
