{
  "rounds": 100000000,
  "rules": {
    "game_type": "ahc",
    "soft17": "s17",
    "das": true,
    "bj_pays": 1.5,
    "double_down": "any_two",
    "surrender": "early_surrender",
    "play_ace_pairs": false,
    "max_splits": 4,
    "decks": 6,
    "penetration_cards": 250
  },
  "ev": -1.0854173699999816,
  "stddev": 1.6083015602705182,
  "winning_distrib": {
    "-2.0": 71254553,
    "-1.0": 7841175,
    "+2.0": 20904272
  },
  "hands": {
    "total": 100000000,
    "won": 20904272,
    "lost": 79095728,
    "push": 0,
    "busted": 0,
    "blackjack": 0,
    "doubled": 92158825,
    "split": 0,
    "insured": 0,
    "surrender": 0
  }
}
