{
  "rounds": 100000000,
  "rules": {
    "game_type": "ahc",
    "soft17": "s17",
    "das": true,
    "bj_pays": 1.5,
    "double_down": "any_two",
    "surrender": "early_surrender",
    "play_ace_pairs": false,
    "max_splits": 4,
    "decks": 6,
    "penetration_cards": 250
  },
  "ev": 0.16774712999999744,
  "stddev": 0.9238743848122565,
  "winning_distrib": {
    "-1.0": 35696792,
    "+0.0": 11831703,
    "+1.0": 52471505
  },
  "hands": {
    "total": 100000000,
    "won": 52471505,
    "lost": 35696792,
    "push": 11831703,
    "busted": 18565219,
    "blackjack": 0,
    "doubled": 0,
    "split": 0,
    "insured": 0,
    "surrender": 0
  }
}
