{
  "rounds": 100000000,
  "rules": {
    "game_type": "ahc",
    "soft17": "s17",
    "das": false,
    "double_down": "any_two",
    "surrender": "no_surrender",
    "play_ace_pairs": false,
    "max_splits": 4,
    "decks": 6,
    "penetration_cards": 46
  },
  "ev": 0.19426898000000253,
  "stddev": 1.8999582625700757,
  "winning_distrib": {
    "-2.0": 40738048,
    "+0.0": 8810455,
    "+2.0": 50451497
  },
  "hands": {
    "total": 100000000,
    "won": 50451497,
    "lost": 40738048,
    "push": 8810455,
    "busted": 0,
    "blackjack": 0,
    "doubled": 100000000,
    "split": 0,
    "insured": 0,
    "surrender": 0
  }
}
