{
  "rounds": 100000000,
  "rules": {
    "game_type": "ahc",
    "soft17": "s17",
    "das": true,
    "bj_pays": 1.5,
    "double_down": "any_two",
    "surrender": "early_surrender",
    "play_ace_pairs": false,
    "max_splits": 4,
    "decks": 6,
    "penetration_cards": 250
  },
  "ev": 0.06286071999999769,
  "stddev": 0.9546119939503906,
  "winning_distrib": {
    "-1.0": 42618740,
    "+0.0": 8476448,
    "+1.0": 48904812
  },
  "hands": {
    "total": 100000000,
    "won": 48904812,
    "lost": 42618740,
    "push": 8476448,
    "busted": 2373831,
    "blackjack": 0,
    "doubled": 0,
    "split": 0,
    "insured": 0,
    "surrender": 0
  }
}
