{
  "rounds": 100000000,
  "rules": {
    "game_type": "ahc",
    "soft17": "h17",
    "das": false,
    "double_down": "any_two",
    "surrender": "no_surrender",
    "play_ace_pairs": false,
    "max_splits": 4,
    "decks": 6,
    "penetration_cards": 46
  },
  "ev": -0.5101875599999913,
  "stddev": 0.820605813015725,
  "winning_distrib": {
    "-1.0": 72193640,
    "+0.0": 6631476,
    "+1.0": 21174884
  },
  "hands": {
    "total": 100000000,
    "won": 21174884,
    "lost": 72193640,
    "push": 6631476,
    "busted": 27686126,
    "blackjack": 0,
    "doubled": 0,
    "split": 0,
    "insured": 0,
    "surrender": 0
  }
}
