{
  "rounds": 100000000,
  "rules": {
    "game_type": "ahc",
    "soft17": "s17",
    "das": true,
    "bj_pays": 1.5,
    "double_down": "any_two",
    "surrender": "early_surrender",
    "play_ace_pairs": false,
    "max_splits": 4,
    "decks": 6,
    "penetration_cards": 250
  },
  "ev": -0.6077481700000156,
  "stddev": 0.7791467499337664,
  "winning_distrib": {
    "-1.0": 79208783,
    "+0.0": 2357251,
    "+1.0": 18433966
  },
  "hands": {
    "total": 100000000,
    "won": 18433966,
    "lost": 79208783,
    "push": 2357251,
    "busted": 76921700,
    "blackjack": 0,
    "doubled": 0,
    "split": 0,
    "insured": 0,
    "surrender": 0
  }
}
