{
  "rounds": 100000000,
  "rules": {
    "game_type": "enhc",
    "soft17": "s17",
    "das": true,
    "double_down": "any_two",
    "surrender": "no_surrender",
    "play_ace_pairs": false,
    "max_splits": 4,
    "decks": 6,
    "penetration_cards": 46
  },
  "ev": -0.5053618200000198,
  "stddev": 1.8838970211710109,
  "winning_distrib": {
    "-2.0": 60189777,
    "+0.0": 4888537,
    "+2.0": 34921686
  },
  "hands": {
    "total": 100000000,
    "won": 34921686,
    "lost": 60189777,
    "push": 4888537,
    "busted": 30867939,
    "blackjack": 0,
    "doubled": 100000000,
    "split": 0,
    "insured": 0,
    "surrender": 0
  }
}
