{
  "rounds": 100000000,
  "rules": {
    "game_type": "ahc",
    "soft17": "s17",
    "das": true,
    "bj_pays": 1.5,
    "double_down": "any_two",
    "surrender": "early_surrender",
    "play_ace_pairs": false,
    "max_splits": 4,
    "decks": 6,
    "penetration_cards": 250
  },
  "ev": 0.21147628000000085,
  "stddev": 1.8927304031006862,
  "winning_distrib": {
    "-2.0": 40052475,
    "+0.0": 9321236,
    "+2.0": 50626289
  },
  "hands": {
    "total": 100000000,
    "won": 50626289,
    "lost": 40052475,
    "push": 9321236,
    "busted": 0,
    "blackjack": 0,
    "doubled": 100000000,
    "split": 0,
    "insured": 0,
    "surrender": 0
  }
}
