{
  "rounds": 100000000,
  "rules": {
    "game_type": "ahc",
    "soft17": "s17",
    "das": true,
    "bj_pays": 1.5,
    "double_down": "any_two",
    "surrender": "early_surrender",
    "play_ace_pairs": false,
    "max_splits": 4,
    "decks": 6,
    "penetration_cards": 250
  },
  "ev": -1.4574383999999982,
  "stddev": 1.3534274005365445,
  "winning_distrib": {
    "-2.0": 85884615,
    "+0.0": 1102690,
    "+2.0": 13012695
  },
  "hands": {
    "total": 100000000,
    "won": 13012695,
    "lost": 85884615,
    "push": 1102690,
    "busted": 85416914,
    "blackjack": 0,
    "doubled": 100000000,
    "split": 0,
    "insured": 0,
    "surrender": 0
  }
}
