{
  "rounds": 100000000,
  "rules": {
    "game_type": "ahc",
    "soft17": "s17",
    "das": true,
    "bj_pays": 1.5,
    "double_down": "any_two",
    "surrender": "early_surrender",
    "play_ace_pairs": false,
    "max_splits": 4,
    "decks": 6,
    "penetration_cards": 250
  },
  "ev": -0.12261932000000002,
  "stddev": 1.94318352713332,
  "winning_distrib": {
    "-2.0": 50452954,
    "+0.0": 5225058,
    "+2.0": 44321988
  },
  "hands": {
    "total": 100000000,
    "won": 44321988,
    "lost": 50452954,
    "push": 5225058,
    "busted": 0,
    "blackjack": 0,
    "doubled": 100000000,
    "split": 0,
    "insured": 0,
    "surrender": 0
  }
}
