{
  "rounds": 100000000,
  "rules": {
    "game_type": "ahc",
    "soft17": "s17",
    "das": true,
    "bj_pays": 1.5,
    "double_down": "any_two",
    "surrender": "early_surrender",
    "play_ace_pairs": false,
    "max_splits": 4,
    "decks": 6,
    "penetration_cards": 250
  },
  "ev": 0.40690184000000207,
  "stddev": 1.8829816483600943,
  "winning_distrib": {
    "-2.0": 36217316,
    "+0.0": 7220276,
    "+2.0": 56562408
  },
  "hands": {
    "total": 100000000,
    "won": 56562408,
    "lost": 36217316,
    "push": 7220276,
    "busted": 0,
    "blackjack": 0,
    "doubled": 100000000,
    "split": 0,
    "insured": 0,
    "surrender": 0
  }
}
