{
  "rounds": 100000000,
  "rules": {
    "game_type": "ahc",
    "soft17": "h17",
    "das": false,
    "double_down": "any_two",
    "surrender": "no_surrender",
    "play_ace_pairs": false,
    "max_splits": 4,
    "decks": 6,
    "penetration_cards": 46
  },
  "ev": -0.3692252200000067,
  "stddev": 0.8958153855236061,
  "winning_distrib": {
    "-1.0": 65401884,
    "+0.0": 6118754,
    "+1.0": 28479362
  },
  "hands": {
    "total": 100000000,
    "won": 28479362,
    "lost": 65401884,
    "push": 6118754,
    "busted": 58563752,
    "blackjack": 0,
    "doubled": 0,
    "split": 0,
    "insured": 0,
    "surrender": 0
  }
}
