{
  "rounds": 100000000,
  "rules": {
    "game_type": "ahc",
    "soft17": "h17",
    "das": true,
    "double_down": "any_two",
    "surrender": "no_surrender",
    "play_ace_pairs": false,
    "max_splits": 4,
    "decks": 6,
    "penetration_cards": 46
  },
  "ev": -0.2152497699999959,
  "stddev": 0.9367796087076797,
  "winning_distrib": {
    "-1.0": 56956913,
    "+0.0": 7611151,
    "+1.0": 35431936
  },
  "hands": {
    "total": 100000000,
    "won": 35431936,
    "lost": 56956913,
    "push": 7611151,
    "busted": 48493011,
    "blackjack": 0,
    "doubled": 0,
    "split": 0,
    "insured": 0,
    "surrender": 0
  }
}
