{
  "rounds": 100000000,
  "rules": {
    "game_type": "ahc",
    "soft17": "s17",
    "das": true,
    "bj_pays": 1.5,
    "double_down": "any_two",
    "surrender": "early_surrender",
    "play_ace_pairs": false,
    "max_splits": 4,
    "decks": 6,
    "penetration_cards": 250
  },
  "ev": -0.1293894800000047,
  "stddev": 2.5076182216092793,
  "winning_distrib": {
    "-8.0": 1552,
    "-7.0": 22783,
    "-6.0": 177383,
    "-5.0": 840040,
    "-4.0": 3777450,
    "-3.0": 14347904,
    "-2.0": 24148207,
    "-1.0": 6798229,
    "+0.0": 7770245,
    "+1.0": 6236259,
    "+2.0": 16039232,
    "+3.0": 13770595,
    "+4.0": 4635027,
    "+5.0": 1087583,
    "+6.0": 295599,
    "+7.0": 47819,
    "+8.0": 4093
  },
  "hands": {
    "total": 218604478,
    "won": 94177833,
    "lost": 114636996,
    "push": 9789649,
    "busted": 7674920,
    "blackjack": 0,
    "doubled": 58125602,
    "split": 218604478,
    "insured": 0,
    "surrender": 0
  }
}
