{
  "rounds": 100000000,
  "rules": {
    "game_type": "ahc",
    "soft17": "h17",
    "das": false,
    "double_down": "any_two",
    "surrender": "no_surrender",
    "play_ace_pairs": false,
    "max_splits": 4,
    "decks": 6,
    "penetration_cards": 46
  },
  "ev": -0.23959589999999867,
  "stddev": 0.9212485295457349,
  "winning_distrib": {
    "-1.0": 57285047,
    "+0.0": 9389496,
    "+1.0": 33325457
  },
  "hands": {
    "total": 100000000,
    "won": 33325457,
    "lost": 57285047,
    "push": 9389496,
    "busted": 39981637,
    "blackjack": 0,
    "doubled": 0,
    "split": 0,
    "insured": 0,
    "surrender": 0
  }
}
