{
  "rounds": 100000000,
  "rules": {
    "game_type": "ahc",
    "soft17": "s17",
    "das": false,
    "double_down": "any_two",
    "surrender": "no_surrender",
    "play_ace_pairs": false,
    "max_splits": 4,
    "decks": 6,
    "penetration_cards": 46
  },
  "ev": 0.7032168199999871,
  "stddev": 0.6353476749825625,
  "winning_distrib": {
    "-1.0": 9748187,
    "+0.0": 10181944,
    "+1.0": 80069869
  },
  "hands": {
    "total": 100000000,
    "won": 80069869,
    "lost": 9748187,
    "push": 10181944,
    "busted": 0,
    "blackjack": 0,
    "doubled": 0,
    "split": 0,
    "insured": 0,
    "surrender": 0
  }
}
