{
  "rounds": 100000000,
  "rules": {
    "game_type": "ahc",
    "soft17": "s17",
    "das": true,
    "bj_pays": 1.5,
    "double_down": "any_two",
    "surrender": "early_surrender",
    "play_ace_pairs": false,
    "max_splits": 4,
    "decks": 6,
    "penetration_cards": 250
  },
  "ev": 0.12155805999999948,
  "stddev": 0.9040641825790716,
  "winning_distrib": {
    "-1.0": 35527517,
    "+0.0": 16789160,
    "+1.0": 47683323
  },
  "hands": {
    "total": 100000000,
    "won": 47683323,
    "lost": 35527517,
    "push": 16789160,
    "busted": 0,
    "blackjack": 0,
    "doubled": 0,
    "split": 0,
    "insured": 0,
    "surrender": 0
  }
}
