{
  "rounds": 100000000,
  "rules": {
    "game_type": "ahc",
    "soft17": "s17",
    "das": false,
    "double_down": "any_two",
    "surrender": "no_surrender",
    "play_ace_pairs": false,
    "max_splits": 4,
    "decks": 6,
    "penetration_cards": 46
  },
  "ev": 0.09254913999999981,
  "stddev": 0.9736809365319757,
  "winning_distrib": {
    "-1.0": 43203538,
    "+0.0": 4338010,
    "+1.0": 52458452
  },
  "hands": {
    "total": 100000000,
    "won": 52458452,
    "lost": 43203538,
    "push": 4338010,
    "busted": 0,
    "blackjack": 0,
    "doubled": 0,
    "split": 0,
    "insured": 0,
    "surrender": 0
  }
}
