{
  "rounds": 100000000,
  "rules": {
    "game_type": "ahc",
    "soft17": "s17",
    "das": true,
    "bj_pays": 1.5,
    "double_down": "any_two",
    "surrender": "early_surrender",
    "play_ace_pairs": false,
    "max_splits": 4,
    "decks": 6,
    "penetration_cards": 250
  },
  "ev": 0.24216084000000362,
  "stddev": 0.9314951938938453,
  "winning_distrib": {
    "-1.0": 34208216,
    "+0.0": 7367484,
    "+1.0": 58424300
  },
  "hands": {
    "total": 100000000,
    "won": 58424300,
    "lost": 34208216,
    "push": 7367484,
    "busted": 0,
    "blackjack": 0,
    "doubled": 0,
    "split": 0,
    "insured": 0,
    "surrender": 0
  }
}
