{
  "rounds": 100000000,
  "rules": {
    "game_type": "ahc",
    "soft17": "s17",
    "das": false,
    "double_down": "any_two",
    "surrender": "no_surrender",
    "play_ace_pairs": false,
    "max_splits": 4,
    "decks": 6,
    "penetration_cards": 46
  },
  "ev": 0.07883975000000144,
  "stddev": 0.9533932834405369,
  "winning_distrib": {
    "-1.0": 41816735,
    "+0.0": 8482555,
    "+1.0": 49700710
  },
  "hands": {
    "total": 100000000,
    "won": 49700710,
    "lost": 41816735,
    "push": 8482555,
    "busted": 32009991,
    "blackjack": 0,
    "doubled": 0,
    "split": 0,
    "insured": 0,
    "surrender": 0
  }
}
