{
  "rounds": 100000000,
  "rules": {
    "game_type": "ahc",
    "soft17": "h17",
    "das": true,
    "double_down": "any_two",
    "surrender": "no_surrender",
    "play_ace_pairs": false,
    "max_splits": 4,
    "decks": 6,
    "penetration_cards": 46
  },
  "ev": -0.3247356299999932,
  "stddev": 0.9103430940561668,
  "winning_distrib": {
    "-1.0": 62945670,
    "+0.0": 6582223,
    "+1.0": 30472107
  },
  "hands": {
    "total": 100000000,
    "won": 30472107,
    "lost": 62945670,
    "push": 6582223,
    "busted": 55588279,
    "blackjack": 0,
    "doubled": 0,
    "split": 0,
    "insured": 0,
    "surrender": 0
  }
}
