{
  "rounds": 100000000,
  "rules": {
    "game_type": "ahc",
    "soft17": "s17",
    "das": true,
    "bj_pays": 1.5,
    "double_down": "any_two",
    "surrender": "early_surrender",
    "play_ace_pairs": false,
    "max_splits": 4,
    "decks": 6,
    "penetration_cards": 250
  },
  "ev": 0.15247158000000105,
  "stddev": 1.9559017806494887,
  "winning_distrib": {
    "-2.0": 44298202,
    "+0.0": 3780017,
    "+2.0": 51921781
  },
  "hands": {
    "total": 100000000,
    "won": 51921781,
    "lost": 44298202,
    "push": 3780017,
    "busted": 0,
    "blackjack": 0,
    "doubled": 100000000,
    "split": 0,
    "insured": 0,
    "surrender": 0
  }
}
