{
  "rounds": 100000000,
  "rules": {
    "game_type": "ahc",
    "soft17": "h17",
    "das": false,
    "double_down": "any_two",
    "surrender": "no_surrender",
    "play_ace_pairs": false,
    "max_splits": 4,
    "decks": 6,
    "penetration_cards": 46
  },
  "ev": 0.22275662000000257,
  "stddev": 0.9142092958420257,
  "winning_distrib": {
    "-1.0": 33132126,
    "+0.0": 11460086,
    "+1.0": 55407788
  },
  "hands": {
    "total": 100000000,
    "won": 55407788,
    "lost": 33132126,
    "push": 11460086,
    "busted": 0,
    "blackjack": 0,
    "doubled": 0,
    "split": 0,
    "insured": 0,
    "surrender": 0
  }
}
