{
  "rounds": 100000000,
  "rules": {
    "game_type": "enhc",
    "soft17": "s17",
    "das": true,
    "double_down": "any_two",
    "surrender": "no_surrender",
    "play_ace_pairs": false,
    "max_splits": 4,
    "decks": 6,
    "penetration_cards": 46
  },
  "ev": -0.4557068800000006,
  "stddev": 1.8855507617334715,
  "winning_distrib": {
    "-2.0": 58429802,
    "+0.0": 5925740,
    "+2.0": 35644458
  },
  "hands": {
    "total": 100000000,
    "won": 35644458,
    "lost": 58429802,
    "push": 5925740,
    "busted": 0,
    "blackjack": 0,
    "doubled": 100000000,
    "split": 0,
    "insured": 0,
    "surrender": 0
  }
}
