{
  "rounds": 100000000,
  "rules": {
    "game_type": "ahc",
    "soft17": "s17",
    "das": true,
    "bj_pays": 1.5,
    "double_down": "any_two",
    "surrender": "early_surrender",
    "play_ace_pairs": false,
    "max_splits": 4,
    "decks": 6,
    "penetration_cards": 250
  },
  "ev": -1.330556920000022,
  "stddev": 1.355905874692232,
  "winning_distrib": {
    "-2.0": 75250355,
    "-1.0": 8331596,
    "+0.0": 3529742,
    "+2.0": 12888307
  },
  "hands": {
    "total": 100000000,
    "won": 12888307,
    "lost": 83581951,
    "push": 3529742,
    "busted": 71788679,
    "blackjack": 0,
    "doubled": 91668404,
    "split": 0,
    "insured": 0,
    "surrender": 0
  }
}
