{
  "rounds": 100000000,
  "rules": {
    "game_type": "ahc",
    "soft17": "s17",
    "das": true,
    "bj_pays": 1.5,
    "double_down": "any_two",
    "surrender": "early_surrender",
    "play_ace_pairs": false,
    "max_splits": 4,
    "decks": 6,
    "penetration_cards": 250
  },
  "ev": 0.0956805399999972,
  "stddev": 0.9371481862799345,
  "winning_distrib": {
    "-1.0": 39586047,
    "+0.0": 11259852,
    "+1.0": 49154101
  },
  "hands": {
    "total": 100000000,
    "won": 49154101,
    "lost": 39586047,
    "push": 11259852,
    "busted": 26674000,
    "blackjack": 0,
    "doubled": 0,
    "split": 0,
    "insured": 0,
    "surrender": 0
  }
}
