{
  "rounds": 100000000,
  "rules": {
    "game_type": "ahc",
    "soft17": "s17",
    "das": true,
    "bj_pays": 1.5,
    "double_down": "any_two",
    "surrender": "early_surrender",
    "play_ace_pairs": false,
    "max_splits": 4,
    "decks": 6,
    "penetration_cards": 250
  },
  "ev": -0.3022196899999953,
  "stddev": 0.9172472389654536,
  "winning_distrib": {
    "-1.0": 61744946,
    "+0.0": 6732077,
    "+1.0": 31522977
  },
  "hands": {
    "total": 100000000,
    "won": 31522977,
    "lost": 61744946,
    "push": 6732077,
    "busted": 53908245,
    "blackjack": 0,
    "doubled": 0,
    "split": 0,
    "insured": 0,
    "surrender": 0
  }
}
