{
  "rounds": 100000000,
  "rules": {
    "game_type": "enhc",
    "soft17": "h17",
    "das": true,
    "double_down": "any_two",
    "surrender": "no_surrender",
    "play_ace_pairs": false,
    "max_splits": 4,
    "decks": 6,
    "penetration_cards": 46
  },
  "ev": -0.6820718299999853,
  "stddev": 0.7016551101813812,
  "winning_distrib": {
    "-1.0": 81980685,
    "+0.0": 4245813,
    "+1.0": 13773502
  },
  "hands": {
    "total": 100000000,
    "won": 13773502,
    "lost": 81980685,
    "push": 4245813,
    "busted": 61411274,
    "blackjack": 0,
    "doubled": 0,
    "split": 0,
    "insured": 0,
    "surrender": 0
  }
}
