{
  "rounds": 100000000,
  "rules": {
    "game_type": "ahc",
    "soft17": "s17",
    "das": true,
    "bj_pays": 1.5,
    "double_down": "any_two",
    "surrender": "early_surrender",
    "play_ace_pairs": false,
    "max_splits": 4,
    "decks": 6,
    "penetration_cards": 250
  },
  "ev": -0.6175854600000019,
  "stddev": 0.7690755785430681,
  "winning_distrib": {
    "-1.0": 79523725,
    "+0.0": 2711096,
    "+1.0": 17765179
  },
  "hands": {
    "total": 100000000,
    "won": 17765179,
    "lost": 79523725,
    "push": 2711096,
    "busted": 76953788,
    "blackjack": 0,
    "doubled": 0,
    "split": 0,
    "insured": 0,
    "surrender": 0
  }
}
