{
  "rounds": 100000000,
  "rules": {
    "game_type": "ahc",
    "soft17": "s17",
    "das": false,
    "double_down": "any_two",
    "surrender": "no_surrender",
    "play_ace_pairs": false,
    "max_splits": 4,
    "decks": 6,
    "penetration_cards": 46
  },
  "ev": -0.4447176799999967,
  "stddev": 0.8419514072583146,
  "winning_distrib": {
    "-1.0": 67568683,
    "+0.0": 9334402,
    "+1.0": 23096915
  },
  "hands": {
    "total": 100000000,
    "won": 23096915,
    "lost": 67568683,
    "push": 9334402,
    "busted": 16920440,
    "blackjack": 0,
    "doubled": 0,
    "split": 0,
    "insured": 0,
    "surrender": 0
  }
}
