{
  "rounds": 100000000,
  "rules": {
    "game_type": "ahc",
    "soft17": "s17",
    "das": true,
    "bj_pays": 1.5,
    "double_down": "any_two",
    "surrender": "early_surrender",
    "play_ace_pairs": false,
    "max_splits": 4,
    "decks": 6,
    "penetration_cards": 250
  },
  "ev": 0.12353074000000235,
  "stddev": 2.4471209157209817,
  "winning_distrib": {
    "-4.0": 2150431,
    "-3.0": 14538948,
    "-2.0": 26161624,
    "-1.0": 4202892,
    "+0.0": 3027533,
    "+1.0": 5796032,
    "+2.0": 21410719,
    "+3.0": 18366972,
    "+4.0": 4344849
  },
  "hands": {
    "total": 200000000,
    "won": 96798532,
    "lost": 97372839,
    "push": 5828629,
    "busted": 0,
    "blackjack": 0,
    "doubled": 59997517,
    "split": 200000000,
    "insured": 0,
    "surrender": 0
  }
}
