{
  "rounds": 100000000,
  "rules": {
    "game_type": "ahc",
    "soft17": "s17",
    "das": true,
    "double_down": "any_two",
    "surrender": "no_surrender",
    "play_ace_pairs": false,
    "max_splits": 4,
    "decks": 6,
    "penetration_cards": 46
  },
  "ev": -0.41420668000000976,
  "stddev": 1.7264971636383533,
  "winning_distrib": {
    "-4.0": 534689,
    "-3.0": 7277136,
    "-2.0": 28291448,
    "-1.0": 12351190,
    "+0.0": 24173399,
    "+1.0": 10433111,
    "+2.0": 10575823,
    "+3.0": 5553991,
    "+4.0": 809213
  },
  "hands": {
    "total": 200000000,
    "won": 68530501,
    "lost": 112879795,
    "push": 18589704,
    "busted": 69469785,
    "blackjack": 0,
    "doubled": 30860306,
    "split": 200000000,
    "insured": 0,
    "surrender": 0
  }
}
