{
  "rounds": 100000000,
  "rules": {
    "game_type": "ahc",
    "soft17": "h17",
    "das": false,
    "double_down": "any_two",
    "surrender": "no_surrender",
    "play_ace_pairs": false,
    "max_splits": 4,
    "decks": 6,
    "penetration_cards": 46
  },
  "ev": -0.35288553999999345,
  "stddev": 0.9099118000874029,
  "winning_distrib": {
    "-1.0": 65267661,
    "+0.0": 4753232,
    "+1.0": 29979107
  },
  "hands": {
    "total": 100000000,
    "won": 29979107,
    "lost": 65267661,
    "push": 4753232,
    "busted": 46305635,
    "blackjack": 0,
    "doubled": 0,
    "split": 0,
    "insured": 0,
    "surrender": 0
  }
}
