{
  "rounds": 100000000,
  "rules": {
    "game_type": "enhc",
    "soft17": "s17",
    "das": false,
    "double_down": "any_two",
    "surrender": "no_surrender",
    "play_ace_pairs": false,
    "max_splits": 4,
    "decks": 6,
    "penetration_cards": 46
  },
  "ev": 0.08248359999999848,
  "stddev": 0.9354915630204591,
  "winning_distrib": {
    "-1.0": 39973220,
    "+0.0": 11805200,
    "+1.0": 48221580
  },
  "hands": {
    "total": 100000000,
    "won": 48221580,
    "lost": 39973220,
    "push": 11805200,
    "busted": 24462492,
    "blackjack": 0,
    "doubled": 0,
    "split": 0,
    "insured": 0,
    "surrender": 0
  }
}
