{
  "rounds": 100000000,
  "rules": {
    "game_type": "ahc",
    "soft17": "h17",
    "das": false,
    "double_down": "any_two",
    "surrender": "no_surrender",
    "play_ace_pairs": false,
    "max_splits": 4,
    "decks": 6,
    "penetration_cards": 46
  },
  "ev": -0.7006652400000069,
  "stddev": 1.821634961961173,
  "winning_distrib": {
    "-2.0": 65132702,
    "+0.0": 4767858,
    "+2.0": 30099440
  },
  "hands": {
    "total": 100000000,
    "won": 30099440,
    "lost": 65132702,
    "push": 4767858,
    "busted": 46214085,
    "blackjack": 0,
    "doubled": 100000000,
    "split": 0,
    "insured": 0,
    "surrender": 0
  }
}
