{
  "rounds": 100000000,
  "rules": {
    "game_type": "ahc",
    "soft17": "s17",
    "das": true,
    "bj_pays": 1.5,
    "double_down": "any_two",
    "surrender": "early_surrender",
    "play_ace_pairs": false,
    "max_splits": 4,
    "decks": 6,
    "penetration_cards": 250
  },
  "ev": -0.45103187000000167,
  "stddev": 0.8709488215904557,
  "winning_distrib": {
    "-1.0": 70650673,
    "+0.0": 3801841,
    "+1.0": 25547486
  },
  "hands": {
    "total": 100000000,
    "won": 25547486,
    "lost": 70650673,
    "push": 3801841,
    "busted": 58337368,
    "blackjack": 0,
    "doubled": 0,
    "split": 0,
    "insured": 0,
    "surrender": 0
  }
}
