{
  "rounds": 100000000,
  "rules": {
    "game_type": "ahc",
    "soft17": "s17",
    "das": true,
    "bj_pays": 1.5,
    "double_down": "any_two",
    "surrender": "early_surrender",
    "play_ace_pairs": false,
    "max_splits": 4,
    "decks": 6,
    "penetration_cards": 250
  },
  "ev": -0.052224080000000186,
  "stddev": 0.9153087860640516,
  "winning_distrib": {
    "-1.0": 44637080,
    "+0.0": 15948248,
    "+1.0": 39414672
  },
  "hands": {
    "total": 100000000,
    "won": 39414672,
    "lost": 44637080,
    "push": 15948248,
    "busted": 19250864,
    "blackjack": 0,
    "doubled": 0,
    "split": 0,
    "insured": 0,
    "surrender": 0
  }
}
