{
  "rounds": 100000000,
  "rules": {
    "game_type": "ahc",
    "soft17": "s17",
    "das": true,
    "bj_pays": 1.5,
    "double_down": "any_two",
    "surrender": "early_surrender",
    "play_ace_pairs": false,
    "max_splits": 4,
    "decks": 6,
    "penetration_cards": 250
  },
  "ev": -0.7341232099999937,
  "stddev": 1.5227120692126408,
  "winning_distrib": {
    "-2.0": 41829651,
    "-1.0": 32648775,
    "+0.0": 4073696,
    "+2.0": 21447878
  },
  "hands": {
    "total": 100000000,
    "won": 21447878,
    "lost": 74478426,
    "push": 4073696,
    "busted": 0,
    "blackjack": 0,
    "doubled": 67351225,
    "split": 0,
    "insured": 0,
    "surrender": 0
  }
}
