{
  "rounds": 100000000,
  "rules": {
    "game_type": "ahc",
    "soft17": "s17",
    "das": true,
    "bj_pays": 1.5,
    "double_down": "any_two",
    "surrender": "early_surrender",
    "play_ace_pairs": false,
    "max_splits": 4,
    "decks": 6,
    "penetration_cards": 250
  },
  "ev": -1.439793620000002,
  "stddev": 1.2443583596743981,
  "winning_distrib": {
    "-2.0": 78137474,
    "-1.0": 8334090,
    "+0.0": 3213598,
    "+2.0": 10314838
  },
  "hands": {
    "total": 100000000,
    "won": 10314838,
    "lost": 86471564,
    "push": 3213598,
    "busted": 77891755,
    "blackjack": 0,
    "doubled": 91665910,
    "split": 0,
    "insured": 0,
    "surrender": 0
  }
}
