{
  "rounds": 100000000,
  "rules": {
    "game_type": "ahc",
    "soft17": "s17",
    "das": true,
    "bj_pays": 1.5,
    "double_down": "any_two",
    "surrender": "early_surrender",
    "play_ace_pairs": false,
    "max_splits": 4,
    "decks": 6,
    "penetration_cards": 250
  },
  "ev": 0.19708063999999917,
  "stddev": 2.0401572250587954,
  "winning_distrib": {
    "-8.0": 5,
    "-7.0": 337,
    "-6.0": 9800,
    "-5.0": 135939,
    "-4.0": 1037136,
    "-3.0": 5838108,
    "-2.0": 24165972,
    "-1.0": 9311519,
    "+0.0": 13895543,
    "+1.0": 5071465,
    "+2.0": 29477723,
    "+3.0": 8873669,
    "+4.0": 1840759,
    "+5.0": 309342,
    "+6.0": 31181,
    "+7.0": 1477,
    "+8.0": 25
  },
  "hands": {
    "total": 217428011,
    "won": 108139561,
    "lost": 92728446,
    "push": 16560004,
    "busted": 5580001,
    "blackjack": 0,
    "doubled": 18068937,
    "split": 217428011,
    "insured": 0,
    "surrender": 0
  }
}
