{
  "rounds": 100000000,
  "rules": {
    "game_type": "ahc",
    "soft17": "s17",
    "das": true,
    "bj_pays": 1.5,
    "double_down": "any_two",
    "surrender": "early_surrender",
    "play_ace_pairs": false,
    "max_splits": 4,
    "decks": 6,
    "penetration_cards": 250
  },
  "ev": 0.1495616599999945,
  "stddev": 0.9569771151997778,
  "winning_distrib": {
    "-1.0": 39430611,
    "+0.0": 6182612,
    "+1.0": 54386777
  },
  "hands": {
    "total": 100000000,
    "won": 54386777,
    "lost": 39430611,
    "push": 6182612,
    "busted": 0,
    "blackjack": 0,
    "doubled": 0,
    "split": 0,
    "insured": 0,
    "surrender": 0
  }
}
