{
  "rounds": 100000000,
  "rules": {
    "game_type": "ahc",
    "soft17": "s17",
    "das": true,
    "bj_pays": 1.5,
    "double_down": "any_two",
    "surrender": "early_surrender",
    "play_ace_pairs": false,
    "max_splits": 4,
    "decks": 6,
    "penetration_cards": 250
  },
  "ev": 0.20157820999999956,
  "stddev": 0.9439047749443639,
  "winning_distrib": {
    "-1.0": 36500589,
    "+0.0": 6841001,
    "+1.0": 56658410
  },
  "hands": {
    "total": 100000000,
    "won": 56658410,
    "lost": 36500589,
    "push": 6841001,
    "busted": 0,
    "blackjack": 0,
    "doubled": 0,
    "split": 0,
    "insured": 0,
    "surrender": 0
  }
}
