{
  "rounds": 100000000,
  "rules": {
    "game_type": "ahc",
    "soft17": "s17",
    "das": true,
    "bj_pays": 1.5,
    "double_down": "any_two",
    "surrender": "early_surrender",
    "play_ace_pairs": false,
    "max_splits": 4,
    "decks": 6,
    "penetration_cards": 250
  },
  "ev": -0.7236205299999983,
  "stddev": 0.6838794946768262,
  "winning_distrib": {
    "-1.0": 85746918,
    "+0.0": 868217,
    "+1.0": 13384865
  },
  "hands": {
    "total": 100000000,
    "won": 13384865,
    "lost": 85746918,
    "push": 868217,
    "busted": 85224537,
    "blackjack": 0,
    "doubled": 0,
    "split": 0,
    "insured": 0,
    "surrender": 0
  }
}
