{
  "rounds": 100000000,
  "rules": {
    "game_type": "ahc",
    "soft17": "h17",
    "das": false,
    "double_down": "any_two",
    "surrender": "no_surrender",
    "play_ace_pairs": false,
    "max_splits": 4,
    "decks": 6,
    "penetration_cards": 46
  },
  "ev": 0.08818812999999935,
  "stddev": 0.953920286411155,
  "winning_distrib": {
    "-1.0": 41477646,
    "+0.0": 8225895,
    "+1.0": 50296459
  },
  "hands": {
    "total": 100000000,
    "won": 50296459,
    "lost": 41477646,
    "push": 8225895,
    "busted": 2396739,
    "blackjack": 0,
    "doubled": 0,
    "split": 0,
    "insured": 0,
    "surrender": 0
  }
}
