{
  "rounds": 100000000,
  "rules": {
    "game_type": "ahc",
    "soft17": "s17",
    "das": true,
    "double_down": "any_two",
    "surrender": "no_surrender",
    "play_ace_pairs": false,
    "max_splits": 4,
    "decks": 6,
    "penetration_cards": 46
  },
  "ev": -0.047631450000000734,
  "stddev": 1.9381337189509276,
  "winning_distrib": {
    "-8.0": 82,
    "-7.0": 2394,
    "-6.0": 30950,
    "-5.0": 232702,
    "-4.0": 1413688,
    "-3.0": 7160353,
    "-2.0": 20811398,
    "-1.0": 12051028,
    "+0.0": 19258484,
    "+1.0": 13578693,
    "+2.0": 15250266,
    "+3.0": 7951447,
    "+4.0": 1886031,
    "+5.0": 306857,
    "+6.0": 58660,
    "+7.0": 6557,
    "+8.0": 410
  },
  "hands": {
    "total": 216632056,
    "won": 82906831,
    "lost": 95503046,
    "push": 38222179,
    "busted": 44117285,
    "blackjack": 0,
    "doubled": 36026795,
    "split": 216632056,
    "insured": 0,
    "surrender": 0
  }
}
