{
  "rounds": 100000000,
  "rules": {
    "game_type": "ahc",
    "soft17": "s17",
    "das": true,
    "double_down": "any_two",
    "surrender": "no_surrender",
    "play_ace_pairs": false,
    "max_splits": 4,
    "decks": 6,
    "penetration_cards": 46
  },
  "ev": 0.4611685399999968,
  "stddev": 1.8689927909560065,
  "winning_distrib": {
    "-2.0": 34793417,
    "+0.0": 7354739,
    "+2.0": 57851844
  },
  "hands": {
    "total": 100000000,
    "won": 57851844,
    "lost": 34793417,
    "push": 7354739,
    "busted": 0,
    "blackjack": 0,
    "doubled": 100000000,
    "split": 0,
    "insured": 0,
    "surrender": 0
  }
}
