{
  "rounds": 100000000,
  "rules": {
    "game_type": "ahc",
    "soft17": "s17",
    "das": true,
    "bj_pays": 1.5,
    "double_down": "any_two",
    "surrender": "early_surrender",
    "play_ace_pairs": false,
    "max_splits": 4,
    "decks": 6,
    "penetration_cards": 250
  },
  "ev": -0.9052456000000004,
  "stddev": 1.7295369882120797,
  "winning_distrib": {
    "-2.0": 70265737,
    "+0.0": 4730806,
    "+2.0": 25003457
  },
  "hands": {
    "total": 100000000,
    "won": 25003457,
    "lost": 70265737,
    "push": 4730806,
    "busted": 61283285,
    "blackjack": 0,
    "doubled": 100000000,
    "split": 0,
    "insured": 0,
    "surrender": 0
  }
}
