{
  "rounds": 100000000,
  "rules": {
    "game_type": "enhc",
    "soft17": "h17",
    "das": true,
    "double_down": "any_two",
    "surrender": "no_surrender",
    "play_ace_pairs": false,
    "max_splits": 4,
    "decks": 6,
    "penetration_cards": 46
  },
  "ev": 0.10528813999999942,
  "stddev": 0.7930646088843263,
  "winning_distrib": {
    "-1.0": 26737446,
    "+0.0": 35996294,
    "+1.0": 37266260
  },
  "hands": {
    "total": 100000000,
    "won": 37266260,
    "lost": 26737446,
    "push": 35996294,
    "busted": 0,
    "blackjack": 0,
    "doubled": 0,
    "split": 0,
    "insured": 0,
    "surrender": 0
  }
}
