{
  "rounds": 100000000,
  "rules": {
    "game_type": "ahc",
    "soft17": "s17",
    "das": true,
    "bj_pays": 1.5,
    "double_down": "any_two",
    "surrender": "early_surrender",
    "play_ace_pairs": false,
    "max_splits": 4,
    "decks": 6,
    "penetration_cards": 250
  },
  "ev": -1.177453030000025,
  "stddev": 1.2720633900577838,
  "winning_distrib": {
    "-2.0": 55777549,
    "-1.0": 29908101,
    "+0.0": 2455402,
    "+2.0": 11858948
  },
  "hands": {
    "total": 100000000,
    "won": 11858948,
    "lost": 85685650,
    "push": 2455402,
    "busted": 53966583,
    "blackjack": 0,
    "doubled": 70091899,
    "split": 0,
    "insured": 0,
    "surrender": 0
  }
}
