{
  "rounds": 100000000,
  "rules": {
    "game_type": "ahc",
    "soft17": "s17",
    "das": true,
    "bj_pays": 1.5,
    "double_down": "any_two",
    "surrender": "early_surrender",
    "play_ace_pairs": false,
    "max_splits": 4,
    "decks": 6,
    "penetration_cards": 250
  },
  "ev": 0.0425897200000001,
  "stddev": 1.9425675158115037,
  "winning_distrib": {
    "-2.0": 46127537,
    "+0.0": 5615440,
    "+2.0": 48257023
  },
  "hands": {
    "total": 100000000,
    "won": 48257023,
    "lost": 46127537,
    "push": 5615440,
    "busted": 0,
    "blackjack": 0,
    "doubled": 100000000,
    "split": 0,
    "insured": 0,
    "surrender": 0
  }
}
