{
  "rounds": 100000000,
  "rules": {
    "game_type": "ahc",
    "soft17": "s17",
    "das": true,
    "bj_pays": 1.5,
    "double_down": "any_two",
    "surrender": "early_surrender",
    "play_ace_pairs": false,
    "max_splits": 4,
    "decks": 6,
    "penetration_cards": 250
  },
  "ev": 0.05254197999999919,
  "stddev": 0.9870586153215727,
  "winning_distrib": {
    "-1.0": 46225169,
    "+0.0": 2295464,
    "+1.0": 51479367
  },
  "hands": {
    "total": 100000000,
    "won": 51479367,
    "lost": 46225169,
    "push": 2295464,
    "busted": 0,
    "blackjack": 0,
    "doubled": 0,
    "split": 0,
    "insured": 0,
    "surrender": 0
  }
}
