{
  "rounds": 100000000,
  "rules": {
    "game_type": "enhc",
    "soft17": "s17",
    "das": true,
    "double_down": "any_two",
    "surrender": "no_surrender",
    "play_ace_pairs": false,
    "max_splits": 4,
    "decks": 6,
    "penetration_cards": 46
  },
  "ev": 0.2546950400000111,
  "stddev": 1.8979901982421081,
  "winning_distrib": {
    "-2.0": 39473078,
    "+0.0": 8319092,
    "+2.0": 52207830
  },
  "hands": {
    "total": 100000000,
    "won": 52207830,
    "lost": 39473078,
    "push": 8319092,
    "busted": 0,
    "blackjack": 0,
    "doubled": 100000000,
    "split": 0,
    "insured": 0,
    "surrender": 0
  }
}
