{
  "rounds": 100000000,
  "rules": {
    "game_type": "ahc",
    "soft17": "s17",
    "das": true,
    "bj_pays": 1.5,
    "double_down": "any_two",
    "surrender": "early_surrender",
    "play_ace_pairs": false,
    "max_splits": 4,
    "decks": 6,
    "penetration_cards": 250
  },
  "ev": 0.1144927599999999,
  "stddev": 0.95392657841542,
  "winning_distrib": {
    "-1.0": 40429587,
    "+0.0": 7691550,
    "+1.0": 51878863
  },
  "hands": {
    "total": 100000000,
    "won": 51878863,
    "lost": 40429587,
    "push": 7691550,
    "busted": 2127841,
    "blackjack": 0,
    "doubled": 0,
    "split": 0,
    "insured": 0,
    "surrender": 0
  }
}
